Municipio,CNAE PRIMARIO,MERCADO,QT_SESI,QT_SENAI,QT_SESI_SENAI,QT_SESI_OU_SENAI,SEM_RELACIONAMENTO,PENETRACAO_SESI_%,PENETRACAO_SENAI_%,PENETRACAO_COMBINADA_%,GAP_SESI,GAP_SENAI,GAP_COMBINADO
Anadia,Atividades do correio nacional,1,0,0,0,0,1,0.0,0.0,0.0,1,1,1
Anadia,Coleta de residuos nao perigosos,1,0,0,0,0,1,0.0,0.0,0.0,1,1,1
Anadia,Construcao de edificios,6,0,0,0,0,6,0.0,0.0,0.0,6,6,6
Anadia,"Fabricacao de acessorios do vestuario, exceto para seguranca e protecao",1,0,0,0,0,1,0.0,0.0,0.0,1,1,1
Anadia,Fabricacao de aguas envasadas,1,1,0,0,1,0,100.0,0.0,100.0,0,1,0
Anadia,Fabricacao de alimentos para animais,1,0,0,0,0,1,0.0,0.0,0.0,1,1,1
Anadia,Fabricacao de artefatos de couro nao especificados anteriormente,1,0,0,0,0,1,0.0,0.0,0.0,1,1,1
Anadia,Fabricacao de artefatos de material plastico para usos industriais,1,0,0,0,0,1,0.0,0.0,0.0,1,1,1
Anadia,"Fabricacao de artefatos diversos de madeira, exceto moveis",1,0,0,0,0,1,0.0,0.0,0.0,1,1,1
Anadia,"Fabricacao de artigos de serralheria, exceto esquadrias",1,0,0,0,0,1,0.0,0.0,0.0,1,1,1
Anadia,"Fabricacao de artigos do vestuario, produzidos em malharias e tricotagens, exceto meias",1,0,0,0,0,1,0.0,0.0,0.0,1,1,1
Anadia,Fabricacao de conservas de frutas,1,1,0,0,1,0,100.0,0.0,100.0,0,1,0
Anadia,Fabricacao de gelo comum,2,0,0,0,0,2,0.0,0.0,0.0,2,2,2
Anadia,Fabricacao de moveis com predominancia de madeira,2,0,0,0,0,2,0.0,0.0,0.0,2,2,2
Anadia,"Fabricacao de outros artefatos e produtos de concreto, cimento, fibrocimento, gesso e materiais semelhantes",2,0,0,0,0,2,0.0,0.0,0.0,2,2,2
Anadia,Fabricacao de outros produtos alimenticios nao especificados anteriormente,1,0,0,0,0,1,0.0,0.0,0.0,1,1,1
Anadia,Fabricacao de produtos de padaria e confeitaria com predominancia de producao propria,3,0,0,0,0,3,0.0,0.0,0.0,3,3,3
Anadia,Fabricacao de produtos de panificacao industrial,1,0,0,0,0,1,0.0,0.0,0.0,1,1,1
Anadia,Fabricacao de produtos diversos nao especificados anteriormente,2,0,0,0,0,2,0.0,0.0,0.0,2,2,2
Anadia,Fornecimento de alimentos preparados preponderantemente para empresas,1,0,0,0,0,1,0.0,0.0,0.0,1,1,1
Anadia,Geracao de energia eletrica,1,0,0,0,0,1,0.0,0.0,0.0,1,1,1
Anadia,Impressao de material para outros usos,1,0,0,0,0,1,0.0,0.0,0.0,1,1,1
Anadia,Instalacao de paineis publicitarios,1,0,0,0,0,1,0.0,0.0,0.0,1,1,1
Anadia,"Instalacao e manutencao de sistemas centrais de ar condicionado, de ventilacao e refrigeracao",2,0,0,0,0,2,0.0,0.0,0.0,2,2,2
Anadia,Instalacao e manutencao eletrica,3,0,0,0,0,3,0.0,0.0,0.0,3,3,3
Anadia,"Instalacoes hidraulicas, sanitarias e de gas",1,0,0,0,0,1,0.0,0.0,0.0,1,1,1
Anadia,Manutencao e reparacao de maquinas e aparelhos de refrigeracao e ventilacao para uso industrial e comercial,1,0,0,0,0,1,0.0,0.0,0.0,1,1,1
Anadia,Manutencao e reparacao de motocicletas e motonetas,2,0,0,0,0,2,0.0,0.0,0.0,2,2,2
Anadia,Obras de alvenaria,6,0,0,0,0,6,0.0,0.0,0.0,6,6,6
Anadia,Provedores de acesso as redes de comunicacoes,2,0,0,0,0,2,0.0,0.0,0.0,2,2,2
Anadia,Servicos de borracharia para veiculos automotores,1,0,0,0,0,1,0.0,0.0,0.0,1,1,1
Anadia,Servicos de comunicacao multimidia - scm,2,0,0,0,0,2,0.0,0.0,0.0,2,2,2
Anadia,Servicos de engenharia,1,0,0,0,0,1,0.0,0.0,0.0,1,1,1
Anadia,Servicos de manutencao e reparacao mecanica de veiculos automotores,3,0,0,0,0,3,0.0,0.0,0.0,3,3,3
Anadia,Servicos de montagem de moveis de qualquer material,1,0,0,0,0,1,0.0,0.0,0.0,1,1,1
Anadia,Transmissao de energia eletrica,1,0,0,0,0,1,0.0,0.0,0.0,1,1,1
Arapiraca,Abate de aves,4,0,0,0,0,4,0.0,0.0,0.0,4,4,4
Arapiraca,Abate de pequenos animais,1,0,0,0,0,1,0.0,0.0,0.0,1,1,1
Arapiraca,Acabamento de calcados de couro sob contrato,4,0,0,0,0,4,0.0,0.0,0.0,4,4,4
Arapiraca,Administracao de obras,8,0,0,0,0,8,0.0,0.0,0.0,8,8,8
Arapiraca,Aluguel de andaimes,6,0,0,0,0,6,0.0,0.0,0.0,6,6,6
Arapiraca,"Aparelhamento de pedras para construcao, exceto associado a extracao",1,0,0,0,0,1,0.0,0.0,0.0,1,1,1
Arapiraca,"Aparelhamento de placas e execucao de trabalhos em marmore, granito, ardosia e outras pedras",27,1,1,1,1,26,3.7037,3.7037,3.7037,26,26,26
Arapiraca,Aplicacao de revestimentos e de resinas em interiores e exteriores,10,0,0,0,0,10,0.0,0.0,0.0,10,10,10
Arapiraca,Atividades de franqueadas do correio nacional,1,0,0,0,0,1,0.0,0.0,0.0,1,1,1
Arapiraca,Atividades do correio nacional,3,0,0,0,0,3,0.0,0.0,0.0,3,3,3
Arapiraca,"Atividades relacionadas a esgoto, exceto a gestao de redes",1,0,0,0,0,1,0.0,0.0,0.0,1,1,1
Arapiraca,Beneficiamento de arroz,2,0,0,0,0,2,0.0,0.0,0.0,2,2,2
Arapiraca,"Captacao, tratamento e distribuicao de agua",1,1,0,0,1,0,100.0,0.0,100.0,0,1,0
Arapiraca,Coleta de residuos nao perigosos,21,1,0,0,1,20,4.7619,0.0,4.7619,20,21,20
Arapiraca,"Confeccao de pecas de vestuario, exceto roupas intimas e as confeccionadas sob medida",90,2,1,1,2,88,2.2222,1.1111,2.2222,88,89,88
Arapiraca,Confeccao de roupas intimas,7,1,1,1,1,6,14.2857,14.2857,14.2857,6,6,6
Arapiraca,"Confeccao de roupas profissionais, exceto sob medida",3,1,0,0,1,2,33.3333,0.0,33.3333,2,3,2
Arapiraca,"Confeccao, sob medida, de pecas do vestuario, exceto roupas intimas",111,0,0,0,0,111,0.0,0.0,0.0,111,111,111
Arapiraca,"Confeccao, sob medida, de roupas profissionais",5,4,0,0,4,1,80.0,0.0,80.0,1,5,1
Arapiraca,Construcao de edificios,310,3,2,1,4,306,0.9677,0.6452,1.2903,307,308,306
Arapiraca,Construcao de estacoes e redes de distribuicao de energia eletrica,1,0,0,0,0,1,0.0,0.0,0.0,1,1,1
Arapiraca,Construcao de estacoes e redes de telecomunicacoes,1,0,0,0,0,1,0.0,0.0,0.0,1,1,1
Arapiraca,Construcao de rodovias e ferrovias,2,0,0,0,0,2,0.0,0.0,0.0,2,2,2
Arapiraca,Curtimento e outras preparacoes de couro,1,0,0,0,0,1,0.0,0.0,0.0,1,1,1
Arapiraca,"Decoracao, lapidacao, gravacao, vitrificacao e outros trabalhos em ceramica, louca, vidro e cristal",1,0,0,0,0,1,0.0,0.0,0.0,1,1,1
Arapiraca,Descontaminacao e outros servicos de gestao de residuos,1,0,0,0,0,1,0.0,0.0,0.0,1,1,1
Arapiraca,Desenvolvimento e licenciamento de programas de computador nao customizaveis,7,0,0,0,0,7,0.0,0.0,0.0,7,7,7
Arapiraca,Distribuicao de energia eletrica,2,0,0,0,0,2,0.0,0.0,0.0,2,2,2
Arapiraca,"Estamparia e texturizacao em fios, tecidos, artefatos texteis e pecas do vestuario",11,0,0,0,0,11,0.0,0.0,0.0,11,11,11
Arapiraca,"Extracao de areia, cascalho ou pedregulho e beneficiamento associado",3,0,0,0,0,3,0.0,0.0,0.0,3,3,3
Arapiraca,Extracao de argila e beneficiamento associado,1,0,0,0,0,1,0.0,0.0,0.0,1,1,1
Arapiraca,"Extracao de minerais para fabricacao de adubos, fertilizantes e outros produtos quimicos",1,1,0,0,1,0,100.0,0.0,100.0,0,1,0
Arapiraca,Extracao e britamento de pedras e outros materiais para construcao e beneficiamento associado,1,1,1,1,1,0,100.0,100.0,100.0,0,0,0
Arapiraca,Fabricacao de absorventes higienicos,1,0,0,0,0,1,0.0,0.0,0.0,1,1,1
Arapiraca,Fabricacao de adubos e fertilizantes organominerais,1,0,0,0,0,1,0.0,0.0,0.0,1,1,1
Arapiraca,Fabricacao de aguardente de cana de acucar,1,0,0,0,0,1,0.0,0.0,0.0,1,1,1
Arapiraca,Fabricacao de aguas envasadas,1,1,0,0,1,0,100.0,0.0,100.0,0,1,0
Arapiraca,Fabricacao de alimentos e pratos prontos,19,0,0,0,0,19,0.0,0.0,0.0,19,19,19
Arapiraca,Fabricacao de alimentos para animais,8,2,0,0,2,6,25.0,0.0,25.0,6,8,6
Arapiraca,Fabricacao de amidos e feculas de vegetais,2,0,0,0,0,2,0.0,0.0,0.0,2,2,2
Arapiraca,Fabricacao de aparelhos e utensilios para correcao de defeitos fisicos e aparelhos ortopedicos em geral sob encomenda,1,0,0,0,0,1,0.0,0.0,0.0,1,1,1
Arapiraca,Fabricacao de artefatos de borracha nao especificados anteriormente,8,0,0,0,0,8,0.0,0.0,0.0,8,8,8
Arapiraca,"Fabricacao de artefatos de ceramica e barro cozido para uso na construcao, exceto azulejos e pisos",2,0,0,0,0,2,0.0,0.0,0.0,2,2,2
Arapiraca,Fabricacao de artefatos de cimento para uso na construcao,4,1,1,1,1,3,25.0,25.0,25.0,3,3,3
Arapiraca,Fabricacao de artefatos de couro nao especificados anteriormente,7,0,0,0,0,7,0.0,0.0,0.0,7,7,7
Arapiraca,Fabricacao de artefatos de joalheria e ourivesaria,2,0,0,0,0,2,0.0,0.0,0.0,2,2,2
Arapiraca,Fabricacao de artefatos de material plastico para outros usos nao especificados anteriormente,7,1,0,0,1,6,14.2857,0.0,14.2857,6,7,6
Arapiraca,"Fabricacao de artefatos de material plastico para uso na construcao, exceto tubos e acessorios",4,2,1,1,2,2,50.0,25.0,50.0,2,3,2
Arapiraca,Fabricacao de artefatos de material plastico para uso pessoal e domestico,2,1,1,1,1,1,50.0,50.0,50.0,1,1,1
Arapiraca,Fabricacao de artefatos de material plastico para usos industriais,1,0,0,0,0,1,0.0,0.0,0.0,1,1,1
Arapiraca,Fabricacao de artefatos de tanoaria e de embalagens de madeira,1,0,0,0,0,1,0.0,0.0,0.0,1,1,1
Arapiraca,Fabricacao de artefatos de tapecaria,4,0,0,0,0,4,0.0,0.0,0.0,4,4,4
Arapiraca,"Fabricacao de artefatos diversos de cortica, bambu, palha, vime e outros materiais trancados, exceto moveis",1,0,0,0,0,1,0.0,0.0,0.0,1,1,1
Arapiraca,"Fabricacao de artefatos diversos de madeira, exceto moveis",14,1,1,1,1,13,7.1429,7.1429,7.1429,13,13,13
Arapiraca,Fabricacao de artefatos texteis para uso domestico,8,0,0,0,0,8,0.0,0.0,0.0,8,8,8
Arapiraca,Fabricacao de artigos de cutelaria,1,0,0,0,0,1,0.0,0.0,0.0,1,1,1
Arapiraca,Fabricacao de artigos de metal para uso domestico e pessoal,9,1,0,0,1,8,11.1111,0.0,11.1111,8,9,8
Arapiraca,"Fabricacao de artigos de serralheria, exceto esquadrias",68,0,0,0,0,68,0.0,0.0,0.0,68,68,68
Arapiraca,Fabricacao de artigos de vidro,3,0,0,0,0,3,0.0,0.0,0.0,3,3,3
Arapiraca,"Fabricacao de artigos do vestuario, produzidos em malharias e tricotagens, exceto meias",9,0,0,0,0,9,0.0,0.0,0.0,9,9,9
Arapiraca,Fabricacao de artigos opticos,1,0,0,0,0,1,0.0,0.0,0.0,1,1,1
Arapiraca,"Fabricacao de artigos para viagem, bolsas e semelhantes de qualquer material",4,0,0,0,0,4,0.0,0.0,0.0,4,4,4
Arapiraca,Fabricacao de bijuterias e artefatos semelhantes,12,0,0,0,0,12,0.0,0.0,0.0,12,12,12
Arapiraca,Fabricacao de biscoitos e bolachas,15,2,0,0,2,13,13.3333,0.0,13.3333,13,15,13
Arapiraca,"Fabricacao de cabines, carrocerias e reboques para caminhoes",4,0,0,0,0,4,0.0,0.0,0.0,4,4,4
Arapiraca,"Fabricacao de cabines, carrocerias e reboques para outros veiculos automotores, exceto caminhoes e onibus",3,1,0,0,1,2,33.3333,0.0,33.3333,2,3,2
Arapiraca,Fabricacao de cal e gesso,1,0,0,0,0,1,0.0,0.0,0.0,1,1,1
Arapiraca,Fabricacao de calcados de couro,2,0,0,0,0,2,0.0,0.0,0.0,2,2,2
Arapiraca,Fabricacao de calcados de materiais nao especificados anteriormente,1,0,0,0,0,1,0.0,0.0,0.0,1,1,1
Arapiraca,Fabricacao de calcados de material sintetico,2,0,0,0,0,2,0.0,0.0,0.0,2,2,2
Arapiraca,"Fabricacao de canetas, lapis e outros artigos para escritorio",1,0,0,0,0,1,0.0,0.0,0.0,1,1,1
Arapiraca,Fabricacao de casas de madeira pre fabricadas,1,0,0,0,0,1,0.0,0.0,0.0,1,1,1
Arapiraca,Fabricacao de cervejas e chopes,1,1,1,1,1,0,100.0,100.0,100.0,0,0,0
Arapiraca,Fabricacao de cigarros,1,0,0,0,0,1,0.0,0.0,0.0,1,1,1
Arapiraca,Fabricacao de cimento,1,1,0,0,1,0,100.0,0.0,100.0,0,1,0
Arapiraca,Fabricacao de colchoes,3,1,1,1,1,2,33.3333,33.3333,33.3333,2,2,2
Arapiraca,Fabricacao de componentes eletronicos,1,0,0,0,0,1,0.0,0.0,0.0,1,1,1
Arapiraca,Fabricacao de conservas de frutas,11,2,1,0,3,8,18.1818,9.0909,27.2727,9,10,8
Arapiraca,"Fabricacao de cosmeticos, produtos de perfumaria e de higiene pessoal",7,1,0,0,1,6,14.2857,0.0,14.2857,6,7,6
Arapiraca,Fabricacao de desinfestantes domissanitarios,2,0,0,0,0,2,0.0,0.0,0.0,2,2,2
Arapiraca,Fabricacao de embalagens de cartolina e papel cartao,2,0,0,0,0,2,0.0,0.0,0.0,2,2,2
Arapiraca,Fabricacao de embalagens de material plastico,9,2,1,1,2,7,22.2222,11.1111,22.2222,7,8,7
Arapiraca,Fabricacao de equipamentos e acessorios para seguranca pessoal e profissional,4,0,0,0,0,4,0.0,0.0,0.0,4,4,4
Arapiraca,"Fabricacao de especiarias, molhos, temperos e condimentos",9,0,0,0,0,9,0.0,0.0,0.0,9,9,9
Arapiraca,Fabricacao de esquadrias de madeira e de pecas de madeira para instalacoes industriais e comerciais,8,0,0,0,0,8,0.0,0.0,0.0,8,8,8
Arapiraca,Fabricacao de esquadrias de metal,16,2,0,0,2,14,12.5,0.0,12.5,14,16,14
Arapiraca,Fabricacao de estruturas metalicas,3,1,0,0,1,2,33.3333,0.0,33.3333,2,3,2
Arapiraca,"Fabricacao de estruturas pre moldadas de concreto armado, em serie e sob encomenda",5,0,1,0,1,4,0.0,20.0,20.0,5,4,4
Arapiraca,Fabricacao de farinha de mandioca e derivados,4,0,0,0,0,4,0.0,0.0,0.0,4,4,4
Arapiraca,"Fabricacao de farinha de milho e derivados, exceto oleos de milho",2,1,0,0,1,1,50.0,0.0,50.0,1,2,1
Arapiraca,Fabricacao de fibras artificiais e sinteticas,1,0,0,0,0,1,0.0,0.0,0.0,1,1,1
Arapiraca,Fabricacao de gelo comum,9,1,0,0,1,8,11.1111,0.0,11.1111,8,9,8
Arapiraca,"Fabricacao de instrumentos musicais, pecas e acessorios",2,0,0,0,0,2,0.0,0.0,0.0,2,2,2
Arapiraca,Fabricacao de laticinios,2,0,0,0,0,2,0.0,0.0,0.0,2,2,2
Arapiraca,"Fabricacao de letras, letreiros e placas de qualquer material, exceto luminosos",20,1,0,0,1,19,5.0,0.0,5.0,19,20,19
Arapiraca,"Fabricacao de maquinas e equipamentos para as industrias de alimentos, bebidas e fumo, pecas e acessorios",1,0,0,0,0,1,0.0,0.0,0.0,1,1,1
Arapiraca,Fabricacao de massas alimenticias,28,0,0,0,0,28,0.0,0.0,0.0,28,28,28
Arapiraca,"Fabricacao de mobiliario para uso medico, cirurgico, odontologico e de laboratorio",1,0,0,0,0,1,0.0,0.0,0.0,1,1,1
Arapiraca,Fabricacao de moveis com predominancia de madeira,110,2,2,1,3,107,1.8182,1.8182,2.7273,108,108,107
Arapiraca,Fabricacao de moveis com predominancia de metal,6,1,0,0,1,5,16.6667,0.0,16.6667,5,6,5
Arapiraca,"Fabricacao de moveis de outros materiais, exceto madeira e metal",4,1,0,0,1,3,25.0,0.0,25.0,3,4,3
Arapiraca,Fabricacao de obras de caldeiraria pesada,1,0,0,0,0,1,0.0,0.0,0.0,1,1,1
Arapiraca,"Fabricacao de outros artefatos e produtos de concreto, cimento, fibrocimento, gesso e materiais semelhantes",11,0,0,0,0,11,0.0,0.0,0.0,11,11,11
Arapiraca,Fabricacao de outros artigos de carpintaria para construcao,15,0,0,0,0,15,0.0,0.0,0.0,15,15,15
Arapiraca,Fabricacao de outros brinquedos e jogos recreativos nao especificados anteriormente,1,0,0,0,0,1,0.0,0.0,0.0,1,1,1
Arapiraca,Fabricacao de outros produtos alimenticios nao especificados anteriormente,2,0,0,0,0,2,0.0,0.0,0.0,2,2,2
Arapiraca,Fabricacao de outros produtos de metal nao especificados anteriormente,3,1,0,0,1,2,33.3333,0.0,33.3333,2,3,2
Arapiraca,"Fabricacao de outros produtos do fumo, exceto cigarros, cigarrilhas e charutos",21,0,0,0,0,21,0.0,0.0,0.0,21,21,21
Arapiraca,Fabricacao de outros produtos texteis nao especificados anteriormente,25,0,0,0,0,25,0.0,0.0,0.0,25,25,25
Arapiraca,Fabricacao de paineis e letreiros luminosos,3,0,0,0,0,3,0.0,0.0,0.0,3,3,3
Arapiraca,Fabricacao de pneumaticos e de camaras de ar,1,1,0,0,1,0,100.0,0.0,100.0,0,1,0
Arapiraca,Fabricacao de produtos ceramicos nao refratarios nao especificados anteriormente,2,0,0,0,0,2,0.0,0.0,0.0,2,2,2
Arapiraca,Fabricacao de produtos de carne,4,0,0,0,0,4,0.0,0.0,0.0,4,4,4
Arapiraca,Fabricacao de produtos de limpeza e polimento,5,0,0,0,0,5,0.0,0.0,0.0,5,5,5
Arapiraca,Fabricacao de produtos de padaria e confeitaria com predominancia de producao propria,155,6,2,1,7,148,3.871,1.2903,4.5161,149,153,148
Arapiraca,Fabricacao de produtos de panificacao industrial,29,3,2,1,4,25,10.3448,6.8966,13.7931,26,27,25
Arapiraca,"Fabricacao de produtos de pastas celulosicas, papel, cartolina, papel cartao e papelao ondulado nao especificados anteriormente",20,0,0,0,0,20,0.0,0.0,0.0,20,20,20
Arapiraca,"Fabricacao de produtos de trefilados de metal, exceto padronizados",1,0,0,0,0,1,0.0,0.0,0.0,1,1,1
Arapiraca,Fabricacao de produtos derivados do cacau e de chocolates,3,0,0,0,0,3,0.0,0.0,0.0,3,3,3
Arapiraca,Fabricacao de produtos diversos nao especificados anteriormente,53,0,0,0,0,53,0.0,0.0,0.0,53,53,53
Arapiraca,"Fabricacao de refrescos, xaropes e pos para refrescos, exceto refrescos de frutas",1,0,0,0,0,1,0.0,0.0,0.0,1,1,1
Arapiraca,Fabricacao de refrigerantes,2,0,0,0,0,2,0.0,0.0,0.0,2,2,2
Arapiraca,Fabricacao de sorvetes e outros gelados comestiveis,10,1,2,1,2,8,10.0,20.0,20.0,9,8,8
Arapiraca,"Fabricacao de sucos de frutas, hortalicas e legumes, exceto concentrados",1,0,0,0,0,1,0.0,0.0,0.0,1,1,1
Arapiraca,"Fabricacao de tintas, vernizes, esmaltes e lacas",2,0,0,0,0,2,0.0,0.0,0.0,2,2,2
Arapiraca,Fabricacao de tubos e acessorios de material plastico para uso na construcao,2,0,0,0,0,2,0.0,0.0,0.0,2,2,2
Arapiraca,"Fabricacao de velas, inclusive decorativas",5,0,0,0,0,5,0.0,0.0,0.0,5,5,5
Arapiraca,Fabricacao de vinagres,3,2,0,0,2,1,66.6667,0.0,66.6667,1,3,1
Arapiraca,"Faccao de pecas do vestuario, exceto roupas intimas",14,0,0,0,0,14,0.0,0.0,0.0,14,14,14
Arapiraca,Faccao de roupas intimas,1,0,0,0,0,1,0.0,0.0,0.0,1,1,1
Arapiraca,Faccao de roupas profissionais,11,0,0,0,0,11,0.0,0.0,0.0,11,11,11
Arapiraca,Fornecimento de alimentos preparados preponderantemente para empresas,32,0,0,0,0,32,0.0,0.0,0.0,32,32,32
Arapiraca,Frigorifico - abate de bovinos,1,1,0,0,1,0,100.0,0.0,100.0,0,1,0
Arapiraca,Fundicao de metais nao ferrosos e suas ligas,1,0,0,0,0,1,0.0,0.0,0.0,1,1,1
Arapiraca,Geracao de energia eletrica,2,0,0,0,0,2,0.0,0.0,0.0,2,2,2
Arapiraca,Gestao de redes de esgoto,1,0,0,0,0,1,0.0,0.0,0.0,1,1,1
Arapiraca,Impermeabilizacao em obras de engenharia civil,2,0,0,0,0,2,0.0,0.0,0.0,2,2,2
Arapiraca,Impressao de material para outros usos,24,3,0,0,3,21,12.5,0.0,12.5,21,24,21
Arapiraca,Impressao de material para uso publicitario,51,0,1,0,1,50,0.0,1.9608,1.9608,51,50,50
Arapiraca,Incorporacao de empreendimentos imobiliarios,82,1,1,1,1,81,1.2195,1.2195,1.2195,81,81,81
Arapiraca,Instalacao de maquinas e equipamentos industriais,16,1,0,0,1,15,6.25,0.0,6.25,15,16,15
Arapiraca,Instalacao de paineis publicitarios,7,0,0,0,0,7,0.0,0.0,0.0,7,7,7
Arapiraca,"Instalacao de portas, janelas, tetos, divisorias e armarios embutidos de qualquer material",17,0,0,0,0,17,0.0,0.0,0.0,17,17,17
Arapiraca,"Instalacao e manutencao de sistemas centrais de ar condicionado, de ventilacao e refrigeracao",93,0,0,0,0,93,0.0,0.0,0.0,93,93,93
Arapiraca,Instalacao e manutencao eletrica,229,5,1,1,5,224,2.1834,0.4367,2.1834,224,228,224
Arapiraca,Instalacoes de sistema de prevencao contra incendio,3,0,0,0,0,3,0.0,0.0,0.0,3,3,3
Arapiraca,"Instalacoes hidraulicas, sanitarias e de gas",12,0,0,0,0,12,0.0,0.0,0.0,12,12,12
Arapiraca,"Manutencao e reparacao de aparelhos e instrumentos de medida, teste e controle",1,0,0,0,0,1,0.0,0.0,0.0,1,1,1
Arapiraca,Manutencao e reparacao de aparelhos eletromedicos e eletroterapeuticos e equipamentos de irradiacao,2,0,0,0,0,2,0.0,0.0,0.0,2,2,2
Arapiraca,Manutencao e reparacao de equipamentos e produtos nao especificados anteriormente,7,0,0,0,0,7,0.0,0.0,0.0,7,7,7
Arapiraca,"Manutencao e reparacao de equipamentos hidraulicos e pneumaticos, exceto valvulas",8,1,2,1,2,6,12.5,25.0,25.0,7,6,6
Arapiraca,"Manutencao e reparacao de geradores, transformadores e motores eletricos",12,0,0,0,0,12,0.0,0.0,0.0,12,12,12
Arapiraca,Manutencao e reparacao de maquinas e aparelhos de refrigeracao e ventilacao para uso industrial e comercial,6,0,0,0,0,6,0.0,0.0,0.0,6,6,6
Arapiraca,"Manutencao e reparacao de maquinas e equipamentos para a industria textil, do vestuario, do couro e calcados",2,0,0,0,0,2,0.0,0.0,0.0,2,2,2
Arapiraca,Manutencao e reparacao de maquinas e equipamentos para agricultura e pecuaria,2,0,0,0,0,2,0.0,0.0,0.0,2,2,2
Arapiraca,"Manutencao e reparacao de maquinas e equipamentos para as industrias de alimentos, bebidas e fumo",3,0,0,0,0,3,0.0,0.0,0.0,3,3,3
Arapiraca,Manutencao e reparacao de maquinas e equipamentos para uso geral nao especificados anteriormente,8,0,0,0,0,8,0.0,0.0,0.0,8,8,8
Arapiraca,Manutencao e reparacao de maquinas motrizes nao eletricas,2,0,0,0,0,2,0.0,0.0,0.0,2,2,2
Arapiraca,"Manutencao e reparacao de maquinas, aparelhos e equipamentos para instalacoes termicas",1,0,0,0,0,1,0.0,0.0,0.0,1,1,1
Arapiraca,"Manutencao e reparacao de maquinas, aparelhos e materiais eletricos nao especificados anteriormente",2,0,0,0,0,2,0.0,0.0,0.0,2,2,2
Arapiraca,Manutencao e reparacao de motocicletas e motonetas,55,0,0,0,0,55,0.0,0.0,0.0,55,55,55
Arapiraca,Manutencao e reparacao de outras maquinas e equipamentos para usos industriais nao especificados anteriormente,2,0,0,0,0,2,0.0,0.0,0.0,2,2,2
Arapiraca,"Manutencao e reparacao de tanques, reservatorios metalicos e caldeiras, exceto para veiculos",2,0,0,0,0,2,0.0,0.0,0.0,2,2,2
Arapiraca,Manutencao e reparacao de tratores agricolas,1,0,0,0,0,1,0.0,0.0,0.0,1,1,1
Arapiraca,Manutencao e reparacao de valvulas industriais,2,0,0,0,0,2,0.0,0.0,0.0,2,2,2
Arapiraca,Moagem de trigo e fabricacao de derivados,1,0,0,0,0,1,0.0,0.0,0.0,1,1,1
Arapiraca,Moagem e fabricacao de produtos de origem vegetal nao especificados anteriormente,2,0,0,0,0,2,0.0,0.0,0.0,2,2,2
Arapiraca,Obras de acabamento em gesso e estuque,25,0,0,0,0,25,0.0,0.0,0.0,25,25,25
Arapiraca,Obras de alvenaria,184,1,0,0,1,183,0.5435,0.0,0.5435,183,184,183
Arapiraca,Obras de irrigacao,1,0,0,0,0,1,0.0,0.0,0.0,1,1,1
Arapiraca,Obras de terraplenagem,10,0,0,0,0,10,0.0,0.0,0.0,10,10,10
Arapiraca,"Obras de urbanizacao - ruas, pracas e calcadas",5,0,1,0,1,4,0.0,20.0,20.0,5,4,4
Arapiraca,Outras atividades de telecomunicacoes nao especificadas anteriormente,28,0,0,0,0,28,0.0,0.0,0.0,28,28,28
Arapiraca,Outras obras de acabamento da construcao,16,0,0,0,0,16,0.0,0.0,0.0,16,16,16
Arapiraca,Outras obras de engenharia civil nao especificadas anteriormente,5,0,0,0,0,5,0.0,0.0,0.0,5,5,5
Arapiraca,Outras obras de instalacoes em construcoes nao especificadas anteriormente,1,0,0,0,0,1,0.0,0.0,0.0,1,1,1
Arapiraca,"Outros servicos de acabamento em fios, tecidos, artefatos texteis e pecas do vestuario",13,0,0,0,0,13,0.0,0.0,0.0,13,13,13
Arapiraca,Perfuracao e construcao de pocos de agua,5,0,0,0,0,5,0.0,0.0,0.0,5,5,5
Arapiraca,Perfuracoes e sondagens,3,0,0,0,0,3,0.0,0.0,0.0,3,3,3
Arapiraca,Preparacao de massa de concreto e argamassa para construcao,4,1,2,1,2,2,25.0,50.0,50.0,3,2,2
Arapiraca,Preparacao de subprodutos do abate,2,0,0,0,0,2,0.0,0.0,0.0,2,2,2
Arapiraca,Preparacao do leite,2,0,0,0,0,2,0.0,0.0,0.0,2,2,2
Arapiraca,Preparacao e fiacao de fibras de algodao,3,0,0,0,0,3,0.0,0.0,0.0,3,3,3
Arapiraca,"Preservacao de peixes, crustaceos e moluscos",1,1,0,0,1,0,100.0,0.0,100.0,0,1,0
Arapiraca,Processamento industrial do fumo,1,0,0,0,0,1,0.0,0.0,0.0,1,1,1
Arapiraca,Producao de artefatos estampados de metal,4,1,0,0,1,3,25.0,0.0,25.0,3,4,3
Arapiraca,Producao de carvao vegetal - florestas plantadas,1,0,0,0,0,1,0.0,0.0,0.0,1,1,1
Arapiraca,Producao de gas; processamento de gas natural,1,0,0,0,0,1,0.0,0.0,0.0,1,1,1
Arapiraca,Provedores de acesso as redes de comunicacoes,24,4,0,0,4,20,16.6667,0.0,16.6667,20,24,20
Arapiraca,Recondicionamento e recuperacao de motores para veiculos automotores,16,2,0,0,2,14,12.5,0.0,12.5,14,16,14
Arapiraca,"Recuperacao de materiais metalicos, exceto aluminio",2,0,0,0,0,2,0.0,0.0,0.0,2,2,2
Arapiraca,Recuperacao de materiais nao especificados anteriormente,2,0,0,0,0,2,0.0,0.0,0.0,2,2,2
Arapiraca,Recuperacao de materiais plasticos,7,0,0,0,0,7,0.0,0.0,0.0,7,7,7
Arapiraca,Recuperacao de sucatas de aluminio,4,0,0,0,0,4,0.0,0.0,0.0,4,4,4
Arapiraca,Reforma de pneumaticos usados,2,0,0,0,0,2,0.0,0.0,0.0,2,2,2
Arapiraca,Servico de corte e dobra de metais,3,0,0,0,0,3,0.0,0.0,0.0,3,3,3
Arapiraca,Servico de laboratorio optico,1,0,0,0,0,1,0.0,0.0,0.0,1,1,1
Arapiraca,"Servicos de acabamentos graficos, exceto encadernacao e plastificacao",1,0,0,0,0,1,0.0,0.0,0.0,1,1,1
Arapiraca,Servicos de alinhamento e balanceamento de veiculos automotores,5,1,0,0,1,4,20.0,0.0,20.0,4,5,4
Arapiraca,Servicos de borracharia para veiculos automotores,32,0,0,0,0,32,0.0,0.0,0.0,32,32,32
Arapiraca,Servicos de capotaria,18,0,0,0,0,18,0.0,0.0,0.0,18,18,18
Arapiraca,Servicos de comunicacao multimidia - scm,28,6,0,0,6,22,21.4286,0.0,21.4286,22,28,22
Arapiraca,Servicos de confeccao de armacoes metalicas para a construcao,5,0,0,0,0,5,0.0,0.0,0.0,5,5,5
Arapiraca,Servicos de encadernacao e plastificacao,3,0,0,0,0,3,0.0,0.0,0.0,3,3,3
Arapiraca,Servicos de engenharia,71,0,0,0,0,71,0.0,0.0,0.0,71,71,71
Arapiraca,"Servicos de instalacao, manutencao e reparacao de acessorios para veiculos automotores",45,0,0,0,0,45,0.0,0.0,0.0,45,45,45
Arapiraca,Servicos de lanternagem ou funilaria e pintura de veiculos automotores,98,0,0,0,0,98,0.0,0.0,0.0,98,98,98
Arapiraca,Servicos de manutencao e reparacao eletrica de veiculos automotores,28,0,0,0,0,28,0.0,0.0,0.0,28,28,28
Arapiraca,Servicos de manutencao e reparacao mecanica de veiculos automotores,238,3,1,0,4,234,1.2605,0.4202,1.6807,235,237,234
Arapiraca,Servicos de montagem de moveis de qualquer material,18,0,0,0,0,18,0.0,0.0,0.0,18,18,18
Arapiraca,Servicos de operacao e fornecimento de equipamentos para transporte e elevacao de cargas e pessoas para uso em obras,1,0,0,0,0,1,0.0,0.0,0.0,1,1,1
Arapiraca,Servicos de pintura de edificios em geral,68,0,0,0,0,68,0.0,0.0,0.0,68,68,68
Arapiraca,Servicos de pre impressao,20,0,0,0,0,20,0.0,0.0,0.0,20,20,20
Arapiraca,Servicos de telefonia fixa comutada - stfc,2,0,0,0,0,2,0.0,0.0,0.0,2,2,2
Arapiraca,"Servicos de usinagem, tornearia e solda",29,0,0,0,0,29,0.0,0.0,0.0,29,29,29
Arapiraca,Servicos especializados para construcao nao especificados anteriormente,10,0,0,0,0,10,0.0,0.0,0.0,10,10,10
Arapiraca,Telecomunicacoes por satelite,1,0,0,0,0,1,0.0,0.0,0.0,1,1,1
Arapiraca,Torrefacao e moagem de cafe,1,0,0,0,0,1,0.0,0.0,0.0,1,1,1
Arapiraca,Transmissao de energia eletrica,1,0,0,0,0,1,0.0,0.0,0.0,1,1,1
Arapiraca,Tratamento e disposicao de residuos nao perigosos,1,0,0,0,0,1,0.0,0.0,0.0,1,1,1
Arapiraca,"Tratamentos termicos, acusticos ou de vibracao",2,0,0,0,0,2,0.0,0.0,0.0,2,2,2
Arapiraca,Usinas de compostagem,1,0,0,0,0,1,0.0,0.0,0.0,1,1,1
Atalaia,"Aparelhamento de placas e execucao de trabalhos em marmore, granito, ardosia e outras pedras",1,0,0,0,0,1,0.0,0.0,0.0,1,1,1
Atalaia,Atividades do correio nacional,1,0,0,0,0,1,0.0,0.0,0.0,1,1,1
Atalaia,"Captacao, tratamento e distribuicao de agua",1,0,0,0,0,1,0.0,0.0,0.0,1,1,1
Atalaia,Coleta de residuos nao perigosos,2,0,0,0,0,2,0.0,0.0,0.0,2,2,2
Atalaia,"Confeccao, sob medida, de pecas do vestuario, exceto roupas intimas",9,0,0,0,0,9,0.0,0.0,0.0,9,9,9
Atalaia,Construcao de edificios,33,0,0,0,0,33,0.0,0.0,0.0,33,33,33
Atalaia,Construcao de instalacoes esportivas e recreativas,1,0,0,0,0,1,0.0,0.0,0.0,1,1,1
Atalaia,Distribuicao de energia eletrica,1,0,0,0,0,1,0.0,0.0,0.0,1,1,1
Atalaia,"Extracao de areia, cascalho ou pedregulho e beneficiamento associado",4,0,0,0,0,4,0.0,0.0,0.0,4,4,4
Atalaia,Extracao de madeira em florestas plantadas,1,0,0,0,0,1,0.0,0.0,0.0,1,1,1
Atalaia,Extracao e britamento de pedras e outros materiais para construcao e beneficiamento associado,3,0,1,0,1,2,0.0,33.3333,33.3333,3,2,2
Atalaia,Fabricacao de acucar em bruto,4,0,0,0,0,4,0.0,0.0,0.0,4,4,4
Atalaia,Fabricacao de alimentos e pratos prontos,1,0,0,0,0,1,0.0,0.0,0.0,1,1,1
Atalaia,Fabricacao de amidos e feculas de vegetais,1,0,0,0,0,1,0.0,0.0,0.0,1,1,1
Atalaia,"Fabricacao de artefatos de ceramica e barro cozido para uso na construcao, exceto azulejos e pisos",1,1,0,0,1,0,100.0,0.0,100.0,0,1,0
Atalaia,Fabricacao de artefatos de couro nao especificados anteriormente,1,0,0,0,0,1,0.0,0.0,0.0,1,1,1
Atalaia,Fabricacao de artefatos de tapecaria,1,0,0,0,0,1,0.0,0.0,0.0,1,1,1
Atalaia,"Fabricacao de artefatos diversos de madeira, exceto moveis",2,0,0,0,0,2,0.0,0.0,0.0,2,2,2
Atalaia,"Fabricacao de artigos de serralheria, exceto esquadrias",8,0,0,0,0,8,0.0,0.0,0.0,8,8,8
Atalaia,Fabricacao de esquadrias de metal,1,0,0,0,0,1,0.0,0.0,0.0,1,1,1
Atalaia,Fabricacao de gelo comum,3,0,0,0,0,3,0.0,0.0,0.0,3,3,3
Atalaia,"Fabricacao de letras, letreiros e placas de qualquer material, exceto luminosos",1,0,0,0,0,1,0.0,0.0,0.0,1,1,1
Atalaia,"Fabricacao de maquinas e aparelhos de refrigeracao e ventilacao para uso industrial e comercial, pecas e acessorios",1,0,0,0,0,1,0.0,0.0,0.0,1,1,1
Atalaia,Fabricacao de massas alimenticias,1,0,0,0,0,1,0.0,0.0,0.0,1,1,1
Atalaia,Fabricacao de moveis com predominancia de madeira,3,0,0,0,0,3,0.0,0.0,0.0,3,3,3
Atalaia,Fabricacao de moveis com predominancia de metal,1,0,0,0,0,1,0.0,0.0,0.0,1,1,1
Atalaia,Fabricacao de outros artigos de carpintaria para construcao,1,0,0,0,0,1,0.0,0.0,0.0,1,1,1
Atalaia,Fabricacao de produtos de limpeza e polimento,1,0,0,0,0,1,0.0,0.0,0.0,1,1,1
Atalaia,Fabricacao de produtos de padaria e confeitaria com predominancia de producao propria,9,0,0,0,0,9,0.0,0.0,0.0,9,9,9
Atalaia,Fabricacao de produtos de panificacao industrial,2,0,0,0,0,2,0.0,0.0,0.0,2,2,2
Atalaia,"Fabricacao de produtos de pastas celulosicas, papel, cartolina, papel cartao e papelao ondulado nao especificados anteriormente",2,0,0,0,0,2,0.0,0.0,0.0,2,2,2
Atalaia,Fabricacao de produtos diversos nao especificados anteriormente,3,0,0,0,0,3,0.0,0.0,0.0,3,3,3
Atalaia,Fabricacao de sorvetes e outros gelados comestiveis,2,0,0,0,0,2,0.0,0.0,0.0,2,2,2
Atalaia,Fornecimento de alimentos preparados preponderantemente para empresas,2,0,0,0,0,2,0.0,0.0,0.0,2,2,2
Atalaia,Fundicao de ferro e aco,1,0,0,0,0,1,0.0,0.0,0.0,1,1,1
Atalaia,Impressao de material para outros usos,2,0,0,0,0,2,0.0,0.0,0.0,2,2,2
Atalaia,Impressao de material para uso publicitario,2,0,0,0,0,2,0.0,0.0,0.0,2,2,2
Atalaia,Incorporacao de empreendimentos imobiliarios,1,0,0,0,0,1,0.0,0.0,0.0,1,1,1
Atalaia,Instalacao de maquinas e equipamentos industriais,1,0,0,0,0,1,0.0,0.0,0.0,1,1,1
Atalaia,"Instalacao e manutencao de sistemas centrais de ar condicionado, de ventilacao e refrigeracao",2,0,0,0,0,2,0.0,0.0,0.0,2,2,2
Atalaia,Instalacao e manutencao eletrica,11,0,0,0,0,11,0.0,0.0,0.0,11,11,11
Atalaia,"Instalacoes hidraulicas, sanitarias e de gas",2,0,0,0,0,2,0.0,0.0,0.0,2,2,2
Atalaia,Manutencao e reparacao de motocicletas e motonetas,1,0,0,0,0,1,0.0,0.0,0.0,1,1,1
Atalaia,"Manutencao e reparacao de tanques, reservatorios metalicos e caldeiras, exceto para veiculos",4,0,0,0,0,4,0.0,0.0,0.0,4,4,4
Atalaia,Montagem de estruturas metalicas,1,0,0,0,0,1,0.0,0.0,0.0,1,1,1
Atalaia,Obras de acabamento em gesso e estuque,1,0,0,0,0,1,0.0,0.0,0.0,1,1,1
Atalaia,Obras de alvenaria,26,0,0,0,0,26,0.0,0.0,0.0,26,26,26
Atalaia,Outras atividades de telecomunicacoes nao especificadas anteriormente,1,0,0,0,0,1,0.0,0.0,0.0,1,1,1
Atalaia,Outras obras de acabamento da construcao,1,0,0,0,0,1,0.0,0.0,0.0,1,1,1
Atalaia,Preparacao de subprodutos do abate,1,0,0,0,0,1,0.0,0.0,0.0,1,1,1
Atalaia,Producao de artefatos estampados de metal,1,0,0,0,0,1,0.0,0.0,0.0,1,1,1
Atalaia,Producao de laminados de aluminio,1,0,0,0,0,1,0.0,0.0,0.0,1,1,1
Atalaia,Provedores de acesso as redes de comunicacoes,1,0,0,0,0,1,0.0,0.0,0.0,1,1,1
Atalaia,"Recuperacao de materiais metalicos, exceto aluminio",1,0,0,0,0,1,0.0,0.0,0.0,1,1,1
Atalaia,Recuperacao de materiais plasticos,1,0,0,0,0,1,0.0,0.0,0.0,1,1,1
Atalaia,Recuperacao de sucatas de aluminio,1,0,0,0,0,1,0.0,0.0,0.0,1,1,1
Atalaia,Servicos de alinhamento e balanceamento de veiculos automotores,1,0,0,0,0,1,0.0,0.0,0.0,1,1,1
Atalaia,Servicos de capotaria,1,0,0,0,0,1,0.0,0.0,0.0,1,1,1
Atalaia,Servicos de comunicacao multimidia - scm,4,0,0,0,0,4,0.0,0.0,0.0,4,4,4
Atalaia,Servicos de confeccao de armacoes metalicas para a construcao,1,0,0,0,0,1,0.0,0.0,0.0,1,1,1
Atalaia,Servicos de engenharia,6,0,0,0,0,6,0.0,0.0,0.0,6,6,6
Atalaia,"Servicos de instalacao, manutencao e reparacao de acessorios para veiculos automotores",1,0,0,0,0,1,0.0,0.0,0.0,1,1,1
Atalaia,Servicos de lanternagem ou funilaria e pintura de veiculos automotores,2,0,0,0,0,2,0.0,0.0,0.0,2,2,2
Atalaia,Servicos de manutencao e reparacao eletrica de veiculos automotores,2,0,0,0,0,2,0.0,0.0,0.0,2,2,2
Atalaia,Servicos de manutencao e reparacao mecanica de veiculos automotores,7,0,0,0,0,7,0.0,0.0,0.0,7,7,7
Atalaia,Servicos de montagem de moveis de qualquer material,1,0,0,0,0,1,0.0,0.0,0.0,1,1,1
Atalaia,Servicos de pintura de edificios em geral,1,0,0,0,0,1,0.0,0.0,0.0,1,1,1
Atalaia,Servicos de pre impressao,1,0,0,0,0,1,0.0,0.0,0.0,1,1,1
Atalaia,"Servicos de usinagem, tornearia e solda",3,0,0,0,0,3,0.0,0.0,0.0,3,3,3
Atalaia,Servicos especializados para construcao nao especificados anteriormente,4,0,0,0,0,4,0.0,0.0,0.0,4,4,4
Atalaia,Transmissao de energia eletrica,1,0,0,0,0,1,0.0,0.0,0.0,1,1,1
Atalaia,"Tratamentos termicos, acusticos ou de vibracao",1,0,0,0,0,1,0.0,0.0,0.0,1,1,1
Barra de Santo Antônio,Aluguel de andaimes,1,0,0,0,0,1,0.0,0.0,0.0,1,1,1
Barra de Santo Antônio,"Aparelhamento de placas e execucao de trabalhos em marmore, granito, ardosia e outras pedras",1,0,0,0,0,1,0.0,0.0,0.0,1,1,1
Barra de Santo Antônio,Aplicacao de revestimentos e de resinas em interiores e exteriores,1,0,0,0,0,1,0.0,0.0,0.0,1,1,1
Barra de Santo Antônio,Atividades do correio nacional,1,0,0,0,0,1,0.0,0.0,0.0,1,1,1
Barra de Santo Antônio,Coleta de residuos nao perigosos,1,0,0,0,0,1,0.0,0.0,0.0,1,1,1
Barra de Santo Antônio,"Confeccao de pecas de vestuario, exceto roupas intimas e as confeccionadas sob medida",4,0,0,0,0,4,0.0,0.0,0.0,4,4,4
Barra de Santo Antônio,"Confeccao, sob medida, de pecas do vestuario, exceto roupas intimas",2,0,0,0,0,2,0.0,0.0,0.0,2,2,2
Barra de Santo Antônio,Construcao de edificios,7,0,0,0,0,7,0.0,0.0,0.0,7,7,7
Barra de Santo Antônio,Fabricacao de artefatos de material plastico para outros usos nao especificados anteriormente,1,0,0,0,0,1,0.0,0.0,0.0,1,1,1
Barra de Santo Antônio,Fabricacao de artefatos de material plastico para uso pessoal e domestico,1,0,0,0,0,1,0.0,0.0,0.0,1,1,1
Barra de Santo Antônio,"Fabricacao de artefatos diversos de madeira, exceto moveis",4,0,0,0,0,4,0.0,0.0,0.0,4,4,4
Barra de Santo Antônio,Fabricacao de bijuterias e artefatos semelhantes,1,0,0,0,0,1,0.0,0.0,0.0,1,1,1
Barra de Santo Antônio,Fabricacao de conservas de frutas,1,0,0,0,0,1,0.0,0.0,0.0,1,1,1
Barra de Santo Antônio,"Fabricacao de conservas de peixes, crustaceos e moluscos",1,0,0,0,0,1,0.0,0.0,0.0,1,1,1
Barra de Santo Antônio,"Fabricacao de escovas, pinceis e vassouras",1,0,0,0,0,1,0.0,0.0,0.0,1,1,1
Barra de Santo Antônio,Fabricacao de gelo comum,2,0,0,0,0,2,0.0,0.0,0.0,2,2,2
Barra de Santo Antônio,Fabricacao de moveis com predominancia de madeira,3,0,0,0,0,3,0.0,0.0,0.0,3,3,3
Barra de Santo Antônio,Fabricacao de outros produtos texteis nao especificados anteriormente,1,0,0,0,0,1,0.0,0.0,0.0,1,1,1
Barra de Santo Antônio,Fabricacao de paineis e letreiros luminosos,1,0,0,0,0,1,0.0,0.0,0.0,1,1,1
Barra de Santo Antônio,Fabricacao de produtos de padaria e confeitaria com predominancia de producao propria,8,2,0,0,2,6,25.0,0.0,25.0,6,8,6
Barra de Santo Antônio,Fabricacao de produtos de panificacao industrial,4,0,0,0,0,4,0.0,0.0,0.0,4,4,4
Barra de Santo Antônio,Fabricacao de produtos derivados do cacau e de chocolates,1,0,0,0,0,1,0.0,0.0,0.0,1,1,1
Barra de Santo Antônio,Fabricacao de produtos diversos nao especificados anteriormente,5,0,0,0,0,5,0.0,0.0,0.0,5,5,5
Barra de Santo Antônio,Fornecimento de alimentos preparados preponderantemente para empresas,2,0,0,0,0,2,0.0,0.0,0.0,2,2,2
Barra de Santo Antônio,Impressao de material para outros usos,1,0,0,0,0,1,0.0,0.0,0.0,1,1,1
Barra de Santo Antônio,Impressao de material para uso publicitario,1,0,0,0,0,1,0.0,0.0,0.0,1,1,1
Barra de Santo Antônio,Incorporacao de empreendimentos imobiliarios,2,0,0,0,0,2,0.0,0.0,0.0,2,2,2
Barra de Santo Antônio,Instalacao de maquinas e equipamentos industriais,1,0,0,0,0,1,0.0,0.0,0.0,1,1,1
Barra de Santo Antônio,"Instalacao de portas, janelas, tetos, divisorias e armarios embutidos de qualquer material",1,0,0,0,0,1,0.0,0.0,0.0,1,1,1
Barra de Santo Antônio,"Instalacao e manutencao de sistemas centrais de ar condicionado, de ventilacao e refrigeracao",3,0,0,0,0,3,0.0,0.0,0.0,3,3,3
Barra de Santo Antônio,Instalacao e manutencao eletrica,10,0,0,0,0,10,0.0,0.0,0.0,10,10,10
Barra de Santo Antônio,Instalacoes de sistema de prevencao contra incendio,1,0,0,0,0,1,0.0,0.0,0.0,1,1,1
Barra de Santo Antônio,"Instalacoes hidraulicas, sanitarias e de gas",1,0,0,0,0,1,0.0,0.0,0.0,1,1,1
Barra de Santo Antônio,Manutencao e reparacao de equipamentos e produtos nao especificados anteriormente,1,0,0,0,0,1,0.0,0.0,0.0,1,1,1
Barra de Santo Antônio,"Manutencao e reparacao de equipamentos hidraulicos e pneumaticos, exceto valvulas",2,0,0,0,0,2,0.0,0.0,0.0,2,2,2
Barra de Santo Antônio,"Manutencao e reparacao de geradores, transformadores e motores eletricos",1,0,0,0,0,1,0.0,0.0,0.0,1,1,1
Barra de Santo Antônio,Manutencao e reparacao de motocicletas e motonetas,4,0,0,0,0,4,0.0,0.0,0.0,4,4,4
Barra de Santo Antônio,Obras de alvenaria,8,0,0,0,0,8,0.0,0.0,0.0,8,8,8
Barra de Santo Antônio,Outras obras de acabamento da construcao,1,0,0,0,0,1,0.0,0.0,0.0,1,1,1
Barra de Santo Antônio,Outras obras de engenharia civil nao especificadas anteriormente,1,0,0,0,0,1,0.0,0.0,0.0,1,1,1
Barra de Santo Antônio,Producao de artefatos estampados de metal,1,0,0,0,0,1,0.0,0.0,0.0,1,1,1
Barra de Santo Antônio,Provedores de acesso as redes de comunicacoes,2,0,0,0,0,2,0.0,0.0,0.0,2,2,2
Barra de Santo Antônio,Recuperacao de materiais plasticos,1,0,0,0,0,1,0.0,0.0,0.0,1,1,1
Barra de Santo Antônio,Recuperacao de sucatas de aluminio,1,0,0,0,0,1,0.0,0.0,0.0,1,1,1
Barra de Santo Antônio,Servicos de borracharia para veiculos automotores,2,0,0,0,0,2,0.0,0.0,0.0,2,2,2
Barra de Santo Antônio,Servicos de comunicacao multimidia - scm,2,0,0,0,0,2,0.0,0.0,0.0,2,2,2
Barra de Santo Antônio,Servicos de engenharia,1,0,0,0,0,1,0.0,0.0,0.0,1,1,1
Barra de Santo Antônio,"Servicos de instalacao, manutencao e reparacao de acessorios para veiculos automotores",1,0,0,0,0,1,0.0,0.0,0.0,1,1,1
Barra de Santo Antônio,Servicos de manutencao e reparacao mecanica de veiculos automotores,1,0,0,0,0,1,0.0,0.0,0.0,1,1,1
Barra de Santo Antônio,Servicos de montagem de moveis de qualquer material,2,0,0,0,0,2,0.0,0.0,0.0,2,2,2
Barra de Santo Antônio,Servicos de pintura de edificios em geral,3,0,0,0,0,3,0.0,0.0,0.0,3,3,3
Barra de Santo Antônio,"Servicos de usinagem, tornearia e solda",1,0,0,0,0,1,0.0,0.0,0.0,1,1,1
Barra de Santo Antônio,Servicos especializados para construcao nao especificados anteriormente,1,0,0,0,0,1,0.0,0.0,0.0,1,1,1
Barra de Santo Antônio,Transmissao de energia eletrica,1,0,0,0,0,1,0.0,0.0,0.0,1,1,1
Barra de São Miguel,Aluguel de andaimes,1,0,0,0,0,1,0.0,0.0,0.0,1,1,1
Barra de São Miguel,Atividades do correio nacional,1,0,0,0,0,1,0.0,0.0,0.0,1,1,1
Barra de São Miguel,"Captacao, tratamento e distribuicao de agua",1,0,0,0,0,1,0.0,0.0,0.0,1,1,1
Barra de São Miguel,"Confeccao de pecas de vestuario, exceto roupas intimas e as confeccionadas sob medida",2,0,0,0,0,2,0.0,0.0,0.0,2,2,2
Barra de São Miguel,Construcao de edificios,19,0,0,0,0,19,0.0,0.0,0.0,19,19,19
Barra de São Miguel,Desenvolvimento e licenciamento de programas de computador nao customizaveis,1,0,0,0,0,1,0.0,0.0,0.0,1,1,1
Barra de São Miguel,Distribuicao de energia eletrica,1,0,0,0,0,1,0.0,0.0,0.0,1,1,1
Barra de São Miguel,"Extracao de areia, cascalho ou pedregulho e beneficiamento associado",2,0,0,0,0,2,0.0,0.0,0.0,2,2,2
Barra de São Miguel,"Fabricacao de acessorios do vestuario, exceto para seguranca e protecao",1,0,0,0,0,1,0.0,0.0,0.0,1,1,1
Barra de São Miguel,Fabricacao de aguardente de cana de acucar,1,0,0,0,0,1,0.0,0.0,0.0,1,1,1
Barra de São Miguel,Fabricacao de alimentos e pratos prontos,1,0,0,0,0,1,0.0,0.0,0.0,1,1,1
Barra de São Miguel,Fabricacao de artefatos para pesca e esporte,1,0,0,0,0,1,0.0,0.0,0.0,1,1,1
Barra de São Miguel,"Fabricacao de artigos de serralheria, exceto esquadrias",1,0,0,0,0,1,0.0,0.0,0.0,1,1,1
Barra de São Miguel,"Fabricacao de artigos do vestuario, produzidos em malharias e tricotagens, exceto meias",2,0,0,0,0,2,0.0,0.0,0.0,2,2,2
Barra de São Miguel,Fabricacao de bijuterias e artefatos semelhantes,3,0,0,0,0,3,0.0,0.0,0.0,3,3,3
Barra de São Miguel,Fabricacao de conservas de frutas,1,0,1,0,1,0,0.0,100.0,100.0,1,0,0
Barra de São Miguel,Fabricacao de esquadrias de madeira e de pecas de madeira para instalacoes industriais e comerciais,1,0,0,0,0,1,0.0,0.0,0.0,1,1,1
Barra de São Miguel,Fabricacao de esquadrias de metal,1,0,0,0,0,1,0.0,0.0,0.0,1,1,1
Barra de São Miguel,Fabricacao de gelo comum,1,0,0,0,0,1,0.0,0.0,0.0,1,1,1
Barra de São Miguel,Fabricacao de moveis com predominancia de madeira,2,0,0,0,0,2,0.0,0.0,0.0,2,2,2
Barra de São Miguel,Fabricacao de outros produtos texteis nao especificados anteriormente,4,0,0,0,0,4,0.0,0.0,0.0,4,4,4
Barra de São Miguel,Fabricacao de produtos de padaria e confeitaria com predominancia de producao propria,3,0,0,0,0,3,0.0,0.0,0.0,3,3,3
Barra de São Miguel,Fabricacao de produtos de panificacao industrial,1,0,0,0,0,1,0.0,0.0,0.0,1,1,1
Barra de São Miguel,"Fabricacao de produtos de pastas celulosicas, papel, cartolina, papel cartao e papelao ondulado nao especificados anteriormente",1,0,0,0,0,1,0.0,0.0,0.0,1,1,1
Barra de São Miguel,Fabricacao de produtos diversos nao especificados anteriormente,5,0,0,0,0,5,0.0,0.0,0.0,5,5,5
Barra de São Miguel,Fornecimento de alimentos preparados preponderantemente para empresas,5,0,0,0,0,5,0.0,0.0,0.0,5,5,5
Barra de São Miguel,Geracao de energia eletrica,6,0,0,0,0,6,0.0,0.0,0.0,6,6,6
Barra de São Miguel,Impressao de material para outros usos,1,0,0,0,0,1,0.0,0.0,0.0,1,1,1
Barra de São Miguel,Incorporacao de empreendimentos imobiliarios,15,0,0,0,0,15,0.0,0.0,0.0,15,15,15
Barra de São Miguel,Instalacao de paineis publicitarios,1,0,0,0,0,1,0.0,0.0,0.0,1,1,1
Barra de São Miguel,"Instalacao e manutencao de sistemas centrais de ar condicionado, de ventilacao e refrigeracao",3,0,0,0,0,3,0.0,0.0,0.0,3,3,3
Barra de São Miguel,Instalacao e manutencao eletrica,18,0,0,0,0,18,0.0,0.0,0.0,18,18,18
Barra de São Miguel,"Instalacoes hidraulicas, sanitarias e de gas",2,0,0,0,0,2,0.0,0.0,0.0,2,2,2
Barra de São Miguel,Manutencao e reparacao de embarcacoes para esporte e lazer,1,0,0,0,0,1,0.0,0.0,0.0,1,1,1
Barra de São Miguel,Manutencao e reparacao de maquinas e aparelhos de refrigeracao e ventilacao para uso industrial e comercial,2,0,0,0,0,2,0.0,0.0,0.0,2,2,2
Barra de São Miguel,Manutencao e reparacao de maquinas e equipamentos para agricultura e pecuaria,1,0,0,0,0,1,0.0,0.0,0.0,1,1,1
Barra de São Miguel,Manutencao e reparacao de maquinas motrizes nao eletricas,1,0,0,0,0,1,0.0,0.0,0.0,1,1,1
Barra de São Miguel,Manutencao e reparacao de motocicletas e motonetas,9,0,0,0,0,9,0.0,0.0,0.0,9,9,9
Barra de São Miguel,Obras de acabamento em gesso e estuque,1,0,0,0,0,1,0.0,0.0,0.0,1,1,1
Barra de São Miguel,Obras de alvenaria,15,0,0,0,0,15,0.0,0.0,0.0,15,15,15
Barra de São Miguel,"Obras de urbanizacao - ruas, pracas e calcadas",1,0,0,0,0,1,0.0,0.0,0.0,1,1,1
Barra de São Miguel,Perfuracao e construcao de pocos de agua,1,0,0,0,0,1,0.0,0.0,0.0,1,1,1
Barra de São Miguel,"Preparacao e fiacao de fibras texteis naturais, exceto algodao",2,2,0,0,2,0,100.0,0.0,100.0,0,2,0
Barra de São Miguel,Producao de tubos de aco com costura,2,0,0,0,0,2,0.0,0.0,0.0,2,2,2
Barra de São Miguel,Provedores de acesso as redes de comunicacoes,2,0,0,0,0,2,0.0,0.0,0.0,2,2,2
Barra de São Miguel,Recuperacao de sucatas de aluminio,1,0,0,0,0,1,0.0,0.0,0.0,1,1,1
Barra de São Miguel,Reforma de pneumaticos usados,1,0,0,0,0,1,0.0,0.0,0.0,1,1,1
Barra de São Miguel,Servicos de borracharia para veiculos automotores,2,0,0,0,0,2,0.0,0.0,0.0,2,2,2
Barra de São Miguel,Servicos de comunicacao multimidia - scm,2,0,0,0,0,2,0.0,0.0,0.0,2,2,2
Barra de São Miguel,Servicos de confeccao de armacoes metalicas para a construcao,1,0,0,0,0,1,0.0,0.0,0.0,1,1,1
Barra de São Miguel,Servicos de engenharia,20,0,0,0,0,20,0.0,0.0,0.0,20,20,20
Barra de São Miguel,Servicos de manutencao e reparacao mecanica de veiculos automotores,4,0,0,0,0,4,0.0,0.0,0.0,4,4,4
Barra de São Miguel,Servicos de pintura de edificios em geral,6,0,0,0,0,6,0.0,0.0,0.0,6,6,6
Barra de São Miguel,Servicos especializados para construcao nao especificados anteriormente,1,0,0,0,0,1,0.0,0.0,0.0,1,1,1
Batalha,Abate de aves,2,0,0,0,0,2,0.0,0.0,0.0,2,2,2
Batalha,Aplicacao de revestimentos e de resinas em interiores e exteriores,1,0,0,0,0,1,0.0,0.0,0.0,1,1,1
Batalha,Atividades do correio nacional,1,0,0,0,0,1,0.0,0.0,0.0,1,1,1
Batalha,Coleta de residuos nao perigosos,1,0,0,0,0,1,0.0,0.0,0.0,1,1,1
Batalha,"Confeccao, sob medida, de pecas do vestuario, exceto roupas intimas",3,0,0,0,0,3,0.0,0.0,0.0,3,3,3
Batalha,Construcao de edificios,10,0,0,0,0,10,0.0,0.0,0.0,10,10,10
Batalha,"Extracao de areia, cascalho ou pedregulho e beneficiamento associado",2,0,0,0,0,2,0.0,0.0,0.0,2,2,2
Batalha,Fabricacao de alimentos para animais,2,0,0,0,0,2,0.0,0.0,0.0,2,2,2
Batalha,"Fabricacao de artefatos diversos de madeira, exceto moveis",1,0,0,0,0,1,0.0,0.0,0.0,1,1,1
Batalha,"Fabricacao de artigos de serralheria, exceto esquadrias",1,0,0,0,0,1,0.0,0.0,0.0,1,1,1
Batalha,Fabricacao de biscoitos e bolachas,1,0,0,0,0,1,0.0,0.0,0.0,1,1,1
Batalha,Fabricacao de laticinios,5,1,1,0,2,3,20.0,20.0,40.0,4,4,3
Batalha,Fabricacao de moveis com predominancia de madeira,2,0,0,0,0,2,0.0,0.0,0.0,2,2,2
Batalha,Fabricacao de outros produtos texteis nao especificados anteriormente,1,0,0,0,0,1,0.0,0.0,0.0,1,1,1
Batalha,Fabricacao de produtos de carne,1,0,0,0,0,1,0.0,0.0,0.0,1,1,1
Batalha,Fabricacao de produtos de padaria e confeitaria com predominancia de producao propria,2,0,0,0,0,2,0.0,0.0,0.0,2,2,2
Batalha,"Fabricacao de produtos de pastas celulosicas, papel, cartolina, papel cartao e papelao ondulado nao especificados anteriormente",2,0,0,0,0,2,0.0,0.0,0.0,2,2,2
Batalha,Fabricacao de produtos diversos nao especificados anteriormente,2,0,0,0,0,2,0.0,0.0,0.0,2,2,2
Batalha,"Fabricacao de sucos concentrados de frutas, hortalicas e legumes",1,0,0,0,0,1,0.0,0.0,0.0,1,1,1
Batalha,Geracao de energia eletrica,2,0,0,0,0,2,0.0,0.0,0.0,2,2,2
Batalha,Impressao de material para outros usos,2,0,0,0,0,2,0.0,0.0,0.0,2,2,2
Batalha,Impressao de material para uso publicitario,2,0,0,0,0,2,0.0,0.0,0.0,2,2,2
Batalha,Incorporacao de empreendimentos imobiliarios,1,0,0,0,0,1,0.0,0.0,0.0,1,1,1
Batalha,"Instalacao e manutencao de sistemas centrais de ar condicionado, de ventilacao e refrigeracao",3,0,0,0,0,3,0.0,0.0,0.0,3,3,3
Batalha,Instalacao e manutencao eletrica,6,0,0,0,0,6,0.0,0.0,0.0,6,6,6
Batalha,"Instalacoes hidraulicas, sanitarias e de gas",1,0,0,0,0,1,0.0,0.0,0.0,1,1,1
Batalha,Manutencao e reparacao de maquinas e aparelhos de refrigeracao e ventilacao para uso industrial e comercial,1,0,0,0,0,1,0.0,0.0,0.0,1,1,1
Batalha,Manutencao e reparacao de maquinas e equipamentos para agricultura e pecuaria,1,0,0,0,0,1,0.0,0.0,0.0,1,1,1
Batalha,"Manutencao e reparacao de maquinas e equipamentos para as industrias de alimentos, bebidas e fumo",1,0,0,0,0,1,0.0,0.0,0.0,1,1,1
Batalha,Manutencao e reparacao de motocicletas e motonetas,2,0,0,0,0,2,0.0,0.0,0.0,2,2,2
Batalha,Manutencao e reparacao de tratores agricolas,2,0,0,0,0,2,0.0,0.0,0.0,2,2,2
Batalha,Obras de alvenaria,4,0,0,0,0,4,0.0,0.0,0.0,4,4,4
Batalha,Obras de terraplenagem,1,0,0,0,0,1,0.0,0.0,0.0,1,1,1
Batalha,Outras obras de acabamento da construcao,1,0,0,0,0,1,0.0,0.0,0.0,1,1,1
Batalha,Preparacao do leite,2,0,0,0,0,2,0.0,0.0,0.0,2,2,2
Batalha,Provedores de acesso as redes de comunicacoes,2,0,0,0,0,2,0.0,0.0,0.0,2,2,2
Batalha,Servicos de borracharia para veiculos automotores,2,0,0,0,0,2,0.0,0.0,0.0,2,2,2
Batalha,Servicos de comunicacao multimidia - scm,3,1,0,0,1,2,33.3333,0.0,33.3333,2,3,2
Batalha,Servicos de engenharia,6,0,0,0,0,6,0.0,0.0,0.0,6,6,6
Batalha,"Servicos de instalacao, manutencao e reparacao de acessorios para veiculos automotores",1,0,0,0,0,1,0.0,0.0,0.0,1,1,1
Batalha,Servicos de manutencao e reparacao mecanica de veiculos automotores,7,0,0,0,0,7,0.0,0.0,0.0,7,7,7
Batalha,Servicos de pintura de edificios em geral,1,0,0,0,0,1,0.0,0.0,0.0,1,1,1
Batalha,Servicos de pre impressao,1,0,0,0,0,1,0.0,0.0,0.0,1,1,1
Batalha,Transmissao de energia eletrica,1,0,0,0,0,1,0.0,0.0,0.0,1,1,1
Batalha,"Tratamentos termicos, acusticos ou de vibracao",1,0,0,0,0,1,0.0,0.0,0.0,1,1,1
Belo Monte,Atividades de apoio a extracao de minerais nao metalicos,1,0,0,0,0,1,0.0,0.0,0.0,1,1,1
Belo Monte,Atividades do correio nacional,1,0,0,0,0,1,0.0,0.0,0.0,1,1,1
Belo Monte,"Confeccao, sob medida, de pecas do vestuario, exceto roupas intimas",1,0,0,0,0,1,0.0,0.0,0.0,1,1,1
Belo Monte,Extracao de granito e beneficiamento associado,1,0,0,0,0,1,0.0,0.0,0.0,1,1,1
Belo Monte,"Extracao de minerais para fabricacao de adubos, fertilizantes e outros produtos quimicos",1,1,0,0,1,0,100.0,0.0,100.0,0,1,0
Belo Monte,"Instalacao e manutencao de sistemas centrais de ar condicionado, de ventilacao e refrigeracao",1,0,0,0,0,1,0.0,0.0,0.0,1,1,1
Belo Monte,Instalacao e manutencao eletrica,1,0,0,0,0,1,0.0,0.0,0.0,1,1,1
Belo Monte,Preparacao do leite,1,0,0,0,0,1,0.0,0.0,0.0,1,1,1
Belo Monte,Servicos de borracharia para veiculos automotores,1,0,0,0,0,1,0.0,0.0,0.0,1,1,1
Belo Monte,Servicos de comunicacao multimidia - scm,1,0,0,0,0,1,0.0,0.0,0.0,1,1,1
Belo Monte,Transmissao de energia eletrica,1,0,0,0,0,1,0.0,0.0,0.0,1,1,1
Belém,Atividades do correio nacional,1,0,0,0,0,1,0.0,0.0,0.0,1,1,1
Belém,"Captacao, tratamento e distribuicao de agua",1,0,0,0,0,1,0.0,0.0,0.0,1,1,1
Belém,"Confeccao de pecas de vestuario, exceto roupas intimas e as confeccionadas sob medida",1,0,0,0,0,1,0.0,0.0,0.0,1,1,1
Belém,Construcao de edificios,1,0,0,0,0,1,0.0,0.0,0.0,1,1,1
Belém,Construcao de rodovias e ferrovias,1,0,0,0,0,1,0.0,0.0,0.0,1,1,1
Belém,"Fabricacao de outros artefatos e produtos de concreto, cimento, fibrocimento, gesso e materiais semelhantes",1,0,0,0,0,1,0.0,0.0,0.0,1,1,1
Belém,Fabricacao de produtos de padaria e confeitaria com predominancia de producao propria,2,0,0,0,0,2,0.0,0.0,0.0,2,2,2
Belém,Fabricacao de produtos de panificacao industrial,1,0,0,0,0,1,0.0,0.0,0.0,1,1,1
Belém,Instalacao e manutencao eletrica,2,0,0,0,0,2,0.0,0.0,0.0,2,2,2
Belém,"Instalacoes hidraulicas, sanitarias e de gas",1,0,0,0,0,1,0.0,0.0,0.0,1,1,1
Belém,Obras de acabamento em gesso e estuque,2,0,0,0,0,2,0.0,0.0,0.0,2,2,2
Belém,Obras de alvenaria,2,0,0,0,0,2,0.0,0.0,0.0,2,2,2
Belém,Outras obras de engenharia civil nao especificadas anteriormente,1,0,0,0,0,1,0.0,0.0,0.0,1,1,1
Boca da Mata,Atividades do correio nacional,1,0,0,0,0,1,0.0,0.0,0.0,1,1,1
Boca da Mata,"Captacao, tratamento e distribuicao de agua",1,0,0,0,0,1,0.0,0.0,0.0,1,1,1
Boca da Mata,"Confeccao de pecas de vestuario, exceto roupas intimas e as confeccionadas sob medida",6,0,0,0,0,6,0.0,0.0,0.0,6,6,6
Boca da Mata,Confeccao de roupas intimas,1,0,0,0,0,1,0.0,0.0,0.0,1,1,1
Boca da Mata,"Confeccao de roupas profissionais, exceto sob medida",1,0,0,0,0,1,0.0,0.0,0.0,1,1,1
Boca da Mata,"Confeccao, sob medida, de pecas do vestuario, exceto roupas intimas",10,0,0,0,0,10,0.0,0.0,0.0,10,10,10
Boca da Mata,Construcao de edificios,11,0,0,0,0,11,0.0,0.0,0.0,11,11,11
Boca da Mata,Construcao de obras de arte especiais,1,0,0,0,0,1,0.0,0.0,0.0,1,1,1
Boca da Mata,"Extracao de areia, cascalho ou pedregulho e beneficiamento associado",1,0,0,0,0,1,0.0,0.0,0.0,1,1,1
Boca da Mata,Fabricacao de acucar em bruto,3,1,0,0,1,2,33.3333,0.0,33.3333,2,3,2
Boca da Mata,Fabricacao de aguardente de cana de acucar,1,1,1,1,1,0,100.0,100.0,100.0,0,0,0
Boca da Mata,Fabricacao de alimentos para animais,1,0,0,0,0,1,0.0,0.0,0.0,1,1,1
Boca da Mata,Fabricacao de artefatos de borracha nao especificados anteriormente,1,0,0,0,0,1,0.0,0.0,0.0,1,1,1
Boca da Mata,"Fabricacao de artefatos de ceramica e barro cozido para uso na construcao, exceto azulejos e pisos",4,0,0,0,0,4,0.0,0.0,0.0,4,4,4
Boca da Mata,"Fabricacao de artefatos diversos de madeira, exceto moveis",3,0,0,0,0,3,0.0,0.0,0.0,3,3,3
Boca da Mata,"Fabricacao de artigos de serralheria, exceto esquadrias",3,0,0,0,0,3,0.0,0.0,0.0,3,3,3
Boca da Mata,Fabricacao de bijuterias e artefatos semelhantes,2,0,0,0,0,2,0.0,0.0,0.0,2,2,2
Boca da Mata,Fabricacao de biscoitos e bolachas,1,0,0,0,0,1,0.0,0.0,0.0,1,1,1
Boca da Mata,Fabricacao de conservas de frutas,2,0,0,0,0,2,0.0,0.0,0.0,2,2,2
Boca da Mata,Fabricacao de esquadrias de madeira e de pecas de madeira para instalacoes industriais e comerciais,1,0,0,0,0,1,0.0,0.0,0.0,1,1,1
Boca da Mata,Fabricacao de gelo comum,1,0,0,0,0,1,0.0,0.0,0.0,1,1,1
Boca da Mata,Fabricacao de laticinios,1,0,0,0,0,1,0.0,0.0,0.0,1,1,1
Boca da Mata,"Fabricacao de letras, letreiros e placas de qualquer material, exceto luminosos",1,0,0,0,0,1,0.0,0.0,0.0,1,1,1
Boca da Mata,Fabricacao de massas alimenticias,1,0,0,0,0,1,0.0,0.0,0.0,1,1,1
Boca da Mata,Fabricacao de moveis com predominancia de madeira,8,0,0,0,0,8,0.0,0.0,0.0,8,8,8
Boca da Mata,"Fabricacao de outros artefatos e produtos de concreto, cimento, fibrocimento, gesso e materiais semelhantes",2,0,0,0,0,2,0.0,0.0,0.0,2,2,2
Boca da Mata,Fabricacao de outros produtos texteis nao especificados anteriormente,1,0,0,0,0,1,0.0,0.0,0.0,1,1,1
Boca da Mata,Fabricacao de produtos de padaria e confeitaria com predominancia de producao propria,10,0,0,0,0,10,0.0,0.0,0.0,10,10,10
Boca da Mata,Fabricacao de produtos de panificacao industrial,3,0,0,0,0,3,0.0,0.0,0.0,3,3,3
Boca da Mata,Fabricacao de produtos diversos nao especificados anteriormente,4,0,0,0,0,4,0.0,0.0,0.0,4,4,4
Boca da Mata,"Faccao de pecas do vestuario, exceto roupas intimas",1,0,0,0,0,1,0.0,0.0,0.0,1,1,1
Boca da Mata,Impressao de material para outros usos,2,0,0,0,0,2,0.0,0.0,0.0,2,2,2
Boca da Mata,Incorporacao de empreendimentos imobiliarios,1,0,0,0,0,1,0.0,0.0,0.0,1,1,1
Boca da Mata,"Instalacao e manutencao de sistemas centrais de ar condicionado, de ventilacao e refrigeracao",4,0,0,0,0,4,0.0,0.0,0.0,4,4,4
Boca da Mata,Instalacao e manutencao eletrica,8,0,0,0,0,8,0.0,0.0,0.0,8,8,8
Boca da Mata,Manutencao e reparacao de equipamentos de transmissao para fins industriais,1,0,0,0,0,1,0.0,0.0,0.0,1,1,1
Boca da Mata,"Manutencao e reparacao de maquinas e equipamentos para as industrias de alimentos, bebidas e fumo",1,0,0,0,0,1,0.0,0.0,0.0,1,1,1
Boca da Mata,Manutencao e reparacao de motocicletas e motonetas,4,0,0,0,0,4,0.0,0.0,0.0,4,4,4
Boca da Mata,Obras de alvenaria,11,0,0,0,0,11,0.0,0.0,0.0,11,11,11
Boca da Mata,"Obras de urbanizacao - ruas, pracas e calcadas",1,0,0,0,0,1,0.0,0.0,0.0,1,1,1
Boca da Mata,Outras atividades de telecomunicacoes nao especificadas anteriormente,1,0,0,0,0,1,0.0,0.0,0.0,1,1,1
Boca da Mata,Outras obras de acabamento da construcao,1,0,0,0,0,1,0.0,0.0,0.0,1,1,1
Boca da Mata,Preparacao de canteiro e limpeza de terreno,1,0,0,0,0,1,0.0,0.0,0.0,1,1,1
Boca da Mata,Provedores de acesso as redes de comunicacoes,2,0,0,0,0,2,0.0,0.0,0.0,2,2,2
Boca da Mata,Recuperacao de sucatas de aluminio,1,0,0,0,0,1,0.0,0.0,0.0,1,1,1
Boca da Mata,Servicos de alinhamento e balanceamento de veiculos automotores,2,0,0,0,0,2,0.0,0.0,0.0,2,2,2
Boca da Mata,Servicos de borracharia para veiculos automotores,2,0,0,0,0,2,0.0,0.0,0.0,2,2,2
Boca da Mata,Servicos de comunicacao multimidia - scm,6,0,0,0,0,6,0.0,0.0,0.0,6,6,6
Boca da Mata,Servicos de confeccao de armacoes metalicas para a construcao,1,0,0,0,0,1,0.0,0.0,0.0,1,1,1
Boca da Mata,Servicos de lanternagem ou funilaria e pintura de veiculos automotores,3,0,0,0,0,3,0.0,0.0,0.0,3,3,3
Boca da Mata,Servicos de manutencao e reparacao mecanica de veiculos automotores,4,0,0,0,0,4,0.0,0.0,0.0,4,4,4
Boca da Mata,Servicos de montagem de moveis de qualquer material,1,0,0,0,0,1,0.0,0.0,0.0,1,1,1
Boca da Mata,Servicos de pintura de edificios em geral,9,0,0,0,0,9,0.0,0.0,0.0,9,9,9
Boca da Mata,Servicos de tratamento e revestimento em metais,1,0,0,0,0,1,0.0,0.0,0.0,1,1,1
Boca da Mata,"Servicos de usinagem, tornearia e solda",5,0,0,0,0,5,0.0,0.0,0.0,5,5,5
Boca da Mata,Transmissao de energia eletrica,1,0,0,0,0,1,0.0,0.0,0.0,1,1,1
Branquinha,Atividades do correio nacional,1,0,0,0,0,1,0.0,0.0,0.0,1,1,1
Branquinha,Coleta de residuos nao perigosos,1,0,0,0,0,1,0.0,0.0,0.0,1,1,1
Branquinha,"Extracao de areia, cascalho ou pedregulho e beneficiamento associado",1,0,0,0,0,1,0.0,0.0,0.0,1,1,1
Branquinha,Fabricacao de gelo comum,1,0,0,0,0,1,0.0,0.0,0.0,1,1,1
Branquinha,Fabricacao de produtos de padaria e confeitaria com predominancia de producao propria,2,0,0,0,0,2,0.0,0.0,0.0,2,2,2
Branquinha,"Instalacao de portas, janelas, tetos, divisorias e armarios embutidos de qualquer material",1,0,0,0,0,1,0.0,0.0,0.0,1,1,1
Branquinha,Instalacao e manutencao eletrica,1,0,0,0,0,1,0.0,0.0,0.0,1,1,1
Branquinha,Manutencao e reparacao de motocicletas e motonetas,4,0,0,0,0,4,0.0,0.0,0.0,4,4,4
Branquinha,Obras de alvenaria,2,0,0,0,0,2,0.0,0.0,0.0,2,2,2
Branquinha,Provedores de acesso as redes de comunicacoes,3,0,0,0,0,3,0.0,0.0,0.0,3,3,3
Branquinha,Servicos de comunicacao multimidia - scm,2,0,0,0,0,2,0.0,0.0,0.0,2,2,2
Branquinha,"Servicos de instalacao, manutencao e reparacao de acessorios para veiculos automotores",1,0,0,0,0,1,0.0,0.0,0.0,1,1,1
Branquinha,Servicos de manutencao e reparacao mecanica de veiculos automotores,1,0,0,0,0,1,0.0,0.0,0.0,1,1,1
Branquinha,Servicos de pintura de edificios em geral,1,0,0,0,0,1,0.0,0.0,0.0,1,1,1
Branquinha,Transmissao de energia eletrica,1,0,0,0,0,1,0.0,0.0,0.0,1,1,1
Cacimbinhas,Atividades do correio nacional,1,0,0,0,0,1,0.0,0.0,0.0,1,1,1
Cacimbinhas,"Confeccao de pecas de vestuario, exceto roupas intimas e as confeccionadas sob medida",2,0,0,0,0,2,0.0,0.0,0.0,2,2,2
Cacimbinhas,Confeccao de roupas intimas,1,0,0,0,0,1,0.0,0.0,0.0,1,1,1
Cacimbinhas,Construcao de edificios,2,0,0,0,0,2,0.0,0.0,0.0,2,2,2
Cacimbinhas,"Fabricacao de artigos de serralheria, exceto esquadrias",3,0,0,0,0,3,0.0,0.0,0.0,3,3,3
Cacimbinhas,Fabricacao de bijuterias e artefatos semelhantes,1,0,0,0,0,1,0.0,0.0,0.0,1,1,1
Cacimbinhas,"Fabricacao de farinha de milho e derivados, exceto oleos de milho",1,0,0,0,0,1,0.0,0.0,0.0,1,1,1
Cacimbinhas,Fabricacao de laticinios,3,2,0,0,2,1,66.6667,0.0,66.6667,1,3,1
Cacimbinhas,Fabricacao de massas alimenticias,2,0,0,0,0,2,0.0,0.0,0.0,2,2,2
Cacimbinhas,Fabricacao de moveis com predominancia de madeira,1,0,0,0,0,1,0.0,0.0,0.0,1,1,1
Cacimbinhas,Fabricacao de produtos de padaria e confeitaria com predominancia de producao propria,1,0,0,0,0,1,0.0,0.0,0.0,1,1,1
Cacimbinhas,Fabricacao de produtos de panificacao industrial,3,0,0,0,0,3,0.0,0.0,0.0,3,3,3
Cacimbinhas,"Fabricacao de produtos de pastas celulosicas, papel, cartolina, papel cartao e papelao ondulado nao especificados anteriormente",1,0,0,0,0,1,0.0,0.0,0.0,1,1,1
Cacimbinhas,Fornecimento de alimentos preparados preponderantemente para empresas,1,0,0,0,0,1,0.0,0.0,0.0,1,1,1
Cacimbinhas,"Instalacao e manutencao de sistemas centrais de ar condicionado, de ventilacao e refrigeracao",1,0,0,0,0,1,0.0,0.0,0.0,1,1,1
Cacimbinhas,Instalacao e manutencao eletrica,2,0,0,0,0,2,0.0,0.0,0.0,2,2,2
Cacimbinhas,Manutencao e reparacao de motocicletas e motonetas,1,0,0,0,0,1,0.0,0.0,0.0,1,1,1
Cacimbinhas,Obras de alvenaria,2,0,0,0,0,2,0.0,0.0,0.0,2,2,2
Cacimbinhas,Outras obras de acabamento da construcao,1,0,0,0,0,1,0.0,0.0,0.0,1,1,1
Cacimbinhas,Perfuracao e construcao de pocos de agua,1,0,0,0,0,1,0.0,0.0,0.0,1,1,1
Cacimbinhas,Servicos de borracharia para veiculos automotores,1,0,0,0,0,1,0.0,0.0,0.0,1,1,1
Cacimbinhas,Servicos de comunicacao multimidia - scm,2,0,0,0,0,2,0.0,0.0,0.0,2,2,2
Cacimbinhas,Servicos de engenharia,3,0,0,0,0,3,0.0,0.0,0.0,3,3,3
Cacimbinhas,Servicos de manutencao e reparacao mecanica de veiculos automotores,1,0,0,0,0,1,0.0,0.0,0.0,1,1,1
Cacimbinhas,Transmissao de energia eletrica,1,0,0,0,0,1,0.0,0.0,0.0,1,1,1
Cajueiro,Atividades do correio nacional,1,0,0,0,0,1,0.0,0.0,0.0,1,1,1
Cajueiro,"Captacao, tratamento e distribuicao de agua",1,0,0,0,0,1,0.0,0.0,0.0,1,1,1
Cajueiro,"Confeccao de pecas de vestuario, exceto roupas intimas e as confeccionadas sob medida",1,0,0,0,0,1,0.0,0.0,0.0,1,1,1
Cajueiro,"Confeccao, sob medida, de pecas do vestuario, exceto roupas intimas",1,0,0,0,0,1,0.0,0.0,0.0,1,1,1
Cajueiro,Construcao de edificios,1,0,0,0,0,1,0.0,0.0,0.0,1,1,1
Cajueiro,"Extracao de areia, cascalho ou pedregulho e beneficiamento associado",1,0,0,0,0,1,0.0,0.0,0.0,1,1,1
Cajueiro,Fabricacao de acucar em bruto,2,0,0,0,0,2,0.0,0.0,0.0,2,2,2
Cajueiro,Fabricacao de aguardente de cana de acucar,1,0,0,0,0,1,0.0,0.0,0.0,1,1,1
Cajueiro,Fabricacao de alimentos e pratos prontos,1,0,1,0,1,0,0.0,100.0,100.0,1,0,0
Cajueiro,Fabricacao de artefatos de tanoaria e de embalagens de madeira,1,0,0,0,0,1,0.0,0.0,0.0,1,1,1
Cajueiro,"Fabricacao de artefatos diversos de madeira, exceto moveis",1,0,0,0,0,1,0.0,0.0,0.0,1,1,1
Cajueiro,"Fabricacao de artigos de serralheria, exceto esquadrias",2,0,0,0,0,2,0.0,0.0,0.0,2,2,2
Cajueiro,Fabricacao de bijuterias e artefatos semelhantes,1,0,0,0,0,1,0.0,0.0,0.0,1,1,1
Cajueiro,Fabricacao de conservas de frutas,1,0,0,0,0,1,0.0,0.0,0.0,1,1,1
Cajueiro,Fabricacao de esquadrias de metal,1,0,0,0,0,1,0.0,0.0,0.0,1,1,1
Cajueiro,Fabricacao de gelo comum,2,0,0,0,0,2,0.0,0.0,0.0,2,2,2
Cajueiro,Fabricacao de laticinios,1,1,0,0,1,0,100.0,0.0,100.0,0,1,0
Cajueiro,"Fabricacao de letras, letreiros e placas de qualquer material, exceto luminosos",1,0,0,0,0,1,0.0,0.0,0.0,1,1,1
Cajueiro,"Fabricacao de maquinas para a industria metalurgica, pecas e acessorios, exceto maquinas ferramenta",1,0,0,0,0,1,0.0,0.0,0.0,1,1,1
Cajueiro,Fabricacao de massas alimenticias,3,0,0,0,0,3,0.0,0.0,0.0,3,3,3
Cajueiro,Fabricacao de moveis com predominancia de madeira,1,0,0,0,0,1,0.0,0.0,0.0,1,1,1
Cajueiro,Fabricacao de outros produtos texteis nao especificados anteriormente,1,0,0,0,0,1,0.0,0.0,0.0,1,1,1
Cajueiro,Fabricacao de produtos ceramicos nao refratarios nao especificados anteriormente,1,0,0,0,0,1,0.0,0.0,0.0,1,1,1
Cajueiro,Fabricacao de produtos de carne,1,0,0,0,0,1,0.0,0.0,0.0,1,1,1
Cajueiro,Fabricacao de produtos de padaria e confeitaria com predominancia de producao propria,10,0,0,0,0,10,0.0,0.0,0.0,10,10,10
Cajueiro,Fabricacao de produtos de panificacao industrial,3,0,0,0,0,3,0.0,0.0,0.0,3,3,3
Cajueiro,Fabricacao de produtos diversos nao especificados anteriormente,3,0,0,0,0,3,0.0,0.0,0.0,3,3,3
Cajueiro,Fabricacao de produtos do arroz,1,0,0,0,0,1,0.0,0.0,0.0,1,1,1
Cajueiro,"Fabricacao de sucos de frutas, hortalicas e legumes, exceto concentrados",1,0,0,0,0,1,0.0,0.0,0.0,1,1,1
Cajueiro,Fornecimento de alimentos preparados preponderantemente para empresas,1,0,0,0,0,1,0.0,0.0,0.0,1,1,1
Cajueiro,Impressao de material para outros usos,1,0,0,0,0,1,0.0,0.0,0.0,1,1,1
Cajueiro,Incorporacao de empreendimentos imobiliarios,1,0,0,0,0,1,0.0,0.0,0.0,1,1,1
Cajueiro,Instalacao de maquinas e equipamentos industriais,1,0,0,0,0,1,0.0,0.0,0.0,1,1,1
Cajueiro,"Instalacao e manutencao de sistemas centrais de ar condicionado, de ventilacao e refrigeracao",3,0,0,0,0,3,0.0,0.0,0.0,3,3,3
Cajueiro,Instalacao e manutencao eletrica,2,0,0,0,0,2,0.0,0.0,0.0,2,2,2
Cajueiro,Manutencao e reparacao de maquinas e aparelhos de refrigeracao e ventilacao para uso industrial e comercial,1,0,0,0,0,1,0.0,0.0,0.0,1,1,1
Cajueiro,Manutencao e reparacao de motocicletas e motonetas,5,0,0,0,0,5,0.0,0.0,0.0,5,5,5
Cajueiro,Montagem de estruturas metalicas,1,0,0,0,0,1,0.0,0.0,0.0,1,1,1
Cajueiro,Obras de alvenaria,11,0,0,0,0,11,0.0,0.0,0.0,11,11,11
Cajueiro,Obras de terraplenagem,1,0,0,0,0,1,0.0,0.0,0.0,1,1,1
Cajueiro,Outras atividades de telecomunicacoes nao especificadas anteriormente,1,0,0,0,0,1,0.0,0.0,0.0,1,1,1
Cajueiro,Outras obras de engenharia civil nao especificadas anteriormente,1,0,0,0,0,1,0.0,0.0,0.0,1,1,1
Cajueiro,Provedores de acesso as redes de comunicacoes,2,0,0,0,0,2,0.0,0.0,0.0,2,2,2
Cajueiro,Servicos de borracharia para veiculos automotores,2,0,0,0,0,2,0.0,0.0,0.0,2,2,2
Cajueiro,Servicos de capotaria,1,0,0,0,0,1,0.0,0.0,0.0,1,1,1
Cajueiro,Servicos de confeccao de armacoes metalicas para a construcao,1,0,0,0,0,1,0.0,0.0,0.0,1,1,1
Cajueiro,Servicos de engenharia,3,0,0,0,0,3,0.0,0.0,0.0,3,3,3
Cajueiro,Servicos de lanternagem ou funilaria e pintura de veiculos automotores,1,0,0,0,0,1,0.0,0.0,0.0,1,1,1
Cajueiro,Servicos de manutencao e reparacao mecanica de veiculos automotores,2,0,0,0,0,2,0.0,0.0,0.0,2,2,2
Cajueiro,Servicos de montagem de moveis de qualquer material,1,0,0,0,0,1,0.0,0.0,0.0,1,1,1
Cajueiro,Servicos de pintura de edificios em geral,2,0,0,0,0,2,0.0,0.0,0.0,2,2,2
Cajueiro,Servicos de pre impressao,1,0,0,0,0,1,0.0,0.0,0.0,1,1,1
Cajueiro,"Servicos de usinagem, tornearia e solda",1,0,0,0,0,1,0.0,0.0,0.0,1,1,1
Cajueiro,Transmissao de energia eletrica,1,0,0,0,0,1,0.0,0.0,0.0,1,1,1
Campestre,Atividades do correio nacional,1,0,0,0,0,1,0.0,0.0,0.0,1,1,1
Campestre,Coleta de residuos nao perigosos,1,0,0,0,0,1,0.0,0.0,0.0,1,1,1
Campestre,"Confeccao, sob medida, de pecas do vestuario, exceto roupas intimas",1,0,0,0,0,1,0.0,0.0,0.0,1,1,1
Campestre,Construcao de edificios,1,0,0,0,0,1,0.0,0.0,0.0,1,1,1
Campestre,Distribuicao de energia eletrica,1,0,0,0,0,1,0.0,0.0,0.0,1,1,1
Campestre,"Extracao de areia, cascalho ou pedregulho e beneficiamento associado",1,0,0,0,0,1,0.0,0.0,0.0,1,1,1
Campestre,"Fabricacao de artigos de serralheria, exceto esquadrias",2,0,0,0,0,2,0.0,0.0,0.0,2,2,2
Campestre,Fabricacao de produtos de padaria e confeitaria com predominancia de producao propria,1,0,0,0,0,1,0.0,0.0,0.0,1,1,1
Campestre,Fabricacao de produtos de panificacao industrial,2,0,0,0,0,2,0.0,0.0,0.0,2,2,2
Campestre,"Fabricacao de produtos de pastas celulosicas, papel, cartolina, papel cartao e papelao ondulado nao especificados anteriormente",1,0,0,0,0,1,0.0,0.0,0.0,1,1,1
Campestre,"Instalacao de portas, janelas, tetos, divisorias e armarios embutidos de qualquer material",1,0,0,0,0,1,0.0,0.0,0.0,1,1,1
Campestre,"Instalacao e manutencao de sistemas centrais de ar condicionado, de ventilacao e refrigeracao",1,0,0,0,0,1,0.0,0.0,0.0,1,1,1
Campestre,Instalacao e manutencao eletrica,3,0,0,0,0,3,0.0,0.0,0.0,3,3,3
Campestre,Obras de alvenaria,6,0,0,0,0,6,0.0,0.0,0.0,6,6,6
Campestre,"Obras de urbanizacao - ruas, pracas e calcadas",1,0,0,0,0,1,0.0,0.0,0.0,1,1,1
Campestre,Servicos de comunicacao multimidia - scm,2,0,0,0,0,2,0.0,0.0,0.0,2,2,2
Campestre,Servicos de engenharia,1,0,0,0,0,1,0.0,0.0,0.0,1,1,1
Campestre,Servicos de lanternagem ou funilaria e pintura de veiculos automotores,1,0,0,0,0,1,0.0,0.0,0.0,1,1,1
Campestre,Servicos de manutencao e reparacao mecanica de veiculos automotores,2,0,0,0,0,2,0.0,0.0,0.0,2,2,2
Campestre,"Servicos de usinagem, tornearia e solda",2,0,0,0,0,2,0.0,0.0,0.0,2,2,2
Campo Alegre,Administracao de obras,1,0,0,0,0,1,0.0,0.0,0.0,1,1,1
Campo Alegre,"Aparelhamento de placas e execucao de trabalhos em marmore, granito, ardosia e outras pedras",1,0,0,0,0,1,0.0,0.0,0.0,1,1,1
Campo Alegre,Aplicacao de revestimentos e de resinas em interiores e exteriores,1,0,0,0,0,1,0.0,0.0,0.0,1,1,1
Campo Alegre,Atividades do correio nacional,2,0,0,0,0,2,0.0,0.0,0.0,2,2,2
Campo Alegre,"Captacao, tratamento e distribuicao de agua",1,0,0,0,0,1,0.0,0.0,0.0,1,1,1
Campo Alegre,"Confeccao de pecas de vestuario, exceto roupas intimas e as confeccionadas sob medida",6,0,0,0,0,6,0.0,0.0,0.0,6,6,6
Campo Alegre,"Confeccao, sob medida, de pecas do vestuario, exceto roupas intimas",10,0,0,0,0,10,0.0,0.0,0.0,10,10,10
Campo Alegre,Construcao de edificios,11,0,0,0,0,11,0.0,0.0,0.0,11,11,11
Campo Alegre,Desenvolvimento e licenciamento de programas de computador nao customizaveis,1,0,0,0,0,1,0.0,0.0,0.0,1,1,1
Campo Alegre,Distribuicao de energia eletrica,1,0,0,0,0,1,0.0,0.0,0.0,1,1,1
Campo Alegre,"Estamparia e texturizacao em fios, tecidos, artefatos texteis e pecas do vestuario",1,0,0,0,0,1,0.0,0.0,0.0,1,1,1
Campo Alegre,Fabricacao de acucar em bruto,3,1,0,0,1,2,33.3333,0.0,33.3333,2,3,2
Campo Alegre,Fabricacao de aguardente de cana de acucar,2,0,0,0,0,2,0.0,0.0,0.0,2,2,2
Campo Alegre,Fabricacao de alimentos e pratos prontos,1,0,0,0,0,1,0.0,0.0,0.0,1,1,1
Campo Alegre,Fabricacao de artefatos de cimento para uso na construcao,3,0,1,0,1,2,0.0,33.3333,33.3333,3,2,2
Campo Alegre,Fabricacao de artefatos de couro nao especificados anteriormente,1,0,0,0,0,1,0.0,0.0,0.0,1,1,1
Campo Alegre,"Fabricacao de artefatos diversos de madeira, exceto moveis",2,0,0,0,0,2,0.0,0.0,0.0,2,2,2
Campo Alegre,"Fabricacao de artigos de serralheria, exceto esquadrias",8,0,0,0,0,8,0.0,0.0,0.0,8,8,8
Campo Alegre,Fabricacao de biscoitos e bolachas,1,0,0,0,0,1,0.0,0.0,0.0,1,1,1
Campo Alegre,Fabricacao de embalagens de papel,1,0,0,0,0,1,0.0,0.0,0.0,1,1,1
Campo Alegre,Fabricacao de gelo comum,2,0,0,0,0,2,0.0,0.0,0.0,2,2,2
Campo Alegre,"Fabricacao de maquinas e equipamentos para as industrias de alimentos, bebidas e fumo, pecas e acessorios",1,0,0,0,0,1,0.0,0.0,0.0,1,1,1
Campo Alegre,Fabricacao de massas alimenticias,1,0,0,0,0,1,0.0,0.0,0.0,1,1,1
Campo Alegre,Fabricacao de moveis com predominancia de madeira,7,0,0,0,0,7,0.0,0.0,0.0,7,7,7
Campo Alegre,Fabricacao de outros artigos de carpintaria para construcao,3,0,0,0,0,3,0.0,0.0,0.0,3,3,3
Campo Alegre,Fabricacao de outros produtos alimenticios nao especificados anteriormente,1,0,0,0,0,1,0.0,0.0,0.0,1,1,1
Campo Alegre,Fabricacao de produtos de carne,1,0,0,0,0,1,0.0,0.0,0.0,1,1,1
Campo Alegre,Fabricacao de produtos de padaria e confeitaria com predominancia de producao propria,11,0,0,0,0,11,0.0,0.0,0.0,11,11,11
Campo Alegre,Fabricacao de produtos de panificacao industrial,9,0,0,0,0,9,0.0,0.0,0.0,9,9,9
Campo Alegre,"Fabricacao de produtos de pastas celulosicas, papel, cartolina, papel cartao e papelao ondulado nao especificados anteriormente",1,0,0,0,0,1,0.0,0.0,0.0,1,1,1
Campo Alegre,Fabricacao de produtos diversos nao especificados anteriormente,4,0,0,0,0,4,0.0,0.0,0.0,4,4,4
Campo Alegre,Fabricacao de sorvetes e outros gelados comestiveis,1,0,0,0,0,1,0.0,0.0,0.0,1,1,1
Campo Alegre,"Fabricacao de sucos concentrados de frutas, hortalicas e legumes",1,0,0,0,0,1,0.0,0.0,0.0,1,1,1
Campo Alegre,"Fabricacao de sucos de frutas, hortalicas e legumes, exceto concentrados",1,0,0,0,0,1,0.0,0.0,0.0,1,1,1
Campo Alegre,Faccao de roupas profissionais,1,0,0,0,0,1,0.0,0.0,0.0,1,1,1
Campo Alegre,Fornecimento de alimentos preparados preponderantemente para empresas,3,0,0,0,0,3,0.0,0.0,0.0,3,3,3
Campo Alegre,Impressao de material para uso publicitario,2,0,0,0,0,2,0.0,0.0,0.0,2,2,2
Campo Alegre,Incorporacao de empreendimentos imobiliarios,3,0,0,0,0,3,0.0,0.0,0.0,3,3,3
Campo Alegre,"Instalacao de portas, janelas, tetos, divisorias e armarios embutidos de qualquer material",3,0,0,0,0,3,0.0,0.0,0.0,3,3,3
Campo Alegre,"Instalacao e manutencao de sistemas centrais de ar condicionado, de ventilacao e refrigeracao",1,0,0,0,0,1,0.0,0.0,0.0,1,1,1
Campo Alegre,Instalacao e manutencao eletrica,11,0,0,0,0,11,0.0,0.0,0.0,11,11,11
Campo Alegre,Manutencao e reparacao de maquinas e equipamentos para agricultura e pecuaria,1,0,0,0,0,1,0.0,0.0,0.0,1,1,1
Campo Alegre,"Manutencao e reparacao de maquinas e equipamentos para as industrias de alimentos, bebidas e fumo",1,0,0,0,0,1,0.0,0.0,0.0,1,1,1
Campo Alegre,Manutencao e reparacao de motocicletas e motonetas,6,0,0,0,0,6,0.0,0.0,0.0,6,6,6
Campo Alegre,"Manutencao e reparacao de tanques, reservatorios metalicos e caldeiras, exceto para veiculos",2,0,0,0,0,2,0.0,0.0,0.0,2,2,2
Campo Alegre,Manutencao e reparacao de tratores agricolas,1,0,0,0,0,1,0.0,0.0,0.0,1,1,1
Campo Alegre,Obras de alvenaria,87,0,0,0,0,87,0.0,0.0,0.0,87,87,87
Campo Alegre,Outras atividades de telecomunicacoes nao especificadas anteriormente,1,0,0,0,0,1,0.0,0.0,0.0,1,1,1
Campo Alegre,Outras obras de acabamento da construcao,1,0,0,0,0,1,0.0,0.0,0.0,1,1,1
Campo Alegre,"Outros servicos de acabamento em fios, tecidos, artefatos texteis e pecas do vestuario",2,0,0,0,0,2,0.0,0.0,0.0,2,2,2
Campo Alegre,Provedores de acesso as redes de comunicacoes,4,0,0,0,0,4,0.0,0.0,0.0,4,4,4
Campo Alegre,"Recuperacao de materiais metalicos, exceto aluminio",1,0,0,0,0,1,0.0,0.0,0.0,1,1,1
Campo Alegre,Serrarias com desdobramento de madeira em bruto,1,0,0,0,0,1,0.0,0.0,0.0,1,1,1
Campo Alegre,Servicos de borracharia para veiculos automotores,5,0,0,0,0,5,0.0,0.0,0.0,5,5,5
Campo Alegre,Servicos de capotaria,2,0,0,0,0,2,0.0,0.0,0.0,2,2,2
Campo Alegre,Servicos de comunicacao multimidia - scm,2,1,0,0,1,1,50.0,0.0,50.0,1,2,1
Campo Alegre,Servicos de confeccao de armacoes metalicas para a construcao,1,0,0,0,0,1,0.0,0.0,0.0,1,1,1
Campo Alegre,Servicos de engenharia,1,0,0,0,0,1,0.0,0.0,0.0,1,1,1
Campo Alegre,"Servicos de instalacao, manutencao e reparacao de acessorios para veiculos automotores",3,0,0,0,0,3,0.0,0.0,0.0,3,3,3
Campo Alegre,Servicos de lanternagem ou funilaria e pintura de veiculos automotores,3,0,0,0,0,3,0.0,0.0,0.0,3,3,3
Campo Alegre,Servicos de manutencao e reparacao eletrica de veiculos automotores,2,0,0,0,0,2,0.0,0.0,0.0,2,2,2
Campo Alegre,Servicos de manutencao e reparacao mecanica de veiculos automotores,11,0,0,0,0,11,0.0,0.0,0.0,11,11,11
Campo Alegre,Servicos de montagem de moveis de qualquer material,1,0,0,0,0,1,0.0,0.0,0.0,1,1,1
Campo Alegre,Servicos de pintura de edificios em geral,15,0,0,0,0,15,0.0,0.0,0.0,15,15,15
Campo Alegre,"Servicos de usinagem, tornearia e solda",7,0,0,0,0,7,0.0,0.0,0.0,7,7,7
Campo Grande,Atividades do correio nacional,1,0,0,0,0,1,0.0,0.0,0.0,1,1,1
Campo Grande,Construcao de edificios,9,0,0,0,0,9,0.0,0.0,0.0,9,9,9
Campo Grande,Fabricacao de gelo comum,1,0,0,0,0,1,0.0,0.0,0.0,1,1,1
Campo Grande,Fabricacao de massas alimenticias,1,0,0,0,0,1,0.0,0.0,0.0,1,1,1
Campo Grande,Fabricacao de moveis com predominancia de madeira,1,0,0,0,0,1,0.0,0.0,0.0,1,1,1
Campo Grande,"Fabricacao de outros produtos do fumo, exceto cigarros, cigarrilhas e charutos",2,0,0,0,0,2,0.0,0.0,0.0,2,2,2
Campo Grande,Fabricacao de produtos de panificacao industrial,1,0,0,0,0,1,0.0,0.0,0.0,1,1,1
Campo Grande,Instalacao e manutencao eletrica,1,0,0,0,0,1,0.0,0.0,0.0,1,1,1
Campo Grande,Manutencao e reparacao de maquinas e aparelhos de refrigeracao e ventilacao para uso industrial e comercial,2,0,0,0,0,2,0.0,0.0,0.0,2,2,2
Campo Grande,Provedores de acesso as redes de comunicacoes,1,0,0,0,0,1,0.0,0.0,0.0,1,1,1
Campo Grande,Recuperacao de sucatas de aluminio,1,0,0,0,0,1,0.0,0.0,0.0,1,1,1
Campo Grande,Servicos de comunicacao multimidia - scm,2,0,0,0,0,2,0.0,0.0,0.0,2,2,2
Campo Grande,Servicos de confeccao de armacoes metalicas para a construcao,1,0,0,0,0,1,0.0,0.0,0.0,1,1,1
Campo Grande,Servicos de engenharia,4,0,0,0,0,4,0.0,0.0,0.0,4,4,4
Campo Grande,Servicos de manutencao e reparacao mecanica de veiculos automotores,2,0,0,0,0,2,0.0,0.0,0.0,2,2,2
Campo Grande,Servicos de montagem de moveis de qualquer material,1,0,0,0,0,1,0.0,0.0,0.0,1,1,1
Canapi,Atividades do correio nacional,1,0,0,0,0,1,0.0,0.0,0.0,1,1,1
Canapi,"Confeccao de pecas de vestuario, exceto roupas intimas e as confeccionadas sob medida",2,0,0,0,0,2,0.0,0.0,0.0,2,2,2
Canapi,Construcao de edificios,1,0,0,0,0,1,0.0,0.0,0.0,1,1,1
Canapi,Distribuicao de energia eletrica,1,0,0,0,0,1,0.0,0.0,0.0,1,1,1
Canapi,"Fabricacao de artefatos diversos de madeira, exceto moveis",1,0,0,0,0,1,0.0,0.0,0.0,1,1,1
Canapi,Fabricacao de biscoitos e bolachas,1,0,0,0,0,1,0.0,0.0,0.0,1,1,1
Canapi,Fabricacao de gelo comum,1,0,0,0,0,1,0.0,0.0,0.0,1,1,1
Canapi,"Fabricacao de letras, letreiros e placas de qualquer material, exceto luminosos",1,0,0,0,0,1,0.0,0.0,0.0,1,1,1
Canapi,Fabricacao de massas alimenticias,1,0,0,0,0,1,0.0,0.0,0.0,1,1,1
Canapi,Fabricacao de moveis com predominancia de madeira,2,0,0,0,0,2,0.0,0.0,0.0,2,2,2
Canapi,Fabricacao de produtos de panificacao industrial,1,0,0,0,0,1,0.0,0.0,0.0,1,1,1
Canapi,Fornecimento de alimentos preparados preponderantemente para empresas,1,0,0,0,0,1,0.0,0.0,0.0,1,1,1
Canapi,Manutencao e reparacao de motocicletas e motonetas,1,0,0,0,0,1,0.0,0.0,0.0,1,1,1
Canapi,Manutencao e reparacao de tratores agricolas,1,0,0,0,0,1,0.0,0.0,0.0,1,1,1
Canapi,Servicos de comunicacao multimidia - scm,1,0,0,0,0,1,0.0,0.0,0.0,1,1,1
Canapi,Servicos de manutencao e reparacao mecanica de veiculos automotores,1,0,0,0,0,1,0.0,0.0,0.0,1,1,1
Canapi,Transmissao de energia eletrica,1,0,0,0,0,1,0.0,0.0,0.0,1,1,1
Capela,Atividades do correio nacional,1,0,0,0,0,1,0.0,0.0,0.0,1,1,1
Capela,"Confeccao, sob medida, de pecas do vestuario, exceto roupas intimas",5,0,0,0,0,5,0.0,0.0,0.0,5,5,5
Capela,Construcao de edificios,4,0,0,0,0,4,0.0,0.0,0.0,4,4,4
Capela,"Extracao de areia, cascalho ou pedregulho e beneficiamento associado",1,0,0,0,0,1,0.0,0.0,0.0,1,1,1
Capela,Fabricacao de acucar em bruto,1,0,0,0,0,1,0.0,0.0,0.0,1,1,1
Capela,"Fabricacao de artefatos de ceramica e barro cozido para uso na construcao, exceto azulejos e pisos",5,0,1,0,1,4,0.0,20.0,20.0,5,4,4
Capela,"Fabricacao de artigos de serralheria, exceto esquadrias",3,0,0,0,0,3,0.0,0.0,0.0,3,3,3
Capela,Fabricacao de bijuterias e artefatos semelhantes,1,0,0,0,0,1,0.0,0.0,0.0,1,1,1
Capela,Fabricacao de biscoitos e bolachas,1,0,0,0,0,1,0.0,0.0,0.0,1,1,1
Capela,Fabricacao de conservas de frutas,1,0,0,0,0,1,0.0,0.0,0.0,1,1,1
Capela,Fabricacao de esquadrias de metal,1,0,0,0,0,1,0.0,0.0,0.0,1,1,1
Capela,Fabricacao de estruturas metalicas,1,0,0,0,0,1,0.0,0.0,0.0,1,1,1
Capela,"Fabricacao de estruturas pre moldadas de concreto armado, em serie e sob encomenda",1,0,0,0,0,1,0.0,0.0,0.0,1,1,1
Capela,Fabricacao de farinha de mandioca e derivados,1,0,0,0,0,1,0.0,0.0,0.0,1,1,1
Capela,Fabricacao de ferramentas,1,0,0,0,0,1,0.0,0.0,0.0,1,1,1
Capela,Fabricacao de laticinios,1,1,0,0,1,0,100.0,0.0,100.0,0,1,0
Capela,Fabricacao de outros produtos texteis nao especificados anteriormente,1,0,0,0,0,1,0.0,0.0,0.0,1,1,1
Capela,Fabricacao de produtos ceramicos nao refratarios nao especificados anteriormente,15,0,0,0,0,15,0.0,0.0,0.0,15,15,15
Capela,Fabricacao de produtos de padaria e confeitaria com predominancia de producao propria,7,0,0,0,0,7,0.0,0.0,0.0,7,7,7
Capela,Fabricacao de produtos de panificacao industrial,1,0,0,0,0,1,0.0,0.0,0.0,1,1,1
Capela,Fabricacao de produtos diversos nao especificados anteriormente,4,0,0,0,0,4,0.0,0.0,0.0,4,4,4
Capela,Fornecimento de alimentos preparados preponderantemente para empresas,1,0,0,0,0,1,0.0,0.0,0.0,1,1,1
Capela,"Instalacao e manutencao de sistemas centrais de ar condicionado, de ventilacao e refrigeracao",2,0,0,0,0,2,0.0,0.0,0.0,2,2,2
Capela,Instalacao e manutencao eletrica,4,0,0,0,0,4,0.0,0.0,0.0,4,4,4
Capela,"Manutencao e reparacao de geradores, transformadores e motores eletricos",1,0,0,0,0,1,0.0,0.0,0.0,1,1,1
Capela,Manutencao e reparacao de maquinas e aparelhos de refrigeracao e ventilacao para uso industrial e comercial,2,0,0,0,0,2,0.0,0.0,0.0,2,2,2
Capela,Manutencao e reparacao de motocicletas e motonetas,2,0,0,0,0,2,0.0,0.0,0.0,2,2,2
Capela,Obras de acabamento em gesso e estuque,1,0,0,0,0,1,0.0,0.0,0.0,1,1,1
Capela,Obras de alvenaria,6,0,0,0,0,6,0.0,0.0,0.0,6,6,6
Capela,Obras de irrigacao,1,0,0,0,0,1,0.0,0.0,0.0,1,1,1
Capela,Obras de montagem industrial,1,0,0,0,0,1,0.0,0.0,0.0,1,1,1
Capela,"Obras de urbanizacao - ruas, pracas e calcadas",1,0,0,0,0,1,0.0,0.0,0.0,1,1,1
Capela,Servicos de comunicacao multimidia - scm,1,0,0,0,0,1,0.0,0.0,0.0,1,1,1
Capela,Servicos de engenharia,1,0,0,0,0,1,0.0,0.0,0.0,1,1,1
Capela,"Servicos de instalacao, manutencao e reparacao de acessorios para veiculos automotores",1,0,0,0,0,1,0.0,0.0,0.0,1,1,1
Capela,Servicos de lanternagem ou funilaria e pintura de veiculos automotores,2,0,0,0,0,2,0.0,0.0,0.0,2,2,2
Capela,Servicos de manutencao e reparacao eletrica de veiculos automotores,1,0,0,0,0,1,0.0,0.0,0.0,1,1,1
Capela,Servicos de manutencao e reparacao mecanica de veiculos automotores,2,0,0,0,0,2,0.0,0.0,0.0,2,2,2
Capela,Servicos de pintura de edificios em geral,1,0,0,0,0,1,0.0,0.0,0.0,1,1,1
Capela,"Servicos de usinagem, tornearia e solda",3,0,0,0,0,3,0.0,0.0,0.0,3,3,3
Capela,Servicos especializados para construcao nao especificados anteriormente,1,0,0,0,0,1,0.0,0.0,0.0,1,1,1
Capela,Transmissao de energia eletrica,1,0,0,0,0,1,0.0,0.0,0.0,1,1,1
Carneiros,Atividades do correio nacional,1,0,0,0,0,1,0.0,0.0,0.0,1,1,1
Carneiros,Construcao de edificios,5,0,0,0,0,5,0.0,0.0,0.0,5,5,5
Carneiros,Fabricacao de produtos de padaria e confeitaria com predominancia de producao propria,2,0,0,0,0,2,0.0,0.0,0.0,2,2,2
Carneiros,Fabricacao de produtos de panificacao industrial,1,0,0,0,0,1,0.0,0.0,0.0,1,1,1
Carneiros,"Instalacao e manutencao de sistemas centrais de ar condicionado, de ventilacao e refrigeracao",1,0,0,0,0,1,0.0,0.0,0.0,1,1,1
Carneiros,Instalacao e manutencao eletrica,2,0,0,0,0,2,0.0,0.0,0.0,2,2,2
Carneiros,Manutencao e reparacao de motocicletas e motonetas,1,0,0,0,0,1,0.0,0.0,0.0,1,1,1
Carneiros,Obras de alvenaria,2,0,0,0,0,2,0.0,0.0,0.0,2,2,2
Carneiros,Outras atividades de telecomunicacoes nao especificadas anteriormente,1,0,0,0,0,1,0.0,0.0,0.0,1,1,1
Carneiros,Outras obras de acabamento da construcao,1,0,0,0,0,1,0.0,0.0,0.0,1,1,1
Carneiros,Servicos de montagem de moveis de qualquer material,1,0,0,0,0,1,0.0,0.0,0.0,1,1,1
Carneiros,Servicos de pintura de edificios em geral,2,0,0,0,0,2,0.0,0.0,0.0,2,2,2
Carneiros,Servicos especializados para construcao nao especificados anteriormente,2,0,0,0,0,2,0.0,0.0,0.0,2,2,2
Carneiros,Transmissao de energia eletrica,1,0,0,0,0,1,0.0,0.0,0.0,1,1,1
Chã Preta,Abate de aves,1,0,0,0,0,1,0.0,0.0,0.0,1,1,1
Chã Preta,Atividades do correio nacional,1,0,0,0,0,1,0.0,0.0,0.0,1,1,1
Chã Preta,Fabricacao de alimentos para animais,1,0,0,0,0,1,0.0,0.0,0.0,1,1,1
Chã Preta,Fabricacao de bijuterias e artefatos semelhantes,1,0,0,0,0,1,0.0,0.0,0.0,1,1,1
Chã Preta,Fabricacao de laticinios,3,0,1,0,1,2,0.0,33.3333,33.3333,3,2,2
Chã Preta,Fabricacao de moveis com predominancia de madeira,1,0,0,0,0,1,0.0,0.0,0.0,1,1,1
Chã Preta,Fabricacao de outros produtos texteis nao especificados anteriormente,1,0,0,0,0,1,0.0,0.0,0.0,1,1,1
Chã Preta,Fabricacao de produtos de padaria e confeitaria com predominancia de producao propria,3,0,0,0,0,3,0.0,0.0,0.0,3,3,3
Chã Preta,"Fabricacao de sucos de frutas, hortalicas e legumes, exceto concentrados",1,0,0,0,0,1,0.0,0.0,0.0,1,1,1
Chã Preta,Fornecimento de alimentos preparados preponderantemente para empresas,1,0,0,0,0,1,0.0,0.0,0.0,1,1,1
Chã Preta,Incorporacao de empreendimentos imobiliarios,1,0,0,0,0,1,0.0,0.0,0.0,1,1,1
Chã Preta,Instalacao de paineis publicitarios,1,0,0,0,0,1,0.0,0.0,0.0,1,1,1
Chã Preta,Instalacao e manutencao eletrica,1,0,0,0,0,1,0.0,0.0,0.0,1,1,1
Chã Preta,Manutencao e reparacao de motocicletas e motonetas,2,0,0,0,0,2,0.0,0.0,0.0,2,2,2
Chã Preta,Obras de alvenaria,3,0,0,0,0,3,0.0,0.0,0.0,3,3,3
Chã Preta,Servicos de borracharia para veiculos automotores,1,0,0,0,0,1,0.0,0.0,0.0,1,1,1
Chã Preta,Servicos de comunicacao multimidia - scm,1,0,0,0,0,1,0.0,0.0,0.0,1,1,1
Chã Preta,Servicos de confeccao de armacoes metalicas para a construcao,1,0,0,0,0,1,0.0,0.0,0.0,1,1,1
Chã Preta,Servicos de manutencao e reparacao mecanica de veiculos automotores,1,0,0,0,0,1,0.0,0.0,0.0,1,1,1
Chã Preta,Servicos de pintura de edificios em geral,1,0,0,0,0,1,0.0,0.0,0.0,1,1,1
Coité do Nóia,Atividades do correio nacional,1,0,0,0,0,1,0.0,0.0,0.0,1,1,1
Coité do Nóia,Coleta de residuos nao perigosos,1,0,0,0,0,1,0.0,0.0,0.0,1,1,1
Coité do Nóia,Construcao de edificios,10,0,0,0,0,10,0.0,0.0,0.0,10,10,10
Coité do Nóia,Construcao de instalacoes esportivas e recreativas,1,0,0,0,0,1,0.0,0.0,0.0,1,1,1
Coité do Nóia,"Estamparia e texturizacao em fios, tecidos, artefatos texteis e pecas do vestuario",1,0,0,0,0,1,0.0,0.0,0.0,1,1,1
Coité do Nóia,"Fabricacao de artefatos diversos de madeira, exceto moveis",1,0,0,0,0,1,0.0,0.0,0.0,1,1,1
Coité do Nóia,Fabricacao de farinha de mandioca e derivados,1,0,0,0,0,1,0.0,0.0,0.0,1,1,1
Coité do Nóia,Fabricacao de gelo comum,1,0,0,0,0,1,0.0,0.0,0.0,1,1,1
Coité do Nóia,Fabricacao de moveis com predominancia de madeira,3,0,0,0,0,3,0.0,0.0,0.0,3,3,3
Coité do Nóia,Fabricacao de produtos de padaria e confeitaria com predominancia de producao propria,2,0,0,0,0,2,0.0,0.0,0.0,2,2,2
Coité do Nóia,Fabricacao de produtos diversos nao especificados anteriormente,2,0,0,0,0,2,0.0,0.0,0.0,2,2,2
Coité do Nóia,Fabricacao de tubos e acessorios de material plastico para uso na construcao,2,0,0,0,0,2,0.0,0.0,0.0,2,2,2
Coité do Nóia,Instalacao e manutencao eletrica,6,0,0,0,0,6,0.0,0.0,0.0,6,6,6
Coité do Nóia,Manutencao e reparacao de motocicletas e motonetas,1,0,0,0,0,1,0.0,0.0,0.0,1,1,1
Coité do Nóia,Obras de alvenaria,2,0,0,0,0,2,0.0,0.0,0.0,2,2,2
Coité do Nóia,Obras de terraplenagem,1,0,0,0,0,1,0.0,0.0,0.0,1,1,1
Coité do Nóia,"Obras de urbanizacao - ruas, pracas e calcadas",1,0,0,0,0,1,0.0,0.0,0.0,1,1,1
Coité do Nóia,Preparacao do leite,1,0,0,0,0,1,0.0,0.0,0.0,1,1,1
Coité do Nóia,Servicos de comunicacao multimidia - scm,1,1,0,0,1,0,100.0,0.0,100.0,0,1,0
Coité do Nóia,Servicos de engenharia,1,0,0,0,0,1,0.0,0.0,0.0,1,1,1
Coité do Nóia,Servicos de manutencao e reparacao mecanica de veiculos automotores,3,0,0,0,0,3,0.0,0.0,0.0,3,3,3
Coité do Nóia,Servicos de pintura de edificios em geral,1,0,0,0,0,1,0.0,0.0,0.0,1,1,1
Coité do Nóia,Transmissao de energia eletrica,1,0,0,0,0,1,0.0,0.0,0.0,1,1,1
Colônia Leopoldina,Atividades do correio nacional,1,0,0,0,0,1,0.0,0.0,0.0,1,1,1
Colônia Leopoldina,"Confeccao de pecas de vestuario, exceto roupas intimas e as confeccionadas sob medida",2,0,0,0,0,2,0.0,0.0,0.0,2,2,2
Colônia Leopoldina,"Confeccao, sob medida, de pecas do vestuario, exceto roupas intimas",4,0,0,0,0,4,0.0,0.0,0.0,4,4,4
Colônia Leopoldina,Construcao de edificios,3,0,0,0,0,3,0.0,0.0,0.0,3,3,3
Colônia Leopoldina,Fabricacao de acucar em bruto,2,0,0,0,0,2,0.0,0.0,0.0,2,2,2
Colônia Leopoldina,Fabricacao de aguardente de cana de acucar,2,0,0,0,0,2,0.0,0.0,0.0,2,2,2
Colônia Leopoldina,Fabricacao de alcool,2,0,0,0,0,2,0.0,0.0,0.0,2,2,2
Colônia Leopoldina,Fabricacao de alimentos e pratos prontos,1,0,0,0,0,1,0.0,0.0,0.0,1,1,1
Colônia Leopoldina,"Fabricacao de artefatos diversos de cortica, bambu, palha, vime e outros materiais trancados, exceto moveis",1,0,0,0,0,1,0.0,0.0,0.0,1,1,1
Colônia Leopoldina,"Fabricacao de artigos de serralheria, exceto esquadrias",2,0,0,0,0,2,0.0,0.0,0.0,2,2,2
Colônia Leopoldina,Fabricacao de biscoitos e bolachas,1,0,0,0,0,1,0.0,0.0,0.0,1,1,1
Colônia Leopoldina,"Fabricacao de escovas, pinceis e vassouras",2,0,0,0,0,2,0.0,0.0,0.0,2,2,2
Colônia Leopoldina,Fabricacao de gelo comum,1,0,0,0,0,1,0.0,0.0,0.0,1,1,1
Colônia Leopoldina,Fabricacao de massas alimenticias,2,0,0,0,0,2,0.0,0.0,0.0,2,2,2
Colônia Leopoldina,Fabricacao de moveis com predominancia de madeira,1,0,0,0,0,1,0.0,0.0,0.0,1,1,1
Colônia Leopoldina,Fabricacao de outros produtos texteis nao especificados anteriormente,1,0,0,0,0,1,0.0,0.0,0.0,1,1,1
Colônia Leopoldina,Fabricacao de produtos de limpeza e polimento,1,0,0,0,0,1,0.0,0.0,0.0,1,1,1
Colônia Leopoldina,Fabricacao de produtos de padaria e confeitaria com predominancia de producao propria,3,0,0,0,0,3,0.0,0.0,0.0,3,3,3
Colônia Leopoldina,Fabricacao de produtos de panificacao industrial,2,0,0,0,0,2,0.0,0.0,0.0,2,2,2
Colônia Leopoldina,Fabricacao de produtos diversos nao especificados anteriormente,2,0,0,0,0,2,0.0,0.0,0.0,2,2,2
Colônia Leopoldina,Fornecimento de alimentos preparados preponderantemente para empresas,2,0,0,0,0,2,0.0,0.0,0.0,2,2,2
Colônia Leopoldina,Fundicao de ferro e aco,1,0,0,0,0,1,0.0,0.0,0.0,1,1,1
Colônia Leopoldina,Impressao de material para outros usos,3,0,0,0,0,3,0.0,0.0,0.0,3,3,3
Colônia Leopoldina,Impressao de material para uso publicitario,2,0,0,0,0,2,0.0,0.0,0.0,2,2,2
Colônia Leopoldina,"Instalacao e manutencao de sistemas centrais de ar condicionado, de ventilacao e refrigeracao",2,0,0,0,0,2,0.0,0.0,0.0,2,2,2
Colônia Leopoldina,Instalacao e manutencao eletrica,5,0,0,0,0,5,0.0,0.0,0.0,5,5,5
Colônia Leopoldina,"Instalacoes hidraulicas, sanitarias e de gas",1,0,0,0,0,1,0.0,0.0,0.0,1,1,1
Colônia Leopoldina,Manutencao e reparacao de equipamentos e produtos nao especificados anteriormente,3,0,0,0,0,3,0.0,0.0,0.0,3,3,3
Colônia Leopoldina,Manutencao e reparacao de motocicletas e motonetas,1,0,0,0,0,1,0.0,0.0,0.0,1,1,1
Colônia Leopoldina,Obras de acabamento em gesso e estuque,2,0,0,0,0,2,0.0,0.0,0.0,2,2,2
Colônia Leopoldina,Obras de alvenaria,7,0,0,0,0,7,0.0,0.0,0.0,7,7,7
Colônia Leopoldina,Obras de terraplenagem,1,0,0,0,0,1,0.0,0.0,0.0,1,1,1
Colônia Leopoldina,Provedores de acesso as redes de comunicacoes,3,0,0,0,0,3,0.0,0.0,0.0,3,3,3
Colônia Leopoldina,Recuperacao de materiais plasticos,1,0,0,0,0,1,0.0,0.0,0.0,1,1,1
Colônia Leopoldina,Servicos de borracharia para veiculos automotores,1,0,0,0,0,1,0.0,0.0,0.0,1,1,1
Colônia Leopoldina,Servicos de capotaria,1,0,0,0,0,1,0.0,0.0,0.0,1,1,1
Colônia Leopoldina,Servicos de comunicacao multimidia - scm,2,0,0,0,0,2,0.0,0.0,0.0,2,2,2
Colônia Leopoldina,Servicos de confeccao de armacoes metalicas para a construcao,1,0,0,0,0,1,0.0,0.0,0.0,1,1,1
Colônia Leopoldina,Servicos de engenharia,1,0,0,0,0,1,0.0,0.0,0.0,1,1,1
Colônia Leopoldina,Servicos de lanternagem ou funilaria e pintura de veiculos automotores,2,0,0,0,0,2,0.0,0.0,0.0,2,2,2
Colônia Leopoldina,Servicos de manutencao e reparacao eletrica de veiculos automotores,2,0,0,0,0,2,0.0,0.0,0.0,2,2,2
Colônia Leopoldina,Servicos de manutencao e reparacao mecanica de veiculos automotores,5,0,0,0,0,5,0.0,0.0,0.0,5,5,5
Colônia Leopoldina,Servicos de pintura de edificios em geral,3,0,0,0,0,3,0.0,0.0,0.0,3,3,3
Colônia Leopoldina,"Servicos de usinagem, tornearia e solda",2,0,0,0,0,2,0.0,0.0,0.0,2,2,2
Colônia Leopoldina,Transmissao de energia eletrica,1,0,0,0,0,1,0.0,0.0,0.0,1,1,1
Coqueiro Seco,Atividades do correio nacional,1,0,0,0,0,1,0.0,0.0,0.0,1,1,1
Coqueiro Seco,"Captacao, tratamento e distribuicao de agua",1,0,0,0,0,1,0.0,0.0,0.0,1,1,1
Coqueiro Seco,"Confeccao, sob medida, de pecas do vestuario, exceto roupas intimas",3,0,0,0,0,3,0.0,0.0,0.0,3,3,3
Coqueiro Seco,Construcao de edificios,2,0,0,0,0,2,0.0,0.0,0.0,2,2,2
Coqueiro Seco,Fabricacao de alimentos e pratos prontos,1,0,0,0,0,1,0.0,0.0,0.0,1,1,1
Coqueiro Seco,"Fabricacao de artefatos de material plastico para uso na construcao, exceto tubos e acessorios",1,0,0,0,0,1,0.0,0.0,0.0,1,1,1
Coqueiro Seco,"Fabricacao de artigos de serralheria, exceto esquadrias",1,0,0,0,0,1,0.0,0.0,0.0,1,1,1
Coqueiro Seco,Fabricacao de farinha de mandioca e derivados,1,0,0,0,0,1,0.0,0.0,0.0,1,1,1
Coqueiro Seco,"Fabricacao de letras, letreiros e placas de qualquer material, exceto luminosos",1,0,0,0,0,1,0.0,0.0,0.0,1,1,1
Coqueiro Seco,Fabricacao de massas alimenticias,1,0,0,0,0,1,0.0,0.0,0.0,1,1,1
Coqueiro Seco,Fabricacao de moveis com predominancia de madeira,2,0,0,0,0,2,0.0,0.0,0.0,2,2,2
Coqueiro Seco,Fabricacao de outros produtos texteis nao especificados anteriormente,1,0,0,0,0,1,0.0,0.0,0.0,1,1,1
Coqueiro Seco,Fabricacao de produtos de padaria e confeitaria com predominancia de producao propria,1,0,0,0,0,1,0.0,0.0,0.0,1,1,1
Coqueiro Seco,Fabricacao de produtos diversos nao especificados anteriormente,6,0,0,0,0,6,0.0,0.0,0.0,6,6,6
Coqueiro Seco,"Faccao de pecas do vestuario, exceto roupas intimas",1,0,0,0,0,1,0.0,0.0,0.0,1,1,1
Coqueiro Seco,Fornecimento de alimentos preparados preponderantemente para empresas,1,0,0,0,0,1,0.0,0.0,0.0,1,1,1
Coqueiro Seco,"Instalacao e manutencao de sistemas centrais de ar condicionado, de ventilacao e refrigeracao",1,0,0,0,0,1,0.0,0.0,0.0,1,1,1
Coqueiro Seco,Instalacao e manutencao eletrica,4,0,0,0,0,4,0.0,0.0,0.0,4,4,4
Coqueiro Seco,Manutencao e reparacao de motocicletas e motonetas,1,0,0,0,0,1,0.0,0.0,0.0,1,1,1
Coqueiro Seco,Obras de acabamento em gesso e estuque,1,0,0,0,0,1,0.0,0.0,0.0,1,1,1
Coqueiro Seco,Obras de alvenaria,7,0,0,0,0,7,0.0,0.0,0.0,7,7,7
Coqueiro Seco,Recuperacao de materiais nao especificados anteriormente,1,0,0,0,0,1,0.0,0.0,0.0,1,1,1
Coqueiro Seco,Servicos de borracharia para veiculos automotores,1,0,0,0,0,1,0.0,0.0,0.0,1,1,1
Coqueiro Seco,Servicos de comunicacao multimidia - scm,1,0,0,0,0,1,0.0,0.0,0.0,1,1,1
Coqueiro Seco,Servicos de manutencao e reparacao mecanica de veiculos automotores,2,0,0,0,0,2,0.0,0.0,0.0,2,2,2
Coqueiro Seco,Servicos de pintura de edificios em geral,1,0,0,0,0,1,0.0,0.0,0.0,1,1,1
Coqueiro Seco,"Servicos de usinagem, tornearia e solda",1,0,0,0,0,1,0.0,0.0,0.0,1,1,1
Coqueiro Seco,Servicos especializados para construcao nao especificados anteriormente,1,0,0,0,0,1,0.0,0.0,0.0,1,1,1
Coqueiro Seco,Transmissao de energia eletrica,1,0,0,0,0,1,0.0,0.0,0.0,1,1,1
Coqueiro Seco,"Tratamentos termicos, acusticos ou de vibracao",1,0,0,0,0,1,0.0,0.0,0.0,1,1,1
Coruripe,Abate de aves,1,0,0,0,0,1,0.0,0.0,0.0,1,1,1
Coruripe,Acabamento de calcados de couro sob contrato,1,0,0,0,0,1,0.0,0.0,0.0,1,1,1
Coruripe,"Aparelhamento de placas e execucao de trabalhos em marmore, granito, ardosia e outras pedras",2,0,0,0,0,2,0.0,0.0,0.0,2,2,2
Coruripe,Aplicacao de revestimentos e de resinas em interiores e exteriores,3,0,0,0,0,3,0.0,0.0,0.0,3,3,3
Coruripe,Atividades de apoio a extracao de minerais metalicos nao ferrosos,1,0,0,0,0,1,0.0,0.0,0.0,1,1,1
Coruripe,Atividades do correio nacional,2,0,0,0,0,2,0.0,0.0,0.0,2,2,2
Coruripe,"Atividades relacionadas a esgoto, exceto a gestao de redes",1,0,0,0,0,1,0.0,0.0,0.0,1,1,1
Coruripe,"Captacao, tratamento e distribuicao de agua",1,0,0,0,0,1,0.0,0.0,0.0,1,1,1
Coruripe,Coleta de residuos nao perigosos,23,0,0,0,0,23,0.0,0.0,0.0,23,23,23
Coruripe,"Confeccao de pecas de vestuario, exceto roupas intimas e as confeccionadas sob medida",11,0,0,0,0,11,0.0,0.0,0.0,11,11,11
Coruripe,Confeccao de roupas intimas,1,0,0,0,0,1,0.0,0.0,0.0,1,1,1
Coruripe,"Confeccao, sob medida, de pecas do vestuario, exceto roupas intimas",8,0,0,0,0,8,0.0,0.0,0.0,8,8,8
Coruripe,Construcao de edificios,31,0,1,0,1,30,0.0,3.2258,3.2258,31,30,30
Coruripe,Construcao de estacoes e redes de distribuicao de energia eletrica,1,0,0,0,0,1,0.0,0.0,0.0,1,1,1
Coruripe,Distribuicao de energia eletrica,1,0,0,0,0,1,0.0,0.0,0.0,1,1,1
Coruripe,"Estamparia e texturizacao em fios, tecidos, artefatos texteis e pecas do vestuario",2,0,0,0,0,2,0.0,0.0,0.0,2,2,2
Coruripe,"Extracao de areia, cascalho ou pedregulho e beneficiamento associado",4,0,0,0,0,4,0.0,0.0,0.0,4,4,4
Coruripe,Fabricacao de acucar em bruto,2,0,0,0,0,2,0.0,0.0,0.0,2,2,2
Coruripe,Fabricacao de aguas envasadas,1,0,0,0,0,1,0.0,0.0,0.0,1,1,1
Coruripe,Fabricacao de alcool,1,0,0,0,0,1,0.0,0.0,0.0,1,1,1
Coruripe,Fabricacao de alimentos e pratos prontos,2,0,0,0,0,2,0.0,0.0,0.0,2,2,2
Coruripe,Fabricacao de alimentos para animais,1,0,0,0,0,1,0.0,0.0,0.0,1,1,1
Coruripe,"Fabricacao de artefatos de ceramica e barro cozido para uso na construcao, exceto azulejos e pisos",1,0,0,0,0,1,0.0,0.0,0.0,1,1,1
Coruripe,Fabricacao de artefatos de couro nao especificados anteriormente,1,0,0,0,0,1,0.0,0.0,0.0,1,1,1
Coruripe,Fabricacao de artefatos de tapecaria,1,0,0,0,0,1,0.0,0.0,0.0,1,1,1
Coruripe,"Fabricacao de artefatos diversos de madeira, exceto moveis",4,0,0,0,0,4,0.0,0.0,0.0,4,4,4
Coruripe,"Fabricacao de artigos de serralheria, exceto esquadrias",11,0,0,0,0,11,0.0,0.0,0.0,11,11,11
Coruripe,"Fabricacao de artigos do vestuario, produzidos em malharias e tricotagens, exceto meias",4,0,0,0,0,4,0.0,0.0,0.0,4,4,4
Coruripe,Fabricacao de bijuterias e artefatos semelhantes,7,0,0,0,0,7,0.0,0.0,0.0,7,7,7
Coruripe,Fabricacao de biscoitos e bolachas,1,0,0,0,0,1,0.0,0.0,0.0,1,1,1
Coruripe,Fabricacao de conservas de frutas,2,0,0,0,0,2,0.0,0.0,0.0,2,2,2
Coruripe,Fabricacao de esquadrias de madeira e de pecas de madeira para instalacoes industriais e comerciais,1,0,0,0,0,1,0.0,0.0,0.0,1,1,1
Coruripe,"Fabricacao de estruturas pre moldadas de concreto armado, em serie e sob encomenda",1,0,0,0,0,1,0.0,0.0,0.0,1,1,1
Coruripe,"Fabricacao de farinha de milho e derivados, exceto oleos de milho",1,0,0,0,0,1,0.0,0.0,0.0,1,1,1
Coruripe,Fabricacao de gelo comum,3,0,0,0,0,3,0.0,0.0,0.0,3,3,3
Coruripe,"Fabricacao de letras, letreiros e placas de qualquer material, exceto luminosos",6,0,0,0,0,6,0.0,0.0,0.0,6,6,6
Coruripe,"Fabricacao de maquinas, equipamentos e aparelhos para transporte e elevacao de cargas, pecas e acessorios",2,0,0,0,0,2,0.0,0.0,0.0,2,2,2
Coruripe,Fabricacao de massas alimenticias,1,0,0,0,0,1,0.0,0.0,0.0,1,1,1
Coruripe,"Fabricacao de motores eletricos, pecas e acessorios",1,0,0,0,0,1,0.0,0.0,0.0,1,1,1
Coruripe,Fabricacao de moveis com predominancia de madeira,7,0,0,0,0,7,0.0,0.0,0.0,7,7,7
Coruripe,Fabricacao de obras de caldeiraria pesada,5,0,0,0,0,5,0.0,0.0,0.0,5,5,5
Coruripe,Fabricacao de outros artigos de carpintaria para construcao,4,0,0,0,0,4,0.0,0.0,0.0,4,4,4
Coruripe,Fabricacao de outros produtos de metal nao especificados anteriormente,1,0,0,0,0,1,0.0,0.0,0.0,1,1,1
Coruripe,Fabricacao de outros produtos texteis nao especificados anteriormente,1,0,0,0,0,1,0.0,0.0,0.0,1,1,1
Coruripe,Fabricacao de produtos ceramicos nao refratarios nao especificados anteriormente,1,0,0,0,0,1,0.0,0.0,0.0,1,1,1
Coruripe,Fabricacao de produtos de limpeza e polimento,1,0,0,0,0,1,0.0,0.0,0.0,1,1,1
Coruripe,Fabricacao de produtos de padaria e confeitaria com predominancia de producao propria,12,0,0,0,0,12,0.0,0.0,0.0,12,12,12
Coruripe,Fabricacao de produtos de panificacao industrial,10,0,0,0,0,10,0.0,0.0,0.0,10,10,10
Coruripe,"Fabricacao de produtos de pastas celulosicas, papel, cartolina, papel cartao e papelao ondulado nao especificados anteriormente",1,0,0,0,0,1,0.0,0.0,0.0,1,1,1
Coruripe,Fabricacao de produtos diversos nao especificados anteriormente,17,0,0,0,0,17,0.0,0.0,0.0,17,17,17
Coruripe,"Fabricacao de refrescos, xaropes e pos para refrescos, exceto refrescos de frutas",1,0,0,0,0,1,0.0,0.0,0.0,1,1,1
Coruripe,Faccao de roupas intimas,1,0,0,0,0,1,0.0,0.0,0.0,1,1,1
Coruripe,Fornecimento de alimentos preparados preponderantemente para empresas,12,0,0,0,0,12,0.0,0.0,0.0,12,12,12
Coruripe,Geracao de energia eletrica,2,0,0,0,0,2,0.0,0.0,0.0,2,2,2
Coruripe,Impressao de material para outros usos,3,0,0,0,0,3,0.0,0.0,0.0,3,3,3
Coruripe,Impressao de material para uso publicitario,2,0,0,0,0,2,0.0,0.0,0.0,2,2,2
Coruripe,Incorporacao de empreendimentos imobiliarios,4,0,0,0,0,4,0.0,0.0,0.0,4,4,4
Coruripe,Instalacao de maquinas e equipamentos industriais,8,0,0,0,0,8,0.0,0.0,0.0,8,8,8
Coruripe,Instalacao de paineis publicitarios,1,0,0,0,0,1,0.0,0.0,0.0,1,1,1
Coruripe,"Instalacao de portas, janelas, tetos, divisorias e armarios embutidos de qualquer material",2,0,0,0,0,2,0.0,0.0,0.0,2,2,2
Coruripe,"Instalacao e manutencao de sistemas centrais de ar condicionado, de ventilacao e refrigeracao",10,0,0,0,0,10,0.0,0.0,0.0,10,10,10
Coruripe,Instalacao e manutencao eletrica,19,0,0,0,0,19,0.0,0.0,0.0,19,19,19
Coruripe,"Instalacao, manutencao e reparacao de elevadores, escadas e esteiras rolantes",1,0,0,0,0,1,0.0,0.0,0.0,1,1,1
Coruripe,"Instalacoes hidraulicas, sanitarias e de gas",1,0,0,0,0,1,0.0,0.0,0.0,1,1,1
Coruripe,"Manutencao e reparacao de aeronaves, exceto a manutencao na pista",1,0,0,0,0,1,0.0,0.0,0.0,1,1,1
Coruripe,"Manutencao e reparacao de geradores, transformadores e motores eletricos",1,0,0,0,0,1,0.0,0.0,0.0,1,1,1
Coruripe,Manutencao e reparacao de maquinas e aparelhos de refrigeracao e ventilacao para uso industrial e comercial,7,0,0,0,0,7,0.0,0.0,0.0,7,7,7
Coruripe,Manutencao e reparacao de maquinas e equipamentos para agricultura e pecuaria,2,0,0,0,0,2,0.0,0.0,0.0,2,2,2
Coruripe,Manutencao e reparacao de motocicletas e motonetas,11,0,0,0,0,11,0.0,0.0,0.0,11,11,11
Coruripe,"Manutencao e reparacao de tanques, reservatorios metalicos e caldeiras, exceto para veiculos",5,0,0,0,0,5,0.0,0.0,0.0,5,5,5
Coruripe,Manutencao e reparacao de tratores agricolas,2,0,0,0,0,2,0.0,0.0,0.0,2,2,2
Coruripe,Moagem e fabricacao de produtos de origem vegetal nao especificados anteriormente,2,0,0,0,0,2,0.0,0.0,0.0,2,2,2
Coruripe,Obras de alvenaria,48,0,0,0,0,48,0.0,0.0,0.0,48,48,48
Coruripe,Obras de montagem industrial,2,0,0,0,0,2,0.0,0.0,0.0,2,2,2
Coruripe,Outras atividades de telecomunicacoes nao especificadas anteriormente,1,0,0,0,0,1,0.0,0.0,0.0,1,1,1
Coruripe,Outras obras de engenharia civil nao especificadas anteriormente,1,0,0,0,0,1,0.0,0.0,0.0,1,1,1
Coruripe,"Outros servicos de acabamento em fios, tecidos, artefatos texteis e pecas do vestuario",4,0,0,0,0,4,0.0,0.0,0.0,4,4,4
Coruripe,Perfuracao e construcao de pocos de agua,2,0,0,0,0,2,0.0,0.0,0.0,2,2,2
Coruripe,"Preservacao de peixes, crustaceos e moluscos",2,0,0,0,0,2,0.0,0.0,0.0,2,2,2
Coruripe,Producao de artefatos estampados de metal,1,0,0,0,0,1,0.0,0.0,0.0,1,1,1
Coruripe,Provedores de acesso as redes de comunicacoes,2,0,0,0,0,2,0.0,0.0,0.0,2,2,2
Coruripe,Recuperacao de materiais nao especificados anteriormente,2,1,0,0,1,1,50.0,0.0,50.0,1,2,1
Coruripe,Recuperacao de materiais plasticos,1,0,0,0,0,1,0.0,0.0,0.0,1,1,1
Coruripe,Reproducao de software em qualquer suporte,1,0,0,0,0,1,0.0,0.0,0.0,1,1,1
Coruripe,Servicos de borracharia para veiculos automotores,3,0,0,0,0,3,0.0,0.0,0.0,3,3,3
Coruripe,Servicos de capotaria,3,0,0,0,0,3,0.0,0.0,0.0,3,3,3
Coruripe,Servicos de comunicacao multimidia - scm,1,0,0,0,0,1,0.0,0.0,0.0,1,1,1
Coruripe,Servicos de engenharia,8,0,0,0,0,8,0.0,0.0,0.0,8,8,8
Coruripe,"Servicos de instalacao, manutencao e reparacao de acessorios para veiculos automotores",5,0,0,0,0,5,0.0,0.0,0.0,5,5,5
Coruripe,Servicos de lanternagem ou funilaria e pintura de veiculos automotores,11,0,0,0,0,11,0.0,0.0,0.0,11,11,11
Coruripe,Servicos de manutencao e reparacao eletrica de veiculos automotores,3,0,0,0,0,3,0.0,0.0,0.0,3,3,3
Coruripe,Servicos de manutencao e reparacao mecanica de veiculos automotores,13,0,0,0,0,13,0.0,0.0,0.0,13,13,13
Coruripe,Servicos de montagem de moveis de qualquer material,3,0,0,0,0,3,0.0,0.0,0.0,3,3,3
Coruripe,Servicos de operacao e fornecimento de equipamentos para transporte e elevacao de cargas e pessoas para uso em obras,1,0,0,0,0,1,0.0,0.0,0.0,1,1,1
Coruripe,Servicos de pintura de edificios em geral,7,0,0,0,0,7,0.0,0.0,0.0,7,7,7
Coruripe,"Servicos de usinagem, tornearia e solda",12,0,0,0,0,12,0.0,0.0,0.0,12,12,12
Coruripe,Servicos especializados para construcao nao especificados anteriormente,6,0,0,0,0,6,0.0,0.0,0.0,6,6,6
Coruripe,Transmissao de energia eletrica,1,0,0,0,0,1,0.0,0.0,0.0,1,1,1
Craíbas,Atividades do correio nacional,1,0,0,0,0,1,0.0,0.0,0.0,1,1,1
Craíbas,Coleta de residuos nao perigosos,1,0,0,0,0,1,0.0,0.0,0.0,1,1,1
Craíbas,"Confeccao de pecas de vestuario, exceto roupas intimas e as confeccionadas sob medida",1,0,0,0,0,1,0.0,0.0,0.0,1,1,1
Craíbas,Confeccao de roupas intimas,1,0,0,0,0,1,0.0,0.0,0.0,1,1,1
Craíbas,"Confeccao, sob medida, de pecas do vestuario, exceto roupas intimas",2,0,0,0,0,2,0.0,0.0,0.0,2,2,2
Craíbas,Construcao de edificios,15,0,0,0,0,15,0.0,0.0,0.0,15,15,15
Craíbas,"Extracao de areia, cascalho ou pedregulho e beneficiamento associado",1,0,0,0,0,1,0.0,0.0,0.0,1,1,1
Craíbas,Extracao de minerio de metais preciosos,2,1,1,1,1,1,50.0,50.0,50.0,1,1,1
Craíbas,Fabricacao de alimentos para animais,2,0,0,0,0,2,0.0,0.0,0.0,2,2,2
Craíbas,Fabricacao de amidos e feculas de vegetais,1,0,0,0,0,1,0.0,0.0,0.0,1,1,1
Craíbas,"Fabricacao de artefatos diversos de madeira, exceto moveis",1,0,0,0,0,1,0.0,0.0,0.0,1,1,1
Craíbas,"Fabricacao de artigos de serralheria, exceto esquadrias",1,0,0,0,0,1,0.0,0.0,0.0,1,1,1
Craíbas,"Fabricacao de estruturas pre moldadas de concreto armado, em serie e sob encomenda",1,0,0,0,0,1,0.0,0.0,0.0,1,1,1
Craíbas,Fabricacao de gelo comum,1,0,0,0,0,1,0.0,0.0,0.0,1,1,1
Craíbas,Fabricacao de laticinios,1,0,0,0,0,1,0.0,0.0,0.0,1,1,1
Craíbas,Fabricacao de moveis com predominancia de madeira,4,0,0,0,0,4,0.0,0.0,0.0,4,4,4
Craíbas,"Fabricacao de outros artefatos e produtos de concreto, cimento, fibrocimento, gesso e materiais semelhantes",1,0,0,0,0,1,0.0,0.0,0.0,1,1,1
Craíbas,Fabricacao de produtos ceramicos nao refratarios nao especificados anteriormente,1,0,0,0,0,1,0.0,0.0,0.0,1,1,1
Craíbas,Fabricacao de produtos de padaria e confeitaria com predominancia de producao propria,4,0,0,0,0,4,0.0,0.0,0.0,4,4,4
Craíbas,Fabricacao de produtos de panificacao industrial,3,0,0,0,0,3,0.0,0.0,0.0,3,3,3
Craíbas,Fabricacao de produtos diversos nao especificados anteriormente,1,0,0,0,0,1,0.0,0.0,0.0,1,1,1
Craíbas,Fornecimento de alimentos preparados preponderantemente para empresas,1,1,0,0,1,0,100.0,0.0,100.0,0,1,0
Craíbas,Geracao de energia eletrica,3,0,0,0,0,3,0.0,0.0,0.0,3,3,3
Craíbas,Impressao de material para outros usos,1,0,0,0,0,1,0.0,0.0,0.0,1,1,1
Craíbas,Incorporacao de empreendimentos imobiliarios,3,0,0,0,0,3,0.0,0.0,0.0,3,3,3
Craíbas,Instalacao de maquinas e equipamentos industriais,1,0,0,0,0,1,0.0,0.0,0.0,1,1,1
Craíbas,"Instalacao e manutencao de sistemas centrais de ar condicionado, de ventilacao e refrigeracao",1,0,0,0,0,1,0.0,0.0,0.0,1,1,1
Craíbas,Instalacao e manutencao eletrica,7,0,0,0,0,7,0.0,0.0,0.0,7,7,7
Craíbas,"Manutencao e reparacao de maquinas e equipamentos para as industrias de alimentos, bebidas e fumo",1,0,0,0,0,1,0.0,0.0,0.0,1,1,1
Craíbas,Manutencao e reparacao de motocicletas e motonetas,5,0,0,0,0,5,0.0,0.0,0.0,5,5,5
Craíbas,"Manutencao e reparacao de tanques, reservatorios metalicos e caldeiras, exceto para veiculos",1,0,0,0,0,1,0.0,0.0,0.0,1,1,1
Craíbas,Obras de acabamento em gesso e estuque,1,0,0,0,0,1,0.0,0.0,0.0,1,1,1
Craíbas,Obras de alvenaria,2,0,0,0,0,2,0.0,0.0,0.0,2,2,2
Craíbas,Obras de montagem industrial,1,0,0,0,0,1,0.0,0.0,0.0,1,1,1
Craíbas,Obras de terraplenagem,4,0,0,0,0,4,0.0,0.0,0.0,4,4,4
Craíbas,Outras atividades de telecomunicacoes nao especificadas anteriormente,2,0,0,0,0,2,0.0,0.0,0.0,2,2,2
Craíbas,"Outros servicos de acabamento em fios, tecidos, artefatos texteis e pecas do vestuario",1,0,0,0,0,1,0.0,0.0,0.0,1,1,1
Craíbas,Processamento industrial do fumo,1,0,1,0,1,0,0.0,100.0,100.0,1,0,0
Craíbas,Provedores de acesso as redes de comunicacoes,4,0,0,0,0,4,0.0,0.0,0.0,4,4,4
Craíbas,Servicos de borracharia para veiculos automotores,1,0,0,0,0,1,0.0,0.0,0.0,1,1,1
Craíbas,Servicos de comunicacao multimidia - scm,3,1,0,0,1,2,33.3333,0.0,33.3333,2,3,2
Craíbas,Servicos de manutencao e reparacao mecanica de veiculos automotores,7,0,0,0,0,7,0.0,0.0,0.0,7,7,7
Craíbas,Servicos de operacao e fornecimento de equipamentos para transporte e elevacao de cargas e pessoas para uso em obras,1,0,0,0,0,1,0.0,0.0,0.0,1,1,1
Craíbas,Servicos de pintura de edificios em geral,1,0,0,0,0,1,0.0,0.0,0.0,1,1,1
Craíbas,Servicos de preparacao do terreno nao especificados anteriormente,1,0,0,0,0,1,0.0,0.0,0.0,1,1,1
Craíbas,"Servicos de usinagem, tornearia e solda",1,0,0,0,0,1,0.0,0.0,0.0,1,1,1
Craíbas,Tratamento e disposicao de residuos nao perigosos,2,1,0,0,1,1,50.0,0.0,50.0,1,2,1
Delmiro Gouveia,Abate de aves,1,0,0,0,0,1,0.0,0.0,0.0,1,1,1
Delmiro Gouveia,Administracao de obras,1,0,0,0,0,1,0.0,0.0,0.0,1,1,1
Delmiro Gouveia,"Aparelhamento de placas e execucao de trabalhos em marmore, granito, ardosia e outras pedras",4,0,0,0,0,4,0.0,0.0,0.0,4,4,4
Delmiro Gouveia,Aplicacao de revestimentos e de resinas em interiores e exteriores,2,0,0,0,0,2,0.0,0.0,0.0,2,2,2
Delmiro Gouveia,Atividades do correio nacional,1,0,0,0,0,1,0.0,0.0,0.0,1,1,1
Delmiro Gouveia,Coleta de residuos nao perigosos,1,0,0,0,0,1,0.0,0.0,0.0,1,1,1
Delmiro Gouveia,"Confeccao de pecas de vestuario, exceto roupas intimas e as confeccionadas sob medida",14,0,0,0,0,14,0.0,0.0,0.0,14,14,14
Delmiro Gouveia,Confeccao de roupas intimas,1,0,0,0,0,1,0.0,0.0,0.0,1,1,1
Delmiro Gouveia,"Confeccao, sob medida, de pecas do vestuario, exceto roupas intimas",16,0,0,0,0,16,0.0,0.0,0.0,16,16,16
Delmiro Gouveia,"Confeccao, sob medida, de roupas profissionais",1,0,0,0,0,1,0.0,0.0,0.0,1,1,1
Delmiro Gouveia,Construcao de edificios,24,0,0,0,0,24,0.0,0.0,0.0,24,24,24
Delmiro Gouveia,Construcao de estacoes e redes de distribuicao de energia eletrica,2,0,0,0,0,2,0.0,0.0,0.0,2,2,2
Delmiro Gouveia,"Construcao de redes de abastecimento de agua, coleta de esgoto e construcoes correlatas, exceto obras de irrigacao",2,0,0,0,0,2,0.0,0.0,0.0,2,2,2
Delmiro Gouveia,Construcao de rodovias e ferrovias,2,0,0,0,0,2,0.0,0.0,0.0,2,2,2
Delmiro Gouveia,Curtimento e outras preparacoes de couro,1,0,0,0,0,1,0.0,0.0,0.0,1,1,1
Delmiro Gouveia,Distribuicao de energia eletrica,1,0,0,0,0,1,0.0,0.0,0.0,1,1,1
Delmiro Gouveia,Extracao de quartzo,1,0,0,0,0,1,0.0,0.0,0.0,1,1,1
Delmiro Gouveia,Extracao e britamento de pedras e outros materiais para construcao e beneficiamento associado,1,0,0,0,0,1,0.0,0.0,0.0,1,1,1
Delmiro Gouveia,Fabricacao de alimentos e pratos prontos,1,0,0,0,0,1,0.0,0.0,0.0,1,1,1
Delmiro Gouveia,Fabricacao de alimentos para animais,1,0,0,0,0,1,0.0,0.0,0.0,1,1,1
Delmiro Gouveia,"Fabricacao de artefatos diversos de madeira, exceto moveis",1,0,0,0,0,1,0.0,0.0,0.0,1,1,1
Delmiro Gouveia,Fabricacao de artigos de metal para uso domestico e pessoal,1,0,0,0,0,1,0.0,0.0,0.0,1,1,1
Delmiro Gouveia,"Fabricacao de artigos de serralheria, exceto esquadrias",9,0,0,0,0,9,0.0,0.0,0.0,9,9,9
Delmiro Gouveia,"Fabricacao de artigos do vestuario, produzidos em malharias e tricotagens, exceto meias",1,0,0,0,0,1,0.0,0.0,0.0,1,1,1
Delmiro Gouveia,"Fabricacao de artigos para viagem, bolsas e semelhantes de qualquer material",1,0,0,0,0,1,0.0,0.0,0.0,1,1,1
Delmiro Gouveia,Fabricacao de bijuterias e artefatos semelhantes,6,0,0,0,0,6,0.0,0.0,0.0,6,6,6
Delmiro Gouveia,Fabricacao de biscoitos e bolachas,3,2,0,0,2,1,66.6667,0.0,66.6667,1,3,1
Delmiro Gouveia,Fabricacao de conservas de frutas,2,0,0,0,0,2,0.0,0.0,0.0,2,2,2
Delmiro Gouveia,Fabricacao de embalagens de material plastico,1,0,0,0,0,1,0.0,0.0,0.0,1,1,1
Delmiro Gouveia,"Fabricacao de especiarias, molhos, temperos e condimentos",3,0,0,0,0,3,0.0,0.0,0.0,3,3,3
Delmiro Gouveia,Fabricacao de esquadrias de metal,3,0,0,0,0,3,0.0,0.0,0.0,3,3,3
Delmiro Gouveia,"Fabricacao de estruturas pre moldadas de concreto armado, em serie e sob encomenda",1,0,0,0,0,1,0.0,0.0,0.0,1,1,1
Delmiro Gouveia,Fabricacao de gelo comum,2,0,0,0,0,2,0.0,0.0,0.0,2,2,2
Delmiro Gouveia,Fabricacao de laticinios,2,0,0,0,0,2,0.0,0.0,0.0,2,2,2
Delmiro Gouveia,"Fabricacao de letras, letreiros e placas de qualquer material, exceto luminosos",2,0,0,0,0,2,0.0,0.0,0.0,2,2,2
Delmiro Gouveia,Fabricacao de moveis com predominancia de madeira,6,0,0,0,0,6,0.0,0.0,0.0,6,6,6
Delmiro Gouveia,"Fabricacao de moveis de outros materiais, exceto madeira e metal",1,0,0,0,0,1,0.0,0.0,0.0,1,1,1
Delmiro Gouveia,"Fabricacao de outros artefatos e produtos de concreto, cimento, fibrocimento, gesso e materiais semelhantes",1,0,0,0,0,1,0.0,0.0,0.0,1,1,1
Delmiro Gouveia,Fabricacao de outros artigos de carpintaria para construcao,6,0,0,0,0,6,0.0,0.0,0.0,6,6,6
Delmiro Gouveia,Fabricacao de outros brinquedos e jogos recreativos nao especificados anteriormente,1,0,0,0,0,1,0.0,0.0,0.0,1,1,1
Delmiro Gouveia,Fabricacao de outros produtos alimenticios nao especificados anteriormente,1,0,0,0,0,1,0.0,0.0,0.0,1,1,1
Delmiro Gouveia,Fabricacao de outros produtos texteis nao especificados anteriormente,3,0,0,0,0,3,0.0,0.0,0.0,3,3,3
Delmiro Gouveia,Fabricacao de produtos ceramicos nao refratarios nao especificados anteriormente,1,0,0,0,0,1,0.0,0.0,0.0,1,1,1
Delmiro Gouveia,Fabricacao de produtos de padaria e confeitaria com predominancia de producao propria,20,1,1,1,1,19,5.0,5.0,5.0,19,19,19
Delmiro Gouveia,Fabricacao de produtos de panificacao industrial,9,0,0,0,0,9,0.0,0.0,0.0,9,9,9
Delmiro Gouveia,"Fabricacao de produtos de pastas celulosicas, papel, cartolina, papel cartao e papelao ondulado nao especificados anteriormente",2,0,0,0,0,2,0.0,0.0,0.0,2,2,2
Delmiro Gouveia,Fabricacao de produtos diversos nao especificados anteriormente,9,0,0,0,0,9,0.0,0.0,0.0,9,9,9
Delmiro Gouveia,Fabricacao de sorvetes e outros gelados comestiveis,1,0,0,0,0,1,0.0,0.0,0.0,1,1,1
Delmiro Gouveia,"Fabricacao de tintas, vernizes, esmaltes e lacas",1,1,1,1,1,0,100.0,100.0,100.0,0,0,0
Delmiro Gouveia,Fornecimento de alimentos preparados preponderantemente para empresas,2,0,0,0,0,2,0.0,0.0,0.0,2,2,2
Delmiro Gouveia,Geracao de energia eletrica,11,0,0,0,0,11,0.0,0.0,0.0,11,11,11
Delmiro Gouveia,Impressao de material para outros usos,4,0,0,0,0,4,0.0,0.0,0.0,4,4,4
Delmiro Gouveia,Impressao de material para uso publicitario,5,0,0,0,0,5,0.0,0.0,0.0,5,5,5
Delmiro Gouveia,Incorporacao de empreendimentos imobiliarios,2,0,0,0,0,2,0.0,0.0,0.0,2,2,2
Delmiro Gouveia,Instalacao de maquinas e equipamentos industriais,6,0,0,0,0,6,0.0,0.0,0.0,6,6,6
Delmiro Gouveia,"Instalacao e manutencao de sistemas centrais de ar condicionado, de ventilacao e refrigeracao",16,0,0,0,0,16,0.0,0.0,0.0,16,16,16
Delmiro Gouveia,Instalacao e manutencao eletrica,38,0,1,0,1,37,0.0,2.6316,2.6316,38,37,37
Delmiro Gouveia,Instalacoes de sistema de prevencao contra incendio,1,0,0,0,0,1,0.0,0.0,0.0,1,1,1
Delmiro Gouveia,"Instalacoes hidraulicas, sanitarias e de gas",2,0,0,0,0,2,0.0,0.0,0.0,2,2,2
Delmiro Gouveia,"Manutencao e reparacao de geradores, transformadores e motores eletricos",1,0,0,0,0,1,0.0,0.0,0.0,1,1,1
Delmiro Gouveia,Manutencao e reparacao de maquinas e aparelhos de refrigeracao e ventilacao para uso industrial e comercial,2,0,0,0,0,2,0.0,0.0,0.0,2,2,2
Delmiro Gouveia,"Manutencao e reparacao de maquinas e equipamentos para a industria textil, do vestuario, do couro e calcados",1,0,0,0,0,1,0.0,0.0,0.0,1,1,1
Delmiro Gouveia,Manutencao e reparacao de maquinas e equipamentos para uso geral nao especificados anteriormente,2,0,0,0,0,2,0.0,0.0,0.0,2,2,2
Delmiro Gouveia,"Manutencao e reparacao de maquinas, aparelhos e equipamentos para instalacoes termicas",1,0,0,0,0,1,0.0,0.0,0.0,1,1,1
Delmiro Gouveia,Manutencao e reparacao de motocicletas e motonetas,11,0,0,0,0,11,0.0,0.0,0.0,11,11,11
Delmiro Gouveia,Obras de acabamento em gesso e estuque,2,0,0,0,0,2,0.0,0.0,0.0,2,2,2
Delmiro Gouveia,Obras de alvenaria,22,0,0,0,0,22,0.0,0.0,0.0,22,22,22
Delmiro Gouveia,Outras obras de acabamento da construcao,2,0,0,0,0,2,0.0,0.0,0.0,2,2,2
Delmiro Gouveia,Outras obras de engenharia civil nao especificadas anteriormente,1,0,0,0,0,1,0.0,0.0,0.0,1,1,1
Delmiro Gouveia,Provedores de acesso as redes de comunicacoes,3,0,0,0,0,3,0.0,0.0,0.0,3,3,3
Delmiro Gouveia,"Recuperacao de materiais metalicos, exceto aluminio",1,0,0,0,0,1,0.0,0.0,0.0,1,1,1
Delmiro Gouveia,Recuperacao de sucatas de aluminio,2,0,0,0,0,2,0.0,0.0,0.0,2,2,2
Delmiro Gouveia,Servico de laboratorio optico,1,0,0,0,0,1,0.0,0.0,0.0,1,1,1
Delmiro Gouveia,Servicos de borracharia para veiculos automotores,7,0,0,0,0,7,0.0,0.0,0.0,7,7,7
Delmiro Gouveia,Servicos de capotaria,2,0,0,0,0,2,0.0,0.0,0.0,2,2,2
Delmiro Gouveia,Servicos de comunicacao multimidia - scm,9,0,0,0,0,9,0.0,0.0,0.0,9,9,9
Delmiro Gouveia,Servicos de engenharia,14,0,0,0,0,14,0.0,0.0,0.0,14,14,14
Delmiro Gouveia,"Servicos de instalacao, manutencao e reparacao de acessorios para veiculos automotores",2,0,0,0,0,2,0.0,0.0,0.0,2,2,2
Delmiro Gouveia,Servicos de lanternagem ou funilaria e pintura de veiculos automotores,8,0,0,0,0,8,0.0,0.0,0.0,8,8,8
Delmiro Gouveia,Servicos de manutencao e reparacao eletrica de veiculos automotores,5,0,0,0,0,5,0.0,0.0,0.0,5,5,5
Delmiro Gouveia,Servicos de manutencao e reparacao mecanica de veiculos automotores,25,0,0,0,0,25,0.0,0.0,0.0,25,25,25
Delmiro Gouveia,Servicos de montagem de moveis de qualquer material,5,0,0,0,0,5,0.0,0.0,0.0,5,5,5
Delmiro Gouveia,Servicos de pintura de edificios em geral,14,0,0,0,0,14,0.0,0.0,0.0,14,14,14
Delmiro Gouveia,Servicos de pre impressao,2,0,0,0,0,2,0.0,0.0,0.0,2,2,2
Delmiro Gouveia,"Servicos de usinagem, tornearia e solda",1,0,0,0,0,1,0.0,0.0,0.0,1,1,1
Delmiro Gouveia,Servicos especializados para construcao nao especificados anteriormente,1,0,0,0,0,1,0.0,0.0,0.0,1,1,1
Delmiro Gouveia,Transmissao de energia eletrica,3,0,0,0,0,3,0.0,0.0,0.0,3,3,3
Delmiro Gouveia,Tratamento e disposicao de residuos nao perigosos,1,1,0,0,1,0,100.0,0.0,100.0,0,1,0
Dois Riachos,Atividades do correio nacional,1,0,0,0,0,1,0.0,0.0,0.0,1,1,1
Dois Riachos,Coleta de residuos nao perigosos,1,0,0,0,0,1,0.0,0.0,0.0,1,1,1
Dois Riachos,Construcao de edificios,2,0,0,0,0,2,0.0,0.0,0.0,2,2,2
Dois Riachos,"Extracao de areia, cascalho ou pedregulho e beneficiamento associado",1,0,0,0,0,1,0.0,0.0,0.0,1,1,1
Dois Riachos,Fabricacao de equipamentos e acessorios para seguranca pessoal e profissional,1,0,0,0,0,1,0.0,0.0,0.0,1,1,1
Dois Riachos,Fabricacao de produtos derivados do cacau e de chocolates,1,0,0,0,0,1,0.0,0.0,0.0,1,1,1
Dois Riachos,Fornecimento de alimentos preparados preponderantemente para empresas,1,0,0,0,0,1,0.0,0.0,0.0,1,1,1
Dois Riachos,Frigorifico - abate de bovinos,1,0,0,0,0,1,0.0,0.0,0.0,1,1,1
Dois Riachos,"Instalacao de portas, janelas, tetos, divisorias e armarios embutidos de qualquer material",1,0,0,0,0,1,0.0,0.0,0.0,1,1,1
Dois Riachos,"Instalacao e manutencao de sistemas centrais de ar condicionado, de ventilacao e refrigeracao",1,0,0,0,0,1,0.0,0.0,0.0,1,1,1
Dois Riachos,Instalacao e manutencao eletrica,2,0,0,0,0,2,0.0,0.0,0.0,2,2,2
Dois Riachos,Manutencao e reparacao de motocicletas e motonetas,1,0,0,0,0,1,0.0,0.0,0.0,1,1,1
Dois Riachos,Obras de alvenaria,1,0,0,0,0,1,0.0,0.0,0.0,1,1,1
Dois Riachos,Servicos de manutencao e reparacao mecanica de veiculos automotores,1,0,0,0,0,1,0.0,0.0,0.0,1,1,1
Dois Riachos,Servicos de pintura de edificios em geral,1,0,0,0,0,1,0.0,0.0,0.0,1,1,1
Dois Riachos,Transmissao de energia eletrica,1,0,0,0,0,1,0.0,0.0,0.0,1,1,1
Estrela de Alagoas,Atividades de franqueadas do correio nacional,1,0,0,0,0,1,0.0,0.0,0.0,1,1,1
Estrela de Alagoas,Atividades do correio nacional,1,0,0,0,0,1,0.0,0.0,0.0,1,1,1
Estrela de Alagoas,"Confeccao de pecas de vestuario, exceto roupas intimas e as confeccionadas sob medida",1,0,0,0,0,1,0.0,0.0,0.0,1,1,1
Estrela de Alagoas,Construcao de edificios,3,0,0,0,0,3,0.0,0.0,0.0,3,3,3
Estrela de Alagoas,Fabricacao de artefatos texteis para uso domestico,1,0,0,0,0,1,0.0,0.0,0.0,1,1,1
Estrela de Alagoas,Fabricacao de conservas de frutas,1,0,0,0,0,1,0.0,0.0,0.0,1,1,1
Estrela de Alagoas,Fabricacao de laticinios,2,0,0,0,0,2,0.0,0.0,0.0,2,2,2
Estrela de Alagoas,Fabricacao de produtos de padaria e confeitaria com predominancia de producao propria,2,0,0,0,0,2,0.0,0.0,0.0,2,2,2
Estrela de Alagoas,Fabricacao de produtos de panificacao industrial,3,0,0,0,0,3,0.0,0.0,0.0,3,3,3
Estrela de Alagoas,Fornecimento de alimentos preparados preponderantemente para empresas,1,0,0,0,0,1,0.0,0.0,0.0,1,1,1
Estrela de Alagoas,Instalacao e manutencao eletrica,2,0,0,0,0,2,0.0,0.0,0.0,2,2,2
Estrela de Alagoas,Obras de alvenaria,2,0,0,0,0,2,0.0,0.0,0.0,2,2,2
Estrela de Alagoas,Outras obras de acabamento da construcao,1,0,0,0,0,1,0.0,0.0,0.0,1,1,1
Estrela de Alagoas,Provedores de acesso as redes de comunicacoes,1,0,0,0,0,1,0.0,0.0,0.0,1,1,1
Estrela de Alagoas,Servicos de comunicacao multimidia - scm,1,0,0,0,0,1,0.0,0.0,0.0,1,1,1
Estrela de Alagoas,"Servicos de instalacao, manutencao e reparacao de acessorios para veiculos automotores",1,0,0,0,0,1,0.0,0.0,0.0,1,1,1
Estrela de Alagoas,Servicos de pintura de edificios em geral,1,0,0,0,0,1,0.0,0.0,0.0,1,1,1
Feira Grande,Acabamento de calcados de couro sob contrato,1,0,0,0,0,1,0.0,0.0,0.0,1,1,1
Feira Grande,"Aparelhamento de placas e execucao de trabalhos em marmore, granito, ardosia e outras pedras",1,0,0,0,0,1,0.0,0.0,0.0,1,1,1
Feira Grande,Atividades do correio nacional,1,0,0,0,0,1,0.0,0.0,0.0,1,1,1
Feira Grande,Coleta de residuos nao perigosos,1,0,0,0,0,1,0.0,0.0,0.0,1,1,1
Feira Grande,"Confeccao de pecas de vestuario, exceto roupas intimas e as confeccionadas sob medida",1,0,0,0,0,1,0.0,0.0,0.0,1,1,1
Feira Grande,"Confeccao, sob medida, de pecas do vestuario, exceto roupas intimas",2,0,0,0,0,2,0.0,0.0,0.0,2,2,2
Feira Grande,Construcao de edificios,19,0,1,0,1,18,0.0,5.2632,5.2632,19,18,18
Feira Grande,Fabricacao de artefatos de cimento para uso na construcao,1,0,0,0,0,1,0.0,0.0,0.0,1,1,1
Feira Grande,"Fabricacao de artefatos diversos de madeira, exceto moveis",1,0,0,0,0,1,0.0,0.0,0.0,1,1,1
Feira Grande,Fabricacao de artefatos texteis para uso domestico,1,0,0,0,0,1,0.0,0.0,0.0,1,1,1
Feira Grande,"Fabricacao de artigos de serralheria, exceto esquadrias",2,0,0,0,0,2,0.0,0.0,0.0,2,2,2
Feira Grande,Fabricacao de bijuterias e artefatos semelhantes,1,0,0,0,0,1,0.0,0.0,0.0,1,1,1
Feira Grande,Fabricacao de biscoitos e bolachas,1,0,0,0,0,1,0.0,0.0,0.0,1,1,1
Feira Grande,Fabricacao de farinha de mandioca e derivados,1,0,0,0,0,1,0.0,0.0,0.0,1,1,1
Feira Grande,Fabricacao de massas alimenticias,1,0,0,0,0,1,0.0,0.0,0.0,1,1,1
Feira Grande,Fabricacao de moveis com predominancia de madeira,1,0,0,0,0,1,0.0,0.0,0.0,1,1,1
Feira Grande,"Fabricacao de outros produtos do fumo, exceto cigarros, cigarrilhas e charutos",2,0,0,0,0,2,0.0,0.0,0.0,2,2,2
Feira Grande,Fabricacao de produtos de padaria e confeitaria com predominancia de producao propria,2,0,0,0,0,2,0.0,0.0,0.0,2,2,2
Feira Grande,Fabricacao de produtos diversos nao especificados anteriormente,1,0,0,0,0,1,0.0,0.0,0.0,1,1,1
Feira Grande,Incorporacao de empreendimentos imobiliarios,1,0,0,0,0,1,0.0,0.0,0.0,1,1,1
Feira Grande,Instalacao de maquinas e equipamentos industriais,1,0,0,0,0,1,0.0,0.0,0.0,1,1,1
Feira Grande,"Instalacao e manutencao de sistemas centrais de ar condicionado, de ventilacao e refrigeracao",1,0,0,0,0,1,0.0,0.0,0.0,1,1,1
Feira Grande,Instalacao e manutencao eletrica,4,0,0,0,0,4,0.0,0.0,0.0,4,4,4
Feira Grande,Manutencao e reparacao de motocicletas e motonetas,1,0,0,0,0,1,0.0,0.0,0.0,1,1,1
Feira Grande,Obras de acabamento em gesso e estuque,2,0,0,0,0,2,0.0,0.0,0.0,2,2,2
Feira Grande,Obras de alvenaria,4,0,0,0,0,4,0.0,0.0,0.0,4,4,4
Feira Grande,Outras atividades de telecomunicacoes nao especificadas anteriormente,1,0,0,0,0,1,0.0,0.0,0.0,1,1,1
Feira Grande,Servicos de borracharia para veiculos automotores,1,0,0,0,0,1,0.0,0.0,0.0,1,1,1
Feira Grande,Servicos de comunicacao multimidia - scm,1,0,0,0,0,1,0.0,0.0,0.0,1,1,1
Feira Grande,Servicos de engenharia,5,0,0,0,0,5,0.0,0.0,0.0,5,5,5
Feira Grande,"Servicos de instalacao, manutencao e reparacao de acessorios para veiculos automotores",2,0,0,0,0,2,0.0,0.0,0.0,2,2,2
Feira Grande,Servicos de manutencao e reparacao mecanica de veiculos automotores,4,0,0,0,0,4,0.0,0.0,0.0,4,4,4
Feira Grande,Servicos de pintura de edificios em geral,2,0,0,0,0,2,0.0,0.0,0.0,2,2,2
Feira Grande,Transmissao de energia eletrica,1,0,0,0,0,1,0.0,0.0,0.0,1,1,1
Feliz Deserto,Atividades do correio nacional,1,0,0,0,0,1,0.0,0.0,0.0,1,1,1
Feliz Deserto,"Confeccao de pecas de vestuario, exceto roupas intimas e as confeccionadas sob medida",1,0,0,0,0,1,0.0,0.0,0.0,1,1,1
Feliz Deserto,"Confeccao, sob medida, de pecas do vestuario, exceto roupas intimas",1,0,0,0,0,1,0.0,0.0,0.0,1,1,1
Feliz Deserto,Construcao de edificios,4,0,0,0,0,4,0.0,0.0,0.0,4,4,4
Feliz Deserto,Extracao de outros minerais nao metalicos nao especificados anteriormente,2,0,0,0,0,2,0.0,0.0,0.0,2,2,2
Feliz Deserto,"Fabricacao de artefatos diversos de madeira, exceto moveis",1,0,0,0,0,1,0.0,0.0,0.0,1,1,1
Feliz Deserto,Fabricacao de conservas de frutas,2,0,0,0,0,2,0.0,0.0,0.0,2,2,2
Feliz Deserto,Fabricacao de produtos de padaria e confeitaria com predominancia de producao propria,1,0,0,0,0,1,0.0,0.0,0.0,1,1,1
Feliz Deserto,Fabricacao de produtos de panificacao industrial,1,0,0,0,0,1,0.0,0.0,0.0,1,1,1
Feliz Deserto,Fabricacao de produtos diversos nao especificados anteriormente,3,0,0,0,0,3,0.0,0.0,0.0,3,3,3
Feliz Deserto,Fornecimento de alimentos preparados preponderantemente para empresas,1,0,0,0,0,1,0.0,0.0,0.0,1,1,1
Feliz Deserto,Geracao de energia eletrica,1,0,0,0,0,1,0.0,0.0,0.0,1,1,1
Feliz Deserto,Incorporacao de empreendimentos imobiliarios,1,0,0,0,0,1,0.0,0.0,0.0,1,1,1
Feliz Deserto,"Manutencao e reparacao de maquinas, aparelhos e materiais eletricos nao especificados anteriormente",1,0,0,0,0,1,0.0,0.0,0.0,1,1,1
Feliz Deserto,Moagem e fabricacao de produtos de origem vegetal nao especificados anteriormente,1,1,0,0,1,0,100.0,0.0,100.0,0,1,0
Feliz Deserto,Obras de alvenaria,3,0,0,0,0,3,0.0,0.0,0.0,3,3,3
Feliz Deserto,Obras de terraplenagem,1,0,0,0,0,1,0.0,0.0,0.0,1,1,1
Feliz Deserto,Servicos de borracharia para veiculos automotores,1,0,0,0,0,1,0.0,0.0,0.0,1,1,1
Flexeiras,Acabamento de calcados de couro sob contrato,1,0,0,0,0,1,0.0,0.0,0.0,1,1,1
Flexeiras,Atividades do correio nacional,1,0,0,0,0,1,0.0,0.0,0.0,1,1,1
Flexeiras,"Captacao, tratamento e distribuicao de agua",1,0,0,0,0,1,0.0,0.0,0.0,1,1,1
Flexeiras,"Confeccao, sob medida, de pecas do vestuario, exceto roupas intimas",1,0,0,0,0,1,0.0,0.0,0.0,1,1,1
Flexeiras,Construcao de edificios,3,0,0,0,0,3,0.0,0.0,0.0,3,3,3
Flexeiras,Extracao de saibro e beneficiamento associado,1,0,0,0,0,1,0.0,0.0,0.0,1,1,1
Flexeiras,Fabricacao de acucar em bruto,1,0,0,0,0,1,0.0,0.0,0.0,1,1,1
Flexeiras,Fabricacao de artefatos de couro nao especificados anteriormente,1,0,0,0,0,1,0.0,0.0,0.0,1,1,1
Flexeiras,"Fabricacao de artigos de serralheria, exceto esquadrias",2,0,0,0,0,2,0.0,0.0,0.0,2,2,2
Flexeiras,Fabricacao de bijuterias e artefatos semelhantes,1,0,0,0,0,1,0.0,0.0,0.0,1,1,1
Flexeiras,Fabricacao de gelo comum,1,0,0,0,0,1,0.0,0.0,0.0,1,1,1
Flexeiras,Fabricacao de massas alimenticias,3,0,0,0,0,3,0.0,0.0,0.0,3,3,3
Flexeiras,Fabricacao de moveis com predominancia de madeira,1,0,0,0,0,1,0.0,0.0,0.0,1,1,1
Flexeiras,"Fabricacao de outros artefatos e produtos de concreto, cimento, fibrocimento, gesso e materiais semelhantes",1,0,0,0,0,1,0.0,0.0,0.0,1,1,1
Flexeiras,Fabricacao de produtos de padaria e confeitaria com predominancia de producao propria,4,0,0,0,0,4,0.0,0.0,0.0,4,4,4
Flexeiras,Fabricacao de produtos de panificacao industrial,1,0,0,0,0,1,0.0,0.0,0.0,1,1,1
Flexeiras,Fornecimento de alimentos preparados preponderantemente para empresas,2,0,0,0,0,2,0.0,0.0,0.0,2,2,2
Flexeiras,"Instalacao e manutencao de sistemas centrais de ar condicionado, de ventilacao e refrigeracao",1,0,0,0,0,1,0.0,0.0,0.0,1,1,1
Flexeiras,Instalacao e manutencao eletrica,2,0,0,0,0,2,0.0,0.0,0.0,2,2,2
Flexeiras,Manutencao e reparacao de maquinas e aparelhos de refrigeracao e ventilacao para uso industrial e comercial,1,0,0,0,0,1,0.0,0.0,0.0,1,1,1
Flexeiras,Manutencao e reparacao de motocicletas e motonetas,1,0,0,0,0,1,0.0,0.0,0.0,1,1,1
Flexeiras,"Manutencao e reparacao de tanques, reservatorios metalicos e caldeiras, exceto para veiculos",1,0,0,0,0,1,0.0,0.0,0.0,1,1,1
Flexeiras,Obras de alvenaria,9,0,0,0,0,9,0.0,0.0,0.0,9,9,9
Flexeiras,Obras de terraplenagem,1,0,0,0,0,1,0.0,0.0,0.0,1,1,1
Flexeiras,Outras obras de acabamento da construcao,1,0,0,0,0,1,0.0,0.0,0.0,1,1,1
Flexeiras,Servicos de borracharia para veiculos automotores,2,0,0,0,0,2,0.0,0.0,0.0,2,2,2
Flexeiras,Servicos de capotaria,1,0,0,0,0,1,0.0,0.0,0.0,1,1,1
Flexeiras,Servicos de comunicacao multimidia - scm,2,0,0,0,0,2,0.0,0.0,0.0,2,2,2
Flexeiras,Servicos de engenharia,1,0,0,0,0,1,0.0,0.0,0.0,1,1,1
Flexeiras,Servicos de manutencao e reparacao eletrica de veiculos automotores,1,0,0,0,0,1,0.0,0.0,0.0,1,1,1
Flexeiras,Servicos de manutencao e reparacao mecanica de veiculos automotores,3,0,0,0,0,3,0.0,0.0,0.0,3,3,3
Flexeiras,"Servicos de usinagem, tornearia e solda",6,0,0,0,0,6,0.0,0.0,0.0,6,6,6
Flexeiras,Transmissao de energia eletrica,1,0,0,0,0,1,0.0,0.0,0.0,1,1,1
Girau do Ponciano,Abate de aves,1,0,0,0,0,1,0.0,0.0,0.0,1,1,1
Girau do Ponciano,Aplicacao de revestimentos e de resinas em interiores e exteriores,2,0,0,0,0,2,0.0,0.0,0.0,2,2,2
Girau do Ponciano,Atividades do correio nacional,1,0,0,0,0,1,0.0,0.0,0.0,1,1,1
Girau do Ponciano,"Confeccao de roupas profissionais, exceto sob medida",1,0,0,0,0,1,0.0,0.0,0.0,1,1,1
Girau do Ponciano,"Confeccao, sob medida, de pecas do vestuario, exceto roupas intimas",2,0,0,0,0,2,0.0,0.0,0.0,2,2,2
Girau do Ponciano,Construcao de edificios,15,0,0,0,0,15,0.0,0.0,0.0,15,15,15
Girau do Ponciano,Distribuicao de energia eletrica,1,0,0,0,0,1,0.0,0.0,0.0,1,1,1
Girau do Ponciano,"Extracao de areia, cascalho ou pedregulho e beneficiamento associado",5,0,0,0,0,5,0.0,0.0,0.0,5,5,5
Girau do Ponciano,Fabricacao de artefatos de cimento para uso na construcao,1,0,0,0,0,1,0.0,0.0,0.0,1,1,1
Girau do Ponciano,Fabricacao de artefatos de couro nao especificados anteriormente,1,0,0,0,0,1,0.0,0.0,0.0,1,1,1
Girau do Ponciano,Fabricacao de artefatos texteis para uso domestico,1,0,0,0,0,1,0.0,0.0,0.0,1,1,1
Girau do Ponciano,"Fabricacao de artigos de serralheria, exceto esquadrias",1,0,0,0,0,1,0.0,0.0,0.0,1,1,1
Girau do Ponciano,"Fabricacao de artigos do vestuario, produzidos em malharias e tricotagens, exceto meias",1,0,0,0,0,1,0.0,0.0,0.0,1,1,1
Girau do Ponciano,Fabricacao de aviamentos para costura,1,0,0,0,0,1,0.0,0.0,0.0,1,1,1
Girau do Ponciano,Fabricacao de esquadrias de madeira e de pecas de madeira para instalacoes industriais e comerciais,1,0,0,0,0,1,0.0,0.0,0.0,1,1,1
Girau do Ponciano,"Fabricacao de estruturas pre moldadas de concreto armado, em serie e sob encomenda",1,0,0,0,0,1,0.0,0.0,0.0,1,1,1
Girau do Ponciano,Fabricacao de farinha de mandioca e derivados,3,0,0,0,0,3,0.0,0.0,0.0,3,3,3
Girau do Ponciano,Fabricacao de gelo comum,2,0,0,0,0,2,0.0,0.0,0.0,2,2,2
Girau do Ponciano,Fabricacao de laticinios,1,0,0,0,0,1,0.0,0.0,0.0,1,1,1
Girau do Ponciano,"Fabricacao de letras, letreiros e placas de qualquer material, exceto luminosos",1,0,0,0,0,1,0.0,0.0,0.0,1,1,1
Girau do Ponciano,Fabricacao de moveis com predominancia de madeira,9,0,0,0,0,9,0.0,0.0,0.0,9,9,9
Girau do Ponciano,"Fabricacao de outros artefatos e produtos de concreto, cimento, fibrocimento, gesso e materiais semelhantes",1,0,0,0,0,1,0.0,0.0,0.0,1,1,1
Girau do Ponciano,Fabricacao de outros produtos texteis nao especificados anteriormente,3,0,0,0,0,3,0.0,0.0,0.0,3,3,3
Girau do Ponciano,Fabricacao de produtos de padaria e confeitaria com predominancia de producao propria,6,0,0,0,0,6,0.0,0.0,0.0,6,6,6
Girau do Ponciano,"Fabricacao de produtos de pastas celulosicas, papel, cartolina, papel cartao e papelao ondulado nao especificados anteriormente",1,0,0,0,0,1,0.0,0.0,0.0,1,1,1
Girau do Ponciano,Fabricacao de produtos diversos nao especificados anteriormente,1,0,0,0,0,1,0.0,0.0,0.0,1,1,1
Girau do Ponciano,Fabricacao de sorvetes e outros gelados comestiveis,1,0,0,0,0,1,0.0,0.0,0.0,1,1,1
Girau do Ponciano,Fornecimento de alimentos preparados preponderantemente para empresas,1,0,0,0,0,1,0.0,0.0,0.0,1,1,1
Girau do Ponciano,Impressao de material para outros usos,1,0,0,0,0,1,0.0,0.0,0.0,1,1,1
Girau do Ponciano,Incorporacao de empreendimentos imobiliarios,3,0,0,0,0,3,0.0,0.0,0.0,3,3,3
Girau do Ponciano,"Instalacao e manutencao de sistemas centrais de ar condicionado, de ventilacao e refrigeracao",3,0,0,0,0,3,0.0,0.0,0.0,3,3,3
Girau do Ponciano,Instalacao e manutencao eletrica,8,0,0,0,0,8,0.0,0.0,0.0,8,8,8
Girau do Ponciano,Manutencao e reparacao de maquinas e aparelhos de refrigeracao e ventilacao para uso industrial e comercial,1,0,0,0,0,1,0.0,0.0,0.0,1,1,1
Girau do Ponciano,Manutencao e reparacao de motocicletas e motonetas,3,0,0,0,0,3,0.0,0.0,0.0,3,3,3
Girau do Ponciano,Obras de acabamento em gesso e estuque,2,0,0,0,0,2,0.0,0.0,0.0,2,2,2
Girau do Ponciano,Obras de alvenaria,14,0,0,0,0,14,0.0,0.0,0.0,14,14,14
Girau do Ponciano,Obras de terraplenagem,3,0,0,0,0,3,0.0,0.0,0.0,3,3,3
Girau do Ponciano,Outras atividades de telecomunicacoes nao especificadas anteriormente,1,0,0,0,0,1,0.0,0.0,0.0,1,1,1
Girau do Ponciano,Outras obras de acabamento da construcao,2,0,0,0,0,2,0.0,0.0,0.0,2,2,2
Girau do Ponciano,Perfuracao e construcao de pocos de agua,1,0,0,0,0,1,0.0,0.0,0.0,1,1,1
Girau do Ponciano,Preparacao de massa de concreto e argamassa para construcao,1,0,0,0,0,1,0.0,0.0,0.0,1,1,1
Girau do Ponciano,Provedores de acesso as redes de comunicacoes,3,1,0,0,1,2,33.3333,0.0,33.3333,2,3,2
Girau do Ponciano,Servicos de borracharia para veiculos automotores,1,0,0,0,0,1,0.0,0.0,0.0,1,1,1
Girau do Ponciano,Servicos de comunicacao multimidia - scm,3,1,0,0,1,2,33.3333,0.0,33.3333,2,3,2
Girau do Ponciano,"Servicos de instalacao, manutencao e reparacao de acessorios para veiculos automotores",2,0,0,0,0,2,0.0,0.0,0.0,2,2,2
Girau do Ponciano,Servicos de lanternagem ou funilaria e pintura de veiculos automotores,4,0,0,0,0,4,0.0,0.0,0.0,4,4,4
Girau do Ponciano,Servicos de manutencao e reparacao mecanica de veiculos automotores,8,0,1,0,1,7,0.0,12.5,12.5,8,7,7
Girau do Ponciano,Servicos de pintura de edificios em geral,4,0,0,0,0,4,0.0,0.0,0.0,4,4,4
Girau do Ponciano,Transmissao de energia eletrica,1,0,0,0,0,1,0.0,0.0,0.0,1,1,1
Ibateguara,Atividades do correio nacional,1,0,0,0,0,1,0.0,0.0,0.0,1,1,1
Ibateguara,Construcao de edificios,1,0,0,0,0,1,0.0,0.0,0.0,1,1,1
Ibateguara,"Fabricacao de artigos de serralheria, exceto esquadrias",4,0,0,0,0,4,0.0,0.0,0.0,4,4,4
Ibateguara,Fabricacao de artigos opticos,1,0,0,0,0,1,0.0,0.0,0.0,1,1,1
Ibateguara,"Fabricacao de artigos para viagem, bolsas e semelhantes de qualquer material",1,0,0,0,0,1,0.0,0.0,0.0,1,1,1
Ibateguara,Fabricacao de bijuterias e artefatos semelhantes,1,0,0,0,0,1,0.0,0.0,0.0,1,1,1
Ibateguara,Fabricacao de massas alimenticias,5,0,0,0,0,5,0.0,0.0,0.0,5,5,5
Ibateguara,Fabricacao de moveis com predominancia de madeira,4,0,0,0,0,4,0.0,0.0,0.0,4,4,4
Ibateguara,Fabricacao de outros produtos alimenticios nao especificados anteriormente,1,0,0,0,0,1,0.0,0.0,0.0,1,1,1
Ibateguara,Fabricacao de produtos de padaria e confeitaria com predominancia de producao propria,2,0,0,0,0,2,0.0,0.0,0.0,2,2,2
Ibateguara,Fabricacao de produtos de panificacao industrial,4,0,0,0,0,4,0.0,0.0,0.0,4,4,4
Ibateguara,Fabricacao de produtos diversos nao especificados anteriormente,2,0,0,0,0,2,0.0,0.0,0.0,2,2,2
Ibateguara,"Faccao de pecas do vestuario, exceto roupas intimas",1,0,0,0,0,1,0.0,0.0,0.0,1,1,1
Ibateguara,Incorporacao de empreendimentos imobiliarios,1,0,0,0,0,1,0.0,0.0,0.0,1,1,1
Ibateguara,Instalacao e manutencao eletrica,3,0,0,0,0,3,0.0,0.0,0.0,3,3,3
Ibateguara,Instalacoes de sistema de prevencao contra incendio,1,0,0,0,0,1,0.0,0.0,0.0,1,1,1
Ibateguara,"Instalacoes hidraulicas, sanitarias e de gas",1,0,0,0,0,1,0.0,0.0,0.0,1,1,1
Ibateguara,Manutencao e reparacao de motocicletas e motonetas,2,0,0,0,0,2,0.0,0.0,0.0,2,2,2
Ibateguara,Obras de alvenaria,5,0,0,0,0,5,0.0,0.0,0.0,5,5,5
Ibateguara,Outras atividades de telecomunicacoes nao especificadas anteriormente,1,0,0,0,0,1,0.0,0.0,0.0,1,1,1
Ibateguara,Outras obras de acabamento da construcao,2,0,0,0,0,2,0.0,0.0,0.0,2,2,2
Ibateguara,Outras obras de instalacoes em construcoes nao especificadas anteriormente,1,0,0,0,0,1,0.0,0.0,0.0,1,1,1
Ibateguara,Servicos de borracharia para veiculos automotores,2,0,0,0,0,2,0.0,0.0,0.0,2,2,2
Ibateguara,Servicos de comunicacao multimidia - scm,2,0,0,0,0,2,0.0,0.0,0.0,2,2,2
Ibateguara,Servicos de confeccao de armacoes metalicas para a construcao,1,0,0,0,0,1,0.0,0.0,0.0,1,1,1
Ibateguara,Servicos de engenharia,1,0,0,0,0,1,0.0,0.0,0.0,1,1,1
Ibateguara,Servicos de lanternagem ou funilaria e pintura de veiculos automotores,3,0,0,0,0,3,0.0,0.0,0.0,3,3,3
Ibateguara,Servicos de manutencao e reparacao mecanica de veiculos automotores,2,0,0,0,0,2,0.0,0.0,0.0,2,2,2
Ibateguara,"Servicos de usinagem, tornearia e solda",1,0,0,0,0,1,0.0,0.0,0.0,1,1,1
Ibateguara,Transmissao de energia eletrica,1,0,0,0,0,1,0.0,0.0,0.0,1,1,1
Ibateguara,"Tratamentos termicos, acusticos ou de vibracao",1,0,0,0,0,1,0.0,0.0,0.0,1,1,1
Igaci,Atividades do correio nacional,1,0,0,0,0,1,0.0,0.0,0.0,1,1,1
Igaci,"Confeccao de pecas de vestuario, exceto roupas intimas e as confeccionadas sob medida",1,0,0,0,0,1,0.0,0.0,0.0,1,1,1
Igaci,"Confeccao, sob medida, de pecas do vestuario, exceto roupas intimas",4,0,0,0,0,4,0.0,0.0,0.0,4,4,4
Igaci,Construcao de edificios,5,0,0,0,0,5,0.0,0.0,0.0,5,5,5
Igaci,Construcao de estacoes e redes de distribuicao de energia eletrica,1,0,0,0,0,1,0.0,0.0,0.0,1,1,1
Igaci,Extracao de calcario e dolomita e beneficiamento associado,1,0,0,0,0,1,0.0,0.0,0.0,1,1,1
Igaci,"Fabricacao de artigos de serralheria, exceto esquadrias",2,0,0,0,0,2,0.0,0.0,0.0,2,2,2
Igaci,"Fabricacao de conservas de peixes, crustaceos e moluscos",1,0,0,0,0,1,0.0,0.0,0.0,1,1,1
Igaci,"Fabricacao de cosmeticos, produtos de perfumaria e de higiene pessoal",2,1,0,0,1,1,50.0,0.0,50.0,1,2,1
Igaci,Fabricacao de moveis com predominancia de madeira,3,0,0,0,0,3,0.0,0.0,0.0,3,3,3
Igaci,Fabricacao de produtos de padaria e confeitaria com predominancia de producao propria,2,0,0,0,0,2,0.0,0.0,0.0,2,2,2
Igaci,Fabricacao de produtos de panificacao industrial,2,0,0,0,0,2,0.0,0.0,0.0,2,2,2
Igaci,"Fabricacao de produtos de pastas celulosicas, papel, cartolina, papel cartao e papelao ondulado nao especificados anteriormente",1,0,0,0,0,1,0.0,0.0,0.0,1,1,1
Igaci,Fornecimento de alimentos preparados preponderantemente para empresas,1,0,0,0,0,1,0.0,0.0,0.0,1,1,1
Igaci,"Instalacao e manutencao de sistemas centrais de ar condicionado, de ventilacao e refrigeracao",1,0,0,0,0,1,0.0,0.0,0.0,1,1,1
Igaci,Instalacao e manutencao eletrica,2,0,0,0,0,2,0.0,0.0,0.0,2,2,2
Igaci,"Manutencao e reparacao de equipamentos hidraulicos e pneumaticos, exceto valvulas",1,0,0,0,0,1,0.0,0.0,0.0,1,1,1
Igaci,Manutencao e reparacao de maquinas e equipamentos para agricultura e pecuaria,1,0,0,0,0,1,0.0,0.0,0.0,1,1,1
Igaci,Manutencao e reparacao de motocicletas e motonetas,2,0,0,0,0,2,0.0,0.0,0.0,2,2,2
Igaci,Obras de alvenaria,5,0,0,0,0,5,0.0,0.0,0.0,5,5,5
Igaci,Outras obras de acabamento da construcao,2,0,0,0,0,2,0.0,0.0,0.0,2,2,2
Igaci,Provedores de acesso as redes de comunicacoes,1,0,0,0,0,1,0.0,0.0,0.0,1,1,1
Igaci,Servicos de borracharia para veiculos automotores,1,0,0,0,0,1,0.0,0.0,0.0,1,1,1
Igaci,Servicos de comunicacao multimidia - scm,4,0,0,0,0,4,0.0,0.0,0.0,4,4,4
Igaci,Servicos de engenharia,2,0,0,0,0,2,0.0,0.0,0.0,2,2,2
Igaci,Servicos de lanternagem ou funilaria e pintura de veiculos automotores,2,0,0,0,0,2,0.0,0.0,0.0,2,2,2
Igaci,Servicos de manutencao e reparacao mecanica de veiculos automotores,1,0,1,0,1,0,0.0,100.0,100.0,1,0,0
Igaci,Transmissao de energia eletrica,1,0,0,0,0,1,0.0,0.0,0.0,1,1,1
Igreja Nova,Abate de aves,1,0,0,0,0,1,0.0,0.0,0.0,1,1,1
Igreja Nova,Atividades do correio nacional,1,0,0,0,0,1,0.0,0.0,0.0,1,1,1
Igreja Nova,Beneficiamento de arroz,5,0,0,0,0,5,0.0,0.0,0.0,5,5,5
Igreja Nova,"Confeccao de pecas de vestuario, exceto roupas intimas e as confeccionadas sob medida",2,0,0,0,0,2,0.0,0.0,0.0,2,2,2
Igreja Nova,Construcao de edificios,3,0,0,0,0,3,0.0,0.0,0.0,3,3,3
Igreja Nova,"Estamparia e texturizacao em fios, tecidos, artefatos texteis e pecas do vestuario",1,0,0,0,0,1,0.0,0.0,0.0,1,1,1
Igreja Nova,Extracao de argila e beneficiamento associado,1,0,0,0,0,1,0.0,0.0,0.0,1,1,1
Igreja Nova,Fabricacao de acucar em bruto,1,1,1,1,1,0,100.0,100.0,100.0,0,0,0
Igreja Nova,"Fabricacao de artigos de serralheria, exceto esquadrias",2,0,0,0,0,2,0.0,0.0,0.0,2,2,2
Igreja Nova,Fabricacao de bijuterias e artefatos semelhantes,1,0,0,0,0,1,0.0,0.0,0.0,1,1,1
Igreja Nova,Fabricacao de conservas de frutas,1,0,0,0,0,1,0.0,0.0,0.0,1,1,1
Igreja Nova,Fabricacao de esquadrias de metal,1,0,0,0,0,1,0.0,0.0,0.0,1,1,1
Igreja Nova,Fabricacao de produtos de carne,1,0,0,0,0,1,0.0,0.0,0.0,1,1,1
Igreja Nova,Fabricacao de produtos de padaria e confeitaria com predominancia de producao propria,1,0,0,0,0,1,0.0,0.0,0.0,1,1,1
Igreja Nova,Fabricacao de produtos de panificacao industrial,2,0,0,0,0,2,0.0,0.0,0.0,2,2,2
Igreja Nova,"Fabricacao de produtos de pastas celulosicas, papel, cartolina, papel cartao e papelao ondulado nao especificados anteriormente",1,0,0,0,0,1,0.0,0.0,0.0,1,1,1
Igreja Nova,Fabricacao de produtos derivados do cacau e de chocolates,1,0,0,0,0,1,0.0,0.0,0.0,1,1,1
Igreja Nova,Instalacao de paineis publicitarios,1,0,0,0,0,1,0.0,0.0,0.0,1,1,1
Igreja Nova,"Instalacao e manutencao de sistemas centrais de ar condicionado, de ventilacao e refrigeracao",2,0,0,0,0,2,0.0,0.0,0.0,2,2,2
Igreja Nova,Instalacao e manutencao eletrica,3,0,0,0,0,3,0.0,0.0,0.0,3,3,3
Igreja Nova,Manutencao e reparacao de motocicletas e motonetas,1,0,0,0,0,1,0.0,0.0,0.0,1,1,1
Igreja Nova,"Montagem e instalacao de sistemas e equipamentos de iluminacao e sinalizacao em vias publicas, portos e aeroportos",1,0,0,0,0,1,0.0,0.0,0.0,1,1,1
Igreja Nova,Obras de alvenaria,10,0,0,0,0,10,0.0,0.0,0.0,10,10,10
Igreja Nova,Obras de terraplenagem,2,0,0,0,0,2,0.0,0.0,0.0,2,2,2
Igreja Nova,Provedores de acesso as redes de comunicacoes,2,0,0,0,0,2,0.0,0.0,0.0,2,2,2
Igreja Nova,Servicos de engenharia,3,0,0,0,0,3,0.0,0.0,0.0,3,3,3
Igreja Nova,"Servicos de instalacao, manutencao e reparacao de acessorios para veiculos automotores",1,0,0,0,0,1,0.0,0.0,0.0,1,1,1
Igreja Nova,Servicos de manutencao e reparacao mecanica de veiculos automotores,2,0,0,0,0,2,0.0,0.0,0.0,2,2,2
Igreja Nova,Servicos de pre impressao,1,0,0,0,0,1,0.0,0.0,0.0,1,1,1
Igreja Nova,Transmissao de energia eletrica,1,0,0,0,0,1,0.0,0.0,0.0,1,1,1
Inhapi,"Aparelhamento de placas e execucao de trabalhos em marmore, granito, ardosia e outras pedras",1,0,0,0,0,1,0.0,0.0,0.0,1,1,1
Inhapi,Atividades do correio nacional,1,0,0,0,0,1,0.0,0.0,0.0,1,1,1
Inhapi,Construcao de edificios,1,0,0,0,0,1,0.0,0.0,0.0,1,1,1
Inhapi,"Fabricacao de artigos de serralheria, exceto esquadrias",1,0,0,0,0,1,0.0,0.0,0.0,1,1,1
Inhapi,"Fabricacao de letras, letreiros e placas de qualquer material, exceto luminosos",2,0,0,0,0,2,0.0,0.0,0.0,2,2,2
Inhapi,Fabricacao de massas alimenticias,1,0,0,0,0,1,0.0,0.0,0.0,1,1,1
Inhapi,"Fabricacao de moveis de outros materiais, exceto madeira e metal",1,0,0,0,0,1,0.0,0.0,0.0,1,1,1
Inhapi,Fabricacao de produtos de padaria e confeitaria com predominancia de producao propria,3,0,0,0,0,3,0.0,0.0,0.0,3,3,3
Inhapi,Fabricacao de produtos de panificacao industrial,4,0,0,0,0,4,0.0,0.0,0.0,4,4,4
Inhapi,Geracao de energia eletrica,4,0,0,0,0,4,0.0,0.0,0.0,4,4,4
Inhapi,Instalacao e manutencao eletrica,2,0,0,0,0,2,0.0,0.0,0.0,2,2,2
Inhapi,Manutencao e reparacao de maquinas e aparelhos de refrigeracao e ventilacao para uso industrial e comercial,1,0,0,0,0,1,0.0,0.0,0.0,1,1,1
Inhapi,Manutencao e reparacao de motocicletas e motonetas,1,0,0,0,0,1,0.0,0.0,0.0,1,1,1
Inhapi,Obras de alvenaria,2,0,0,0,0,2,0.0,0.0,0.0,2,2,2
Inhapi,Outras obras de acabamento da construcao,1,0,0,0,0,1,0.0,0.0,0.0,1,1,1
Inhapi,Perfuracao e construcao de pocos de agua,1,0,0,0,0,1,0.0,0.0,0.0,1,1,1
Inhapi,Provedores de acesso as redes de comunicacoes,1,0,0,0,0,1,0.0,0.0,0.0,1,1,1
Inhapi,Servicos de borracharia para veiculos automotores,1,0,0,0,0,1,0.0,0.0,0.0,1,1,1
Inhapi,Servicos de capotaria,1,0,0,0,0,1,0.0,0.0,0.0,1,1,1
Inhapi,"Servicos de instalacao, manutencao e reparacao de acessorios para veiculos automotores",1,0,0,0,0,1,0.0,0.0,0.0,1,1,1
Inhapi,Servicos de manutencao e reparacao mecanica de veiculos automotores,2,0,0,0,0,2,0.0,0.0,0.0,2,2,2
Inhapi,Servicos de montagem de moveis de qualquer material,1,0,0,0,0,1,0.0,0.0,0.0,1,1,1
Jacaré dos Homens,Acabamento de calcados de couro sob contrato,1,0,0,0,0,1,0.0,0.0,0.0,1,1,1
Jacaré dos Homens,Atividades do correio nacional,1,0,0,0,0,1,0.0,0.0,0.0,1,1,1
Jacaré dos Homens,"Confeccao, sob medida, de pecas do vestuario, exceto roupas intimas",2,0,0,0,0,2,0.0,0.0,0.0,2,2,2
Jacaré dos Homens,Construcao de edificios,1,0,0,0,0,1,0.0,0.0,0.0,1,1,1
Jacaré dos Homens,Fabricacao de produtos de padaria e confeitaria com predominancia de producao propria,1,0,0,0,0,1,0.0,0.0,0.0,1,1,1
Jacaré dos Homens,Fabricacao de produtos de panificacao industrial,1,0,0,0,0,1,0.0,0.0,0.0,1,1,1
Jacaré dos Homens,Geracao de energia eletrica,3,0,0,0,0,3,0.0,0.0,0.0,3,3,3
Jacaré dos Homens,Impressao de material para outros usos,1,0,0,0,0,1,0.0,0.0,0.0,1,1,1
Jacaré dos Homens,Instalacao e manutencao eletrica,1,0,0,0,0,1,0.0,0.0,0.0,1,1,1
Jacaré dos Homens,Obras de alvenaria,1,0,0,0,0,1,0.0,0.0,0.0,1,1,1
Jacaré dos Homens,Servicos de engenharia,1,0,0,0,0,1,0.0,0.0,0.0,1,1,1
Jacaré dos Homens,Servicos de pre impressao,1,0,0,0,0,1,0.0,0.0,0.0,1,1,1
Jacaré dos Homens,Transmissao de energia eletrica,1,0,0,0,0,1,0.0,0.0,0.0,1,1,1
Jacuípe,Atividades do correio nacional,1,0,0,0,0,1,0.0,0.0,0.0,1,1,1
Jacuípe,Construcao de edificios,3,0,0,0,0,3,0.0,0.0,0.0,3,3,3
Jacuípe,"Estamparia e texturizacao em fios, tecidos, artefatos texteis e pecas do vestuario",1,0,0,0,0,1,0.0,0.0,0.0,1,1,1
Jacuípe,Fabricacao de alcool,2,0,0,0,0,2,0.0,0.0,0.0,2,2,2
Jacuípe,"Fabricacao de artigos de serralheria, exceto esquadrias",1,0,0,0,0,1,0.0,0.0,0.0,1,1,1
Jacuípe,Fabricacao de conservas de frutas,1,0,0,0,0,1,0.0,0.0,0.0,1,1,1
Jacuípe,"Fabricacao de outros artefatos e produtos de concreto, cimento, fibrocimento, gesso e materiais semelhantes",1,0,0,0,0,1,0.0,0.0,0.0,1,1,1
Jacuípe,Fabricacao de outros produtos texteis nao especificados anteriormente,1,0,0,0,0,1,0.0,0.0,0.0,1,1,1
Jacuípe,Fabricacao de produtos de panificacao industrial,3,0,0,0,0,3,0.0,0.0,0.0,3,3,3
Jacuípe,Impressao de material para outros usos,1,0,0,0,0,1,0.0,0.0,0.0,1,1,1
Jacuípe,"Instalacao e manutencao de sistemas centrais de ar condicionado, de ventilacao e refrigeracao",3,0,0,0,0,3,0.0,0.0,0.0,3,3,3
Jacuípe,Obras de alvenaria,4,0,0,0,0,4,0.0,0.0,0.0,4,4,4
Jacuípe,Provedores de acesso as redes de comunicacoes,1,0,0,0,0,1,0.0,0.0,0.0,1,1,1
Jacuípe,Servicos de comunicacao multimidia - scm,1,0,0,0,0,1,0.0,0.0,0.0,1,1,1
Jacuípe,Servicos de engenharia,1,0,0,0,0,1,0.0,0.0,0.0,1,1,1
Jacuípe,Servicos de pintura de edificios em geral,2,0,0,0,0,2,0.0,0.0,0.0,2,2,2
Jacuípe,Transmissao de energia eletrica,2,0,0,0,0,2,0.0,0.0,0.0,2,2,2
Japaratinga,Administracao de obras,1,0,0,0,0,1,0.0,0.0,0.0,1,1,1
Japaratinga,Atividades do correio nacional,1,0,0,0,0,1,0.0,0.0,0.0,1,1,1
Japaratinga,"Captacao, tratamento e distribuicao de agua",1,0,0,0,0,1,0.0,0.0,0.0,1,1,1
Japaratinga,"Confeccao, sob medida, de pecas do vestuario, exceto roupas intimas",2,0,0,0,0,2,0.0,0.0,0.0,2,2,2
Japaratinga,Construcao de edificios,6,0,0,0,0,6,0.0,0.0,0.0,6,6,6
Japaratinga,"Extracao de areia, cascalho ou pedregulho e beneficiamento associado",2,0,0,0,0,2,0.0,0.0,0.0,2,2,2
Japaratinga,"Fabricacao de acessorios do vestuario, exceto para seguranca e protecao",1,0,0,0,0,1,0.0,0.0,0.0,1,1,1
Japaratinga,Fabricacao de artefatos de material plastico para outros usos nao especificados anteriormente,1,0,0,0,0,1,0.0,0.0,0.0,1,1,1
Japaratinga,"Fabricacao de artefatos diversos de cortica, bambu, palha, vime e outros materiais trancados, exceto moveis",1,0,0,0,0,1,0.0,0.0,0.0,1,1,1
Japaratinga,"Fabricacao de artigos do vestuario, produzidos em malharias e tricotagens, exceto meias",1,0,0,0,0,1,0.0,0.0,0.0,1,1,1
Japaratinga,Fabricacao de gelo comum,1,0,0,0,0,1,0.0,0.0,0.0,1,1,1
Japaratinga,Fabricacao de massas alimenticias,2,0,0,0,0,2,0.0,0.0,0.0,2,2,2
Japaratinga,Fabricacao de produtos de padaria e confeitaria com predominancia de producao propria,1,0,0,0,0,1,0.0,0.0,0.0,1,1,1
Japaratinga,"Fabricacao de sucos de frutas, hortalicas e legumes, exceto concentrados",1,0,0,0,0,1,0.0,0.0,0.0,1,1,1
Japaratinga,Impressao de material para uso publicitario,1,0,0,0,0,1,0.0,0.0,0.0,1,1,1
Japaratinga,Incorporacao de empreendimentos imobiliarios,2,0,0,0,0,2,0.0,0.0,0.0,2,2,2
Japaratinga,"Instalacao e manutencao de sistemas centrais de ar condicionado, de ventilacao e refrigeracao",2,0,0,0,0,2,0.0,0.0,0.0,2,2,2
Japaratinga,Instalacao e manutencao eletrica,6,0,0,0,0,6,0.0,0.0,0.0,6,6,6
Japaratinga,Manutencao e reparacao de motocicletas e motonetas,1,0,0,0,0,1,0.0,0.0,0.0,1,1,1
Japaratinga,Obras de acabamento em gesso e estuque,4,0,0,0,0,4,0.0,0.0,0.0,4,4,4
Japaratinga,Obras de alvenaria,9,0,0,0,0,9,0.0,0.0,0.0,9,9,9
Japaratinga,Obras de terraplenagem,1,0,0,0,0,1,0.0,0.0,0.0,1,1,1
Japaratinga,Outras obras de engenharia civil nao especificadas anteriormente,1,0,0,0,0,1,0.0,0.0,0.0,1,1,1
Japaratinga,Provedores de acesso as redes de comunicacoes,3,0,0,0,0,3,0.0,0.0,0.0,3,3,3
Japaratinga,Recuperacao de materiais plasticos,1,0,0,0,0,1,0.0,0.0,0.0,1,1,1
Japaratinga,Servicos de comunicacao multimidia - scm,1,0,0,0,0,1,0.0,0.0,0.0,1,1,1
Japaratinga,Servicos de manutencao e reparacao eletrica de veiculos automotores,1,0,0,0,0,1,0.0,0.0,0.0,1,1,1
Japaratinga,Servicos de manutencao e reparacao mecanica de veiculos automotores,1,0,0,0,0,1,0.0,0.0,0.0,1,1,1
Japaratinga,"Servicos de usinagem, tornearia e solda",1,0,0,0,0,1,0.0,0.0,0.0,1,1,1
Jaramataia,Atividades do correio nacional,1,0,0,0,0,1,0.0,0.0,0.0,1,1,1
Jaramataia,Construcao de edificios,1,0,0,0,0,1,0.0,0.0,0.0,1,1,1
Jaramataia,"Estamparia e texturizacao em fios, tecidos, artefatos texteis e pecas do vestuario",1,0,0,0,0,1,0.0,0.0,0.0,1,1,1
Jaramataia,"Extracao de minerais para fabricacao de adubos, fertilizantes e outros produtos quimicos",1,1,0,0,1,0,100.0,0.0,100.0,0,1,0
Jaramataia,Fabricacao de massas alimenticias,1,0,0,0,0,1,0.0,0.0,0.0,1,1,1
Jaramataia,Fabricacao de produtos de padaria e confeitaria com predominancia de producao propria,2,0,0,0,0,2,0.0,0.0,0.0,2,2,2
Jaramataia,Fabricacao de produtos de panificacao industrial,1,0,0,0,0,1,0.0,0.0,0.0,1,1,1
Jaramataia,"Fabricacao de tintas, vernizes, esmaltes e lacas",1,0,0,0,0,1,0.0,0.0,0.0,1,1,1
Jaramataia,Incorporacao de empreendimentos imobiliarios,1,0,0,0,0,1,0.0,0.0,0.0,1,1,1
Jaramataia,Manutencao e reparacao de motocicletas e motonetas,1,0,0,0,0,1,0.0,0.0,0.0,1,1,1
Jaramataia,Preparacao do leite,1,0,0,0,0,1,0.0,0.0,0.0,1,1,1
Jaramataia,Servicos de borracharia para veiculos automotores,1,0,0,0,0,1,0.0,0.0,0.0,1,1,1
Jaramataia,Servicos de manutencao e reparacao mecanica de veiculos automotores,1,0,0,0,0,1,0.0,0.0,0.0,1,1,1
Jequiá da Praia,Atividades do correio nacional,1,0,0,0,0,1,0.0,0.0,0.0,1,1,1
Jequiá da Praia,"Captacao, tratamento e distribuicao de agua",1,0,0,0,0,1,0.0,0.0,0.0,1,1,1
Jequiá da Praia,Coleta de residuos nao perigosos,1,0,0,0,0,1,0.0,0.0,0.0,1,1,1
Jequiá da Praia,"Confeccao de pecas de vestuario, exceto roupas intimas e as confeccionadas sob medida",1,0,0,0,0,1,0.0,0.0,0.0,1,1,1
Jequiá da Praia,"Confeccao, sob medida, de pecas do vestuario, exceto roupas intimas",1,0,0,0,0,1,0.0,0.0,0.0,1,1,1
Jequiá da Praia,"Decoracao, lapidacao, gravacao, vitrificacao e outros trabalhos em ceramica, louca, vidro e cristal",1,0,0,0,0,1,0.0,0.0,0.0,1,1,1
Jequiá da Praia,"Extracao de areia, cascalho ou pedregulho e beneficiamento associado",1,0,0,0,0,1,0.0,0.0,0.0,1,1,1
Jequiá da Praia,Fabricacao de acucar em bruto,1,0,0,0,0,1,0.0,0.0,0.0,1,1,1
Jequiá da Praia,"Fabricacao de artigos de serralheria, exceto esquadrias",1,0,0,0,0,1,0.0,0.0,0.0,1,1,1
Jequiá da Praia,Fabricacao de conservas de frutas,1,0,0,0,0,1,0.0,0.0,0.0,1,1,1
Jequiá da Praia,Fabricacao de esquadrias de metal,2,0,0,0,0,2,0.0,0.0,0.0,2,2,2
Jequiá da Praia,"Fabricacao de estruturas pre moldadas de concreto armado, em serie e sob encomenda",2,0,0,0,0,2,0.0,0.0,0.0,2,2,2
Jequiá da Praia,Fabricacao de gelo comum,1,0,0,0,0,1,0.0,0.0,0.0,1,1,1
Jequiá da Praia,Fabricacao de massas alimenticias,1,0,0,0,0,1,0.0,0.0,0.0,1,1,1
Jequiá da Praia,Fabricacao de moveis com predominancia de madeira,1,0,0,0,0,1,0.0,0.0,0.0,1,1,1
Jequiá da Praia,Fabricacao de obras de caldeiraria pesada,1,0,0,0,0,1,0.0,0.0,0.0,1,1,1
Jequiá da Praia,Fabricacao de outros artigos de carpintaria para construcao,6,0,0,0,0,6,0.0,0.0,0.0,6,6,6
Jequiá da Praia,Fabricacao de produtos de padaria e confeitaria com predominancia de producao propria,2,0,0,0,0,2,0.0,0.0,0.0,2,2,2
Jequiá da Praia,Fabricacao de produtos de panificacao industrial,3,0,0,0,0,3,0.0,0.0,0.0,3,3,3
Jequiá da Praia,"Fabricacao de produtos de papel, cartolina, papel cartao e papelao ondulado para uso industrial, comercial e de escritorio",1,0,0,0,0,1,0.0,0.0,0.0,1,1,1
Jequiá da Praia,Fabricacao de produtos diversos nao especificados anteriormente,1,0,0,0,0,1,0.0,0.0,0.0,1,1,1
Jequiá da Praia,"Fabricacao de sucos concentrados de frutas, hortalicas e legumes",1,0,0,0,0,1,0.0,0.0,0.0,1,1,1
Jequiá da Praia,"Faccao de pecas do vestuario, exceto roupas intimas",2,0,0,0,0,2,0.0,0.0,0.0,2,2,2
Jequiá da Praia,Fornecimento de alimentos preparados preponderantemente para empresas,2,0,0,0,0,2,0.0,0.0,0.0,2,2,2
Jequiá da Praia,Geracao de energia eletrica,1,0,0,0,0,1,0.0,0.0,0.0,1,1,1
Jequiá da Praia,Incorporacao de empreendimentos imobiliarios,2,0,0,0,0,2,0.0,0.0,0.0,2,2,2
Jequiá da Praia,"Instalacao de portas, janelas, tetos, divisorias e armarios embutidos de qualquer material",1,0,0,0,0,1,0.0,0.0,0.0,1,1,1
Jequiá da Praia,Instalacao e manutencao eletrica,1,0,0,0,0,1,0.0,0.0,0.0,1,1,1
Jequiá da Praia,Manutencao e reparacao de motocicletas e motonetas,1,0,0,0,0,1,0.0,0.0,0.0,1,1,1
Jequiá da Praia,Obras de acabamento em gesso e estuque,3,0,0,0,0,3,0.0,0.0,0.0,3,3,3
Jequiá da Praia,Obras de alvenaria,6,0,0,0,0,6,0.0,0.0,0.0,6,6,6
Jequiá da Praia,Obras de terraplenagem,1,0,0,0,0,1,0.0,0.0,0.0,1,1,1
Jequiá da Praia,"Outros servicos de acabamento em fios, tecidos, artefatos texteis e pecas do vestuario",1,0,0,0,0,1,0.0,0.0,0.0,1,1,1
Jequiá da Praia,Servicos de borracharia para veiculos automotores,1,0,0,0,0,1,0.0,0.0,0.0,1,1,1
Jequiá da Praia,Servicos de capotaria,1,0,0,0,0,1,0.0,0.0,0.0,1,1,1
Jequiá da Praia,Servicos de confeccao de armacoes metalicas para a construcao,2,0,0,0,0,2,0.0,0.0,0.0,2,2,2
Jequiá da Praia,Servicos de manutencao e reparacao mecanica de veiculos automotores,1,0,0,0,0,1,0.0,0.0,0.0,1,1,1
Jequiá da Praia,Servicos de pintura de edificios em geral,1,0,0,0,0,1,0.0,0.0,0.0,1,1,1
Jequiá da Praia,"Servicos de usinagem, tornearia e solda",2,0,0,0,0,2,0.0,0.0,0.0,2,2,2
Joaquim Gomes,Abate de aves,1,0,0,0,0,1,0.0,0.0,0.0,1,1,1
Joaquim Gomes,Atividades do correio nacional,1,0,0,0,0,1,0.0,0.0,0.0,1,1,1
Joaquim Gomes,Coleta de residuos nao perigosos,1,0,0,0,0,1,0.0,0.0,0.0,1,1,1
Joaquim Gomes,"Confeccao, sob medida, de pecas do vestuario, exceto roupas intimas",4,0,0,0,0,4,0.0,0.0,0.0,4,4,4
Joaquim Gomes,Construcao de edificios,6,0,0,0,0,6,0.0,0.0,0.0,6,6,6
Joaquim Gomes,Distribuicao de energia eletrica,1,0,0,0,0,1,0.0,0.0,0.0,1,1,1
Joaquim Gomes,Fabricacao de aguardente de cana de acucar,2,0,0,0,0,2,0.0,0.0,0.0,2,2,2
Joaquim Gomes,Fabricacao de alcool,2,0,0,0,0,2,0.0,0.0,0.0,2,2,2
Joaquim Gomes,Fabricacao de alimentos e pratos prontos,1,0,0,0,0,1,0.0,0.0,0.0,1,1,1
Joaquim Gomes,Fabricacao de bijuterias e artefatos semelhantes,1,0,0,0,0,1,0.0,0.0,0.0,1,1,1
Joaquim Gomes,Fabricacao de esquadrias de metal,1,0,0,0,0,1,0.0,0.0,0.0,1,1,1
Joaquim Gomes,"Fabricacao de letras, letreiros e placas de qualquer material, exceto luminosos",1,0,0,0,0,1,0.0,0.0,0.0,1,1,1
Joaquim Gomes,Fabricacao de moveis com predominancia de madeira,2,0,0,0,0,2,0.0,0.0,0.0,2,2,2
Joaquim Gomes,Fabricacao de outros produtos texteis nao especificados anteriormente,1,0,0,0,0,1,0.0,0.0,0.0,1,1,1
Joaquim Gomes,Fabricacao de produtos de padaria e confeitaria com predominancia de producao propria,1,0,0,0,0,1,0.0,0.0,0.0,1,1,1
Joaquim Gomes,Fabricacao de produtos de panificacao industrial,1,0,0,0,0,1,0.0,0.0,0.0,1,1,1
Joaquim Gomes,Fornecimento de alimentos preparados preponderantemente para empresas,1,0,0,0,0,1,0.0,0.0,0.0,1,1,1
Joaquim Gomes,"Instalacao e manutencao de sistemas centrais de ar condicionado, de ventilacao e refrigeracao",1,0,0,0,0,1,0.0,0.0,0.0,1,1,1
Joaquim Gomes,Instalacao e manutencao eletrica,3,0,0,0,0,3,0.0,0.0,0.0,3,3,3
Joaquim Gomes,"Manutencao e reparacao de equipamentos hidraulicos e pneumaticos, exceto valvulas",1,0,0,0,0,1,0.0,0.0,0.0,1,1,1
Joaquim Gomes,Manutencao e reparacao de maquinas e aparelhos de refrigeracao e ventilacao para uso industrial e comercial,1,0,0,0,0,1,0.0,0.0,0.0,1,1,1
Joaquim Gomes,"Manutencao e reparacao de maquinas, aparelhos e materiais eletricos nao especificados anteriormente",1,0,0,0,0,1,0.0,0.0,0.0,1,1,1
Joaquim Gomes,Manutencao e reparacao de motocicletas e motonetas,8,0,0,0,0,8,0.0,0.0,0.0,8,8,8
Joaquim Gomes,Obras de alvenaria,14,0,0,0,0,14,0.0,0.0,0.0,14,14,14
Joaquim Gomes,Outras atividades de telecomunicacoes nao especificadas anteriormente,1,0,0,0,0,1,0.0,0.0,0.0,1,1,1
Joaquim Gomes,"Outros servicos de acabamento em fios, tecidos, artefatos texteis e pecas do vestuario",1,0,0,0,0,1,0.0,0.0,0.0,1,1,1
Joaquim Gomes,Preparacao de massa de concreto e argamassa para construcao,1,1,0,0,1,0,100.0,0.0,100.0,0,1,0
Joaquim Gomes,Producao de artefatos estampados de metal,1,0,0,0,0,1,0.0,0.0,0.0,1,1,1
Joaquim Gomes,Provedores de acesso as redes de comunicacoes,1,0,0,0,0,1,0.0,0.0,0.0,1,1,1
Joaquim Gomes,Servicos de borracharia para veiculos automotores,2,0,0,0,0,2,0.0,0.0,0.0,2,2,2
Joaquim Gomes,Servicos de comunicacao multimidia - scm,1,0,0,0,0,1,0.0,0.0,0.0,1,1,1
Joaquim Gomes,"Servicos de instalacao, manutencao e reparacao de acessorios para veiculos automotores",1,0,0,0,0,1,0.0,0.0,0.0,1,1,1
Joaquim Gomes,Servicos de lanternagem ou funilaria e pintura de veiculos automotores,1,0,0,0,0,1,0.0,0.0,0.0,1,1,1
Joaquim Gomes,Servicos de manutencao e reparacao eletrica de veiculos automotores,1,0,0,0,0,1,0.0,0.0,0.0,1,1,1
Joaquim Gomes,Servicos de manutencao e reparacao mecanica de veiculos automotores,5,0,0,0,0,5,0.0,0.0,0.0,5,5,5
Joaquim Gomes,Servicos de pre impressao,2,0,0,0,0,2,0.0,0.0,0.0,2,2,2
Joaquim Gomes,"Servicos de usinagem, tornearia e solda",1,0,0,0,0,1,0.0,0.0,0.0,1,1,1
Joaquim Gomes,Transmissao de energia eletrica,1,0,0,0,0,1,0.0,0.0,0.0,1,1,1
Jundiá,Atividades do correio nacional,1,0,0,0,0,1,0.0,0.0,0.0,1,1,1
Jundiá,Construcao de edificios,1,0,0,0,0,1,0.0,0.0,0.0,1,1,1
Jundiá,"Estamparia e texturizacao em fios, tecidos, artefatos texteis e pecas do vestuario",1,0,0,0,0,1,0.0,0.0,0.0,1,1,1
Jundiá,Fabricacao de moveis com predominancia de madeira,1,0,0,0,0,1,0.0,0.0,0.0,1,1,1
Jundiá,Fabricacao de produtos de panificacao industrial,2,0,0,0,0,2,0.0,0.0,0.0,2,2,2
Jundiá,Fornecimento de alimentos preparados preponderantemente para empresas,1,0,0,0,0,1,0.0,0.0,0.0,1,1,1
Jundiá,Instalacao de paineis publicitarios,1,0,0,0,0,1,0.0,0.0,0.0,1,1,1
Jundiá,Manutencao e reparacao de motocicletas e motonetas,2,0,0,0,0,2,0.0,0.0,0.0,2,2,2
Jundiá,Obras de alvenaria,2,0,0,0,0,2,0.0,0.0,0.0,2,2,2
Jundiá,Producao de artefatos estampados de metal,1,0,0,0,0,1,0.0,0.0,0.0,1,1,1
Jundiá,Servicos de borracharia para veiculos automotores,2,0,0,0,0,2,0.0,0.0,0.0,2,2,2
Jundiá,Servicos de confeccao de armacoes metalicas para a construcao,1,0,0,0,0,1,0.0,0.0,0.0,1,1,1
Jundiá,Servicos de engenharia,1,0,0,0,0,1,0.0,0.0,0.0,1,1,1
Jundiá,Servicos de pintura de edificios em geral,1,0,0,0,0,1,0.0,0.0,0.0,1,1,1
Junqueiro,Aplicacao de revestimentos e de resinas em interiores e exteriores,1,0,0,0,0,1,0.0,0.0,0.0,1,1,1
Junqueiro,Atividades de franqueadas do correio nacional,1,0,0,0,0,1,0.0,0.0,0.0,1,1,1
Junqueiro,Atividades do correio nacional,1,0,0,0,0,1,0.0,0.0,0.0,1,1,1
Junqueiro,"Confeccao de pecas de vestuario, exceto roupas intimas e as confeccionadas sob medida",3,0,0,0,0,3,0.0,0.0,0.0,3,3,3
Junqueiro,"Confeccao, sob medida, de pecas do vestuario, exceto roupas intimas",3,0,0,0,0,3,0.0,0.0,0.0,3,3,3
Junqueiro,Construcao de edificios,4,0,0,0,0,4,0.0,0.0,0.0,4,4,4
Junqueiro,Construcao de rodovias e ferrovias,1,0,0,0,0,1,0.0,0.0,0.0,1,1,1
Junqueiro,"Extracao de areia, cascalho ou pedregulho e beneficiamento associado",2,0,0,0,0,2,0.0,0.0,0.0,2,2,2
Junqueiro,Fabricacao de aguardente de cana de acucar,1,0,0,0,0,1,0.0,0.0,0.0,1,1,1
Junqueiro,"Fabricacao de artefatos diversos de madeira, exceto moveis",2,0,0,0,0,2,0.0,0.0,0.0,2,2,2
Junqueiro,Fabricacao de artigos de cutelaria,1,0,0,0,0,1,0.0,0.0,0.0,1,1,1
Junqueiro,"Fabricacao de artigos de serralheria, exceto esquadrias",2,0,0,0,0,2,0.0,0.0,0.0,2,2,2
Junqueiro,"Fabricacao de artigos do vestuario, produzidos em malharias e tricotagens, exceto meias",1,0,0,0,0,1,0.0,0.0,0.0,1,1,1
Junqueiro,Fabricacao de farinha de mandioca e derivados,1,0,0,0,0,1,0.0,0.0,0.0,1,1,1
Junqueiro,Fabricacao de gelo comum,1,0,0,0,0,1,0.0,0.0,0.0,1,1,1
Junqueiro,Fabricacao de laticinios,1,0,0,0,0,1,0.0,0.0,0.0,1,1,1
Junqueiro,"Fabricacao de letras, letreiros e placas de qualquer material, exceto luminosos",2,0,0,0,0,2,0.0,0.0,0.0,2,2,2
Junqueiro,Fabricacao de massas alimenticias,1,0,0,0,0,1,0.0,0.0,0.0,1,1,1
Junqueiro,Fabricacao de moveis com predominancia de madeira,5,0,0,0,0,5,0.0,0.0,0.0,5,5,5
Junqueiro,"Fabricacao de moveis de outros materiais, exceto madeira e metal",1,0,0,0,0,1,0.0,0.0,0.0,1,1,1
Junqueiro,"Fabricacao de outros artefatos e produtos de concreto, cimento, fibrocimento, gesso e materiais semelhantes",1,0,0,0,0,1,0.0,0.0,0.0,1,1,1
Junqueiro,"Fabricacao de outros produtos do fumo, exceto cigarros, cigarrilhas e charutos",1,0,0,0,0,1,0.0,0.0,0.0,1,1,1
Junqueiro,Fabricacao de outros produtos texteis nao especificados anteriormente,1,0,0,0,0,1,0.0,0.0,0.0,1,1,1
Junqueiro,Fabricacao de produtos de padaria e confeitaria com predominancia de producao propria,8,0,0,0,0,8,0.0,0.0,0.0,8,8,8
Junqueiro,Fabricacao de produtos de panificacao industrial,4,0,0,0,0,4,0.0,0.0,0.0,4,4,4
Junqueiro,Fabricacao de produtos diversos nao especificados anteriormente,3,0,0,0,0,3,0.0,0.0,0.0,3,3,3
Junqueiro,"Fabricacao de tintas, vernizes, esmaltes e lacas",1,0,0,0,0,1,0.0,0.0,0.0,1,1,1
Junqueiro,"Faccao de pecas do vestuario, exceto roupas intimas",1,0,0,0,0,1,0.0,0.0,0.0,1,1,1
Junqueiro,Frigorifico - abate de bovinos,1,0,0,0,0,1,0.0,0.0,0.0,1,1,1
Junqueiro,Impressao de material para outros usos,1,0,0,0,0,1,0.0,0.0,0.0,1,1,1
Junqueiro,Impressao de material para uso publicitario,1,0,0,0,0,1,0.0,0.0,0.0,1,1,1
Junqueiro,Incorporacao de empreendimentos imobiliarios,1,0,0,0,0,1,0.0,0.0,0.0,1,1,1
Junqueiro,Instalacao de maquinas e equipamentos industriais,1,0,0,0,0,1,0.0,0.0,0.0,1,1,1
Junqueiro,"Instalacao e manutencao de sistemas centrais de ar condicionado, de ventilacao e refrigeracao",5,0,0,0,0,5,0.0,0.0,0.0,5,5,5
Junqueiro,Instalacao e manutencao eletrica,11,0,0,0,0,11,0.0,0.0,0.0,11,11,11
Junqueiro,Manutencao e reparacao de maquinas e aparelhos de refrigeracao e ventilacao para uso industrial e comercial,3,0,0,0,0,3,0.0,0.0,0.0,3,3,3
Junqueiro,Manutencao e reparacao de maquinas e equipamentos para agricultura e pecuaria,1,0,0,0,0,1,0.0,0.0,0.0,1,1,1
Junqueiro,Manutencao e reparacao de motocicletas e motonetas,8,0,0,0,0,8,0.0,0.0,0.0,8,8,8
Junqueiro,"Manutencao e reparacao de tanques, reservatorios metalicos e caldeiras, exceto para veiculos",1,0,0,0,0,1,0.0,0.0,0.0,1,1,1
Junqueiro,Moagem e fabricacao de produtos de origem vegetal nao especificados anteriormente,1,0,0,0,0,1,0.0,0.0,0.0,1,1,1
Junqueiro,Obras de alvenaria,17,0,0,0,0,17,0.0,0.0,0.0,17,17,17
Junqueiro,Obras de fundacoes,1,0,0,0,0,1,0.0,0.0,0.0,1,1,1
Junqueiro,Obras de terraplenagem,1,0,0,0,0,1,0.0,0.0,0.0,1,1,1
Junqueiro,Outras obras de acabamento da construcao,1,0,0,0,0,1,0.0,0.0,0.0,1,1,1
Junqueiro,"Outros servicos de acabamento em fios, tecidos, artefatos texteis e pecas do vestuario",2,0,0,0,0,2,0.0,0.0,0.0,2,2,2
Junqueiro,Producao de artefatos estampados de metal,1,0,0,0,0,1,0.0,0.0,0.0,1,1,1
Junqueiro,"Producao de relaminados, trefilados e perfilados de aco, exceto arames",2,0,0,0,0,2,0.0,0.0,0.0,2,2,2
Junqueiro,Provedores de acesso as redes de comunicacoes,3,0,0,0,0,3,0.0,0.0,0.0,3,3,3
Junqueiro,Servicos de borracharia para veiculos automotores,1,0,0,0,0,1,0.0,0.0,0.0,1,1,1
Junqueiro,Servicos de engenharia,1,0,0,0,0,1,0.0,0.0,0.0,1,1,1
Junqueiro,Servicos de lanternagem ou funilaria e pintura de veiculos automotores,2,0,0,0,0,2,0.0,0.0,0.0,2,2,2
Junqueiro,Servicos de manutencao e reparacao mecanica de veiculos automotores,4,0,0,0,0,4,0.0,0.0,0.0,4,4,4
Junqueiro,Servicos de pintura de edificios em geral,3,0,0,0,0,3,0.0,0.0,0.0,3,3,3
Junqueiro,Servicos de pre impressao,1,0,0,0,0,1,0.0,0.0,0.0,1,1,1
Junqueiro,"Servicos de usinagem, tornearia e solda",4,0,0,0,0,4,0.0,0.0,0.0,4,4,4
Junqueiro,Transmissao de energia eletrica,1,0,0,0,0,1,0.0,0.0,0.0,1,1,1
Lagoa da Canoa,Atividades de franqueadas do correio nacional,1,0,0,0,0,1,0.0,0.0,0.0,1,1,1
Lagoa da Canoa,Atividades do correio nacional,1,0,0,0,0,1,0.0,0.0,0.0,1,1,1
Lagoa da Canoa,Coleta de residuos nao perigosos,1,0,0,0,0,1,0.0,0.0,0.0,1,1,1
Lagoa da Canoa,"Confeccao de pecas de vestuario, exceto roupas intimas e as confeccionadas sob medida",2,0,0,0,0,2,0.0,0.0,0.0,2,2,2
Lagoa da Canoa,"Confeccao, sob medida, de pecas do vestuario, exceto roupas intimas",1,0,0,0,0,1,0.0,0.0,0.0,1,1,1
Lagoa da Canoa,Construcao de edificios,4,0,0,0,0,4,0.0,0.0,0.0,4,4,4
Lagoa da Canoa,Fabricacao de amidos e feculas de vegetais,1,0,0,0,0,1,0.0,0.0,0.0,1,1,1
Lagoa da Canoa,"Fabricacao de artigos de serralheria, exceto esquadrias",3,0,0,0,0,3,0.0,0.0,0.0,3,3,3
Lagoa da Canoa,Fabricacao de farinha de mandioca e derivados,2,0,0,0,0,2,0.0,0.0,0.0,2,2,2
Lagoa da Canoa,Fabricacao de gelo comum,1,0,0,0,0,1,0.0,0.0,0.0,1,1,1
Lagoa da Canoa,Fabricacao de laticinios,2,0,0,0,0,2,0.0,0.0,0.0,2,2,2
Lagoa da Canoa,Fabricacao de massas alimenticias,1,0,0,0,0,1,0.0,0.0,0.0,1,1,1
Lagoa da Canoa,Fabricacao de moveis com predominancia de madeira,1,0,0,0,0,1,0.0,0.0,0.0,1,1,1
Lagoa da Canoa,"Fabricacao de outros produtos do fumo, exceto cigarros, cigarrilhas e charutos",2,0,0,0,0,2,0.0,0.0,0.0,2,2,2
Lagoa da Canoa,Fabricacao de produtos de padaria e confeitaria com predominancia de producao propria,4,0,0,0,0,4,0.0,0.0,0.0,4,4,4
Lagoa da Canoa,Instalacao e manutencao eletrica,7,0,0,0,0,7,0.0,0.0,0.0,7,7,7
Lagoa da Canoa,Manutencao e reparacao de motocicletas e motonetas,1,0,0,0,0,1,0.0,0.0,0.0,1,1,1
Lagoa da Canoa,Obras de alvenaria,3,0,0,0,0,3,0.0,0.0,0.0,3,3,3
Lagoa da Canoa,Obras de terraplenagem,1,1,0,0,1,0,100.0,0.0,100.0,0,1,0
Lagoa da Canoa,"Obras de urbanizacao - ruas, pracas e calcadas",1,0,0,0,0,1,0.0,0.0,0.0,1,1,1
Lagoa da Canoa,Outras atividades de telecomunicacoes nao especificadas anteriormente,1,0,0,0,0,1,0.0,0.0,0.0,1,1,1
Lagoa da Canoa,Outras obras de acabamento da construcao,2,0,0,0,0,2,0.0,0.0,0.0,2,2,2
Lagoa da Canoa,Perfuracao e construcao de pocos de agua,1,0,0,0,0,1,0.0,0.0,0.0,1,1,1
Lagoa da Canoa,Preparacao de massa de concreto e argamassa para construcao,1,0,0,0,0,1,0.0,0.0,0.0,1,1,1
Lagoa da Canoa,Processamento industrial do fumo,1,0,0,0,0,1,0.0,0.0,0.0,1,1,1
Lagoa da Canoa,Recuperacao de materiais plasticos,2,0,0,0,0,2,0.0,0.0,0.0,2,2,2
Lagoa da Canoa,Servicos de borracharia para veiculos automotores,1,0,0,0,0,1,0.0,0.0,0.0,1,1,1
Lagoa da Canoa,Servicos de comunicacao multimidia - scm,1,1,0,0,1,0,100.0,0.0,100.0,0,1,0
Lagoa da Canoa,Servicos de engenharia,3,0,0,0,0,3,0.0,0.0,0.0,3,3,3
Lagoa da Canoa,"Servicos de instalacao, manutencao e reparacao de acessorios para veiculos automotores",1,0,0,0,0,1,0.0,0.0,0.0,1,1,1
Lagoa da Canoa,Servicos de manutencao e reparacao mecanica de veiculos automotores,5,0,0,0,0,5,0.0,0.0,0.0,5,5,5
Lagoa da Canoa,Transmissao de energia eletrica,1,0,0,0,0,1,0.0,0.0,0.0,1,1,1
Limoeiro de Anadia,"Aparelhamento de placas e execucao de trabalhos em marmore, granito, ardosia e outras pedras",3,0,0,0,0,3,0.0,0.0,0.0,3,3,3
Limoeiro de Anadia,Atividades do correio nacional,1,0,0,0,0,1,0.0,0.0,0.0,1,1,1
Limoeiro de Anadia,"Confeccao de pecas de vestuario, exceto roupas intimas e as confeccionadas sob medida",1,0,0,0,0,1,0.0,0.0,0.0,1,1,1
Limoeiro de Anadia,"Confeccao, sob medida, de pecas do vestuario, exceto roupas intimas",2,0,0,0,0,2,0.0,0.0,0.0,2,2,2
Limoeiro de Anadia,Construcao de edificios,19,0,0,0,0,19,0.0,0.0,0.0,19,19,19
Limoeiro de Anadia,Fabricacao de artefatos de cimento para uso na construcao,1,0,0,0,0,1,0.0,0.0,0.0,1,1,1
Limoeiro de Anadia,Fabricacao de artefatos de material plastico para uso pessoal e domestico,1,0,0,0,0,1,0.0,0.0,0.0,1,1,1
Limoeiro de Anadia,"Fabricacao de artigos de serralheria, exceto esquadrias",4,0,0,0,0,4,0.0,0.0,0.0,4,4,4
Limoeiro de Anadia,Fabricacao de biscoitos e bolachas,4,0,0,0,0,4,0.0,0.0,0.0,4,4,4
Limoeiro de Anadia,Fabricacao de cha mate e outros chas prontos para consumo,1,0,0,0,0,1,0.0,0.0,0.0,1,1,1
Limoeiro de Anadia,Fabricacao de conservas de frutas,3,1,0,0,1,2,33.3333,0.0,33.3333,2,3,2
Limoeiro de Anadia,"Fabricacao de cosmeticos, produtos de perfumaria e de higiene pessoal",1,0,0,0,0,1,0.0,0.0,0.0,1,1,1
Limoeiro de Anadia,Fabricacao de embalagens de material plastico,2,0,0,0,0,2,0.0,0.0,0.0,2,2,2
Limoeiro de Anadia,Fabricacao de farinha de mandioca e derivados,1,0,0,0,0,1,0.0,0.0,0.0,1,1,1
Limoeiro de Anadia,Fabricacao de laticinios,2,0,0,0,0,2,0.0,0.0,0.0,2,2,2
Limoeiro de Anadia,Fabricacao de moveis com predominancia de madeira,2,0,0,0,0,2,0.0,0.0,0.0,2,2,2
Limoeiro de Anadia,"Fabricacao de moveis de outros materiais, exceto madeira e metal",1,0,0,0,0,1,0.0,0.0,0.0,1,1,1
Limoeiro de Anadia,"Fabricacao de outros artefatos e produtos de concreto, cimento, fibrocimento, gesso e materiais semelhantes",3,0,1,0,1,2,0.0,33.3333,33.3333,3,2,2
Limoeiro de Anadia,Fabricacao de outros artigos de carpintaria para construcao,1,0,0,0,0,1,0.0,0.0,0.0,1,1,1
Limoeiro de Anadia,Fabricacao de produtos de limpeza e polimento,2,0,0,0,0,2,0.0,0.0,0.0,2,2,2
Limoeiro de Anadia,Fabricacao de produtos de padaria e confeitaria com predominancia de producao propria,3,0,0,0,0,3,0.0,0.0,0.0,3,3,3
Limoeiro de Anadia,Fabricacao de produtos de panificacao industrial,4,0,0,0,0,4,0.0,0.0,0.0,4,4,4
Limoeiro de Anadia,"Fabricacao de produtos de pastas celulosicas, papel, cartolina, papel cartao e papelao ondulado nao especificados anteriormente",1,0,0,0,0,1,0.0,0.0,0.0,1,1,1
Limoeiro de Anadia,Fabricacao de produtos diversos nao especificados anteriormente,4,0,0,0,0,4,0.0,0.0,0.0,4,4,4
Limoeiro de Anadia,"Fabricacao de sucos concentrados de frutas, hortalicas e legumes",1,0,0,0,0,1,0.0,0.0,0.0,1,1,1
Limoeiro de Anadia,Fornecimento de alimentos preparados preponderantemente para empresas,3,0,0,0,0,3,0.0,0.0,0.0,3,3,3
Limoeiro de Anadia,Geracao de energia eletrica,1,0,0,0,0,1,0.0,0.0,0.0,1,1,1
Limoeiro de Anadia,Incorporacao de empreendimentos imobiliarios,2,0,0,0,0,2,0.0,0.0,0.0,2,2,2
Limoeiro de Anadia,Instalacao de maquinas e equipamentos industriais,1,0,0,0,0,1,0.0,0.0,0.0,1,1,1
Limoeiro de Anadia,"Instalacao de portas, janelas, tetos, divisorias e armarios embutidos de qualquer material",2,0,0,0,0,2,0.0,0.0,0.0,2,2,2
Limoeiro de Anadia,"Instalacao e manutencao de sistemas centrais de ar condicionado, de ventilacao e refrigeracao",4,0,0,0,0,4,0.0,0.0,0.0,4,4,4
Limoeiro de Anadia,Instalacao e manutencao eletrica,4,0,0,0,0,4,0.0,0.0,0.0,4,4,4
Limoeiro de Anadia,"Manutencao e reparacao de geradores, transformadores e motores eletricos",1,0,0,0,0,1,0.0,0.0,0.0,1,1,1
Limoeiro de Anadia,Manutencao e reparacao de maquinas e aparelhos de refrigeracao e ventilacao para uso industrial e comercial,2,0,0,0,0,2,0.0,0.0,0.0,2,2,2
Limoeiro de Anadia,"Manutencao e reparacao de maquinas e equipamentos para as industrias de alimentos, bebidas e fumo",1,1,1,1,1,0,100.0,100.0,100.0,0,0,0
Limoeiro de Anadia,Manutencao e reparacao de motocicletas e motonetas,3,0,0,0,0,3,0.0,0.0,0.0,3,3,3
Limoeiro de Anadia,Obras de alvenaria,5,0,0,0,0,5,0.0,0.0,0.0,5,5,5
Limoeiro de Anadia,Obras de terraplenagem,1,0,0,0,0,1,0.0,0.0,0.0,1,1,1
Limoeiro de Anadia,Outras obras de acabamento da construcao,1,0,0,0,0,1,0.0,0.0,0.0,1,1,1
Limoeiro de Anadia,Provedores de acesso as redes de comunicacoes,1,1,0,0,1,0,100.0,0.0,100.0,0,1,0
Limoeiro de Anadia,Recuperacao de sucatas de aluminio,1,0,0,0,0,1,0.0,0.0,0.0,1,1,1
Limoeiro de Anadia,Servicos de borracharia para veiculos automotores,1,0,0,0,0,1,0.0,0.0,0.0,1,1,1
Limoeiro de Anadia,Servicos de comunicacao multimidia - scm,2,0,0,0,0,2,0.0,0.0,0.0,2,2,2
Limoeiro de Anadia,Servicos de engenharia,1,0,0,0,0,1,0.0,0.0,0.0,1,1,1
Limoeiro de Anadia,"Servicos de instalacao, manutencao e reparacao de acessorios para veiculos automotores",1,0,0,0,0,1,0.0,0.0,0.0,1,1,1
Limoeiro de Anadia,Servicos de manutencao e reparacao eletrica de veiculos automotores,1,0,0,0,0,1,0.0,0.0,0.0,1,1,1
Limoeiro de Anadia,Servicos de manutencao e reparacao mecanica de veiculos automotores,2,0,0,0,0,2,0.0,0.0,0.0,2,2,2
Limoeiro de Anadia,Servicos de pintura de edificios em geral,3,0,0,0,0,3,0.0,0.0,0.0,3,3,3
Maceió,Abate de aves,2,1,1,1,1,1,50.0,50.0,50.0,1,1,1
Maceió,Acabamento de calcados de couro sob contrato,28,0,0,0,0,28,0.0,0.0,0.0,28,28,28
Maceió,Administracao de obras,53,2,2,0,4,49,3.7736,3.7736,7.5472,51,51,49
Maceió,Aluguel de andaimes,13,0,0,0,0,13,0.0,0.0,0.0,13,13,13
Maceió,"Aparelhamento de placas e execucao de trabalhos em marmore, granito, ardosia e outras pedras",79,8,1,0,9,70,10.1266,1.2658,11.3924,71,78,70
Maceió,Aplicacao de revestimentos e de resinas em interiores e exteriores,81,0,0,0,0,81,0.0,0.0,0.0,81,81,81
Maceió,Atividades de apoio a extracao de petroleo e gas natural,8,0,0,0,0,8,0.0,0.0,0.0,8,8,8
Maceió,Atividades de coordenacao e controle da operacao da geracao e transmissao de energia eletrica,2,0,0,0,0,2,0.0,0.0,0.0,2,2,2
Maceió,Atividades de franqueadas do correio nacional,17,1,0,0,1,16,5.8824,0.0,5.8824,16,17,16
Maceió,Atividades do correio nacional,19,0,0,0,0,19,0.0,0.0,0.0,19,19,19
Maceió,"Atividades relacionadas a esgoto, exceto a gestao de redes",14,0,0,0,0,14,0.0,0.0,0.0,14,14,14
Maceió,Beneficiamento de arroz,1,1,0,0,1,0,100.0,0.0,100.0,0,1,0
Maceió,"Britamento de pedras, exceto associado a extracao",1,0,0,0,0,1,0.0,0.0,0.0,1,1,1
Maceió,"Captacao, tratamento e distribuicao de agua",17,1,2,1,2,15,5.8824,11.7647,11.7647,16,15,15
Maceió,Coleta de residuos nao perigosos,56,4,0,0,4,52,7.1429,0.0,7.1429,52,56,52
Maceió,Coleta de residuos perigosos,8,1,0,0,1,7,12.5,0.0,12.5,7,8,7
Maceió,Comercio atacadista de energia eletrica,9,0,0,0,0,9,0.0,0.0,0.0,9,9,9
Maceió,"Confeccao de pecas de vestuario, exceto roupas intimas e as confeccionadas sob medida",302,4,1,0,5,297,1.3245,0.3311,1.6556,298,301,297
Maceió,Confeccao de roupas intimas,13,0,0,0,0,13,0.0,0.0,0.0,13,13,13
Maceió,"Confeccao de roupas profissionais, exceto sob medida",16,6,2,2,6,10,37.5,12.5,37.5,10,14,10
Maceió,"Confeccao, sob medida, de pecas do vestuario, exceto roupas intimas",387,2,2,2,2,385,0.5168,0.5168,0.5168,385,385,385
Maceió,"Confeccao, sob medida, de roupas profissionais",5,0,0,0,0,5,0.0,0.0,0.0,5,5,5
Maceió,Construcao de edificios,1075,35,42,12,65,1010,3.2558,3.907,6.0465,1040,1033,1010
Maceió,Construcao de embarcacoes de grande porte,1,0,0,0,0,1,0.0,0.0,0.0,1,1,1
Maceió,Construcao de embarcacoes para esporte e lazer,1,0,0,0,0,1,0.0,0.0,0.0,1,1,1
Maceió,Construcao de estacoes e redes de distribuicao de energia eletrica,9,0,0,0,0,9,0.0,0.0,0.0,9,9,9
Maceió,Construcao de estacoes e redes de telecomunicacoes,7,3,0,0,3,4,42.8571,0.0,42.8571,4,7,4
Maceió,Construcao de instalacoes esportivas e recreativas,2,0,0,0,0,2,0.0,0.0,0.0,2,2,2
Maceió,Construcao de obras de arte especiais,3,0,0,0,0,3,0.0,0.0,0.0,3,3,3
Maceió,"Construcao de redes de abastecimento de agua, coleta de esgoto e construcoes correlatas, exceto obras de irrigacao",19,0,3,0,3,16,0.0,15.7895,15.7895,19,16,16
Maceió,"Construcao de redes de transportes por dutos, exceto para agua e esgoto",3,0,0,0,0,3,0.0,0.0,0.0,3,3,3
Maceió,Construcao de rodovias e ferrovias,57,0,9,0,9,48,0.0,15.7895,15.7895,57,48,48
Maceió,"Decoracao, lapidacao, gravacao, vitrificacao e outros trabalhos em ceramica, louca, vidro e cristal",3,0,0,0,0,3,0.0,0.0,0.0,3,3,3
Maceió,Demolicao de edificios e outras estruturas,1,0,0,0,0,1,0.0,0.0,0.0,1,1,1
Maceió,Descontaminacao e outros servicos de gestao de residuos,2,0,0,0,0,2,0.0,0.0,0.0,2,2,2
Maceió,Desenvolvimento e licenciamento de programas de computador nao customizaveis,44,0,0,0,0,44,0.0,0.0,0.0,44,44,44
Maceió,Distribuicao de energia eletrica,4,0,1,0,1,3,0.0,25.0,25.0,4,3,3
Maceió,"Estamparia e texturizacao em fios, tecidos, artefatos texteis e pecas do vestuario",35,0,0,0,0,35,0.0,0.0,0.0,35,35,35
Maceió,Estudios cinematograficos,4,0,0,0,0,4,0.0,0.0,0.0,4,4,4
Maceió,"Extracao de areia, cascalho ou pedregulho e beneficiamento associado",14,0,0,0,0,14,0.0,0.0,0.0,14,14,14
Maceió,Extracao de granito e beneficiamento associado,1,0,0,0,0,1,0.0,0.0,0.0,1,1,1
Maceió,Extracao de madeira em florestas plantadas,2,0,0,0,0,2,0.0,0.0,0.0,2,2,2
Maceió,Extracao de minerio de metais preciosos,1,0,0,0,0,1,0.0,0.0,0.0,1,1,1
Maceió,Extracao de outros minerais nao metalicos nao especificados anteriormente,2,1,0,0,1,1,50.0,0.0,50.0,1,2,1
Maceió,Extracao de petroleo e gas natural,2,1,0,0,1,1,50.0,0.0,50.0,1,2,1
Maceió,Extracao de sal gema,1,1,0,0,1,0,100.0,0.0,100.0,0,1,0
Maceió,Extracao e britamento de pedras e outros materiais para construcao e beneficiamento associado,3,0,0,0,0,3,0.0,0.0,0.0,3,3,3
Maceió,"Fabricacao de acessorios do vestuario, exceto para seguranca e protecao",10,2,0,0,2,8,20.0,0.0,20.0,8,10,8
Maceió,Fabricacao de acucar em bruto,19,0,0,0,0,19,0.0,0.0,0.0,19,19,19
Maceió,Fabricacao de adesivos e selantes,1,0,0,0,0,1,0.0,0.0,0.0,1,1,1
Maceió,Fabricacao de aditivos de uso industrial,1,0,0,0,0,1,0.0,0.0,0.0,1,1,1
Maceió,"Fabricacao de adubos e fertilizantes, exceto organominerais",2,2,0,0,2,0,100.0,0.0,100.0,0,2,0
Maceió,Fabricacao de aguas envasadas,17,3,1,1,3,14,17.6471,5.8824,17.6471,14,16,14
Maceió,Fabricacao de alcool,4,0,0,0,0,4,0.0,0.0,0.0,4,4,4
Maceió,Fabricacao de alimentos e pratos prontos,133,0,1,0,1,132,0.0,0.7519,0.7519,133,132,132
Maceió,Fabricacao de alimentos para animais,9,0,0,0,0,9,0.0,0.0,0.0,9,9,9
Maceió,Fabricacao de amidos e feculas de vegetais,3,0,0,0,0,3,0.0,0.0,0.0,3,3,3
Maceió,"Fabricacao de aparelhos de recepcao, reproducao, gravacao e amplificacao de audio e video",1,0,0,0,0,1,0.0,0.0,0.0,1,1,1
Maceió,"Fabricacao de aparelhos e equipamentos de medida, teste e controle",3,0,0,0,0,3,0.0,0.0,0.0,3,3,3
Maceió,Fabricacao de aparelhos e equipamentos para distribuicao e controle de energia eletrica,1,0,0,0,0,1,0.0,0.0,0.0,1,1,1
Maceió,Fabricacao de aparelhos e utensilios para correcao de defeitos fisicos e aparelhos ortopedicos em geral sob encomenda,1,0,0,0,0,1,0.0,0.0,0.0,1,1,1
Maceió,"Fabricacao de armas de fogo, outras armas e municoes",1,0,0,0,0,1,0.0,0.0,0.0,1,1,1
Maceió,Fabricacao de artefatos de borracha nao especificados anteriormente,14,0,0,0,0,14,0.0,0.0,0.0,14,14,14
Maceió,"Fabricacao de artefatos de ceramica e barro cozido para uso na construcao, exceto azulejos e pisos",6,0,0,0,0,6,0.0,0.0,0.0,6,6,6
Maceió,Fabricacao de artefatos de cimento para uso na construcao,10,4,1,1,4,6,40.0,10.0,40.0,6,9,6
Maceió,Fabricacao de artefatos de cordoaria,2,0,0,0,0,2,0.0,0.0,0.0,2,2,2
Maceió,Fabricacao de artefatos de couro nao especificados anteriormente,13,0,0,0,0,13,0.0,0.0,0.0,13,13,13
Maceió,Fabricacao de artefatos de joalheria e ourivesaria,16,0,0,0,0,16,0.0,0.0,0.0,16,16,16
Maceió,Fabricacao de artefatos de material plastico para outros usos nao especificados anteriormente,20,3,2,2,3,17,15.0,10.0,15.0,17,18,17
Maceió,"Fabricacao de artefatos de material plastico para uso na construcao, exceto tubos e acessorios",5,0,0,0,0,5,0.0,0.0,0.0,5,5,5
Maceió,Fabricacao de artefatos de material plastico para uso pessoal e domestico,14,5,0,0,5,9,35.7143,0.0,35.7143,9,14,9
Maceió,Fabricacao de artefatos de material plastico para usos industriais,8,1,0,0,1,7,12.5,0.0,12.5,7,8,7
Maceió,Fabricacao de artefatos de tanoaria e de embalagens de madeira,3,2,0,0,2,1,66.6667,0.0,66.6667,1,3,1
Maceió,Fabricacao de artefatos de tapecaria,11,1,0,0,1,10,9.0909,0.0,9.0909,10,11,10
Maceió,"Fabricacao de artefatos diversos de cortica, bambu, palha, vime e outros materiais trancados, exceto moveis",6,0,0,0,0,6,0.0,0.0,0.0,6,6,6
Maceió,"Fabricacao de artefatos diversos de madeira, exceto moveis",71,0,0,0,0,71,0.0,0.0,0.0,71,71,71
Maceió,Fabricacao de artefatos para pesca e esporte,3,0,0,0,0,3,0.0,0.0,0.0,3,3,3
Maceió,Fabricacao de artefatos texteis para uso domestico,11,0,0,0,0,11,0.0,0.0,0.0,11,11,11
Maceió,Fabricacao de artigos de cutelaria,2,0,0,0,0,2,0.0,0.0,0.0,2,2,2
Maceió,Fabricacao de artigos de metal para uso domestico e pessoal,3,0,0,0,0,3,0.0,0.0,0.0,3,3,3
Maceió,"Fabricacao de artigos de serralheria, exceto esquadrias",268,0,0,0,0,268,0.0,0.0,0.0,268,268,268
Maceió,Fabricacao de artigos de vidro,5,0,0,0,0,5,0.0,0.0,0.0,5,5,5
Maceió,"Fabricacao de artigos do vestuario, produzidos em malharias e tricotagens, exceto meias",38,1,0,0,1,37,2.6316,0.0,2.6316,37,38,37
Maceió,"Fabricacao de artigos para viagem, bolsas e semelhantes de qualquer material",31,2,1,1,2,29,6.4516,3.2258,6.4516,29,30,29
Maceió,Fabricacao de aviamentos para costura,3,0,0,0,0,3,0.0,0.0,0.0,3,3,3
Maceió,Fabricacao de bancos e estofados para veiculos automotores,1,0,0,0,0,1,0.0,0.0,0.0,1,1,1
Maceió,Fabricacao de bijuterias e artefatos semelhantes,170,3,0,0,3,167,1.7647,0.0,1.7647,167,170,167
Maceió,"Fabricacao de biocombustiveis, exceto alcool",1,0,0,0,0,1,0.0,0.0,0.0,1,1,1
Maceió,Fabricacao de biscoitos e bolachas,29,0,0,0,0,29,0.0,0.0,0.0,29,29,29
Maceió,"Fabricacao de cabines, carrocerias e reboques para caminhoes",4,1,2,1,2,2,25.0,50.0,50.0,3,2,2
Maceió,"Fabricacao de cabines, carrocerias e reboques para outros veiculos automotores, exceto caminhoes e onibus",2,0,0,0,0,2,0.0,0.0,0.0,2,2,2
Maceió,Fabricacao de cal e gesso,1,0,0,0,0,1,0.0,0.0,0.0,1,1,1
Maceió,Fabricacao de calcados de couro,2,0,0,0,0,2,0.0,0.0,0.0,2,2,2
Maceió,Fabricacao de calcados de materiais nao especificados anteriormente,7,0,0,0,0,7,0.0,0.0,0.0,7,7,7
Maceió,"Fabricacao de canetas, lapis e outros artigos para escritorio",12,0,0,0,0,12,0.0,0.0,0.0,12,12,12
Maceió,Fabricacao de cervejas e chopes,4,2,1,1,2,2,50.0,25.0,50.0,2,3,2
Maceió,Fabricacao de chapas e de embalagens de papelao ondulado,2,1,1,0,2,0,50.0,50.0,100.0,1,1,0
Maceió,Fabricacao de cloro e alcalis,1,0,0,0,0,1,0.0,0.0,0.0,1,1,1
Maceió,Fabricacao de colchoes,6,1,0,0,1,5,16.6667,0.0,16.6667,5,6,5
Maceió,Fabricacao de componentes eletronicos,2,0,0,0,0,2,0.0,0.0,0.0,2,2,2
Maceió,Fabricacao de conservas de frutas,28,0,0,0,0,28,0.0,0.0,0.0,28,28,28
Maceió,"Fabricacao de conservas de legumes e outros vegetais, exceto palmito",3,0,0,0,0,3,0.0,0.0,0.0,3,3,3
Maceió,"Fabricacao de conservas de peixes, crustaceos e moluscos",1,0,0,0,0,1,0.0,0.0,0.0,1,1,1
Maceió,"Fabricacao de cosmeticos, produtos de perfumaria e de higiene pessoal",7,1,0,0,1,6,14.2857,0.0,14.2857,6,7,6
Maceió,Fabricacao de defensivos agricolas,2,0,1,0,1,1,0.0,50.0,50.0,2,1,1
Maceió,Fabricacao de desinfestantes domissanitarios,3,0,0,0,0,3,0.0,0.0,0.0,3,3,3
Maceió,Fabricacao de embalagens de cartolina e papel cartao,4,0,0,0,0,4,0.0,0.0,0.0,4,4,4
Maceió,Fabricacao de embalagens de material plastico,26,7,2,1,8,18,26.9231,7.6923,30.7692,19,24,18
Maceió,Fabricacao de embalagens de papel,12,1,1,1,1,11,8.3333,8.3333,8.3333,11,11,11
Maceió,Fabricacao de equipamentos de transporte nao especificados anteriormente,1,1,0,0,1,0,100.0,0.0,100.0,0,1,0
Maceió,Fabricacao de equipamentos e acessorios para seguranca pessoal e profissional,4,0,0,0,0,4,0.0,0.0,0.0,4,4,4
Maceió,"Fabricacao de equipamentos hidraulicos e pneumaticos, pecas e acessorios, exceto valvulas",2,1,0,0,1,1,50.0,0.0,50.0,1,2,1
Maceió,"Fabricacao de equipamentos para irrigacao agricola, pecas e acessorios",1,1,0,0,1,0,100.0,0.0,100.0,0,1,0
Maceió,"Fabricacao de equipamentos transmissores de comunicacao, pecas e acessorios",1,0,0,0,0,1,0.0,0.0,0.0,1,1,1
Maceió,"Fabricacao de escovas, pinceis e vassouras",1,0,0,0,0,1,0.0,0.0,0.0,1,1,1
Maceió,"Fabricacao de especiarias, molhos, temperos e condimentos",13,0,0,0,0,13,0.0,0.0,0.0,13,13,13
Maceió,Fabricacao de esquadrias de madeira e de pecas de madeira para instalacoes industriais e comerciais,7,3,1,1,3,4,42.8571,14.2857,42.8571,4,6,4
Maceió,Fabricacao de esquadrias de metal,80,2,2,0,4,76,2.5,2.5,5.0,78,78,76
Maceió,Fabricacao de estruturas metalicas,7,2,0,0,2,5,28.5714,0.0,28.5714,5,7,5
Maceió,"Fabricacao de estruturas pre moldadas de concreto armado, em serie e sob encomenda",21,2,1,0,3,18,9.5238,4.7619,14.2857,19,20,18
Maceió,"Fabricacao de farinha de milho e derivados, exceto oleos de milho",3,0,0,0,0,3,0.0,0.0,0.0,3,3,3
Maceió,Fabricacao de ferramentas,6,0,0,0,0,6,0.0,0.0,0.0,6,6,6
Maceió,"Fabricacao de frutas cristalizadas, balas e semelhantes",7,0,0,0,0,7,0.0,0.0,0.0,7,7,7
Maceió,Fabricacao de gases industriais,1,0,0,0,0,1,0.0,0.0,0.0,1,1,1
Maceió,Fabricacao de gelo comum,35,2,1,0,3,32,5.7143,2.8571,8.5714,33,34,32
Maceió,"Fabricacao de geradores de corrente continua e alternada, pecas e acessorios",1,0,0,0,0,1,0.0,0.0,0.0,1,1,1
Maceió,Fabricacao de guarda chuvas e similares,1,0,0,0,0,1,0.0,0.0,0.0,1,1,1
Maceió,"Fabricacao de impermeabilizantes, solventes e produtos afins",1,0,0,0,0,1,0.0,0.0,0.0,1,1,1
Maceió,"Fabricacao de instrumentos musicais, pecas e acessorios",1,0,0,0,0,1,0.0,0.0,0.0,1,1,1
Maceió,Fabricacao de jogos eletronicos,2,0,0,0,0,2,0.0,0.0,0.0,2,2,2
Maceió,Fabricacao de laminados planos e tubulares de material plastico,4,1,1,1,1,3,25.0,25.0,25.0,3,3,3
Maceió,Fabricacao de laticinios,7,0,0,0,0,7,0.0,0.0,0.0,7,7,7
Maceió,"Fabricacao de letras, letreiros e placas de qualquer material, exceto luminosos",73,1,0,0,1,72,1.3699,0.0,1.3699,72,73,72
Maceió,Fabricacao de luminarias e outros equipamentos de iluminacao,6,0,0,0,0,6,0.0,0.0,0.0,6,6,6
Maceió,"Fabricacao de maquinas e aparelhos de refrigeracao e ventilacao para uso industrial e comercial, pecas e acessorios",1,0,0,0,0,1,0.0,0.0,0.0,1,1,1
Maceió,"Fabricacao de maquinas e equipamentos para a industria do plastico, pecas e acessorios",1,1,1,1,1,0,100.0,100.0,100.0,0,0,0
Maceió,"Fabricacao de maquinas e equipamentos para as industrias de alimentos, bebidas e fumo, pecas e acessorios",2,1,0,0,1,1,50.0,0.0,50.0,1,2,1
Maceió,"Fabricacao de maquinas e equipamentos para saneamento basico e ambiental, pecas e acessorios",1,0,0,0,0,1,0.0,0.0,0.0,1,1,1
Maceió,"Fabricacao de maquinas e equipamentos para uso industrial especifico nao especificados anteriormente, pecas e acessorios",7,1,0,0,1,6,14.2857,0.0,14.2857,6,7,6
Maceió,"Fabricacao de maquinas para a industria metalurgica, pecas e acessorios, exceto maquinas ferramenta",1,0,0,0,0,1,0.0,0.0,0.0,1,1,1
Maceió,"Fabricacao de maquinas, equipamentos e aparelhos para transporte e elevacao de pessoas, pecas e acessorios",1,0,0,0,0,1,0.0,0.0,0.0,1,1,1
Maceió,Fabricacao de massas alimenticias,108,1,1,1,1,107,0.9259,0.9259,0.9259,107,107,107
Maceió,Fabricacao de materiais para medicina e odontologia,1,0,0,0,0,1,0.0,0.0,0.0,1,1,1
Maceió,Fabricacao de material eletrico para instalacoes em circuito de consumo,1,0,0,0,0,1,0.0,0.0,0.0,1,1,1
Maceió,Fabricacao de medicamentos alopaticos para uso humano,3,0,0,0,0,3,0.0,0.0,0.0,3,3,3
Maceió,Fabricacao de medicamentos fitoterapicos para uso humano,1,0,0,0,0,1,0.0,0.0,0.0,1,1,1
Maceió,"Fabricacao de mesas de bilhar, de sinuca e acessorios nao associada a locacao",1,0,0,0,0,1,0.0,0.0,0.0,1,1,1
Maceió,"Fabricacao de motores e turbinas, pecas e acessorios, exceto para avioes e veiculos rodoviarios",4,2,0,0,2,2,50.0,0.0,50.0,2,4,2
Maceió,Fabricacao de moveis com predominancia de madeira,512,7,5,4,8,504,1.3672,0.9766,1.5625,505,507,504
Maceió,Fabricacao de moveis com predominancia de metal,7,1,0,0,1,6,14.2857,0.0,14.2857,6,7,6
Maceió,"Fabricacao de moveis de outros materiais, exceto madeira e metal",22,2,1,1,2,20,9.0909,4.5455,9.0909,20,21,20
Maceió,Fabricacao de obras de caldeiraria pesada,4,0,0,0,0,4,0.0,0.0,0.0,4,4,4
Maceió,Fabricacao de outras bebidas nao alcoolicas nao especificadas anteriormente,3,0,0,0,0,3,0.0,0.0,0.0,3,3,3
Maceió,"Fabricacao de outras maquinas e equipamentos de uso geral nao especificados anteriormente, pecas e acessorios",1,0,0,0,0,1,0.0,0.0,0.0,1,1,1
Maceió,"Fabricacao de outros aparelhos eletrodomesticos nao especificados anteriormente, pecas e acessorios",1,0,0,0,0,1,0.0,0.0,0.0,1,1,1
Maceió,"Fabricacao de outros artefatos e produtos de concreto, cimento, fibrocimento, gesso e materiais semelhantes",38,1,1,1,1,37,2.6316,2.6316,2.6316,37,37,37
Maceió,Fabricacao de outros artigos de carpintaria para construcao,42,0,0,0,0,42,0.0,0.0,0.0,42,42,42
Maceió,Fabricacao de outros brinquedos e jogos recreativos nao especificados anteriormente,14,0,0,0,0,14,0.0,0.0,0.0,14,14,14
Maceió,Fabricacao de outros produtos alimenticios nao especificados anteriormente,10,3,1,1,3,7,30.0,10.0,30.0,7,9,7
Maceió,Fabricacao de outros produtos de metal nao especificados anteriormente,27,1,2,0,3,24,3.7037,7.4074,11.1111,26,25,24
Maceió,Fabricacao de outros produtos de minerais nao metalicos nao especificados anteriormente,3,1,0,0,1,2,33.3333,0.0,33.3333,2,3,2
Maceió,"Fabricacao de outros produtos derivados do petroleo, exceto produtos do refino",1,0,0,0,0,1,0.0,0.0,0.0,1,1,1
Maceió,Fabricacao de outros produtos quimicos nao especificados anteriormente,5,0,0,0,0,5,0.0,0.0,0.0,5,5,5
Maceió,Fabricacao de outros produtos texteis nao especificados anteriormente,147,0,0,0,0,147,0.0,0.0,0.0,147,147,147
Maceió,Fabricacao de paineis e letreiros luminosos,15,0,0,0,0,15,0.0,0.0,0.0,15,15,15
Maceió,Fabricacao de papel,2,0,0,0,0,2,0.0,0.0,0.0,2,2,2
Maceió,Fabricacao de pecas e acessorios para o sistema de direcao e suspensao de veiculos automotores,1,1,0,0,1,0,100.0,0.0,100.0,0,1,0
Maceió,Fabricacao de perifericos para equipamentos de informatica,1,0,0,0,0,1,0.0,0.0,0.0,1,1,1
Maceió,Fabricacao de pneumaticos e de camaras de ar,1,0,0,0,0,1,0.0,0.0,0.0,1,1,1
Maceió,Fabricacao de produtos ceramicos nao refratarios nao especificados anteriormente,33,0,0,0,0,33,0.0,0.0,0.0,33,33,33
Maceió,Fabricacao de produtos de carne,8,2,0,0,2,6,25.0,0.0,25.0,6,8,6
Maceió,Fabricacao de produtos de limpeza e polimento,16,1,0,0,1,15,6.25,0.0,6.25,15,16,15
Maceió,Fabricacao de produtos de padaria e confeitaria com predominancia de producao propria,1070,29,9,4,34,1036,2.7103,0.8411,3.1776,1041,1061,1036
Maceió,Fabricacao de produtos de panificacao industrial,129,7,0,0,7,122,5.4264,0.0,5.4264,122,129,122
Maceió,Fabricacao de produtos de papel para uso domestico e higienico sanitario nao especificados anteriormente,2,1,0,0,1,1,50.0,0.0,50.0,1,2,1
Maceió,"Fabricacao de produtos de papel, cartolina, papel cartao e papelao ondulado para uso industrial, comercial e de escritorio",4,0,0,0,0,4,0.0,0.0,0.0,4,4,4
Maceió,"Fabricacao de produtos de pastas celulosicas, papel, cartolina, papel cartao e papelao ondulado nao especificados anteriormente",129,0,0,0,0,129,0.0,0.0,0.0,129,129,129
Maceió,Fabricacao de produtos de trefilados de metal padronizados,2,1,0,0,1,1,50.0,0.0,50.0,1,2,1
Maceió,"Fabricacao de produtos de trefilados de metal, exceto padronizados",3,2,1,1,2,1,66.6667,33.3333,66.6667,1,2,1
Maceió,Fabricacao de produtos derivados do cacau e de chocolates,28,0,0,0,0,28,0.0,0.0,0.0,28,28,28
Maceió,Fabricacao de produtos diversos nao especificados anteriormente,393,0,0,0,0,393,0.0,0.0,0.0,393,393,393
Maceió,Fabricacao de produtos do refino de petroleo,1,0,0,0,0,1,0.0,0.0,0.0,1,1,1
Maceió,"Fabricacao de produtos para infusao (cha, mate, etc.)",3,0,0,0,0,3,0.0,0.0,0.0,3,3,3
Maceió,Fabricacao de produtos quimicos organicos nao especificados anteriormente,2,0,0,0,0,2,0.0,0.0,0.0,2,2,2
Maceió,"Fabricacao de refrescos, xaropes e pos para refrescos, exceto refrescos de frutas",4,0,0,0,0,4,0.0,0.0,0.0,4,4,4
Maceió,Fabricacao de refrigerantes,3,2,0,0,2,1,66.6667,0.0,66.6667,1,3,1
Maceió,Fabricacao de resinas termoplasticas,3,1,0,0,1,2,33.3333,0.0,33.3333,2,3,2
Maceió,Fabricacao de saboes e detergentes sinteticos,6,2,1,1,2,4,33.3333,16.6667,33.3333,4,5,4
Maceió,Fabricacao de sorvetes e outros gelados comestiveis,23,5,3,3,5,18,21.7391,13.0435,21.7391,18,20,18
Maceió,"Fabricacao de sucos concentrados de frutas, hortalicas e legumes",9,1,0,0,1,8,11.1111,0.0,11.1111,8,9,8
Maceió,"Fabricacao de sucos de frutas, hortalicas e legumes, exceto concentrados",15,0,0,0,0,15,0.0,0.0,0.0,15,15,15
Maceió,"Fabricacao de tanques, reservatorios metalicos e caldeiras para aquecimento central",3,0,0,0,0,3,0.0,0.0,0.0,3,3,3
Maceió,"Fabricacao de tecidos especiais, inclusive artefatos",1,0,0,0,0,1,0.0,0.0,0.0,1,1,1
Maceió,"Fabricacao de tintas, vernizes, esmaltes e lacas",5,1,1,1,1,4,20.0,20.0,20.0,4,4,4
Maceió,Fabricacao de tubos e acessorios de material plastico para uso na construcao,1,0,0,0,0,1,0.0,0.0,0.0,1,1,1
Maceió,"Fabricacao de valvulas, registros e dispositivos semelhantes, pecas e acessorios",2,0,1,0,1,1,0.0,50.0,50.0,2,1,1
Maceió,"Fabricacao de velas, inclusive decorativas",12,0,0,0,0,12,0.0,0.0,0.0,12,12,12
Maceió,Fabricacao de vidro plano e de seguranca,4,1,2,0,3,1,25.0,50.0,75.0,3,2,1
Maceió,Fabricacao de vinagres,1,0,0,0,0,1,0.0,0.0,0.0,1,1,1
Maceió,"Faccao de pecas do vestuario, exceto roupas intimas",43,1,0,0,1,42,2.3256,0.0,2.3256,42,43,42
Maceió,Faccao de roupas intimas,7,0,0,0,0,7,0.0,0.0,0.0,7,7,7
Maceió,Faccao de roupas profissionais,31,1,1,1,1,30,3.2258,3.2258,3.2258,30,30,30
Maceió,Formulacao de combustiveis,1,0,0,0,0,1,0.0,0.0,0.0,1,1,1
Maceió,Fornecimento de alimentos preparados preponderantemente para empresas,315,4,3,1,6,309,1.2698,0.9524,1.9048,311,312,309
Maceió,Frigorifico - abate de bovinos,6,0,0,0,0,6,0.0,0.0,0.0,6,6,6
Maceió,Fundicao de ferro e aco,1,1,0,0,1,0,100.0,0.0,100.0,0,1,0
Maceió,Geracao de energia eletrica,25,0,0,0,0,25,0.0,0.0,0.0,25,25,25
Maceió,Gestao de redes de esgoto,5,1,0,0,1,4,20.0,0.0,20.0,4,5,4
Maceió,Impermeabilizacao em obras de engenharia civil,9,0,0,0,0,9,0.0,0.0,0.0,9,9,9
Maceió,Impressao de jornais,3,0,0,0,0,3,0.0,0.0,0.0,3,3,3
Maceió,"Impressao de livros, revistas e outras publicacoes periodicas",12,1,1,0,2,10,8.3333,8.3333,16.6667,11,11,10
Maceió,Impressao de material de seguranca,3,0,0,0,0,3,0.0,0.0,0.0,3,3,3
Maceió,Impressao de material para outros usos,150,7,3,2,8,142,4.6667,2.0,5.3333,143,147,142
Maceió,Impressao de material para uso publicitario,140,5,2,2,5,135,3.5714,1.4286,3.5714,135,138,135
Maceió,Incorporacao de empreendimentos imobiliarios,567,23,22,7,38,529,4.0564,3.8801,6.7019,544,545,529
Maceió,Instalacao de maquinas e equipamentos industriais,114,1,2,0,3,111,0.8772,1.7544,2.6316,113,112,111
Maceió,Instalacao de outros equipamentos nao especificados anteriormente,1,0,0,0,0,1,0.0,0.0,0.0,1,1,1
Maceió,Instalacao de paineis publicitarios,38,0,0,0,0,38,0.0,0.0,0.0,38,38,38
Maceió,"Instalacao de portas, janelas, tetos, divisorias e armarios embutidos de qualquer material",72,3,0,0,3,69,4.1667,0.0,4.1667,69,72,69
Maceió,"Instalacao e manutencao de sistemas centrais de ar condicionado, de ventilacao e refrigeracao",562,1,1,0,2,560,0.1779,0.1779,0.3559,561,561,560
Maceió,Instalacao e manutencao eletrica,1135,8,5,0,13,1122,0.7048,0.4405,1.1454,1127,1130,1122
Maceió,"Instalacao, manutencao e reparacao de elevadores, escadas e esteiras rolantes",36,1,0,0,1,35,2.7778,0.0,2.7778,35,36,35
Maceió,Instalacoes de sistema de prevencao contra incendio,24,0,0,0,0,24,0.0,0.0,0.0,24,24,24
Maceió,"Instalacoes hidraulicas, sanitarias e de gas",105,1,1,1,1,104,0.9524,0.9524,0.9524,104,104,104
Maceió,Lapidacao de gemas,1,0,0,0,0,1,0.0,0.0,0.0,1,1,1
Maceió,Manutencao de estacoes e redes de telecomunicacoes,5,1,1,1,1,4,20.0,20.0,20.0,4,4,4
Maceió,Manutencao de redes de distribuicao de energia eletrica,8,0,0,0,0,8,0.0,0.0,0.0,8,8,8
Maceió,"Manutencao e reparacao de aeronaves, exceto a manutencao na pista",4,0,0,0,0,4,0.0,0.0,0.0,4,4,4
Maceió,"Manutencao e reparacao de aparelhos e instrumentos de medida, teste e controle",3,0,0,0,0,3,0.0,0.0,0.0,3,3,3
Maceió,Manutencao e reparacao de aparelhos eletromedicos e eletroterapeuticos e equipamentos de irradiacao,16,0,1,0,1,15,0.0,6.25,6.25,16,15,15
Maceió,Manutencao e reparacao de compressores,1,0,0,0,0,1,0.0,0.0,0.0,1,1,1
Maceió,Manutencao e reparacao de embarcacoes e estruturas flutuantes,1,0,0,0,0,1,0.0,0.0,0.0,1,1,1
Maceió,Manutencao e reparacao de embarcacoes para esporte e lazer,10,0,0,0,0,10,0.0,0.0,0.0,10,10,10
Maceió,Manutencao e reparacao de equipamentos de transmissao para fins industriais,5,0,0,0,0,5,0.0,0.0,0.0,5,5,5
Maceió,Manutencao e reparacao de equipamentos e instrumentos opticos,1,0,0,0,0,1,0.0,0.0,0.0,1,1,1
Maceió,Manutencao e reparacao de equipamentos e produtos nao especificados anteriormente,35,0,0,0,0,35,0.0,0.0,0.0,35,35,35
Maceió,"Manutencao e reparacao de equipamentos hidraulicos e pneumaticos, exceto valvulas",38,0,0,0,0,38,0.0,0.0,0.0,38,38,38
Maceió,"Manutencao e reparacao de geradores, transformadores e motores eletricos",54,1,0,0,1,53,1.8519,0.0,1.8519,53,54,53
Maceió,"Manutencao e reparacao de maquinas de escrever, calcular e de outros equipamentos nao eletronicos para escritorio",5,0,0,0,0,5,0.0,0.0,0.0,5,5,5
Maceió,Manutencao e reparacao de maquinas e aparelhos de refrigeracao e ventilacao para uso industrial e comercial,145,2,0,0,2,143,1.3793,0.0,1.3793,143,145,143
Maceió,Manutencao e reparacao de maquinas e aparelhos para a industria do plastico,1,0,0,0,0,1,0.0,0.0,0.0,1,1,1
Maceió,"Manutencao e reparacao de maquinas e equipamentos de terraplenagem, pavimentacao e construcao, exceto tratores",2,0,0,0,0,2,0.0,0.0,0.0,2,2,2
Maceió,"Manutencao e reparacao de maquinas e equipamentos para a industria textil, do vestuario, do couro e calcados",3,0,0,0,0,3,0.0,0.0,0.0,3,3,3
Maceió,Manutencao e reparacao de maquinas e equipamentos para agricultura e pecuaria,11,0,0,0,0,11,0.0,0.0,0.0,11,11,11
Maceió,"Manutencao e reparacao de maquinas e equipamentos para as industrias de alimentos, bebidas e fumo",24,0,0,0,0,24,0.0,0.0,0.0,24,24,24
Maceió,Manutencao e reparacao de maquinas e equipamentos para uso geral nao especificados anteriormente,39,0,0,0,0,39,0.0,0.0,0.0,39,39,39
Maceió,Manutencao e reparacao de maquinas ferramenta,2,0,0,0,0,2,0.0,0.0,0.0,2,2,2
Maceió,Manutencao e reparacao de maquinas motrizes nao eletricas,10,1,0,0,1,9,10.0,0.0,10.0,9,10,9
Maceió,"Manutencao e reparacao de maquinas para a industria metalurgica, exceto maquinas ferramenta",3,0,0,0,0,3,0.0,0.0,0.0,3,3,3
Maceió,"Manutencao e reparacao de maquinas, aparelhos e equipamentos para instalacoes termicas",3,0,0,0,0,3,0.0,0.0,0.0,3,3,3
Maceió,"Manutencao e reparacao de maquinas, aparelhos e materiais eletricos nao especificados anteriormente",29,1,1,1,1,28,3.4483,3.4483,3.4483,28,28,28
Maceió,"Manutencao e reparacao de maquinas, equipamentos e aparelhos para transporte e elevacao de cargas",1,0,0,0,0,1,0.0,0.0,0.0,1,1,1
Maceió,Manutencao e reparacao de motocicletas e motonetas,174,0,0,0,0,174,0.0,0.0,0.0,174,174,174
Maceió,Manutencao e reparacao de outras maquinas e equipamentos para usos industriais nao especificados anteriormente,26,1,1,1,1,25,3.8462,3.8462,3.8462,25,25,25
Maceió,"Manutencao e reparacao de tanques, reservatorios metalicos e caldeiras, exceto para veiculos",19,1,0,0,1,18,5.2632,0.0,5.2632,18,19,18
Maceió,Manutencao e reparacao de tratores agricolas,7,0,0,0,0,7,0.0,0.0,0.0,7,7,7
Maceió,"Manutencao e reparacao de tratores, exceto agricolas",1,0,0,0,0,1,0.0,0.0,0.0,1,1,1
Maceió,Manutencao e reparacao de valvulas industriais,5,0,1,0,1,4,0.0,20.0,20.0,5,4,4
Maceió,Moagem e fabricacao de produtos de origem vegetal nao especificados anteriormente,6,1,0,0,1,5,16.6667,0.0,16.6667,5,6,5
Maceió,Montagem de estruturas metalicas,12,0,0,0,0,12,0.0,0.0,0.0,12,12,12
Maceió,Montagem e desmontagem de andaimes e outras estruturas temporarias,5,0,0,0,0,5,0.0,0.0,0.0,5,5,5
Maceió,"Montagem e instalacao de sistemas e equipamentos de iluminacao e sinalizacao em vias publicas, portos e aeroportos",11,0,0,0,0,11,0.0,0.0,0.0,11,11,11
Maceió,Obras de acabamento em gesso e estuque,140,0,0,0,0,140,0.0,0.0,0.0,140,140,140
Maceió,Obras de alvenaria,1015,0,0,0,0,1015,0.0,0.0,0.0,1015,1015,1015
Maceió,Obras de fundacoes,5,1,0,0,1,4,20.0,0.0,20.0,4,5,4
Maceió,Obras de montagem industrial,7,0,0,0,0,7,0.0,0.0,0.0,7,7,7
Maceió,Obras de terraplenagem,35,1,3,1,3,32,2.8571,8.5714,8.5714,34,32,32
Maceió,"Obras de urbanizacao - ruas, pracas e calcadas",32,3,2,0,5,27,9.375,6.25,15.625,29,30,27
Maceió,"Obras portuarias, maritimas e fluviais",1,0,0,0,0,1,0.0,0.0,0.0,1,1,1
Maceió,Outras atividades de telecomunicacoes nao especificadas anteriormente,185,0,1,0,1,184,0.0,0.5405,0.5405,185,184,184
Maceió,Outras obras de acabamento da construcao,117,1,1,1,1,116,0.8547,0.8547,0.8547,116,116,116
Maceió,Outras obras de engenharia civil nao especificadas anteriormente,41,1,1,1,1,40,2.439,2.439,2.439,40,40,40
Maceió,Outras obras de instalacoes em construcoes nao especificadas anteriormente,3,0,0,0,0,3,0.0,0.0,0.0,3,3,3
Maceió,"Outros servicos de acabamento em fios, tecidos, artefatos texteis e pecas do vestuario",50,0,0,0,0,50,0.0,0.0,0.0,50,50,50
Maceió,Perfuracao e construcao de pocos de agua,18,2,0,0,2,16,11.1111,0.0,11.1111,16,18,16
Maceió,Perfuracoes e sondagens,3,0,0,0,0,3,0.0,0.0,0.0,3,3,3
Maceió,Pintura para sinalizacao em pistas rodoviarias e aeroportos,6,0,0,0,0,6,0.0,0.0,0.0,6,6,6
Maceió,Preparacao de canteiro e limpeza de terreno,3,0,1,0,1,2,0.0,33.3333,33.3333,3,2,2
Maceió,Preparacao de massa de concreto e argamassa para construcao,9,3,1,1,3,6,33.3333,11.1111,33.3333,6,8,6
Maceió,Preparacao do leite,2,1,1,1,1,1,50.0,50.0,50.0,1,1,1
Maceió,Preparacao e fiacao de fibras de algodao,1,0,0,0,0,1,0.0,0.0,0.0,1,1,1
Maceió,"Preservacao de peixes, crustaceos e moluscos",2,0,0,0,0,2,0.0,0.0,0.0,2,2,2
Maceió,Producao de artefatos estampados de metal,17,0,0,0,0,17,0.0,0.0,0.0,17,17,17
Maceió,Producao de gas; processamento de gas natural,3,1,0,0,1,2,33.3333,0.0,33.3333,2,3,2
Maceió,"Producao de relaminados, trefilados e perfilados de aco, exceto arames",1,0,0,0,0,1,0.0,0.0,0.0,1,1,1
Maceió,Provedores de acesso as redes de comunicacoes,45,3,0,0,3,42,6.6667,0.0,6.6667,42,45,42
Maceió,Provedores de voz sobre protocolo internet - voip,1,0,0,0,0,1,0.0,0.0,0.0,1,1,1
Maceió,Recondicionamento e recuperacao de motores para veiculos automotores,41,0,0,0,0,41,0.0,0.0,0.0,41,41,41
Maceió,"Recuperacao de materiais metalicos, exceto aluminio",18,0,0,0,0,18,0.0,0.0,0.0,18,18,18
Maceió,Recuperacao de materiais nao especificados anteriormente,20,3,2,2,3,17,15.0,10.0,15.0,17,18,17
Maceió,Recuperacao de materiais plasticos,24,1,2,1,2,22,4.1667,8.3333,8.3333,23,22,22
Maceió,Recuperacao de sucatas de aluminio,29,1,0,0,1,28,3.4483,0.0,3.4483,28,29,28
Maceió,Reforma de pneumaticos usados,5,0,0,0,0,5,0.0,0.0,0.0,5,5,5
Maceió,Reproducao de software em qualquer suporte,3,0,0,0,0,3,0.0,0.0,0.0,3,3,3
Maceió,Rerrefino de oleos lubrificantes,1,0,0,0,0,1,0.0,0.0,0.0,1,1,1
Maceió,Serrarias com desdobramento de madeira em bruto,3,0,0,0,0,3,0.0,0.0,0.0,3,3,3
Maceió,Serrarias sem desdobramento de madeira em bruto - resserragem,1,0,0,0,0,1,0.0,0.0,0.0,1,1,1
Maceió,Servico de corte e dobra de metais,7,0,0,0,0,7,0.0,0.0,0.0,7,7,7
Maceió,Servico de laboratorio optico,3,0,0,0,0,3,0.0,0.0,0.0,3,3,3
Maceió,Servico de tratamento de madeira realizado sob contrato,1,0,0,0,0,1,0.0,0.0,0.0,1,1,1
Maceió,Servico movel especializado - sme,3,0,0,0,0,3,0.0,0.0,0.0,3,3,3
Maceió,"Servicos de acabamentos graficos, exceto encadernacao e plastificacao",6,0,0,0,0,6,0.0,0.0,0.0,6,6,6
Maceió,Servicos de alinhamento e balanceamento de veiculos automotores,8,0,0,0,0,8,0.0,0.0,0.0,8,8,8
Maceió,Servicos de borracharia para veiculos automotores,98,1,0,0,1,97,1.0204,0.0,1.0204,97,98,97
Maceió,Servicos de capotaria,89,2,0,0,2,87,2.2472,0.0,2.2472,87,89,87
Maceió,Servicos de comunicacao multimidia - scm,169,9,2,1,10,159,5.3254,1.1834,5.9172,160,167,159
Maceió,Servicos de confeccao de armacoes metalicas para a construcao,44,0,0,0,0,44,0.0,0.0,0.0,44,44,44
Maceió,Servicos de encadernacao e plastificacao,22,0,0,0,0,22,0.0,0.0,0.0,22,22,22
Maceió,Servicos de engenharia,729,7,5,1,11,718,0.9602,0.6859,1.5089,722,724,718
Maceió,"Servicos de instalacao, manutencao e reparacao de acessorios para veiculos automotores",181,5,0,0,5,176,2.7624,0.0,2.7624,176,181,176
Maceió,Servicos de lanternagem ou funilaria e pintura de veiculos automotores,260,5,0,0,5,255,1.9231,0.0,1.9231,255,260,255
Maceió,Servicos de manutencao e reparacao eletrica de veiculos automotores,102,0,0,0,0,102,0.0,0.0,0.0,102,102,102
Maceió,Servicos de manutencao e reparacao mecanica de veiculos automotores,689,7,2,0,9,680,1.016,0.2903,1.3062,682,687,680
Maceió,Servicos de montagem de moveis de qualquer material,240,0,0,0,0,240,0.0,0.0,0.0,240,240,240
Maceió,Servicos de operacao e fornecimento de equipamentos para transporte e elevacao de cargas e pessoas para uso em obras,11,1,0,0,1,10,9.0909,0.0,9.0909,10,11,10
Maceió,Servicos de pintura de edificios em geral,416,1,1,0,2,414,0.2404,0.2404,0.4808,415,415,414
Maceió,Servicos de pre impressao,128,0,0,0,0,128,0.0,0.0,0.0,128,128,128
Maceió,Servicos de preparacao do terreno nao especificados anteriormente,1,0,0,0,0,1,0.0,0.0,0.0,1,1,1
Maceió,Servicos de telecomunicacoes por fio nao especificados anteriormente,1,0,0,0,0,1,0.0,0.0,0.0,1,1,1
Maceió,Servicos de telecomunicacoes sem fio nao especificados anteriormente,5,0,0,0,0,5,0.0,0.0,0.0,5,5,5
Maceió,Servicos de telefonia fixa comutada - stfc,22,0,0,0,0,22,0.0,0.0,0.0,22,22,22
Maceió,Servicos de tratamento e revestimento em metais,9,1,2,0,3,6,11.1111,22.2222,33.3333,8,7,6
Maceió,"Servicos de usinagem, tornearia e solda",133,1,2,1,2,131,0.7519,1.5038,1.5038,132,131,131
Maceió,Servicos especializados para construcao nao especificados anteriormente,43,1,0,0,1,42,2.3256,0.0,2.3256,42,43,42
Maceió,Tecelagem de fios de algodao,1,0,0,0,0,1,0.0,0.0,0.0,1,1,1
Maceió,Telecomunicacoes por satelite,3,0,0,0,0,3,0.0,0.0,0.0,3,3,3
Maceió,Telefonia movel celular,20,0,0,0,0,20,0.0,0.0,0.0,20,20,20
Maceió,Torrefacao e moagem de cafe,2,2,2,2,2,0,100.0,100.0,100.0,0,0,0
Maceió,Transmissao de energia eletrica,9,0,0,0,0,9,0.0,0.0,0.0,9,9,9
Maceió,Transporte dutoviario,1,1,0,0,1,0,100.0,0.0,100.0,0,1,0
Maceió,Transporte ferroviario de passageiros municipal e em regiao metropolitana,1,0,0,0,0,1,0.0,0.0,0.0,1,1,1
Maceió,Tratamento e disposicao de residuos nao perigosos,3,1,1,0,2,1,33.3333,33.3333,66.6667,2,2,1
Maceió,Tratamento e disposicao de residuos perigosos,1,0,0,0,0,1,0.0,0.0,0.0,1,1,1
Maceió,"Tratamentos termicos, acusticos ou de vibracao",19,0,0,0,0,19,0.0,0.0,0.0,19,19,19
Major Isidoro,Acabamento de calcados de couro sob contrato,1,0,0,0,0,1,0.0,0.0,0.0,1,1,1
Major Isidoro,Aplicacao de revestimentos e de resinas em interiores e exteriores,1,0,0,0,0,1,0.0,0.0,0.0,1,1,1
Major Isidoro,Atividades do correio nacional,1,0,0,0,0,1,0.0,0.0,0.0,1,1,1
Major Isidoro,"Confeccao de pecas de vestuario, exceto roupas intimas e as confeccionadas sob medida",2,0,0,0,0,2,0.0,0.0,0.0,2,2,2
Major Isidoro,"Confeccao, sob medida, de pecas do vestuario, exceto roupas intimas",2,0,0,0,0,2,0.0,0.0,0.0,2,2,2
Major Isidoro,Construcao de edificios,7,0,0,0,0,7,0.0,0.0,0.0,7,7,7
Major Isidoro,Desenvolvimento e licenciamento de programas de computador nao customizaveis,1,0,0,0,0,1,0.0,0.0,0.0,1,1,1
Major Isidoro,"Extracao de areia, cascalho ou pedregulho e beneficiamento associado",1,0,0,0,0,1,0.0,0.0,0.0,1,1,1
Major Isidoro,Fabricacao de alimentos para animais,1,0,0,0,0,1,0.0,0.0,0.0,1,1,1
Major Isidoro,"Fabricacao de artigos de serralheria, exceto esquadrias",1,0,0,0,0,1,0.0,0.0,0.0,1,1,1
Major Isidoro,Fabricacao de biscoitos e bolachas,1,0,0,0,0,1,0.0,0.0,0.0,1,1,1
Major Isidoro,Fabricacao de laticinios,11,6,1,1,6,5,54.5455,9.0909,54.5455,5,10,5
Major Isidoro,Fabricacao de moveis com predominancia de madeira,2,0,0,0,0,2,0.0,0.0,0.0,2,2,2
Major Isidoro,Fabricacao de produtos de carne,1,0,0,0,0,1,0.0,0.0,0.0,1,1,1
Major Isidoro,Fabricacao de produtos de padaria e confeitaria com predominancia de producao propria,3,0,0,0,0,3,0.0,0.0,0.0,3,3,3
Major Isidoro,Fabricacao de saboes e detergentes sinteticos,1,0,0,0,0,1,0.0,0.0,0.0,1,1,1
Major Isidoro,Impressao de material para uso publicitario,1,0,0,0,0,1,0.0,0.0,0.0,1,1,1
Major Isidoro,"Instalacao de portas, janelas, tetos, divisorias e armarios embutidos de qualquer material",1,0,0,0,0,1,0.0,0.0,0.0,1,1,1
Major Isidoro,"Instalacao e manutencao de sistemas centrais de ar condicionado, de ventilacao e refrigeracao",1,0,0,0,0,1,0.0,0.0,0.0,1,1,1
Major Isidoro,Instalacao e manutencao eletrica,4,0,0,0,0,4,0.0,0.0,0.0,4,4,4
Major Isidoro,"Manutencao e reparacao de maquinas e equipamentos para as industrias de alimentos, bebidas e fumo",1,0,0,0,0,1,0.0,0.0,0.0,1,1,1
Major Isidoro,Manutencao e reparacao de motocicletas e motonetas,1,0,0,0,0,1,0.0,0.0,0.0,1,1,1
Major Isidoro,Obras de acabamento em gesso e estuque,1,0,0,0,0,1,0.0,0.0,0.0,1,1,1
Major Isidoro,Obras de alvenaria,7,0,0,0,0,7,0.0,0.0,0.0,7,7,7
Major Isidoro,Obras de terraplenagem,1,0,0,0,0,1,0.0,0.0,0.0,1,1,1
Major Isidoro,Preparacao do leite,4,0,0,0,0,4,0.0,0.0,0.0,4,4,4
Major Isidoro,Provedores de acesso as redes de comunicacoes,1,0,0,0,0,1,0.0,0.0,0.0,1,1,1
Major Isidoro,Servicos de borracharia para veiculos automotores,1,0,0,0,0,1,0.0,0.0,0.0,1,1,1
Major Isidoro,Servicos de comunicacao multimidia - scm,2,0,0,0,0,2,0.0,0.0,0.0,2,2,2
Major Isidoro,Servicos de engenharia,2,0,0,0,0,2,0.0,0.0,0.0,2,2,2
Major Isidoro,"Servicos de instalacao, manutencao e reparacao de acessorios para veiculos automotores",1,0,0,0,0,1,0.0,0.0,0.0,1,1,1
Major Isidoro,Servicos de lanternagem ou funilaria e pintura de veiculos automotores,1,0,0,0,0,1,0.0,0.0,0.0,1,1,1
Major Isidoro,Servicos de manutencao e reparacao mecanica de veiculos automotores,2,0,0,0,0,2,0.0,0.0,0.0,2,2,2
Major Isidoro,Servicos de pintura de edificios em geral,2,0,0,0,0,2,0.0,0.0,0.0,2,2,2
Major Isidoro,Transmissao de energia eletrica,1,0,0,0,0,1,0.0,0.0,0.0,1,1,1
Mar Vermelho,Atividades do correio nacional,1,0,0,0,0,1,0.0,0.0,0.0,1,1,1
Mar Vermelho,Fabricacao de outros produtos texteis nao especificados anteriormente,1,0,0,0,0,1,0.0,0.0,0.0,1,1,1
Mar Vermelho,Fabricacao de produtos de padaria e confeitaria com predominancia de producao propria,1,0,0,0,0,1,0.0,0.0,0.0,1,1,1
Mar Vermelho,Fabricacao de produtos de panificacao industrial,1,0,0,0,0,1,0.0,0.0,0.0,1,1,1
Mar Vermelho,Fabricacao de produtos diversos nao especificados anteriormente,1,0,0,0,0,1,0.0,0.0,0.0,1,1,1
Mar Vermelho,Impressao de material para outros usos,1,0,0,0,0,1,0.0,0.0,0.0,1,1,1
Mar Vermelho,Incorporacao de empreendimentos imobiliarios,1,0,0,0,0,1,0.0,0.0,0.0,1,1,1
Mar Vermelho,Instalacao e manutencao eletrica,1,0,0,0,0,1,0.0,0.0,0.0,1,1,1
Mar Vermelho,"Manutencao e reparacao de geradores, transformadores e motores eletricos",1,0,0,0,0,1,0.0,0.0,0.0,1,1,1
Mar Vermelho,Manutencao e reparacao de motocicletas e motonetas,3,0,0,0,0,3,0.0,0.0,0.0,3,3,3
Mar Vermelho,Obras de alvenaria,1,0,0,0,0,1,0.0,0.0,0.0,1,1,1
Mar Vermelho,Obras de terraplenagem,2,0,0,0,0,2,0.0,0.0,0.0,2,2,2
Maragogi,Aluguel de andaimes,1,0,0,0,0,1,0.0,0.0,0.0,1,1,1
Maragogi,"Aparelhamento de placas e execucao de trabalhos em marmore, granito, ardosia e outras pedras",1,0,0,0,0,1,0.0,0.0,0.0,1,1,1
Maragogi,Atividades do correio nacional,1,0,0,0,0,1,0.0,0.0,0.0,1,1,1
Maragogi,"Atividades relacionadas a esgoto, exceto a gestao de redes",1,0,0,0,0,1,0.0,0.0,0.0,1,1,1
Maragogi,"Confeccao de pecas de vestuario, exceto roupas intimas e as confeccionadas sob medida",2,0,0,0,0,2,0.0,0.0,0.0,2,2,2
Maragogi,"Confeccao, sob medida, de pecas do vestuario, exceto roupas intimas",1,0,0,0,0,1,0.0,0.0,0.0,1,1,1
Maragogi,Construcao de edificios,12,0,0,0,0,12,0.0,0.0,0.0,12,12,12
Maragogi,Distribuicao de energia eletrica,1,0,0,0,0,1,0.0,0.0,0.0,1,1,1
Maragogi,Extracao de argila e beneficiamento associado,1,0,0,0,0,1,0.0,0.0,0.0,1,1,1
Maragogi,Fabricacao de aguas envasadas,2,2,2,2,2,0,100.0,100.0,100.0,0,0,0
Maragogi,Fabricacao de alimentos e pratos prontos,1,0,0,0,0,1,0.0,0.0,0.0,1,1,1
Maragogi,Fabricacao de artefatos de cimento para uso na construcao,1,0,0,0,0,1,0.0,0.0,0.0,1,1,1
Maragogi,Fabricacao de artefatos de tapecaria,1,0,0,0,0,1,0.0,0.0,0.0,1,1,1
Maragogi,"Fabricacao de artigos de serralheria, exceto esquadrias",3,0,0,0,0,3,0.0,0.0,0.0,3,3,3
Maragogi,Fabricacao de artigos de vidro,1,0,0,0,0,1,0.0,0.0,0.0,1,1,1
Maragogi,"Fabricacao de artigos do vestuario, produzidos em malharias e tricotagens, exceto meias",1,0,0,0,0,1,0.0,0.0,0.0,1,1,1
Maragogi,"Fabricacao de artigos para viagem, bolsas e semelhantes de qualquer material",1,0,0,0,0,1,0.0,0.0,0.0,1,1,1
Maragogi,Fabricacao de bijuterias e artefatos semelhantes,4,0,0,0,0,4,0.0,0.0,0.0,4,4,4
Maragogi,Fabricacao de biscoitos e bolachas,13,0,2,0,2,11,0.0,15.3846,15.3846,13,11,11
Maragogi,"Fabricacao de especiarias, molhos, temperos e condimentos",1,0,0,0,0,1,0.0,0.0,0.0,1,1,1
Maragogi,Fabricacao de esquadrias de metal,2,0,0,0,0,2,0.0,0.0,0.0,2,2,2
Maragogi,"Fabricacao de estruturas pre moldadas de concreto armado, em serie e sob encomenda",1,0,0,0,0,1,0.0,0.0,0.0,1,1,1
Maragogi,Fabricacao de farinha de mandioca e derivados,1,0,0,0,0,1,0.0,0.0,0.0,1,1,1
Maragogi,Fabricacao de gelo comum,3,0,0,0,0,3,0.0,0.0,0.0,3,3,3
Maragogi,Fabricacao de moveis com predominancia de madeira,9,0,0,0,0,9,0.0,0.0,0.0,9,9,9
Maragogi,Fabricacao de outros artigos de carpintaria para construcao,5,0,0,0,0,5,0.0,0.0,0.0,5,5,5
Maragogi,Fabricacao de outros produtos texteis nao especificados anteriormente,5,0,0,0,0,5,0.0,0.0,0.0,5,5,5
Maragogi,Fabricacao de produtos ceramicos nao refratarios nao especificados anteriormente,2,0,0,0,0,2,0.0,0.0,0.0,2,2,2
Maragogi,Fabricacao de produtos de padaria e confeitaria com predominancia de producao propria,16,0,0,0,0,16,0.0,0.0,0.0,16,16,16
Maragogi,Fabricacao de produtos de panificacao industrial,6,0,0,0,0,6,0.0,0.0,0.0,6,6,6
Maragogi,"Fabricacao de produtos de pastas celulosicas, papel, cartolina, papel cartao e papelao ondulado nao especificados anteriormente",3,0,0,0,0,3,0.0,0.0,0.0,3,3,3
Maragogi,Fabricacao de produtos diversos nao especificados anteriormente,10,0,0,0,0,10,0.0,0.0,0.0,10,10,10
Maragogi,"Fabricacao de sucos de frutas, hortalicas e legumes, exceto concentrados",1,0,0,0,0,1,0.0,0.0,0.0,1,1,1
Maragogi,"Fabricacao de velas, inclusive decorativas",1,0,0,0,0,1,0.0,0.0,0.0,1,1,1
Maragogi,"Faccao de pecas do vestuario, exceto roupas intimas",1,0,0,0,0,1,0.0,0.0,0.0,1,1,1
Maragogi,Fornecimento de alimentos preparados preponderantemente para empresas,7,0,0,0,0,7,0.0,0.0,0.0,7,7,7
Maragogi,Impressao de material para outros usos,3,0,0,0,0,3,0.0,0.0,0.0,3,3,3
Maragogi,Impressao de material para uso publicitario,4,0,0,0,0,4,0.0,0.0,0.0,4,4,4
Maragogi,Incorporacao de empreendimentos imobiliarios,18,0,0,0,0,18,0.0,0.0,0.0,18,18,18
Maragogi,Instalacao de maquinas e equipamentos industriais,1,0,0,0,0,1,0.0,0.0,0.0,1,1,1
Maragogi,"Instalacao de portas, janelas, tetos, divisorias e armarios embutidos de qualquer material",1,0,0,0,0,1,0.0,0.0,0.0,1,1,1
Maragogi,"Instalacao e manutencao de sistemas centrais de ar condicionado, de ventilacao e refrigeracao",7,0,0,0,0,7,0.0,0.0,0.0,7,7,7
Maragogi,Instalacao e manutencao eletrica,21,0,0,0,0,21,0.0,0.0,0.0,21,21,21
Maragogi,Instalacoes de sistema de prevencao contra incendio,2,0,0,0,0,2,0.0,0.0,0.0,2,2,2
Maragogi,Manutencao e reparacao de compressores,1,0,0,0,0,1,0.0,0.0,0.0,1,1,1
Maragogi,Manutencao e reparacao de embarcacoes para esporte e lazer,5,0,0,0,0,5,0.0,0.0,0.0,5,5,5
Maragogi,Manutencao e reparacao de maquinas e aparelhos de refrigeracao e ventilacao para uso industrial e comercial,2,0,0,0,0,2,0.0,0.0,0.0,2,2,2
Maragogi,Manutencao e reparacao de motocicletas e motonetas,7,0,0,0,0,7,0.0,0.0,0.0,7,7,7
Maragogi,Obras de acabamento em gesso e estuque,3,0,0,0,0,3,0.0,0.0,0.0,3,3,3
Maragogi,Obras de alvenaria,37,0,0,0,0,37,0.0,0.0,0.0,37,37,37
Maragogi,Obras de terraplenagem,1,0,0,0,0,1,0.0,0.0,0.0,1,1,1
Maragogi,Outras atividades de telecomunicacoes nao especificadas anteriormente,5,0,0,0,0,5,0.0,0.0,0.0,5,5,5
Maragogi,Outras obras de acabamento da construcao,2,0,0,0,0,2,0.0,0.0,0.0,2,2,2
Maragogi,"Outros servicos de acabamento em fios, tecidos, artefatos texteis e pecas do vestuario",2,0,0,0,0,2,0.0,0.0,0.0,2,2,2
Maragogi,Provedores de acesso as redes de comunicacoes,3,0,0,0,0,3,0.0,0.0,0.0,3,3,3
Maragogi,"Recuperacao de materiais metalicos, exceto aluminio",1,0,0,0,0,1,0.0,0.0,0.0,1,1,1
Maragogi,Servicos de borracharia para veiculos automotores,2,0,0,0,0,2,0.0,0.0,0.0,2,2,2
Maragogi,Servicos de capotaria,2,0,0,0,0,2,0.0,0.0,0.0,2,2,2
Maragogi,Servicos de comunicacao multimidia - scm,4,1,0,0,1,3,25.0,0.0,25.0,3,4,3
Maragogi,Servicos de engenharia,2,0,0,0,0,2,0.0,0.0,0.0,2,2,2
Maragogi,"Servicos de instalacao, manutencao e reparacao de acessorios para veiculos automotores",1,0,0,0,0,1,0.0,0.0,0.0,1,1,1
Maragogi,Servicos de lanternagem ou funilaria e pintura de veiculos automotores,2,0,0,0,0,2,0.0,0.0,0.0,2,2,2
Maragogi,Servicos de manutencao e reparacao eletrica de veiculos automotores,1,0,0,0,0,1,0.0,0.0,0.0,1,1,1
Maragogi,Servicos de manutencao e reparacao mecanica de veiculos automotores,7,0,0,0,0,7,0.0,0.0,0.0,7,7,7
Maragogi,Servicos de montagem de moveis de qualquer material,1,0,0,0,0,1,0.0,0.0,0.0,1,1,1
Maragogi,Servicos de pintura de edificios em geral,9,0,0,0,0,9,0.0,0.0,0.0,9,9,9
Maragogi,Servicos de pre impressao,1,0,0,0,0,1,0.0,0.0,0.0,1,1,1
Maragogi,"Servicos de usinagem, tornearia e solda",1,0,0,0,0,1,0.0,0.0,0.0,1,1,1
Maragogi,Servicos especializados para construcao nao especificados anteriormente,2,0,0,0,0,2,0.0,0.0,0.0,2,2,2
Maragogi,Transmissao de energia eletrica,1,0,0,0,0,1,0.0,0.0,0.0,1,1,1
Maragogi,Tratamento e disposicao de residuos perigosos,1,0,0,0,0,1,0.0,0.0,0.0,1,1,1
Maravilha,Atividades do correio nacional,1,0,0,0,0,1,0.0,0.0,0.0,1,1,1
Maravilha,"Confeccao, sob medida, de pecas do vestuario, exceto roupas intimas",1,0,0,0,0,1,0.0,0.0,0.0,1,1,1
Maravilha,Construcao de edificios,1,0,0,0,0,1,0.0,0.0,0.0,1,1,1
Maravilha,Fabricacao de massas alimenticias,1,0,0,0,0,1,0.0,0.0,0.0,1,1,1
Maravilha,Fabricacao de moveis com predominancia de madeira,1,0,0,0,0,1,0.0,0.0,0.0,1,1,1
Maravilha,Fabricacao de produtos de panificacao industrial,2,0,0,0,0,2,0.0,0.0,0.0,2,2,2
Maravilha,Geracao de energia eletrica,1,0,0,0,0,1,0.0,0.0,0.0,1,1,1
Maravilha,Impressao de material para uso publicitario,2,0,0,0,0,2,0.0,0.0,0.0,2,2,2
Maravilha,Manutencao e reparacao de motocicletas e motonetas,1,0,0,0,0,1,0.0,0.0,0.0,1,1,1
Maravilha,Obras de alvenaria,1,0,0,0,0,1,0.0,0.0,0.0,1,1,1
Maravilha,Servicos de comunicacao multimidia - scm,2,0,0,0,0,2,0.0,0.0,0.0,2,2,2
Maravilha,Servicos de engenharia,1,0,0,0,0,1,0.0,0.0,0.0,1,1,1
Maravilha,Transmissao de energia eletrica,1,0,0,0,0,1,0.0,0.0,0.0,1,1,1
Marechal Deodoro,Abate de aves,1,0,0,0,0,1,0.0,0.0,0.0,1,1,1
Marechal Deodoro,Administracao de obras,3,0,0,0,0,3,0.0,0.0,0.0,3,3,3
Marechal Deodoro,Aluguel de andaimes,4,0,0,0,0,4,0.0,0.0,0.0,4,4,4
Marechal Deodoro,Aplicacao de revestimentos e de resinas em interiores e exteriores,2,0,0,0,0,2,0.0,0.0,0.0,2,2,2
Marechal Deodoro,Atividades de apoio a extracao de minerais metalicos nao ferrosos,2,0,0,0,0,2,0.0,0.0,0.0,2,2,2
Marechal Deodoro,Atividades de apoio a extracao de petroleo e gas natural,1,0,0,0,0,1,0.0,0.0,0.0,1,1,1
Marechal Deodoro,Atividades do correio nacional,1,0,0,0,0,1,0.0,0.0,0.0,1,1,1
Marechal Deodoro,Coleta de residuos nao perigosos,3,0,0,0,0,3,0.0,0.0,0.0,3,3,3
Marechal Deodoro,Coleta de residuos perigosos,1,0,0,0,0,1,0.0,0.0,0.0,1,1,1
Marechal Deodoro,"Confeccao de pecas de vestuario, exceto roupas intimas e as confeccionadas sob medida",16,0,0,0,0,16,0.0,0.0,0.0,16,16,16
Marechal Deodoro,"Confeccao, sob medida, de pecas do vestuario, exceto roupas intimas",13,0,0,0,0,13,0.0,0.0,0.0,13,13,13
Marechal Deodoro,Construcao de edificios,59,0,0,0,0,59,0.0,0.0,0.0,59,59,59
Marechal Deodoro,"Decoracao, lapidacao, gravacao, vitrificacao e outros trabalhos em ceramica, louca, vidro e cristal",3,0,0,0,0,3,0.0,0.0,0.0,3,3,3
Marechal Deodoro,Distribuicao de energia eletrica,1,0,0,0,0,1,0.0,0.0,0.0,1,1,1
Marechal Deodoro,"Estamparia e texturizacao em fios, tecidos, artefatos texteis e pecas do vestuario",3,0,0,0,0,3,0.0,0.0,0.0,3,3,3
Marechal Deodoro,"Extracao de areia, cascalho ou pedregulho e beneficiamento associado",5,0,0,0,0,5,0.0,0.0,0.0,5,5,5
Marechal Deodoro,Extracao de petroleo e gas natural,1,0,0,0,0,1,0.0,0.0,0.0,1,1,1
Marechal Deodoro,Fabricacao de acucar em bruto,2,0,1,0,1,1,0.0,50.0,50.0,2,1,1
Marechal Deodoro,Fabricacao de adubos e fertilizantes organominerais,1,0,0,0,0,1,0.0,0.0,0.0,1,1,1
Marechal Deodoro,"Fabricacao de adubos e fertilizantes, exceto organominerais",1,0,0,0,0,1,0.0,0.0,0.0,1,1,1
Marechal Deodoro,Fabricacao de alimentos e pratos prontos,3,0,0,0,0,3,0.0,0.0,0.0,3,3,3
Marechal Deodoro,Fabricacao de alimentos para animais,2,0,0,0,0,2,0.0,0.0,0.0,2,2,2
Marechal Deodoro,Fabricacao de artefatos de cimento para uso na construcao,3,0,0,0,0,3,0.0,0.0,0.0,3,3,3
Marechal Deodoro,Fabricacao de artefatos de couro nao especificados anteriormente,2,0,0,0,0,2,0.0,0.0,0.0,2,2,2
Marechal Deodoro,Fabricacao de artefatos de material plastico para outros usos nao especificados anteriormente,6,0,1,0,1,5,0.0,16.6667,16.6667,6,5,5
Marechal Deodoro,"Fabricacao de artefatos de material plastico para uso na construcao, exceto tubos e acessorios",1,1,1,1,1,0,100.0,100.0,100.0,0,0,0
Marechal Deodoro,Fabricacao de artefatos de material plastico para uso pessoal e domestico,1,1,1,1,1,0,100.0,100.0,100.0,0,0,0
Marechal Deodoro,Fabricacao de artefatos de material plastico para usos industriais,1,0,0,0,0,1,0.0,0.0,0.0,1,1,1
Marechal Deodoro,Fabricacao de artefatos de tapecaria,2,0,0,0,0,2,0.0,0.0,0.0,2,2,2
Marechal Deodoro,"Fabricacao de artefatos diversos de cortica, bambu, palha, vime e outros materiais trancados, exceto moveis",1,0,0,0,0,1,0.0,0.0,0.0,1,1,1
Marechal Deodoro,"Fabricacao de artefatos diversos de madeira, exceto moveis",11,1,1,1,1,10,9.0909,9.0909,9.0909,10,10,10
Marechal Deodoro,Fabricacao de artefatos para pesca e esporte,3,0,0,0,0,3,0.0,0.0,0.0,3,3,3
Marechal Deodoro,Fabricacao de artefatos texteis para uso domestico,1,0,0,0,0,1,0.0,0.0,0.0,1,1,1
Marechal Deodoro,"Fabricacao de artigos de serralheria, exceto esquadrias",13,0,0,0,0,13,0.0,0.0,0.0,13,13,13
Marechal Deodoro,"Fabricacao de artigos do vestuario, produzidos em malharias e tricotagens, exceto meias",2,0,0,0,0,2,0.0,0.0,0.0,2,2,2
Marechal Deodoro,"Fabricacao de artigos para viagem, bolsas e semelhantes de qualquer material",2,0,0,0,0,2,0.0,0.0,0.0,2,2,2
Marechal Deodoro,Fabricacao de azulejos e pisos,1,1,1,1,1,0,100.0,100.0,100.0,0,0,0
Marechal Deodoro,Fabricacao de bijuterias e artefatos semelhantes,9,0,0,0,0,9,0.0,0.0,0.0,9,9,9
Marechal Deodoro,Fabricacao de chapas e de embalagens de papelao ondulado,2,0,0,0,0,2,0.0,0.0,0.0,2,2,2
Marechal Deodoro,Fabricacao de cimento,1,1,0,0,1,0,100.0,0.0,100.0,0,1,0
Marechal Deodoro,Fabricacao de conservas de frutas,2,0,0,0,0,2,0.0,0.0,0.0,2,2,2
Marechal Deodoro,Fabricacao de embalagens de material plastico,1,0,0,0,0,1,0.0,0.0,0.0,1,1,1
Marechal Deodoro,Fabricacao de equipamentos para sinalizacao e alarme,1,0,0,0,0,1,0.0,0.0,0.0,1,1,1
Marechal Deodoro,"Fabricacao de especiarias, molhos, temperos e condimentos",1,0,0,0,0,1,0.0,0.0,0.0,1,1,1
Marechal Deodoro,Fabricacao de esquadrias de metal,5,1,0,0,1,4,20.0,0.0,20.0,4,5,4
Marechal Deodoro,"Fabricacao de estruturas pre moldadas de concreto armado, em serie e sob encomenda",2,0,0,0,0,2,0.0,0.0,0.0,2,2,2
Marechal Deodoro,"Fabricacao de fios, cabos e condutores eletricos isolados",1,1,1,1,1,0,100.0,100.0,100.0,0,0,0
Marechal Deodoro,"Fabricacao de frutas cristalizadas, balas e semelhantes",1,0,0,0,0,1,0.0,0.0,0.0,1,1,1
Marechal Deodoro,Fabricacao de gases industriais,1,0,0,0,0,1,0.0,0.0,0.0,1,1,1
Marechal Deodoro,Fabricacao de gelo comum,5,0,0,0,0,5,0.0,0.0,0.0,5,5,5
Marechal Deodoro,"Fabricacao de geradores de corrente continua e alternada, pecas e acessorios",1,0,0,0,0,1,0.0,0.0,0.0,1,1,1
Marechal Deodoro,Fabricacao de laminados planos e tubulares de material plastico,1,0,1,0,1,0,0.0,100.0,100.0,1,0,0
Marechal Deodoro,"Fabricacao de letras, letreiros e placas de qualquer material, exceto luminosos",2,0,0,0,0,2,0.0,0.0,0.0,2,2,2
Marechal Deodoro,"Fabricacao de maquinas e equipamentos para uso industrial especifico nao especificados anteriormente, pecas e acessorios",1,0,0,0,0,1,0.0,0.0,0.0,1,1,1
Marechal Deodoro,Fabricacao de massas alimenticias,4,0,0,0,0,4,0.0,0.0,0.0,4,4,4
Marechal Deodoro,Fabricacao de motocicletas,1,0,0,0,0,1,0.0,0.0,0.0,1,1,1
Marechal Deodoro,Fabricacao de moveis com predominancia de madeira,24,1,0,0,1,23,4.1667,0.0,4.1667,23,24,23
Marechal Deodoro,"Fabricacao de outros artefatos e produtos de concreto, cimento, fibrocimento, gesso e materiais semelhantes",4,0,0,0,0,4,0.0,0.0,0.0,4,4,4
Marechal Deodoro,Fabricacao de outros artigos de carpintaria para construcao,7,0,0,0,0,7,0.0,0.0,0.0,7,7,7
Marechal Deodoro,Fabricacao de outros brinquedos e jogos recreativos nao especificados anteriormente,1,0,0,0,0,1,0.0,0.0,0.0,1,1,1
Marechal Deodoro,Fabricacao de outros equipamentos e aparelhos eletricos nao especificados anteriormente,1,0,0,0,0,1,0.0,0.0,0.0,1,1,1
Marechal Deodoro,Fabricacao de outros produtos alimenticios nao especificados anteriormente,1,0,0,0,0,1,0.0,0.0,0.0,1,1,1
Marechal Deodoro,Fabricacao de outros produtos de minerais nao metalicos nao especificados anteriormente,1,0,0,0,0,1,0.0,0.0,0.0,1,1,1
Marechal Deodoro,Fabricacao de outros produtos quimicos inorganicos nao especificados anteriormente,2,0,0,0,0,2,0.0,0.0,0.0,2,2,2
Marechal Deodoro,Fabricacao de outros produtos quimicos nao especificados anteriormente,2,1,0,0,1,1,50.0,0.0,50.0,1,2,1
Marechal Deodoro,Fabricacao de outros produtos texteis nao especificados anteriormente,9,0,0,0,0,9,0.0,0.0,0.0,9,9,9
Marechal Deodoro,Fabricacao de paineis e letreiros luminosos,2,0,0,0,0,2,0.0,0.0,0.0,2,2,2
Marechal Deodoro,Fabricacao de produtos ceramicos nao refratarios nao especificados anteriormente,2,0,0,0,0,2,0.0,0.0,0.0,2,2,2
Marechal Deodoro,Fabricacao de produtos de carne,1,0,0,0,0,1,0.0,0.0,0.0,1,1,1
Marechal Deodoro,Fabricacao de produtos de limpeza e polimento,1,1,0,0,1,0,100.0,0.0,100.0,0,1,0
Marechal Deodoro,Fabricacao de produtos de padaria e confeitaria com predominancia de producao propria,42,0,0,0,0,42,0.0,0.0,0.0,42,42,42
Marechal Deodoro,Fabricacao de produtos de panificacao industrial,11,0,0,0,0,11,0.0,0.0,0.0,11,11,11
Marechal Deodoro,"Fabricacao de produtos de papel, cartolina, papel cartao e papelao ondulado para uso industrial, comercial e de escritorio",1,0,0,0,0,1,0.0,0.0,0.0,1,1,1
Marechal Deodoro,"Fabricacao de produtos de pastas celulosicas, papel, cartolina, papel cartao e papelao ondulado nao especificados anteriormente",6,0,0,0,0,6,0.0,0.0,0.0,6,6,6
Marechal Deodoro,Fabricacao de produtos diversos nao especificados anteriormente,56,0,0,0,0,56,0.0,0.0,0.0,56,56,56
Marechal Deodoro,Fabricacao de refrigerantes,1,0,0,0,0,1,0.0,0.0,0.0,1,1,1
Marechal Deodoro,Fabricacao de resinas termoplasticas,1,0,1,0,1,0,0.0,100.0,100.0,1,0,0
Marechal Deodoro,Fabricacao de sorvetes e outros gelados comestiveis,1,0,0,0,0,1,0.0,0.0,0.0,1,1,1
Marechal Deodoro,"Fabricacao de sucos de frutas, hortalicas e legumes, exceto concentrados",1,0,1,0,1,0,0.0,100.0,100.0,1,0,0
Marechal Deodoro,"Fabricacao de tanques, reservatorios metalicos e caldeiras para aquecimento central",1,0,0,0,0,1,0.0,0.0,0.0,1,1,1
Marechal Deodoro,"Fabricacao de tintas, vernizes, esmaltes e lacas",2,1,0,0,1,1,50.0,0.0,50.0,1,2,1
Marechal Deodoro,Fabricacao de tubos e acessorios de material plastico para uso na construcao,4,2,2,2,2,2,50.0,50.0,50.0,2,2,2
Marechal Deodoro,"Fabricacao de velas, inclusive decorativas",1,0,0,0,0,1,0.0,0.0,0.0,1,1,1
Marechal Deodoro,"Faccao de pecas do vestuario, exceto roupas intimas",2,0,0,0,0,2,0.0,0.0,0.0,2,2,2
Marechal Deodoro,Faccao de roupas profissionais,3,0,0,0,0,3,0.0,0.0,0.0,3,3,3
Marechal Deodoro,Fornecimento de alimentos preparados preponderantemente para empresas,26,0,0,0,0,26,0.0,0.0,0.0,26,26,26
Marechal Deodoro,Fundicao de metais nao ferrosos e suas ligas,1,1,0,0,1,0,100.0,0.0,100.0,0,1,0
Marechal Deodoro,Geracao de energia eletrica,2,0,0,0,0,2,0.0,0.0,0.0,2,2,2
Marechal Deodoro,"Impressao de livros, revistas e outras publicacoes periodicas",1,0,0,0,0,1,0.0,0.0,0.0,1,1,1
Marechal Deodoro,Impressao de material para outros usos,2,0,0,0,0,2,0.0,0.0,0.0,2,2,2
Marechal Deodoro,Impressao de material para uso publicitario,3,0,0,0,0,3,0.0,0.0,0.0,3,3,3
Marechal Deodoro,Incorporacao de empreendimentos imobiliarios,59,0,2,0,2,57,0.0,3.3898,3.3898,59,57,57
Marechal Deodoro,Instalacao de equipamentos para orientacao a navegacao maritima fluvial e lacustre,1,0,0,0,0,1,0.0,0.0,0.0,1,1,1
Marechal Deodoro,Instalacao de maquinas e equipamentos industriais,6,0,0,0,0,6,0.0,0.0,0.0,6,6,6
Marechal Deodoro,Instalacao de paineis publicitarios,2,0,0,0,0,2,0.0,0.0,0.0,2,2,2
Marechal Deodoro,"Instalacao de portas, janelas, tetos, divisorias e armarios embutidos de qualquer material",5,0,0,0,0,5,0.0,0.0,0.0,5,5,5
Marechal Deodoro,"Instalacao e manutencao de sistemas centrais de ar condicionado, de ventilacao e refrigeracao",33,0,1,0,1,32,0.0,3.0303,3.0303,33,32,32
Marechal Deodoro,Instalacao e manutencao eletrica,49,0,0,0,0,49,0.0,0.0,0.0,49,49,49
Marechal Deodoro,Instalacoes de sistema de prevencao contra incendio,2,0,0,0,0,2,0.0,0.0,0.0,2,2,2
Marechal Deodoro,"Instalacoes hidraulicas, sanitarias e de gas",3,0,0,0,0,3,0.0,0.0,0.0,3,3,3
Marechal Deodoro,Manutencao de redes de distribuicao de energia eletrica,1,0,0,0,0,1,0.0,0.0,0.0,1,1,1
Marechal Deodoro,"Manutencao e reparacao de aeronaves, exceto a manutencao na pista",1,0,0,0,0,1,0.0,0.0,0.0,1,1,1
Marechal Deodoro,Manutencao e reparacao de embarcacoes para esporte e lazer,3,0,0,0,0,3,0.0,0.0,0.0,3,3,3
Marechal Deodoro,Manutencao e reparacao de equipamentos e produtos nao especificados anteriormente,1,0,0,0,0,1,0.0,0.0,0.0,1,1,1
Marechal Deodoro,"Manutencao e reparacao de equipamentos hidraulicos e pneumaticos, exceto valvulas",1,0,0,0,0,1,0.0,0.0,0.0,1,1,1
Marechal Deodoro,"Manutencao e reparacao de geradores, transformadores e motores eletricos",2,0,0,0,0,2,0.0,0.0,0.0,2,2,2
Marechal Deodoro,Manutencao e reparacao de maquinas e aparelhos de refrigeracao e ventilacao para uso industrial e comercial,7,0,0,0,0,7,0.0,0.0,0.0,7,7,7
Marechal Deodoro,Manutencao e reparacao de maquinas e aparelhos para a industria do plastico,1,0,0,0,0,1,0.0,0.0,0.0,1,1,1
Marechal Deodoro,Manutencao e reparacao de maquinas e equipamentos para uso geral nao especificados anteriormente,2,0,0,0,0,2,0.0,0.0,0.0,2,2,2
Marechal Deodoro,"Manutencao e reparacao de maquinas, aparelhos e materiais eletricos nao especificados anteriormente",1,0,0,0,0,1,0.0,0.0,0.0,1,1,1
Marechal Deodoro,"Manutencao e reparacao de maquinas, equipamentos e aparelhos para transporte e elevacao de cargas",1,0,0,0,0,1,0.0,0.0,0.0,1,1,1
Marechal Deodoro,Manutencao e reparacao de motocicletas e motonetas,11,0,0,0,0,11,0.0,0.0,0.0,11,11,11
Marechal Deodoro,Manutencao e reparacao de outras maquinas e equipamentos para usos industriais nao especificados anteriormente,5,2,1,1,2,3,40.0,20.0,40.0,3,4,3
Marechal Deodoro,Montagem de estruturas metalicas,1,0,0,0,0,1,0.0,0.0,0.0,1,1,1
Marechal Deodoro,"Montagem e instalacao de sistemas e equipamentos de iluminacao e sinalizacao em vias publicas, portos e aeroportos",1,0,0,0,0,1,0.0,0.0,0.0,1,1,1
Marechal Deodoro,Obras de acabamento em gesso e estuque,4,0,0,0,0,4,0.0,0.0,0.0,4,4,4
Marechal Deodoro,Obras de alvenaria,82,0,0,0,0,82,0.0,0.0,0.0,82,82,82
Marechal Deodoro,Obras de terraplenagem,1,0,0,0,0,1,0.0,0.0,0.0,1,1,1
Marechal Deodoro,"Obras de urbanizacao - ruas, pracas e calcadas",3,0,0,0,0,3,0.0,0.0,0.0,3,3,3
Marechal Deodoro,Outras atividades de telecomunicacoes nao especificadas anteriormente,4,0,0,0,0,4,0.0,0.0,0.0,4,4,4
Marechal Deodoro,Outras obras de acabamento da construcao,5,0,0,0,0,5,0.0,0.0,0.0,5,5,5
Marechal Deodoro,Outras obras de instalacoes em construcoes nao especificadas anteriormente,1,0,1,0,1,0,0.0,100.0,100.0,1,0,0
Marechal Deodoro,"Outros servicos de acabamento em fios, tecidos, artefatos texteis e pecas do vestuario",1,0,0,0,0,1,0.0,0.0,0.0,1,1,1
Marechal Deodoro,Preparacao de massa de concreto e argamassa para construcao,4,3,2,2,3,1,75.0,50.0,75.0,1,2,1
Marechal Deodoro,"Preparacao e fiacao de fibras texteis naturais, exceto algodao",1,0,0,0,0,1,0.0,0.0,0.0,1,1,1
Marechal Deodoro,"Preservacao de peixes, crustaceos e moluscos",1,0,0,0,0,1,0.0,0.0,0.0,1,1,1
Marechal Deodoro,Producao de artefatos estampados de metal,1,0,0,0,0,1,0.0,0.0,0.0,1,1,1
Marechal Deodoro,"Producao e distribuicao de vapor, agua quente e ar condicionado",2,0,0,0,0,2,0.0,0.0,0.0,2,2,2
Marechal Deodoro,Provedores de acesso as redes de comunicacoes,4,0,0,0,0,4,0.0,0.0,0.0,4,4,4
Marechal Deodoro,"Servicos de acabamentos graficos, exceto encadernacao e plastificacao",1,0,0,0,0,1,0.0,0.0,0.0,1,1,1
Marechal Deodoro,Servicos de borracharia para veiculos automotores,3,0,0,0,0,3,0.0,0.0,0.0,3,3,3
Marechal Deodoro,Servicos de capotaria,3,0,0,0,0,3,0.0,0.0,0.0,3,3,3
Marechal Deodoro,Servicos de comunicacao multimidia - scm,8,1,0,0,1,7,12.5,0.0,12.5,7,8,7
Marechal Deodoro,Servicos de confeccao de armacoes metalicas para a construcao,4,0,0,0,0,4,0.0,0.0,0.0,4,4,4
Marechal Deodoro,Servicos de encadernacao e plastificacao,1,0,0,0,0,1,0.0,0.0,0.0,1,1,1
Marechal Deodoro,Servicos de engenharia,17,1,0,0,1,16,5.8824,0.0,5.8824,16,17,16
Marechal Deodoro,"Servicos de instalacao, manutencao e reparacao de acessorios para veiculos automotores",2,0,0,0,0,2,0.0,0.0,0.0,2,2,2
Marechal Deodoro,Servicos de lanternagem ou funilaria e pintura de veiculos automotores,7,0,0,0,0,7,0.0,0.0,0.0,7,7,7
Marechal Deodoro,Servicos de manutencao e reparacao eletrica de veiculos automotores,2,0,0,0,0,2,0.0,0.0,0.0,2,2,2
Marechal Deodoro,Servicos de manutencao e reparacao mecanica de veiculos automotores,13,0,0,0,0,13,0.0,0.0,0.0,13,13,13
Marechal Deodoro,Servicos de montagem de moveis de qualquer material,7,0,0,0,0,7,0.0,0.0,0.0,7,7,7
Marechal Deodoro,Servicos de pintura de edificios em geral,13,0,0,0,0,13,0.0,0.0,0.0,13,13,13
Marechal Deodoro,Servicos de pre impressao,8,0,0,0,0,8,0.0,0.0,0.0,8,8,8
Marechal Deodoro,"Servicos de usinagem, tornearia e solda",5,0,0,0,0,5,0.0,0.0,0.0,5,5,5
Marechal Deodoro,Servicos especializados para construcao nao especificados anteriormente,6,0,0,0,0,6,0.0,0.0,0.0,6,6,6
Marechal Deodoro,Transmissao de energia eletrica,1,0,0,0,0,1,0.0,0.0,0.0,1,1,1
Marechal Deodoro,Transporte dutoviario,1,0,0,0,0,1,0.0,0.0,0.0,1,1,1
Marechal Deodoro,"Tratamentos termicos, acusticos ou de vibracao",1,0,0,0,0,1,0.0,0.0,0.0,1,1,1
Maribondo,Atividades do correio nacional,1,0,0,0,0,1,0.0,0.0,0.0,1,1,1
Maribondo,"Confeccao de pecas de vestuario, exceto roupas intimas e as confeccionadas sob medida",3,0,0,0,0,3,0.0,0.0,0.0,3,3,3
Maribondo,"Confeccao, sob medida, de pecas do vestuario, exceto roupas intimas",3,0,0,0,0,3,0.0,0.0,0.0,3,3,3
Maribondo,Construcao de edificios,13,0,0,0,0,13,0.0,0.0,0.0,13,13,13
Maribondo,Extracao de granito e beneficiamento associado,1,0,0,0,0,1,0.0,0.0,0.0,1,1,1
Maribondo,Extracao e britamento de pedras e outros materiais para construcao e beneficiamento associado,1,0,0,0,0,1,0.0,0.0,0.0,1,1,1
Maribondo,"Fabricacao de acessorios do vestuario, exceto para seguranca e protecao",1,0,0,0,0,1,0.0,0.0,0.0,1,1,1
Maribondo,Fabricacao de alimentos e pratos prontos,1,0,0,0,0,1,0.0,0.0,0.0,1,1,1
Maribondo,"Fabricacao de artigos de serralheria, exceto esquadrias",2,0,0,0,0,2,0.0,0.0,0.0,2,2,2
Maribondo,Fabricacao de bijuterias e artefatos semelhantes,1,0,0,0,0,1,0.0,0.0,0.0,1,1,1
Maribondo,"Fabricacao de especiarias, molhos, temperos e condimentos",1,0,0,0,0,1,0.0,0.0,0.0,1,1,1
Maribondo,Fabricacao de esquadrias de metal,2,0,0,0,0,2,0.0,0.0,0.0,2,2,2
Maribondo,Fabricacao de gelo comum,1,0,0,0,0,1,0.0,0.0,0.0,1,1,1
Maribondo,Fabricacao de laticinios,2,0,0,0,0,2,0.0,0.0,0.0,2,2,2
Maribondo,Fabricacao de massas alimenticias,1,0,0,0,0,1,0.0,0.0,0.0,1,1,1
Maribondo,Fabricacao de moveis com predominancia de madeira,5,0,0,0,0,5,0.0,0.0,0.0,5,5,5
Maribondo,Fabricacao de moveis com predominancia de metal,1,0,0,0,0,1,0.0,0.0,0.0,1,1,1
Maribondo,"Fabricacao de outros artefatos e produtos de concreto, cimento, fibrocimento, gesso e materiais semelhantes",1,0,0,0,0,1,0.0,0.0,0.0,1,1,1
Maribondo,Fabricacao de outros produtos alimenticios nao especificados anteriormente,1,0,0,0,0,1,0.0,0.0,0.0,1,1,1
Maribondo,Fabricacao de outros produtos texteis nao especificados anteriormente,1,0,0,0,0,1,0.0,0.0,0.0,1,1,1
Maribondo,Fabricacao de produtos de padaria e confeitaria com predominancia de producao propria,7,0,0,0,0,7,0.0,0.0,0.0,7,7,7
Maribondo,Fabricacao de produtos de panificacao industrial,5,0,0,0,0,5,0.0,0.0,0.0,5,5,5
Maribondo,Fabricacao de produtos diversos nao especificados anteriormente,3,0,0,0,0,3,0.0,0.0,0.0,3,3,3
Maribondo,Fabricacao de sorvetes e outros gelados comestiveis,1,1,0,0,1,0,100.0,0.0,100.0,0,1,0
Maribondo,Fornecimento de alimentos preparados preponderantemente para empresas,1,0,0,0,0,1,0.0,0.0,0.0,1,1,1
Maribondo,Impressao de material para outros usos,1,0,0,0,0,1,0.0,0.0,0.0,1,1,1
Maribondo,"Instalacao e manutencao de sistemas centrais de ar condicionado, de ventilacao e refrigeracao",2,0,0,0,0,2,0.0,0.0,0.0,2,2,2
Maribondo,Instalacao e manutencao eletrica,3,0,0,0,0,3,0.0,0.0,0.0,3,3,3
Maribondo,"Instalacoes hidraulicas, sanitarias e de gas",1,0,0,0,0,1,0.0,0.0,0.0,1,1,1
Maribondo,Obras de acabamento em gesso e estuque,1,0,0,0,0,1,0.0,0.0,0.0,1,1,1
Maribondo,Obras de alvenaria,8,0,0,0,0,8,0.0,0.0,0.0,8,8,8
Maribondo,Producao de artefatos estampados de metal,1,0,0,0,0,1,0.0,0.0,0.0,1,1,1
Maribondo,Servicos de borracharia para veiculos automotores,2,0,0,0,0,2,0.0,0.0,0.0,2,2,2
Maribondo,Servicos de comunicacao multimidia - scm,3,0,0,0,0,3,0.0,0.0,0.0,3,3,3
Maribondo,Servicos de engenharia,2,0,0,0,0,2,0.0,0.0,0.0,2,2,2
Maribondo,Servicos de lanternagem ou funilaria e pintura de veiculos automotores,1,0,0,0,0,1,0.0,0.0,0.0,1,1,1
Maribondo,Servicos de manutencao e reparacao eletrica de veiculos automotores,2,0,0,0,0,2,0.0,0.0,0.0,2,2,2
Maribondo,Servicos de manutencao e reparacao mecanica de veiculos automotores,6,0,0,0,0,6,0.0,0.0,0.0,6,6,6
Maribondo,Servicos de montagem de moveis de qualquer material,1,0,0,0,0,1,0.0,0.0,0.0,1,1,1
Maribondo,Servicos de pre impressao,1,0,0,0,0,1,0.0,0.0,0.0,1,1,1
Maribondo,Telecomunicacoes por satelite,1,0,0,0,0,1,0.0,0.0,0.0,1,1,1
Maribondo,Transmissao de energia eletrica,1,0,0,0,0,1,0.0,0.0,0.0,1,1,1
Mata Grande,Atividades do correio nacional,1,0,0,0,0,1,0.0,0.0,0.0,1,1,1
Mata Grande,Construcao de edificios,1,0,0,0,0,1,0.0,0.0,0.0,1,1,1
Mata Grande,"Fabricacao de artigos para viagem, bolsas e semelhantes de qualquer material",1,0,0,0,0,1,0.0,0.0,0.0,1,1,1
Mata Grande,Fabricacao de massas alimenticias,1,0,0,0,0,1,0.0,0.0,0.0,1,1,1
Mata Grande,"Fabricacao de outros artefatos e produtos de concreto, cimento, fibrocimento, gesso e materiais semelhantes",1,0,0,0,0,1,0.0,0.0,0.0,1,1,1
Mata Grande,Fabricacao de produtos de carne,1,0,0,0,0,1,0.0,0.0,0.0,1,1,1
Mata Grande,Fabricacao de produtos de padaria e confeitaria com predominancia de producao propria,5,0,0,0,0,5,0.0,0.0,0.0,5,5,5
Mata Grande,Fabricacao de produtos de panificacao industrial,3,0,0,0,0,3,0.0,0.0,0.0,3,3,3
Mata Grande,"Fabricacao de produtos de pastas celulosicas, papel, cartolina, papel cartao e papelao ondulado nao especificados anteriormente",1,0,0,0,0,1,0.0,0.0,0.0,1,1,1
Mata Grande,Instalacao e manutencao eletrica,2,0,0,0,0,2,0.0,0.0,0.0,2,2,2
Mata Grande,Manutencao e reparacao de maquinas e aparelhos de refrigeracao e ventilacao para uso industrial e comercial,1,0,0,0,0,1,0.0,0.0,0.0,1,1,1
Mata Grande,Manutencao e reparacao de motocicletas e motonetas,1,0,0,0,0,1,0.0,0.0,0.0,1,1,1
Mata Grande,Obras de alvenaria,1,0,0,0,0,1,0.0,0.0,0.0,1,1,1
Mata Grande,Servicos de borracharia para veiculos automotores,2,0,0,0,0,2,0.0,0.0,0.0,2,2,2
Mata Grande,Servicos de comunicacao multimidia - scm,4,0,0,0,0,4,0.0,0.0,0.0,4,4,4
Mata Grande,Servicos de engenharia,1,0,0,0,0,1,0.0,0.0,0.0,1,1,1
Mata Grande,Servicos de manutencao e reparacao eletrica de veiculos automotores,1,0,0,0,0,1,0.0,0.0,0.0,1,1,1
Mata Grande,Servicos de manutencao e reparacao mecanica de veiculos automotores,1,0,0,0,0,1,0.0,0.0,0.0,1,1,1
Mata Grande,Servicos de pre impressao,1,0,0,0,0,1,0.0,0.0,0.0,1,1,1
Matriz de Camaragibe,Abate de aves,2,0,0,0,0,2,0.0,0.0,0.0,2,2,2
Matriz de Camaragibe,Aplicacao de revestimentos e de resinas em interiores e exteriores,1,0,0,0,0,1,0.0,0.0,0.0,1,1,1
Matriz de Camaragibe,Atividades do correio nacional,1,0,0,0,0,1,0.0,0.0,0.0,1,1,1
Matriz de Camaragibe,"Atividades relacionadas a esgoto, exceto a gestao de redes",1,0,0,0,0,1,0.0,0.0,0.0,1,1,1
Matriz de Camaragibe,Coleta de residuos nao perigosos,1,0,0,0,0,1,0.0,0.0,0.0,1,1,1
Matriz de Camaragibe,"Confeccao de pecas de vestuario, exceto roupas intimas e as confeccionadas sob medida",2,0,0,0,0,2,0.0,0.0,0.0,2,2,2
Matriz de Camaragibe,"Confeccao, sob medida, de pecas do vestuario, exceto roupas intimas",2,0,0,0,0,2,0.0,0.0,0.0,2,2,2
Matriz de Camaragibe,Construcao de edificios,6,0,0,0,0,6,0.0,0.0,0.0,6,6,6
Matriz de Camaragibe,Distribuicao de energia eletrica,1,0,0,0,0,1,0.0,0.0,0.0,1,1,1
Matriz de Camaragibe,"Extracao de areia, cascalho ou pedregulho e beneficiamento associado",3,0,0,0,0,3,0.0,0.0,0.0,3,3,3
Matriz de Camaragibe,Extracao de argila e beneficiamento associado,1,0,0,0,0,1,0.0,0.0,0.0,1,1,1
Matriz de Camaragibe,Extracao e britamento de pedras e outros materiais para construcao e beneficiamento associado,2,0,0,0,0,2,0.0,0.0,0.0,2,2,2
Matriz de Camaragibe,Fabricacao de acucar em bruto,1,1,0,0,1,0,100.0,0.0,100.0,0,1,0
Matriz de Camaragibe,Fabricacao de aguardente de cana de acucar,1,0,0,0,0,1,0.0,0.0,0.0,1,1,1
Matriz de Camaragibe,"Fabricacao de artefatos de ceramica e barro cozido para uso na construcao, exceto azulejos e pisos",3,1,0,0,1,2,33.3333,0.0,33.3333,2,3,2
Matriz de Camaragibe,"Fabricacao de artigos de serralheria, exceto esquadrias",12,0,0,0,0,12,0.0,0.0,0.0,12,12,12
Matriz de Camaragibe,Fabricacao de bijuterias e artefatos semelhantes,2,0,0,0,0,2,0.0,0.0,0.0,2,2,2
Matriz de Camaragibe,"Fabricacao de especiarias, molhos, temperos e condimentos",1,0,0,0,0,1,0.0,0.0,0.0,1,1,1
Matriz de Camaragibe,Fabricacao de esquadrias de metal,1,0,0,0,0,1,0.0,0.0,0.0,1,1,1
Matriz de Camaragibe,Fabricacao de gelo comum,1,0,0,0,0,1,0.0,0.0,0.0,1,1,1
Matriz de Camaragibe,"Fabricacao de letras, letreiros e placas de qualquer material, exceto luminosos",1,0,0,0,0,1,0.0,0.0,0.0,1,1,1
Matriz de Camaragibe,Fabricacao de massas alimenticias,2,0,0,0,0,2,0.0,0.0,0.0,2,2,2
Matriz de Camaragibe,Fabricacao de moveis com predominancia de madeira,6,0,0,0,0,6,0.0,0.0,0.0,6,6,6
Matriz de Camaragibe,"Fabricacao de moveis de outros materiais, exceto madeira e metal",1,0,0,0,0,1,0.0,0.0,0.0,1,1,1
Matriz de Camaragibe,Fabricacao de obras de caldeiraria pesada,1,0,0,0,0,1,0.0,0.0,0.0,1,1,1
Matriz de Camaragibe,Fabricacao de outros artigos de carpintaria para construcao,2,0,0,0,0,2,0.0,0.0,0.0,2,2,2
Matriz de Camaragibe,Fabricacao de paineis e letreiros luminosos,1,0,0,0,0,1,0.0,0.0,0.0,1,1,1
Matriz de Camaragibe,Fabricacao de produtos de padaria e confeitaria com predominancia de producao propria,10,0,0,0,0,10,0.0,0.0,0.0,10,10,10
Matriz de Camaragibe,Fabricacao de produtos de panificacao industrial,1,0,0,0,0,1,0.0,0.0,0.0,1,1,1
Matriz de Camaragibe,"Fabricacao de produtos de pastas celulosicas, papel, cartolina, papel cartao e papelao ondulado nao especificados anteriormente",2,0,0,0,0,2,0.0,0.0,0.0,2,2,2
Matriz de Camaragibe,"Fabricacao de produtos de trefilados de metal, exceto padronizados",1,0,0,0,0,1,0.0,0.0,0.0,1,1,1
Matriz de Camaragibe,Fabricacao de produtos derivados do cacau e de chocolates,1,1,1,1,1,0,100.0,100.0,100.0,0,0,0
Matriz de Camaragibe,Fabricacao de sorvetes e outros gelados comestiveis,1,0,0,0,0,1,0.0,0.0,0.0,1,1,1
Matriz de Camaragibe,"Fabricacao de sucos de frutas, hortalicas e legumes, exceto concentrados",1,1,1,1,1,0,100.0,100.0,100.0,0,0,0
Matriz de Camaragibe,"Faccao de pecas do vestuario, exceto roupas intimas",1,0,0,0,0,1,0.0,0.0,0.0,1,1,1
Matriz de Camaragibe,Fornecimento de alimentos preparados preponderantemente para empresas,1,0,0,0,0,1,0.0,0.0,0.0,1,1,1
Matriz de Camaragibe,Impressao de material para outros usos,2,0,0,0,0,2,0.0,0.0,0.0,2,2,2
Matriz de Camaragibe,Impressao de material para uso publicitario,2,0,0,0,0,2,0.0,0.0,0.0,2,2,2
Matriz de Camaragibe,Instalacao de maquinas e equipamentos industriais,1,0,0,0,0,1,0.0,0.0,0.0,1,1,1
Matriz de Camaragibe,Instalacao de paineis publicitarios,1,0,0,0,0,1,0.0,0.0,0.0,1,1,1
Matriz de Camaragibe,"Instalacao e manutencao de sistemas centrais de ar condicionado, de ventilacao e refrigeracao",2,0,0,0,0,2,0.0,0.0,0.0,2,2,2
Matriz de Camaragibe,Instalacao e manutencao eletrica,7,0,1,0,1,6,0.0,14.2857,14.2857,7,6,6
Matriz de Camaragibe,"Instalacoes hidraulicas, sanitarias e de gas",1,0,0,0,0,1,0.0,0.0,0.0,1,1,1
Matriz de Camaragibe,Manutencao e reparacao de motocicletas e motonetas,2,0,0,0,0,2,0.0,0.0,0.0,2,2,2
Matriz de Camaragibe,"Manutencao e reparacao de tanques, reservatorios metalicos e caldeiras, exceto para veiculos",1,0,0,0,0,1,0.0,0.0,0.0,1,1,1
Matriz de Camaragibe,Moagem e fabricacao de produtos de origem vegetal nao especificados anteriormente,1,0,0,0,0,1,0.0,0.0,0.0,1,1,1
Matriz de Camaragibe,Montagem de estruturas metalicas,1,0,0,0,0,1,0.0,0.0,0.0,1,1,1
Matriz de Camaragibe,Montagem e desmontagem de andaimes e outras estruturas temporarias,1,0,0,0,0,1,0.0,0.0,0.0,1,1,1
Matriz de Camaragibe,Obras de acabamento em gesso e estuque,1,0,0,0,0,1,0.0,0.0,0.0,1,1,1
Matriz de Camaragibe,Obras de alvenaria,8,0,0,0,0,8,0.0,0.0,0.0,8,8,8
Matriz de Camaragibe,"Obras de urbanizacao - ruas, pracas e calcadas",1,0,0,0,0,1,0.0,0.0,0.0,1,1,1
Matriz de Camaragibe,Outras obras de acabamento da construcao,1,0,0,0,0,1,0.0,0.0,0.0,1,1,1
Matriz de Camaragibe,Perfuracao e construcao de pocos de agua,1,0,0,0,0,1,0.0,0.0,0.0,1,1,1
Matriz de Camaragibe,Recuperacao de sucatas de aluminio,1,0,0,0,0,1,0.0,0.0,0.0,1,1,1
Matriz de Camaragibe,Servicos de borracharia para veiculos automotores,2,0,0,0,0,2,0.0,0.0,0.0,2,2,2
Matriz de Camaragibe,Servicos de comunicacao multimidia - scm,2,0,0,0,0,2,0.0,0.0,0.0,2,2,2
Matriz de Camaragibe,Servicos de engenharia,1,0,0,0,0,1,0.0,0.0,0.0,1,1,1
Matriz de Camaragibe,Servicos de lanternagem ou funilaria e pintura de veiculos automotores,2,0,0,0,0,2,0.0,0.0,0.0,2,2,2
Matriz de Camaragibe,Servicos de manutencao e reparacao eletrica de veiculos automotores,2,0,0,0,0,2,0.0,0.0,0.0,2,2,2
Matriz de Camaragibe,Servicos de manutencao e reparacao mecanica de veiculos automotores,7,0,0,0,0,7,0.0,0.0,0.0,7,7,7
Matriz de Camaragibe,Servicos de montagem de moveis de qualquer material,1,0,0,0,0,1,0.0,0.0,0.0,1,1,1
Matriz de Camaragibe,Servicos de pintura de edificios em geral,4,0,0,0,0,4,0.0,0.0,0.0,4,4,4
Matriz de Camaragibe,"Servicos de usinagem, tornearia e solda",5,0,0,0,0,5,0.0,0.0,0.0,5,5,5
Matriz de Camaragibe,Transmissao de energia eletrica,1,0,0,0,0,1,0.0,0.0,0.0,1,1,1
Messias,Abate de aves,1,0,0,0,0,1,0.0,0.0,0.0,1,1,1
Messias,Atividades do correio nacional,1,0,0,0,0,1,0.0,0.0,0.0,1,1,1
Messias,"Captacao, tratamento e distribuicao de agua",1,0,0,0,0,1,0.0,0.0,0.0,1,1,1
Messias,"Confeccao de pecas de vestuario, exceto roupas intimas e as confeccionadas sob medida",3,0,0,0,0,3,0.0,0.0,0.0,3,3,3
Messias,"Confeccao, sob medida, de pecas do vestuario, exceto roupas intimas",1,0,0,0,0,1,0.0,0.0,0.0,1,1,1
Messias,Construcao de edificios,22,0,1,0,1,21,0.0,4.5455,4.5455,22,21,21
Messias,"Extracao de areia, cascalho ou pedregulho e beneficiamento associado",1,0,0,0,0,1,0.0,0.0,0.0,1,1,1
Messias,Fabricacao de biscoitos e bolachas,1,0,0,0,0,1,0.0,0.0,0.0,1,1,1
Messias,"Fabricacao de cabines, carrocerias e reboques para caminhoes",4,0,0,0,0,4,0.0,0.0,0.0,4,4,4
Messias,Fabricacao de calcados de couro,1,0,0,0,0,1,0.0,0.0,0.0,1,1,1
Messias,"Fabricacao de estruturas pre moldadas de concreto armado, em serie e sob encomenda",1,0,0,0,0,1,0.0,0.0,0.0,1,1,1
Messias,Fabricacao de gelo comum,1,0,0,0,0,1,0.0,0.0,0.0,1,1,1
Messias,Fabricacao de laticinios,1,0,0,0,0,1,0.0,0.0,0.0,1,1,1
Messias,"Fabricacao de letras, letreiros e placas de qualquer material, exceto luminosos",1,0,0,0,0,1,0.0,0.0,0.0,1,1,1
Messias,Fabricacao de moveis com predominancia de madeira,1,0,0,0,0,1,0.0,0.0,0.0,1,1,1
Messias,Fabricacao de outros artigos de carpintaria para construcao,1,0,0,0,0,1,0.0,0.0,0.0,1,1,1
Messias,Fabricacao de outros produtos texteis nao especificados anteriormente,1,0,0,0,0,1,0.0,0.0,0.0,1,1,1
Messias,Fabricacao de paineis e letreiros luminosos,1,0,0,0,0,1,0.0,0.0,0.0,1,1,1
Messias,Fabricacao de produtos de limpeza e polimento,1,0,0,0,0,1,0.0,0.0,0.0,1,1,1
Messias,Fabricacao de produtos de padaria e confeitaria com predominancia de producao propria,9,0,0,0,0,9,0.0,0.0,0.0,9,9,9
Messias,Fabricacao de produtos de panificacao industrial,1,0,0,0,0,1,0.0,0.0,0.0,1,1,1
Messias,Fabricacao de produtos diversos nao especificados anteriormente,2,0,0,0,0,2,0.0,0.0,0.0,2,2,2
Messias,"Fabricacao de sucos de frutas, hortalicas e legumes, exceto concentrados",1,0,0,0,0,1,0.0,0.0,0.0,1,1,1
Messias,Fornecimento de alimentos preparados preponderantemente para empresas,1,0,0,0,0,1,0.0,0.0,0.0,1,1,1
Messias,Geracao de energia eletrica,1,0,0,0,0,1,0.0,0.0,0.0,1,1,1
Messias,Incorporacao de empreendimentos imobiliarios,4,0,0,0,0,4,0.0,0.0,0.0,4,4,4
Messias,"Instalacao de portas, janelas, tetos, divisorias e armarios embutidos de qualquer material",1,0,0,0,0,1,0.0,0.0,0.0,1,1,1
Messias,"Instalacao e manutencao de sistemas centrais de ar condicionado, de ventilacao e refrigeracao",1,0,0,0,0,1,0.0,0.0,0.0,1,1,1
Messias,Instalacao e manutencao eletrica,3,0,0,0,0,3,0.0,0.0,0.0,3,3,3
Messias,"Manutencao e reparacao de maquinas e equipamentos para as industrias de alimentos, bebidas e fumo",1,0,0,0,0,1,0.0,0.0,0.0,1,1,1
Messias,"Manutencao e reparacao de maquinas, aparelhos e materiais eletricos nao especificados anteriormente",1,0,0,0,0,1,0.0,0.0,0.0,1,1,1
Messias,Manutencao e reparacao de motocicletas e motonetas,5,0,0,0,0,5,0.0,0.0,0.0,5,5,5
Messias,Obras de alvenaria,8,0,0,0,0,8,0.0,0.0,0.0,8,8,8
Messias,Outras obras de acabamento da construcao,1,0,0,0,0,1,0.0,0.0,0.0,1,1,1
Messias,Pintura para sinalizacao em pistas rodoviarias e aeroportos,1,0,0,0,0,1,0.0,0.0,0.0,1,1,1
Messias,Preparacao de massa de concreto e argamassa para construcao,1,0,0,0,0,1,0.0,0.0,0.0,1,1,1
Messias,"Preservacao de peixes, crustaceos e moluscos",1,0,0,0,0,1,0.0,0.0,0.0,1,1,1
Messias,Servicos de alinhamento e balanceamento de veiculos automotores,1,0,0,0,0,1,0.0,0.0,0.0,1,1,1
Messias,Servicos de borracharia para veiculos automotores,2,0,0,0,0,2,0.0,0.0,0.0,2,2,2
Messias,Servicos de comunicacao multimidia - scm,2,0,0,0,0,2,0.0,0.0,0.0,2,2,2
Messias,Servicos de engenharia,6,0,0,0,0,6,0.0,0.0,0.0,6,6,6
Messias,"Servicos de instalacao, manutencao e reparacao de acessorios para veiculos automotores",1,0,0,0,0,1,0.0,0.0,0.0,1,1,1
Messias,Servicos de lanternagem ou funilaria e pintura de veiculos automotores,3,0,0,0,0,3,0.0,0.0,0.0,3,3,3
Messias,Servicos de manutencao e reparacao eletrica de veiculos automotores,3,0,0,0,0,3,0.0,0.0,0.0,3,3,3
Messias,Servicos de manutencao e reparacao mecanica de veiculos automotores,15,0,0,0,0,15,0.0,0.0,0.0,15,15,15
Messias,Servicos de montagem de moveis de qualquer material,1,0,0,0,0,1,0.0,0.0,0.0,1,1,1
Messias,Servicos de pintura de edificios em geral,2,0,0,0,0,2,0.0,0.0,0.0,2,2,2
Messias,Servicos de pre impressao,1,0,0,0,0,1,0.0,0.0,0.0,1,1,1
Messias,"Servicos de usinagem, tornearia e solda",2,0,0,0,0,2,0.0,0.0,0.0,2,2,2
Messias,Transmissao de energia eletrica,2,0,0,0,0,2,0.0,0.0,0.0,2,2,2
Minador do Negrão,Administracao de obras,1,0,0,0,0,1,0.0,0.0,0.0,1,1,1
Minador do Negrão,Construcao de edificios,2,0,0,0,0,2,0.0,0.0,0.0,2,2,2
Minador do Negrão,Fabricacao de laticinios,1,0,0,0,0,1,0.0,0.0,0.0,1,1,1
Minador do Negrão,Fabricacao de produtos de padaria e confeitaria com predominancia de producao propria,1,0,0,0,0,1,0.0,0.0,0.0,1,1,1
Minador do Negrão,Fabricacao de produtos de panificacao industrial,1,0,0,0,0,1,0.0,0.0,0.0,1,1,1
Minador do Negrão,Manutencao e reparacao de motocicletas e motonetas,2,0,0,0,0,2,0.0,0.0,0.0,2,2,2
Minador do Negrão,Servicos de borracharia para veiculos automotores,1,0,0,0,0,1,0.0,0.0,0.0,1,1,1
Minador do Negrão,Servicos de comunicacao multimidia - scm,1,0,0,0,0,1,0.0,0.0,0.0,1,1,1
Minador do Negrão,Servicos de engenharia,2,0,0,0,0,2,0.0,0.0,0.0,2,2,2
Minador do Negrão,Servicos de manutencao e reparacao mecanica de veiculos automotores,1,0,0,0,0,1,0.0,0.0,0.0,1,1,1
Monteirópolis,Atividades do correio nacional,1,0,0,0,0,1,0.0,0.0,0.0,1,1,1
Monteirópolis,Construcao de edificios,4,0,0,0,0,4,0.0,0.0,0.0,4,4,4
Monteirópolis,Fabricacao de alimentos e pratos prontos,1,0,0,0,0,1,0.0,0.0,0.0,1,1,1
Monteirópolis,"Fabricacao de artigos de serralheria, exceto esquadrias",2,0,0,0,0,2,0.0,0.0,0.0,2,2,2
Monteirópolis,Fabricacao de cervejas e chopes,1,0,0,0,0,1,0.0,0.0,0.0,1,1,1
Monteirópolis,Fabricacao de laticinios,1,1,1,1,1,0,100.0,100.0,100.0,0,0,0
Monteirópolis,Fabricacao de produtos de padaria e confeitaria com predominancia de producao propria,1,0,0,0,0,1,0.0,0.0,0.0,1,1,1
Monteirópolis,Instalacao de maquinas e equipamentos industriais,1,0,0,0,0,1,0.0,0.0,0.0,1,1,1
Monteirópolis,"Instalacao e manutencao de sistemas centrais de ar condicionado, de ventilacao e refrigeracao",2,0,0,0,0,2,0.0,0.0,0.0,2,2,2
Monteirópolis,Instalacao e manutencao eletrica,1,0,0,0,0,1,0.0,0.0,0.0,1,1,1
Monteirópolis,Manutencao e reparacao de maquinas e aparelhos de refrigeracao e ventilacao para uso industrial e comercial,1,0,0,0,0,1,0.0,0.0,0.0,1,1,1
Monteirópolis,Manutencao e reparacao de maquinas e equipamentos para agricultura e pecuaria,1,0,0,0,0,1,0.0,0.0,0.0,1,1,1
Monteirópolis,Manutencao e reparacao de motocicletas e motonetas,1,0,0,0,0,1,0.0,0.0,0.0,1,1,1
Monteirópolis,Provedores de acesso as redes de comunicacoes,1,0,0,0,0,1,0.0,0.0,0.0,1,1,1
Monteirópolis,Servicos de alinhamento e balanceamento de veiculos automotores,1,0,0,0,0,1,0.0,0.0,0.0,1,1,1
Monteirópolis,Transmissao de energia eletrica,1,0,0,0,0,1,0.0,0.0,0.0,1,1,1
Murici,Aplicacao de revestimentos e de resinas em interiores e exteriores,1,0,0,0,0,1,0.0,0.0,0.0,1,1,1
Murici,Atividades do correio nacional,1,0,0,0,0,1,0.0,0.0,0.0,1,1,1
Murici,"Atividades relacionadas a esgoto, exceto a gestao de redes",1,0,0,0,0,1,0.0,0.0,0.0,1,1,1
Murici,"Captacao, tratamento e distribuicao de agua",1,0,0,0,0,1,0.0,0.0,0.0,1,1,1
Murici,Coleta de residuos nao perigosos,2,0,0,0,0,2,0.0,0.0,0.0,2,2,2
Murici,"Confeccao de pecas de vestuario, exceto roupas intimas e as confeccionadas sob medida",4,1,0,0,1,3,25.0,0.0,25.0,3,4,3
Murici,Confeccao de roupas intimas,4,3,0,0,3,1,75.0,0.0,75.0,1,4,1
Murici,"Confeccao, sob medida, de pecas do vestuario, exceto roupas intimas",3,0,0,0,0,3,0.0,0.0,0.0,3,3,3
Murici,Construcao de edificios,12,0,0,0,0,12,0.0,0.0,0.0,12,12,12
Murici,"Construcao de redes de abastecimento de agua, coleta de esgoto e construcoes correlatas, exceto obras de irrigacao",1,0,0,0,0,1,0.0,0.0,0.0,1,1,1
Murici,Distribuicao de energia eletrica,1,0,0,0,0,1,0.0,0.0,0.0,1,1,1
Murici,"Extracao de areia, cascalho ou pedregulho e beneficiamento associado",2,0,0,0,0,2,0.0,0.0,0.0,2,2,2
Murici,Extracao de argila e beneficiamento associado,1,0,0,0,0,1,0.0,0.0,0.0,1,1,1
Murici,Extracao de granito e beneficiamento associado,1,0,0,0,0,1,0.0,0.0,0.0,1,1,1
Murici,Extracao de madeira em florestas plantadas,1,0,0,0,0,1,0.0,0.0,0.0,1,1,1
Murici,Extracao e britamento de pedras e outros materiais para construcao e beneficiamento associado,1,0,0,0,0,1,0.0,0.0,0.0,1,1,1
Murici,Fabricacao de acucar em bruto,1,0,0,0,0,1,0.0,0.0,0.0,1,1,1
Murici,Fabricacao de aditivos de uso industrial,1,1,0,0,1,0,100.0,0.0,100.0,0,1,0
Murici,"Fabricacao de artefatos de ceramica e barro cozido para uso na construcao, exceto azulejos e pisos",1,0,0,0,0,1,0.0,0.0,0.0,1,1,1
Murici,"Fabricacao de artigos de serralheria, exceto esquadrias",7,0,0,0,0,7,0.0,0.0,0.0,7,7,7
Murici,Fabricacao de artigos pirotecnicos,1,0,0,0,0,1,0.0,0.0,0.0,1,1,1
Murici,Fabricacao de bijuterias e artefatos semelhantes,1,0,0,0,0,1,0.0,0.0,0.0,1,1,1
Murici,Fabricacao de cervejas e chopes,1,1,0,0,1,0,100.0,0.0,100.0,0,1,0
Murici,Fabricacao de equipamentos e acessorios para seguranca pessoal e profissional,1,0,0,0,0,1,0.0,0.0,0.0,1,1,1
Murici,"Fabricacao de especiarias, molhos, temperos e condimentos",2,0,0,0,0,2,0.0,0.0,0.0,2,2,2
Murici,"Fabricacao de estruturas pre moldadas de concreto armado, em serie e sob encomenda",1,0,1,0,1,0,0.0,100.0,100.0,1,0,0
Murici,Fabricacao de laticinios,4,0,0,0,0,4,0.0,0.0,0.0,4,4,4
Murici,"Fabricacao de letras, letreiros e placas de qualquer material, exceto luminosos",1,0,0,0,0,1,0.0,0.0,0.0,1,1,1
Murici,"Fabricacao de maquinas ferramenta, pecas e acessorios",1,0,0,0,0,1,0.0,0.0,0.0,1,1,1
Murici,Fabricacao de motocicletas,1,0,0,0,0,1,0.0,0.0,0.0,1,1,1
Murici,Fabricacao de moveis com predominancia de madeira,2,0,0,0,0,2,0.0,0.0,0.0,2,2,2
Murici,"Fabricacao de moveis de outros materiais, exceto madeira e metal",2,0,0,0,0,2,0.0,0.0,0.0,2,2,2
Murici,Fabricacao de outros artigos de carpintaria para construcao,1,0,0,0,0,1,0.0,0.0,0.0,1,1,1
Murici,Fabricacao de outros produtos alimenticios nao especificados anteriormente,1,0,0,0,0,1,0.0,0.0,0.0,1,1,1
Murici,Fabricacao de outros produtos de metal nao especificados anteriormente,1,0,0,0,0,1,0.0,0.0,0.0,1,1,1
Murici,Fabricacao de outros produtos quimicos nao especificados anteriormente,2,0,0,0,0,2,0.0,0.0,0.0,2,2,2
Murici,Fabricacao de outros produtos texteis nao especificados anteriormente,2,0,0,0,0,2,0.0,0.0,0.0,2,2,2
Murici,Fabricacao de produtos ceramicos nao refratarios nao especificados anteriormente,1,0,0,0,0,1,0.0,0.0,0.0,1,1,1
Murici,Fabricacao de produtos de padaria e confeitaria com predominancia de producao propria,6,0,0,0,0,6,0.0,0.0,0.0,6,6,6
Murici,Fabricacao de produtos de panificacao industrial,3,0,0,0,0,3,0.0,0.0,0.0,3,3,3
Murici,Fabricacao de produtos diversos nao especificados anteriormente,3,0,0,0,0,3,0.0,0.0,0.0,3,3,3
Murici,"Fabricacao de produtos para infusao (cha, mate, etc.)",1,0,0,0,0,1,0.0,0.0,0.0,1,1,1
Murici,Fornecimento de alimentos preparados preponderantemente para empresas,2,0,0,0,0,2,0.0,0.0,0.0,2,2,2
Murici,Geracao de energia eletrica,1,0,0,0,0,1,0.0,0.0,0.0,1,1,1
Murici,Instalacao de paineis publicitarios,1,0,0,0,0,1,0.0,0.0,0.0,1,1,1
Murici,"Instalacao de portas, janelas, tetos, divisorias e armarios embutidos de qualquer material",1,0,0,0,0,1,0.0,0.0,0.0,1,1,1
Murici,"Instalacao e manutencao de sistemas centrais de ar condicionado, de ventilacao e refrigeracao",3,0,0,0,0,3,0.0,0.0,0.0,3,3,3
Murici,Instalacao e manutencao eletrica,9,0,0,0,0,9,0.0,0.0,0.0,9,9,9
Murici,"Instalacoes hidraulicas, sanitarias e de gas",2,0,0,0,0,2,0.0,0.0,0.0,2,2,2
Murici,Manutencao e reparacao de maquinas e aparelhos de refrigeracao e ventilacao para uso industrial e comercial,1,0,0,0,0,1,0.0,0.0,0.0,1,1,1
Murici,Manutencao e reparacao de motocicletas e motonetas,3,0,0,0,0,3,0.0,0.0,0.0,3,3,3
Murici,Moagem de trigo e fabricacao de derivados,1,0,0,0,0,1,0.0,0.0,0.0,1,1,1
Murici,Moagem e fabricacao de produtos de origem vegetal nao especificados anteriormente,1,0,0,0,0,1,0.0,0.0,0.0,1,1,1
Murici,Obras de acabamento em gesso e estuque,1,0,0,0,0,1,0.0,0.0,0.0,1,1,1
Murici,Obras de alvenaria,18,0,0,0,0,18,0.0,0.0,0.0,18,18,18
Murici,"Obras de urbanizacao - ruas, pracas e calcadas",1,0,0,0,0,1,0.0,0.0,0.0,1,1,1
Murici,Outras atividades de telecomunicacoes nao especificadas anteriormente,1,0,0,0,0,1,0.0,0.0,0.0,1,1,1
Murici,Outras obras de engenharia civil nao especificadas anteriormente,1,0,0,0,0,1,0.0,0.0,0.0,1,1,1
Murici,Preparacao do leite,1,0,0,0,0,1,0.0,0.0,0.0,1,1,1
Murici,Provedores de acesso as redes de comunicacoes,3,0,0,0,0,3,0.0,0.0,0.0,3,3,3
Murici,Recuperacao de materiais plasticos,1,0,0,0,0,1,0.0,0.0,0.0,1,1,1
Murici,Serrarias com desdobramento de madeira em bruto,2,1,1,1,1,1,50.0,50.0,50.0,1,1,1
Murici,Servicos de borracharia para veiculos automotores,2,0,0,0,0,2,0.0,0.0,0.0,2,2,2
Murici,Servicos de comunicacao multimidia - scm,4,0,0,0,0,4,0.0,0.0,0.0,4,4,4
Murici,Servicos de engenharia,5,0,0,0,0,5,0.0,0.0,0.0,5,5,5
Murici,Servicos de lanternagem ou funilaria e pintura de veiculos automotores,3,0,0,0,0,3,0.0,0.0,0.0,3,3,3
Murici,Servicos de manutencao e reparacao eletrica de veiculos automotores,2,0,0,0,0,2,0.0,0.0,0.0,2,2,2
Murici,Servicos de manutencao e reparacao mecanica de veiculos automotores,4,0,0,0,0,4,0.0,0.0,0.0,4,4,4
Murici,Servicos de pintura de edificios em geral,8,0,0,0,0,8,0.0,0.0,0.0,8,8,8
Murici,Servicos de pre impressao,1,0,0,0,0,1,0.0,0.0,0.0,1,1,1
Murici,Servicos de telecomunicacoes sem fio nao especificados anteriormente,1,0,0,0,0,1,0.0,0.0,0.0,1,1,1
Murici,"Servicos de usinagem, tornearia e solda",2,0,0,0,0,2,0.0,0.0,0.0,2,2,2
Murici,Servicos especializados para construcao nao especificados anteriormente,2,0,0,0,0,2,0.0,0.0,0.0,2,2,2
Murici,Transmissao de energia eletrica,1,0,0,0,0,1,0.0,0.0,0.0,1,1,1
Novo Lino,Atividades do correio nacional,1,0,0,0,0,1,0.0,0.0,0.0,1,1,1
Novo Lino,"Confeccao, sob medida, de pecas do vestuario, exceto roupas intimas",2,0,0,0,0,2,0.0,0.0,0.0,2,2,2
Novo Lino,Construcao de edificios,2,0,0,0,0,2,0.0,0.0,0.0,2,2,2
Novo Lino,"Fabricacao de artigos de serralheria, exceto esquadrias",1,0,0,0,0,1,0.0,0.0,0.0,1,1,1
Novo Lino,"Fabricacao de especiarias, molhos, temperos e condimentos",1,0,0,0,0,1,0.0,0.0,0.0,1,1,1
Novo Lino,Fabricacao de laticinios,1,0,0,0,0,1,0.0,0.0,0.0,1,1,1
Novo Lino,Fabricacao de massas alimenticias,1,0,0,0,0,1,0.0,0.0,0.0,1,1,1
Novo Lino,Fabricacao de medicamentos fitoterapicos para uso humano,1,0,0,0,0,1,0.0,0.0,0.0,1,1,1
Novo Lino,Fabricacao de moveis com predominancia de madeira,3,0,0,0,0,3,0.0,0.0,0.0,3,3,3
Novo Lino,Fabricacao de outros artigos de carpintaria para construcao,1,0,0,0,0,1,0.0,0.0,0.0,1,1,1
Novo Lino,Fabricacao de outros produtos texteis nao especificados anteriormente,1,0,0,0,0,1,0.0,0.0,0.0,1,1,1
Novo Lino,Fabricacao de produtos de padaria e confeitaria com predominancia de producao propria,1,0,0,0,0,1,0.0,0.0,0.0,1,1,1
Novo Lino,Fabricacao de produtos diversos nao especificados anteriormente,1,0,0,0,0,1,0.0,0.0,0.0,1,1,1
Novo Lino,"Instalacao e manutencao de sistemas centrais de ar condicionado, de ventilacao e refrigeracao",2,0,0,0,0,2,0.0,0.0,0.0,2,2,2
Novo Lino,"Instalacoes hidraulicas, sanitarias e de gas",1,0,0,0,0,1,0.0,0.0,0.0,1,1,1
Novo Lino,Manutencao e reparacao de maquinas e aparelhos de refrigeracao e ventilacao para uso industrial e comercial,1,0,0,0,0,1,0.0,0.0,0.0,1,1,1
Novo Lino,Manutencao e reparacao de maquinas e equipamentos para agricultura e pecuaria,1,0,0,0,0,1,0.0,0.0,0.0,1,1,1
Novo Lino,Manutencao e reparacao de motocicletas e motonetas,1,0,0,0,0,1,0.0,0.0,0.0,1,1,1
Novo Lino,"Manutencao e reparacao de tratores, exceto agricolas",1,0,0,0,0,1,0.0,0.0,0.0,1,1,1
Novo Lino,Obras de acabamento em gesso e estuque,1,0,0,0,0,1,0.0,0.0,0.0,1,1,1
Novo Lino,Obras de alvenaria,3,0,0,0,0,3,0.0,0.0,0.0,3,3,3
Novo Lino,"Obras de urbanizacao - ruas, pracas e calcadas",1,0,0,0,0,1,0.0,0.0,0.0,1,1,1
Novo Lino,Outras obras de engenharia civil nao especificadas anteriormente,1,0,0,0,0,1,0.0,0.0,0.0,1,1,1
Novo Lino,Provedores de acesso as redes de comunicacoes,2,0,0,0,0,2,0.0,0.0,0.0,2,2,2
Novo Lino,Servicos de borracharia para veiculos automotores,1,0,0,0,0,1,0.0,0.0,0.0,1,1,1
Novo Lino,Servicos de comunicacao multimidia - scm,1,0,0,0,0,1,0.0,0.0,0.0,1,1,1
Novo Lino,Servicos de engenharia,3,0,0,0,0,3,0.0,0.0,0.0,3,3,3
Novo Lino,Servicos de lanternagem ou funilaria e pintura de veiculos automotores,1,0,0,0,0,1,0.0,0.0,0.0,1,1,1
Novo Lino,Servicos de manutencao e reparacao mecanica de veiculos automotores,1,0,0,0,0,1,0.0,0.0,0.0,1,1,1
Novo Lino,Servicos de pintura de edificios em geral,2,0,0,0,0,2,0.0,0.0,0.0,2,2,2
Novo Lino,"Servicos de usinagem, tornearia e solda",3,0,0,0,0,3,0.0,0.0,0.0,3,3,3
Olho d'Água Grande,Atividades do correio nacional,1,0,0,0,0,1,0.0,0.0,0.0,1,1,1
Olho d'Água Grande,Provedores de acesso as redes de comunicacoes,1,0,0,0,0,1,0.0,0.0,0.0,1,1,1
Olho d'Água Grande,Servicos de comunicacao multimidia - scm,1,0,0,0,0,1,0.0,0.0,0.0,1,1,1
Olho d'Água das Flores,Abate de aves,1,0,0,0,0,1,0.0,0.0,0.0,1,1,1
Olho d'Água das Flores,Administracao de obras,1,0,0,0,0,1,0.0,0.0,0.0,1,1,1
Olho d'Água das Flores,"Aparelhamento de placas e execucao de trabalhos em marmore, granito, ardosia e outras pedras",2,0,0,0,0,2,0.0,0.0,0.0,2,2,2
Olho d'Água das Flores,Aplicacao de revestimentos e de resinas em interiores e exteriores,2,0,0,0,0,2,0.0,0.0,0.0,2,2,2
Olho d'Água das Flores,Atividades do correio nacional,1,0,0,0,0,1,0.0,0.0,0.0,1,1,1
Olho d'Água das Flores,"Confeccao de pecas de vestuario, exceto roupas intimas e as confeccionadas sob medida",3,0,0,0,0,3,0.0,0.0,0.0,3,3,3
Olho d'Água das Flores,Confeccao de roupas intimas,1,0,0,0,0,1,0.0,0.0,0.0,1,1,1
Olho d'Água das Flores,"Confeccao, sob medida, de pecas do vestuario, exceto roupas intimas",2,0,0,0,0,2,0.0,0.0,0.0,2,2,2
Olho d'Água das Flores,Construcao de edificios,17,0,0,0,0,17,0.0,0.0,0.0,17,17,17
Olho d'Água das Flores,Fabricacao de alimentos e pratos prontos,1,0,0,0,0,1,0.0,0.0,0.0,1,1,1
Olho d'Água das Flores,Fabricacao de artefatos de cimento para uso na construcao,1,0,0,0,0,1,0.0,0.0,0.0,1,1,1
Olho d'Água das Flores,Fabricacao de artefatos de couro nao especificados anteriormente,1,0,0,0,0,1,0.0,0.0,0.0,1,1,1
Olho d'Água das Flores,Fabricacao de artefatos de tapecaria,1,0,0,0,0,1,0.0,0.0,0.0,1,1,1
Olho d'Água das Flores,"Fabricacao de artefatos diversos de cortica, bambu, palha, vime e outros materiais trancados, exceto moveis",1,0,0,0,0,1,0.0,0.0,0.0,1,1,1
Olho d'Água das Flores,"Fabricacao de artefatos diversos de madeira, exceto moveis",1,0,0,0,0,1,0.0,0.0,0.0,1,1,1
Olho d'Água das Flores,"Fabricacao de artigos de serralheria, exceto esquadrias",3,0,0,0,0,3,0.0,0.0,0.0,3,3,3
Olho d'Água das Flores,Fabricacao de bijuterias e artefatos semelhantes,1,0,0,0,0,1,0.0,0.0,0.0,1,1,1
Olho d'Água das Flores,Fabricacao de conservas de frutas,1,0,0,0,0,1,0.0,0.0,0.0,1,1,1
Olho d'Água das Flores,Fabricacao de esquadrias de metal,6,0,0,0,0,6,0.0,0.0,0.0,6,6,6
Olho d'Água das Flores,Fabricacao de fraldas descartaveis,1,0,0,0,0,1,0.0,0.0,0.0,1,1,1
Olho d'Água das Flores,Fabricacao de laticinios,2,0,0,0,0,2,0.0,0.0,0.0,2,2,2
Olho d'Água das Flores,Fabricacao de massas alimenticias,2,0,0,0,0,2,0.0,0.0,0.0,2,2,2
Olho d'Água das Flores,Fabricacao de moveis com predominancia de madeira,10,0,0,0,0,10,0.0,0.0,0.0,10,10,10
Olho d'Água das Flores,Fabricacao de produtos de padaria e confeitaria com predominancia de producao propria,11,0,0,0,0,11,0.0,0.0,0.0,11,11,11
Olho d'Água das Flores,Fabricacao de produtos diversos nao especificados anteriormente,3,0,0,0,0,3,0.0,0.0,0.0,3,3,3
Olho d'Água das Flores,Fabricacao de refrigerantes,1,0,0,0,0,1,0.0,0.0,0.0,1,1,1
Olho d'Água das Flores,Fabricacao de saboes e detergentes sinteticos,2,0,0,0,0,2,0.0,0.0,0.0,2,2,2
Olho d'Água das Flores,"Faccao de pecas do vestuario, exceto roupas intimas",1,0,0,0,0,1,0.0,0.0,0.0,1,1,1
Olho d'Água das Flores,Fornecimento de alimentos preparados preponderantemente para empresas,5,0,0,0,0,5,0.0,0.0,0.0,5,5,5
Olho d'Água das Flores,Impressao de material para outros usos,3,0,0,0,0,3,0.0,0.0,0.0,3,3,3
Olho d'Água das Flores,Incorporacao de empreendimentos imobiliarios,1,0,0,0,0,1,0.0,0.0,0.0,1,1,1
Olho d'Água das Flores,Instalacao de maquinas e equipamentos industriais,1,0,0,0,0,1,0.0,0.0,0.0,1,1,1
Olho d'Água das Flores,"Instalacao e manutencao de sistemas centrais de ar condicionado, de ventilacao e refrigeracao",2,0,0,0,0,2,0.0,0.0,0.0,2,2,2
Olho d'Água das Flores,Instalacao e manutencao eletrica,1,0,0,0,0,1,0.0,0.0,0.0,1,1,1
Olho d'Água das Flores,Manutencao e reparacao de maquinas e aparelhos de refrigeracao e ventilacao para uso industrial e comercial,1,0,0,0,0,1,0.0,0.0,0.0,1,1,1
Olho d'Água das Flores,Manutencao e reparacao de maquinas e equipamentos para agricultura e pecuaria,1,0,0,0,0,1,0.0,0.0,0.0,1,1,1
Olho d'Água das Flores,Manutencao e reparacao de motocicletas e motonetas,3,0,0,0,0,3,0.0,0.0,0.0,3,3,3
Olho d'Água das Flores,Obras de acabamento em gesso e estuque,1,0,0,0,0,1,0.0,0.0,0.0,1,1,1
Olho d'Água das Flores,Obras de alvenaria,3,0,0,0,0,3,0.0,0.0,0.0,3,3,3
Olho d'Água das Flores,Outras obras de acabamento da construcao,1,0,0,0,0,1,0.0,0.0,0.0,1,1,1
Olho d'Água das Flores,Provedores de acesso as redes de comunicacoes,2,1,0,0,1,1,50.0,0.0,50.0,1,2,1
Olho d'Água das Flores,Recondicionamento e recuperacao de motores para veiculos automotores,6,0,0,0,0,6,0.0,0.0,0.0,6,6,6
Olho d'Água das Flores,"Recuperacao de materiais metalicos, exceto aluminio",1,0,0,0,0,1,0.0,0.0,0.0,1,1,1
Olho d'Água das Flores,Recuperacao de sucatas de aluminio,1,0,0,0,0,1,0.0,0.0,0.0,1,1,1
Olho d'Água das Flores,Servicos de borracharia para veiculos automotores,2,0,0,0,0,2,0.0,0.0,0.0,2,2,2
Olho d'Água das Flores,Servicos de capotaria,1,0,0,0,0,1,0.0,0.0,0.0,1,1,1
Olho d'Água das Flores,Servicos de comunicacao multimidia - scm,3,0,0,0,0,3,0.0,0.0,0.0,3,3,3
Olho d'Água das Flores,Servicos de engenharia,4,0,0,0,0,4,0.0,0.0,0.0,4,4,4
Olho d'Água das Flores,"Servicos de instalacao, manutencao e reparacao de acessorios para veiculos automotores",1,0,0,0,0,1,0.0,0.0,0.0,1,1,1
Olho d'Água das Flores,Servicos de lanternagem ou funilaria e pintura de veiculos automotores,4,0,0,0,0,4,0.0,0.0,0.0,4,4,4
Olho d'Água das Flores,Servicos de manutencao e reparacao eletrica de veiculos automotores,4,0,0,0,0,4,0.0,0.0,0.0,4,4,4
Olho d'Água das Flores,Servicos de manutencao e reparacao mecanica de veiculos automotores,17,0,0,0,0,17,0.0,0.0,0.0,17,17,17
Olho d'Água das Flores,Servicos de pintura de edificios em geral,4,0,0,0,0,4,0.0,0.0,0.0,4,4,4
Olho d'Água das Flores,Servicos de pre impressao,1,0,0,0,0,1,0.0,0.0,0.0,1,1,1
Olho d'Água das Flores,"Servicos de usinagem, tornearia e solda",1,0,0,0,0,1,0.0,0.0,0.0,1,1,1
Olho d'Água das Flores,Transmissao de energia eletrica,1,0,0,0,0,1,0.0,0.0,0.0,1,1,1
Olho d'Água das Flores,Tratamento e disposicao de residuos perigosos,1,0,0,0,0,1,0.0,0.0,0.0,1,1,1
Olho d'Água do Casado,"Aparelhamento de placas e execucao de trabalhos em marmore, granito, ardosia e outras pedras",1,0,0,0,0,1,0.0,0.0,0.0,1,1,1
Olho d'Água do Casado,Atividades do correio nacional,1,0,0,0,0,1,0.0,0.0,0.0,1,1,1
Olho d'Água do Casado,"Confeccao, sob medida, de pecas do vestuario, exceto roupas intimas",2,0,0,0,0,2,0.0,0.0,0.0,2,2,2
Olho d'Água do Casado,"Estamparia e texturizacao em fios, tecidos, artefatos texteis e pecas do vestuario",1,0,0,0,0,1,0.0,0.0,0.0,1,1,1
Olho d'Água do Casado,Fabricacao de artefatos de cimento para uso na construcao,1,0,0,0,0,1,0.0,0.0,0.0,1,1,1
Olho d'Água do Casado,Fabricacao de gelo comum,1,0,0,0,0,1,0.0,0.0,0.0,1,1,1
Olho d'Água do Casado,Fabricacao de produtos de padaria e confeitaria com predominancia de producao propria,1,0,0,0,0,1,0.0,0.0,0.0,1,1,1
Olho d'Água do Casado,"Instalacao e manutencao de sistemas centrais de ar condicionado, de ventilacao e refrigeracao",1,0,0,0,0,1,0.0,0.0,0.0,1,1,1
Olho d'Água do Casado,Manutencao e reparacao de motocicletas e motonetas,1,0,0,0,0,1,0.0,0.0,0.0,1,1,1
Olho d'Água do Casado,Obras de alvenaria,2,0,0,0,0,2,0.0,0.0,0.0,2,2,2
Olho d'Água do Casado,Outras atividades de telecomunicacoes nao especificadas anteriormente,1,0,0,0,0,1,0.0,0.0,0.0,1,1,1
Olho d'Água do Casado,Servicos de borracharia para veiculos automotores,1,0,0,0,0,1,0.0,0.0,0.0,1,1,1
Olho d'Água do Casado,Servicos de comunicacao multimidia - scm,1,0,0,0,0,1,0.0,0.0,0.0,1,1,1
Olho d'Água do Casado,Servicos de lanternagem ou funilaria e pintura de veiculos automotores,1,0,0,0,0,1,0.0,0.0,0.0,1,1,1
Olho d'Água do Casado,Servicos de manutencao e reparacao mecanica de veiculos automotores,2,0,0,0,0,2,0.0,0.0,0.0,2,2,2
Olho d'Água do Casado,Servicos especializados para construcao nao especificados anteriormente,1,0,0,0,0,1,0.0,0.0,0.0,1,1,1
Olivença,"Aparelhamento de placas e execucao de trabalhos em marmore, granito, ardosia e outras pedras",2,0,0,0,0,2,0.0,0.0,0.0,2,2,2
Olivença,Atividades do correio nacional,1,0,0,0,0,1,0.0,0.0,0.0,1,1,1
Olivença,"Confeccao, sob medida, de pecas do vestuario, exceto roupas intimas",1,0,0,0,0,1,0.0,0.0,0.0,1,1,1
Olivença,Construcao de edificios,1,0,0,0,0,1,0.0,0.0,0.0,1,1,1
Olivença,Fabricacao de artefatos de cimento para uso na construcao,1,0,0,0,0,1,0.0,0.0,0.0,1,1,1
Olivença,"Fabricacao de artigos de serralheria, exceto esquadrias",1,0,0,0,0,1,0.0,0.0,0.0,1,1,1
Olivença,Fabricacao de laticinios,3,1,1,1,1,2,33.3333,33.3333,33.3333,2,2,2
Olivença,Fabricacao de moveis com predominancia de madeira,1,0,0,0,0,1,0.0,0.0,0.0,1,1,1
Olivença,Fabricacao de produtos de panificacao industrial,1,0,0,0,0,1,0.0,0.0,0.0,1,1,1
Olivença,"Fabricacao de sucos de frutas, hortalicas e legumes, exceto concentrados",1,0,0,0,0,1,0.0,0.0,0.0,1,1,1
Olivença,Impressao de material para outros usos,1,0,0,0,0,1,0.0,0.0,0.0,1,1,1
Olivença,Instalacao e manutencao eletrica,1,0,0,0,0,1,0.0,0.0,0.0,1,1,1
Olivença,Manutencao e reparacao de maquinas e equipamentos para uso geral nao especificados anteriormente,1,0,0,0,0,1,0.0,0.0,0.0,1,1,1
Olivença,Manutencao e reparacao de motocicletas e motonetas,1,0,0,0,0,1,0.0,0.0,0.0,1,1,1
Olivença,Obras de acabamento em gesso e estuque,1,0,0,0,0,1,0.0,0.0,0.0,1,1,1
Olivença,Obras de alvenaria,3,0,0,0,0,3,0.0,0.0,0.0,3,3,3
Olivença,Outras atividades de telecomunicacoes nao especificadas anteriormente,1,0,0,0,0,1,0.0,0.0,0.0,1,1,1
Olivença,Provedores de acesso as redes de comunicacoes,1,0,0,0,0,1,0.0,0.0,0.0,1,1,1
Olivença,Servicos de borracharia para veiculos automotores,1,0,0,0,0,1,0.0,0.0,0.0,1,1,1
Olivença,Servicos de comunicacao multimidia - scm,1,0,0,0,0,1,0.0,0.0,0.0,1,1,1
Olivença,Servicos de engenharia,2,0,0,0,0,2,0.0,0.0,0.0,2,2,2
Ouro Branco,Aluguel de andaimes,1,0,0,0,0,1,0.0,0.0,0.0,1,1,1
Ouro Branco,"Aparelhamento de placas e execucao de trabalhos em marmore, granito, ardosia e outras pedras",1,0,0,0,0,1,0.0,0.0,0.0,1,1,1
Ouro Branco,Atividades do correio nacional,1,0,0,0,0,1,0.0,0.0,0.0,1,1,1
Ouro Branco,"Confeccao, sob medida, de pecas do vestuario, exceto roupas intimas",3,0,0,0,0,3,0.0,0.0,0.0,3,3,3
Ouro Branco,Construcao de edificios,2,0,0,0,0,2,0.0,0.0,0.0,2,2,2
Ouro Branco,Extracao e britamento de pedras e outros materiais para construcao e beneficiamento associado,1,0,0,0,0,1,0.0,0.0,0.0,1,1,1
Ouro Branco,Fabricacao de artefatos de couro nao especificados anteriormente,1,0,0,0,0,1,0.0,0.0,0.0,1,1,1
Ouro Branco,"Fabricacao de artigos de serralheria, exceto esquadrias",1,0,0,0,0,1,0.0,0.0,0.0,1,1,1
Ouro Branco,Fabricacao de moveis com predominancia de madeira,1,0,0,0,0,1,0.0,0.0,0.0,1,1,1
Ouro Branco,Fabricacao de outros produtos texteis nao especificados anteriormente,1,0,0,0,0,1,0.0,0.0,0.0,1,1,1
Ouro Branco,Fabricacao de produtos de padaria e confeitaria com predominancia de producao propria,4,0,0,0,0,4,0.0,0.0,0.0,4,4,4
Ouro Branco,Fabricacao de produtos de panificacao industrial,4,0,0,0,0,4,0.0,0.0,0.0,4,4,4
Ouro Branco,Fornecimento de alimentos preparados preponderantemente para empresas,1,0,0,0,0,1,0.0,0.0,0.0,1,1,1
Ouro Branco,Impressao de material para outros usos,1,0,0,0,0,1,0.0,0.0,0.0,1,1,1
Ouro Branco,Instalacao de maquinas e equipamentos industriais,1,0,0,0,0,1,0.0,0.0,0.0,1,1,1
Ouro Branco,"Instalacao e manutencao de sistemas centrais de ar condicionado, de ventilacao e refrigeracao",1,0,0,0,0,1,0.0,0.0,0.0,1,1,1
Ouro Branco,Instalacao e manutencao eletrica,2,0,0,0,0,2,0.0,0.0,0.0,2,2,2
Ouro Branco,Manutencao e reparacao de motocicletas e motonetas,1,0,0,0,0,1,0.0,0.0,0.0,1,1,1
Ouro Branco,Obras de acabamento em gesso e estuque,5,0,0,0,0,5,0.0,0.0,0.0,5,5,5
Ouro Branco,Obras de alvenaria,3,0,0,0,0,3,0.0,0.0,0.0,3,3,3
Ouro Branco,Obras de terraplenagem,1,0,0,0,0,1,0.0,0.0,0.0,1,1,1
Ouro Branco,Outras atividades de telecomunicacoes nao especificadas anteriormente,1,0,0,0,0,1,0.0,0.0,0.0,1,1,1
Ouro Branco,Outras obras de acabamento da construcao,1,0,0,0,0,1,0.0,0.0,0.0,1,1,1
Ouro Branco,Preparacao do leite,1,0,0,0,0,1,0.0,0.0,0.0,1,1,1
Ouro Branco,Producao de carvao vegetal - florestas plantadas,1,0,0,0,0,1,0.0,0.0,0.0,1,1,1
Ouro Branco,Provedores de voz sobre protocolo internet - voip,1,0,0,0,0,1,0.0,0.0,0.0,1,1,1
Ouro Branco,Servicos de comunicacao multimidia - scm,2,0,0,0,0,2,0.0,0.0,0.0,2,2,2
Ouro Branco,Servicos de engenharia,1,0,0,0,0,1,0.0,0.0,0.0,1,1,1
Ouro Branco,"Servicos de instalacao, manutencao e reparacao de acessorios para veiculos automotores",1,0,0,0,0,1,0.0,0.0,0.0,1,1,1
Ouro Branco,Servicos de manutencao e reparacao mecanica de veiculos automotores,2,0,0,0,0,2,0.0,0.0,0.0,2,2,2
Ouro Branco,Servicos de operacao e fornecimento de equipamentos para transporte e elevacao de cargas e pessoas para uso em obras,1,0,0,0,0,1,0.0,0.0,0.0,1,1,1
Ouro Branco,Servicos de pintura de edificios em geral,1,0,0,0,0,1,0.0,0.0,0.0,1,1,1
Palestina,Atividades do correio nacional,1,0,0,0,0,1,0.0,0.0,0.0,1,1,1
Palestina,"Confeccao, sob medida, de pecas do vestuario, exceto roupas intimas",1,0,0,0,0,1,0.0,0.0,0.0,1,1,1
Palestina,Fabricacao de bijuterias e artefatos semelhantes,1,0,0,0,0,1,0.0,0.0,0.0,1,1,1
Palestina,Fabricacao de laticinios,2,0,0,0,0,2,0.0,0.0,0.0,2,2,2
Palestina,Fabricacao de massas alimenticias,1,0,0,0,0,1,0.0,0.0,0.0,1,1,1
Palestina,Fabricacao de moveis com predominancia de madeira,1,0,0,0,0,1,0.0,0.0,0.0,1,1,1
Palestina,Instalacao e manutencao eletrica,1,0,0,0,0,1,0.0,0.0,0.0,1,1,1
Palestina,Manutencao e reparacao de motocicletas e motonetas,1,0,0,0,0,1,0.0,0.0,0.0,1,1,1
Palestina,Obras de acabamento em gesso e estuque,3,0,0,0,0,3,0.0,0.0,0.0,3,3,3
Palestina,Obras de alvenaria,2,0,0,0,0,2,0.0,0.0,0.0,2,2,2
Palestina,"Obras de urbanizacao - ruas, pracas e calcadas",1,0,0,0,0,1,0.0,0.0,0.0,1,1,1
Palestina,Servicos de engenharia,1,0,0,0,0,1,0.0,0.0,0.0,1,1,1
Palmeira dos Índios,Abate de aves,1,0,0,0,0,1,0.0,0.0,0.0,1,1,1
Palmeira dos Índios,Administracao de obras,3,0,0,0,0,3,0.0,0.0,0.0,3,3,3
Palmeira dos Índios,Aluguel de andaimes,2,0,0,0,0,2,0.0,0.0,0.0,2,2,2
Palmeira dos Índios,"Aparelhamento de pedras para construcao, exceto associado a extracao",1,0,0,0,0,1,0.0,0.0,0.0,1,1,1
Palmeira dos Índios,"Aparelhamento de placas e execucao de trabalhos em marmore, granito, ardosia e outras pedras",3,0,0,0,0,3,0.0,0.0,0.0,3,3,3
Palmeira dos Índios,Aplicacao de revestimentos e de resinas em interiores e exteriores,4,0,0,0,0,4,0.0,0.0,0.0,4,4,4
Palmeira dos Índios,Atividades de franqueadas do correio nacional,2,0,0,0,0,2,0.0,0.0,0.0,2,2,2
Palmeira dos Índios,Atividades do correio nacional,1,0,0,0,0,1,0.0,0.0,0.0,1,1,1
Palmeira dos Índios,"Atividades relacionadas a esgoto, exceto a gestao de redes",1,0,0,0,0,1,0.0,0.0,0.0,1,1,1
Palmeira dos Índios,"Britamento de pedras, exceto associado a extracao",1,0,0,0,0,1,0.0,0.0,0.0,1,1,1
Palmeira dos Índios,Coleta de residuos nao perigosos,4,0,0,0,0,4,0.0,0.0,0.0,4,4,4
Palmeira dos Índios,"Confeccao de pecas de vestuario, exceto roupas intimas e as confeccionadas sob medida",9,1,0,0,1,8,11.1111,0.0,11.1111,8,9,8
Palmeira dos Índios,Confeccao de roupas intimas,4,0,0,0,0,4,0.0,0.0,0.0,4,4,4
Palmeira dos Índios,"Confeccao, sob medida, de pecas do vestuario, exceto roupas intimas",9,1,0,0,1,8,11.1111,0.0,11.1111,8,9,8
Palmeira dos Índios,"Confeccao, sob medida, de roupas profissionais",1,0,0,0,0,1,0.0,0.0,0.0,1,1,1
Palmeira dos Índios,Construcao de edificios,25,0,0,0,0,25,0.0,0.0,0.0,25,25,25
Palmeira dos Índios,Construcao de estacoes e redes de distribuicao de energia eletrica,1,0,0,0,0,1,0.0,0.0,0.0,1,1,1
Palmeira dos Índios,"Construcao de redes de abastecimento de agua, coleta de esgoto e construcoes correlatas, exceto obras de irrigacao",1,0,0,0,0,1,0.0,0.0,0.0,1,1,1
Palmeira dos Índios,Construcao de rodovias e ferrovias,2,0,0,0,0,2,0.0,0.0,0.0,2,2,2
Palmeira dos Índios,Extracao e britamento de pedras e outros materiais para construcao e beneficiamento associado,1,0,0,0,0,1,0.0,0.0,0.0,1,1,1
Palmeira dos Índios,Fabricacao de acucar em bruto,1,0,0,0,0,1,0.0,0.0,0.0,1,1,1
Palmeira dos Índios,Fabricacao de aguardente de cana de acucar,1,0,0,0,0,1,0.0,0.0,0.0,1,1,1
Palmeira dos Índios,Fabricacao de alimentos e pratos prontos,2,0,0,0,0,2,0.0,0.0,0.0,2,2,2
Palmeira dos Índios,Fabricacao de alimentos para animais,1,0,0,0,0,1,0.0,0.0,0.0,1,1,1
Palmeira dos Índios,Fabricacao de amidos e feculas de vegetais,1,0,0,0,0,1,0.0,0.0,0.0,1,1,1
Palmeira dos Índios,Fabricacao de artefatos de couro nao especificados anteriormente,2,0,0,0,0,2,0.0,0.0,0.0,2,2,2
Palmeira dos Índios,Fabricacao de artefatos de material plastico para outros usos nao especificados anteriormente,1,0,0,0,0,1,0.0,0.0,0.0,1,1,1
Palmeira dos Índios,"Fabricacao de artefatos diversos de madeira, exceto moveis",2,0,0,0,0,2,0.0,0.0,0.0,2,2,2
Palmeira dos Índios,Fabricacao de artefatos texteis para uso domestico,5,0,0,0,0,5,0.0,0.0,0.0,5,5,5
Palmeira dos Índios,"Fabricacao de artigos de serralheria, exceto esquadrias",14,0,0,0,0,14,0.0,0.0,0.0,14,14,14
Palmeira dos Índios,"Fabricacao de artigos do vestuario, produzidos em malharias e tricotagens, exceto meias",3,0,0,0,0,3,0.0,0.0,0.0,3,3,3
Palmeira dos Índios,"Fabricacao de artigos para viagem, bolsas e semelhantes de qualquer material",1,0,0,0,0,1,0.0,0.0,0.0,1,1,1
Palmeira dos Índios,Fabricacao de bijuterias e artefatos semelhantes,5,0,0,0,0,5,0.0,0.0,0.0,5,5,5
Palmeira dos Índios,Fabricacao de biscoitos e bolachas,1,0,0,0,0,1,0.0,0.0,0.0,1,1,1
Palmeira dos Índios,"Fabricacao de cabines, carrocerias e reboques para outros veiculos automotores, exceto caminhoes e onibus",1,0,0,0,0,1,0.0,0.0,0.0,1,1,1
Palmeira dos Índios,"Fabricacao de canetas, lapis e outros artigos para escritorio",1,0,0,0,0,1,0.0,0.0,0.0,1,1,1
Palmeira dos Índios,Fabricacao de conservas de frutas,2,0,0,0,0,2,0.0,0.0,0.0,2,2,2
Palmeira dos Índios,Fabricacao de embalagens de material plastico,1,0,0,0,0,1,0.0,0.0,0.0,1,1,1
Palmeira dos Índios,Fabricacao de embalagens de papel,1,0,0,0,0,1,0.0,0.0,0.0,1,1,1
Palmeira dos Índios,"Fabricacao de especiarias, molhos, temperos e condimentos",1,0,0,0,0,1,0.0,0.0,0.0,1,1,1
Palmeira dos Índios,Fabricacao de esquadrias de madeira e de pecas de madeira para instalacoes industriais e comerciais,1,0,0,0,0,1,0.0,0.0,0.0,1,1,1
Palmeira dos Índios,Fabricacao de esquadrias de metal,3,0,0,0,0,3,0.0,0.0,0.0,3,3,3
Palmeira dos Índios,"Fabricacao de estruturas pre moldadas de concreto armado, em serie e sob encomenda",2,0,0,0,0,2,0.0,0.0,0.0,2,2,2
Palmeira dos Índios,"Fabricacao de farinha de milho e derivados, exceto oleos de milho",2,1,0,0,1,1,50.0,0.0,50.0,1,2,1
Palmeira dos Índios,Fabricacao de gelo comum,1,0,0,0,0,1,0.0,0.0,0.0,1,1,1
Palmeira dos Índios,Fabricacao de laticinios,2,0,0,0,0,2,0.0,0.0,0.0,2,2,2
Palmeira dos Índios,"Fabricacao de letras, letreiros e placas de qualquer material, exceto luminosos",1,0,0,0,0,1,0.0,0.0,0.0,1,1,1
Palmeira dos Índios,Fabricacao de massas alimenticias,3,0,0,0,0,3,0.0,0.0,0.0,3,3,3
Palmeira dos Índios,Fabricacao de moveis com predominancia de madeira,15,0,0,0,0,15,0.0,0.0,0.0,15,15,15
Palmeira dos Índios,"Fabricacao de moveis de outros materiais, exceto madeira e metal",1,0,0,0,0,1,0.0,0.0,0.0,1,1,1
Palmeira dos Índios,"Fabricacao de outros artefatos e produtos de concreto, cimento, fibrocimento, gesso e materiais semelhantes",1,0,0,0,0,1,0.0,0.0,0.0,1,1,1
Palmeira dos Índios,Fabricacao de outros artigos de carpintaria para construcao,2,0,0,0,0,2,0.0,0.0,0.0,2,2,2
Palmeira dos Índios,Fabricacao de outros brinquedos e jogos recreativos nao especificados anteriormente,1,0,0,0,0,1,0.0,0.0,0.0,1,1,1
Palmeira dos Índios,Fabricacao de outros produtos alimenticios nao especificados anteriormente,1,0,0,0,0,1,0.0,0.0,0.0,1,1,1
Palmeira dos Índios,Fabricacao de outros produtos de metal nao especificados anteriormente,1,0,0,0,0,1,0.0,0.0,0.0,1,1,1
Palmeira dos Índios,Fabricacao de outros produtos texteis nao especificados anteriormente,5,0,0,0,0,5,0.0,0.0,0.0,5,5,5
Palmeira dos Índios,Fabricacao de paineis e letreiros luminosos,1,0,0,0,0,1,0.0,0.0,0.0,1,1,1
Palmeira dos Índios,"Fabricacao de partes para calcados, de qualquer material",1,0,0,0,0,1,0.0,0.0,0.0,1,1,1
Palmeira dos Índios,Fabricacao de produtos ceramicos nao refratarios nao especificados anteriormente,1,0,0,0,0,1,0.0,0.0,0.0,1,1,1
Palmeira dos Índios,Fabricacao de produtos de carne,1,0,0,0,0,1,0.0,0.0,0.0,1,1,1
Palmeira dos Índios,Fabricacao de produtos de limpeza e polimento,2,0,0,0,0,2,0.0,0.0,0.0,2,2,2
Palmeira dos Índios,Fabricacao de produtos de padaria e confeitaria com predominancia de producao propria,24,2,0,0,2,22,8.3333,0.0,8.3333,22,24,22
Palmeira dos Índios,Fabricacao de produtos de panificacao industrial,7,0,0,0,0,7,0.0,0.0,0.0,7,7,7
Palmeira dos Índios,"Fabricacao de produtos de pastas celulosicas, papel, cartolina, papel cartao e papelao ondulado nao especificados anteriormente",2,0,0,0,0,2,0.0,0.0,0.0,2,2,2
Palmeira dos Índios,Fabricacao de produtos diversos nao especificados anteriormente,7,0,0,0,0,7,0.0,0.0,0.0,7,7,7
Palmeira dos Índios,Fabricacao de sorvetes e outros gelados comestiveis,1,0,0,0,0,1,0.0,0.0,0.0,1,1,1
Palmeira dos Índios,"Fabricacao de tintas, vernizes, esmaltes e lacas",1,0,0,0,0,1,0.0,0.0,0.0,1,1,1
Palmeira dos Índios,"Fabricacao de velas, inclusive decorativas",1,0,0,0,0,1,0.0,0.0,0.0,1,1,1
Palmeira dos Índios,"Faccao de pecas do vestuario, exceto roupas intimas",1,0,0,0,0,1,0.0,0.0,0.0,1,1,1
Palmeira dos Índios,Faccao de roupas profissionais,2,1,0,0,1,1,50.0,0.0,50.0,1,2,1
Palmeira dos Índios,Fornecimento de alimentos preparados preponderantemente para empresas,4,2,0,0,2,2,50.0,0.0,50.0,2,4,2
Palmeira dos Índios,Geracao de energia eletrica,1,0,0,0,0,1,0.0,0.0,0.0,1,1,1
Palmeira dos Índios,Impermeabilizacao em obras de engenharia civil,1,0,0,0,0,1,0.0,0.0,0.0,1,1,1
Palmeira dos Índios,Impressao de material para outros usos,2,0,0,0,0,2,0.0,0.0,0.0,2,2,2
Palmeira dos Índios,Impressao de material para uso publicitario,6,0,0,0,0,6,0.0,0.0,0.0,6,6,6
Palmeira dos Índios,Incorporacao de empreendimentos imobiliarios,3,0,0,0,0,3,0.0,0.0,0.0,3,3,3
Palmeira dos Índios,Instalacao de maquinas e equipamentos industriais,3,0,0,0,0,3,0.0,0.0,0.0,3,3,3
Palmeira dos Índios,Instalacao de paineis publicitarios,3,0,0,0,0,3,0.0,0.0,0.0,3,3,3
Palmeira dos Índios,"Instalacao de portas, janelas, tetos, divisorias e armarios embutidos de qualquer material",1,0,0,0,0,1,0.0,0.0,0.0,1,1,1
Palmeira dos Índios,"Instalacao e manutencao de sistemas centrais de ar condicionado, de ventilacao e refrigeracao",14,0,0,0,0,14,0.0,0.0,0.0,14,14,14
Palmeira dos Índios,Instalacao e manutencao eletrica,38,0,0,0,0,38,0.0,0.0,0.0,38,38,38
Palmeira dos Índios,"Instalacoes hidraulicas, sanitarias e de gas",2,0,0,0,0,2,0.0,0.0,0.0,2,2,2
Palmeira dos Índios,"Manutencao e reparacao de geradores, transformadores e motores eletricos",1,0,0,0,0,1,0.0,0.0,0.0,1,1,1
Palmeira dos Índios,Manutencao e reparacao de maquinas e aparelhos de refrigeracao e ventilacao para uso industrial e comercial,2,0,0,0,0,2,0.0,0.0,0.0,2,2,2
Palmeira dos Índios,Manutencao e reparacao de maquinas e equipamentos para agricultura e pecuaria,1,0,0,0,0,1,0.0,0.0,0.0,1,1,1
Palmeira dos Índios,"Manutencao e reparacao de maquinas e equipamentos para as industrias de alimentos, bebidas e fumo",1,0,0,0,0,1,0.0,0.0,0.0,1,1,1
Palmeira dos Índios,Manutencao e reparacao de maquinas e equipamentos para uso geral nao especificados anteriormente,1,0,0,0,0,1,0.0,0.0,0.0,1,1,1
Palmeira dos Índios,Manutencao e reparacao de maquinas motrizes nao eletricas,2,0,0,0,0,2,0.0,0.0,0.0,2,2,2
Palmeira dos Índios,"Manutencao e reparacao de maquinas, equipamentos e aparelhos para transporte e elevacao de cargas",1,0,0,0,0,1,0.0,0.0,0.0,1,1,1
Palmeira dos Índios,Manutencao e reparacao de motocicletas e motonetas,8,0,0,0,0,8,0.0,0.0,0.0,8,8,8
Palmeira dos Índios,Manutencao e reparacao de outras maquinas e equipamentos para usos industriais nao especificados anteriormente,1,0,0,0,0,1,0.0,0.0,0.0,1,1,1
Palmeira dos Índios,Obras de acabamento em gesso e estuque,1,0,0,0,0,1,0.0,0.0,0.0,1,1,1
Palmeira dos Índios,Obras de alvenaria,32,0,0,0,0,32,0.0,0.0,0.0,32,32,32
Palmeira dos Índios,"Obras de urbanizacao - ruas, pracas e calcadas",1,0,0,0,0,1,0.0,0.0,0.0,1,1,1
Palmeira dos Índios,Outras atividades de telecomunicacoes nao especificadas anteriormente,1,0,0,0,0,1,0.0,0.0,0.0,1,1,1
Palmeira dos Índios,Outras obras de acabamento da construcao,2,0,0,0,0,2,0.0,0.0,0.0,2,2,2
Palmeira dos Índios,"Outros servicos de acabamento em fios, tecidos, artefatos texteis e pecas do vestuario",2,0,0,0,0,2,0.0,0.0,0.0,2,2,2
Palmeira dos Índios,Preparacao de massa de concreto e argamassa para construcao,1,0,0,0,0,1,0.0,0.0,0.0,1,1,1
Palmeira dos Índios,Preparacao do leite,1,1,0,0,1,0,100.0,0.0,100.0,0,1,0
Palmeira dos Índios,Preparacao e fiacao de fibras de algodao,1,0,0,0,0,1,0.0,0.0,0.0,1,1,1
Palmeira dos Índios,Provedores de acesso as redes de comunicacoes,3,1,0,0,1,2,33.3333,0.0,33.3333,2,3,2
Palmeira dos Índios,Recuperacao de materiais nao especificados anteriormente,1,0,0,0,0,1,0.0,0.0,0.0,1,1,1
Palmeira dos Índios,Recuperacao de materiais plasticos,1,0,0,0,0,1,0.0,0.0,0.0,1,1,1
Palmeira dos Índios,Recuperacao de sucatas de aluminio,1,0,0,0,0,1,0.0,0.0,0.0,1,1,1
Palmeira dos Índios,Servico de laboratorio optico,1,0,0,0,0,1,0.0,0.0,0.0,1,1,1
Palmeira dos Índios,Servicos de alinhamento e balanceamento de veiculos automotores,1,0,0,0,0,1,0.0,0.0,0.0,1,1,1
Palmeira dos Índios,Servicos de borracharia para veiculos automotores,5,0,0,0,0,5,0.0,0.0,0.0,5,5,5
Palmeira dos Índios,Servicos de capotaria,3,0,0,0,0,3,0.0,0.0,0.0,3,3,3
Palmeira dos Índios,Servicos de comunicacao multimidia - scm,6,2,0,0,2,4,33.3333,0.0,33.3333,4,6,4
Palmeira dos Índios,Servicos de confeccao de armacoes metalicas para a construcao,3,0,0,0,0,3,0.0,0.0,0.0,3,3,3
Palmeira dos Índios,Servicos de encadernacao e plastificacao,1,0,0,0,0,1,0.0,0.0,0.0,1,1,1
Palmeira dos Índios,Servicos de engenharia,17,0,0,0,0,17,0.0,0.0,0.0,17,17,17
Palmeira dos Índios,"Servicos de instalacao, manutencao e reparacao de acessorios para veiculos automotores",3,0,0,0,0,3,0.0,0.0,0.0,3,3,3
Palmeira dos Índios,Servicos de lanternagem ou funilaria e pintura de veiculos automotores,10,0,0,0,0,10,0.0,0.0,0.0,10,10,10
Palmeira dos Índios,Servicos de manutencao e reparacao eletrica de veiculos automotores,4,0,0,0,0,4,0.0,0.0,0.0,4,4,4
Palmeira dos Índios,Servicos de manutencao e reparacao mecanica de veiculos automotores,30,0,0,0,0,30,0.0,0.0,0.0,30,30,30
Palmeira dos Índios,Servicos de montagem de moveis de qualquer material,3,0,0,0,0,3,0.0,0.0,0.0,3,3,3
Palmeira dos Índios,Servicos de pintura de edificios em geral,7,0,0,0,0,7,0.0,0.0,0.0,7,7,7
Palmeira dos Índios,Servicos de pre impressao,3,0,0,0,0,3,0.0,0.0,0.0,3,3,3
Palmeira dos Índios,"Servicos de usinagem, tornearia e solda",1,0,0,0,0,1,0.0,0.0,0.0,1,1,1
Palmeira dos Índios,Telecomunicacoes por satelite,1,0,0,0,0,1,0.0,0.0,0.0,1,1,1
Palmeira dos Índios,Torrefacao e moagem de cafe,1,0,0,0,0,1,0.0,0.0,0.0,1,1,1
Palmeira dos Índios,Transmissao de energia eletrica,1,0,0,0,0,1,0.0,0.0,0.0,1,1,1
Pariconha,Atividades do correio nacional,1,0,0,0,0,1,0.0,0.0,0.0,1,1,1
Pariconha,Coleta de residuos nao perigosos,1,0,0,0,0,1,0.0,0.0,0.0,1,1,1
Pariconha,"Confeccao, sob medida, de pecas do vestuario, exceto roupas intimas",1,0,0,0,0,1,0.0,0.0,0.0,1,1,1
Pariconha,Construcao de edificios,1,0,0,0,0,1,0.0,0.0,0.0,1,1,1
Pariconha,"Fabricacao de artigos de serralheria, exceto esquadrias",1,0,0,0,0,1,0.0,0.0,0.0,1,1,1
Pariconha,Fabricacao de esquadrias de metal,1,0,0,0,0,1,0.0,0.0,0.0,1,1,1
Pariconha,Fabricacao de gelo comum,1,0,0,0,0,1,0.0,0.0,0.0,1,1,1
Pariconha,Fabricacao de laticinios,1,0,0,0,0,1,0.0,0.0,0.0,1,1,1
Pariconha,Fabricacao de moveis com predominancia de madeira,1,0,0,0,0,1,0.0,0.0,0.0,1,1,1
Pariconha,Fabricacao de produtos de padaria e confeitaria com predominancia de producao propria,2,0,0,0,0,2,0.0,0.0,0.0,2,2,2
Pariconha,Fabricacao de produtos de panificacao industrial,1,0,0,0,0,1,0.0,0.0,0.0,1,1,1
Pariconha,Impressao de material para outros usos,1,0,0,0,0,1,0.0,0.0,0.0,1,1,1
Pariconha,Instalacao de maquinas e equipamentos industriais,2,0,0,0,0,2,0.0,0.0,0.0,2,2,2
Pariconha,Instalacao e manutencao eletrica,1,0,0,0,0,1,0.0,0.0,0.0,1,1,1
Pariconha,"Instalacoes hidraulicas, sanitarias e de gas",1,0,0,0,0,1,0.0,0.0,0.0,1,1,1
Pariconha,Manutencao e reparacao de motocicletas e motonetas,1,0,0,0,0,1,0.0,0.0,0.0,1,1,1
Pariconha,Obras de alvenaria,2,0,0,0,0,2,0.0,0.0,0.0,2,2,2
Pariconha,Outras obras de engenharia civil nao especificadas anteriormente,1,0,0,0,0,1,0.0,0.0,0.0,1,1,1
Pariconha,Servicos de borracharia para veiculos automotores,1,0,0,0,0,1,0.0,0.0,0.0,1,1,1
Pariconha,Servicos de capotaria,1,0,0,0,0,1,0.0,0.0,0.0,1,1,1
Pariconha,Servicos de comunicacao multimidia - scm,1,0,0,0,0,1,0.0,0.0,0.0,1,1,1
Paripueira,Administracao de obras,1,0,0,0,0,1,0.0,0.0,0.0,1,1,1
Paripueira,"Aparelhamento de placas e execucao de trabalhos em marmore, granito, ardosia e outras pedras",2,0,0,0,0,2,0.0,0.0,0.0,2,2,2
Paripueira,Atividades de apoio a extracao de minerais nao metalicos,1,0,0,0,0,1,0.0,0.0,0.0,1,1,1
Paripueira,Atividades de franqueadas do correio nacional,1,0,0,0,0,1,0.0,0.0,0.0,1,1,1
Paripueira,Atividades do correio nacional,1,0,0,0,0,1,0.0,0.0,0.0,1,1,1
Paripueira,Coleta de residuos nao perigosos,1,0,0,0,0,1,0.0,0.0,0.0,1,1,1
Paripueira,"Confeccao de pecas de vestuario, exceto roupas intimas e as confeccionadas sob medida",1,0,0,0,0,1,0.0,0.0,0.0,1,1,1
Paripueira,Confeccao de roupas intimas,1,0,0,0,0,1,0.0,0.0,0.0,1,1,1
Paripueira,"Confeccao, sob medida, de pecas do vestuario, exceto roupas intimas",2,0,0,0,0,2,0.0,0.0,0.0,2,2,2
Paripueira,Construcao de edificios,28,0,1,0,1,27,0.0,3.5714,3.5714,28,27,27
Paripueira,"Extracao de areia, cascalho ou pedregulho e beneficiamento associado",1,0,0,0,0,1,0.0,0.0,0.0,1,1,1
Paripueira,Extracao de granito e beneficiamento associado,1,0,0,0,0,1,0.0,0.0,0.0,1,1,1
Paripueira,Fabricacao de alimentos e pratos prontos,2,0,0,0,0,2,0.0,0.0,0.0,2,2,2
Paripueira,"Fabricacao de artefatos diversos de madeira, exceto moveis",1,0,0,0,0,1,0.0,0.0,0.0,1,1,1
Paripueira,"Fabricacao de artigos de serralheria, exceto esquadrias",4,0,0,0,0,4,0.0,0.0,0.0,4,4,4
Paripueira,Fabricacao de artigos de vidro,1,0,0,0,0,1,0.0,0.0,0.0,1,1,1
Paripueira,Fabricacao de bijuterias e artefatos semelhantes,5,0,0,0,0,5,0.0,0.0,0.0,5,5,5
Paripueira,Fabricacao de esquadrias de metal,1,0,0,0,0,1,0.0,0.0,0.0,1,1,1
Paripueira,"Fabricacao de estruturas pre moldadas de concreto armado, em serie e sob encomenda",1,0,0,0,0,1,0.0,0.0,0.0,1,1,1
Paripueira,Fabricacao de gelo comum,2,0,0,0,0,2,0.0,0.0,0.0,2,2,2
Paripueira,Fabricacao de moveis com predominancia de madeira,2,0,0,0,0,2,0.0,0.0,0.0,2,2,2
Paripueira,"Fabricacao de oleos vegetais refinados, exceto oleo de milho",1,0,0,0,0,1,0.0,0.0,0.0,1,1,1
Paripueira,"Fabricacao de outros artefatos e produtos de concreto, cimento, fibrocimento, gesso e materiais semelhantes",2,0,0,0,0,2,0.0,0.0,0.0,2,2,2
Paripueira,Fabricacao de produtos ceramicos nao refratarios nao especificados anteriormente,3,0,0,0,0,3,0.0,0.0,0.0,3,3,3
Paripueira,Fabricacao de produtos de limpeza e polimento,1,0,0,0,0,1,0.0,0.0,0.0,1,1,1
Paripueira,Fabricacao de produtos de padaria e confeitaria com predominancia de producao propria,12,1,0,0,1,11,8.3333,0.0,8.3333,11,12,11
Paripueira,Fabricacao de produtos de panificacao industrial,3,0,0,0,0,3,0.0,0.0,0.0,3,3,3
Paripueira,"Fabricacao de produtos de pastas celulosicas, papel, cartolina, papel cartao e papelao ondulado nao especificados anteriormente",4,0,0,0,0,4,0.0,0.0,0.0,4,4,4
Paripueira,Fabricacao de produtos diversos nao especificados anteriormente,2,0,0,0,0,2,0.0,0.0,0.0,2,2,2
Paripueira,Fabricacao de tenis de qualquer material,1,0,0,0,0,1,0.0,0.0,0.0,1,1,1
Paripueira,Fornecimento de alimentos preparados preponderantemente para empresas,1,0,0,0,0,1,0.0,0.0,0.0,1,1,1
Paripueira,Impermeabilizacao em obras de engenharia civil,1,0,0,0,0,1,0.0,0.0,0.0,1,1,1
Paripueira,Impressao de material para outros usos,2,0,0,0,0,2,0.0,0.0,0.0,2,2,2
Paripueira,Impressao de material para uso publicitario,2,0,0,0,0,2,0.0,0.0,0.0,2,2,2
Paripueira,Incorporacao de empreendimentos imobiliarios,6,0,0,0,0,6,0.0,0.0,0.0,6,6,6
Paripueira,Instalacao de outros equipamentos nao especificados anteriormente,1,0,0,0,0,1,0.0,0.0,0.0,1,1,1
Paripueira,"Instalacao e manutencao de sistemas centrais de ar condicionado, de ventilacao e refrigeracao",2,0,0,0,0,2,0.0,0.0,0.0,2,2,2
Paripueira,Instalacao e manutencao eletrica,15,0,0,0,0,15,0.0,0.0,0.0,15,15,15
Paripueira,"Instalacoes hidraulicas, sanitarias e de gas",1,0,0,0,0,1,0.0,0.0,0.0,1,1,1
Paripueira,"Manutencao e reparacao de geradores, transformadores e motores eletricos",1,0,0,0,0,1,0.0,0.0,0.0,1,1,1
Paripueira,Manutencao e reparacao de maquinas e aparelhos de refrigeracao e ventilacao para uso industrial e comercial,1,0,0,0,0,1,0.0,0.0,0.0,1,1,1
Paripueira,Manutencao e reparacao de maquinas e equipamentos para uso geral nao especificados anteriormente,1,0,0,0,0,1,0.0,0.0,0.0,1,1,1
Paripueira,Manutencao e reparacao de motocicletas e motonetas,3,0,0,0,0,3,0.0,0.0,0.0,3,3,3
Paripueira,Obras de acabamento em gesso e estuque,1,0,0,0,0,1,0.0,0.0,0.0,1,1,1
Paripueira,Obras de alvenaria,25,0,0,0,0,25,0.0,0.0,0.0,25,25,25
Paripueira,Obras de terraplenagem,2,0,0,0,0,2,0.0,0.0,0.0,2,2,2
Paripueira,Outras obras de acabamento da construcao,3,0,0,0,0,3,0.0,0.0,0.0,3,3,3
Paripueira,Outras obras de instalacoes em construcoes nao especificadas anteriormente,1,0,0,0,0,1,0.0,0.0,0.0,1,1,1
Paripueira,Perfuracao e construcao de pocos de agua,3,0,0,0,0,3,0.0,0.0,0.0,3,3,3
Paripueira,Preparacao de massa de concreto e argamassa para construcao,1,0,0,0,0,1,0.0,0.0,0.0,1,1,1
Paripueira,Recuperacao de materiais plasticos,1,0,0,0,0,1,0.0,0.0,0.0,1,1,1
Paripueira,Servicos de borracharia para veiculos automotores,2,0,0,0,0,2,0.0,0.0,0.0,2,2,2
Paripueira,Servicos de comunicacao multimidia - scm,3,1,0,0,1,2,33.3333,0.0,33.3333,2,3,2
Paripueira,Servicos de confeccao de armacoes metalicas para a construcao,2,0,0,0,0,2,0.0,0.0,0.0,2,2,2
Paripueira,Servicos de engenharia,1,0,0,0,0,1,0.0,0.0,0.0,1,1,1
Paripueira,"Servicos de instalacao, manutencao e reparacao de acessorios para veiculos automotores",2,0,0,0,0,2,0.0,0.0,0.0,2,2,2
Paripueira,Servicos de manutencao e reparacao eletrica de veiculos automotores,3,0,0,0,0,3,0.0,0.0,0.0,3,3,3
Paripueira,Servicos de manutencao e reparacao mecanica de veiculos automotores,1,0,0,0,0,1,0.0,0.0,0.0,1,1,1
Paripueira,Servicos de pintura de edificios em geral,4,0,0,0,0,4,0.0,0.0,0.0,4,4,4
Paripueira,Servicos de pre impressao,1,0,0,0,0,1,0.0,0.0,0.0,1,1,1
Paripueira,"Servicos de usinagem, tornearia e solda",1,0,0,0,0,1,0.0,0.0,0.0,1,1,1
Passo de Camaragibe,Atividades do correio nacional,1,0,0,0,0,1,0.0,0.0,0.0,1,1,1
Passo de Camaragibe,"Confeccao de pecas de vestuario, exceto roupas intimas e as confeccionadas sob medida",2,0,0,0,0,2,0.0,0.0,0.0,2,2,2
Passo de Camaragibe,"Confeccao, sob medida, de pecas do vestuario, exceto roupas intimas",5,0,0,0,0,5,0.0,0.0,0.0,5,5,5
Passo de Camaragibe,Construcao de edificios,9,0,0,0,0,9,0.0,0.0,0.0,9,9,9
Passo de Camaragibe,"Estamparia e texturizacao em fios, tecidos, artefatos texteis e pecas do vestuario",1,0,0,0,0,1,0.0,0.0,0.0,1,1,1
Passo de Camaragibe,Extracao de madeira em florestas plantadas,1,0,0,0,0,1,0.0,0.0,0.0,1,1,1
Passo de Camaragibe,"Fabricacao de artefatos de ceramica e barro cozido para uso na construcao, exceto azulejos e pisos",2,1,0,0,1,1,50.0,0.0,50.0,1,2,1
Passo de Camaragibe,Fabricacao de artefatos de cimento para uso na construcao,1,0,0,0,0,1,0.0,0.0,0.0,1,1,1
Passo de Camaragibe,"Fabricacao de artefatos diversos de cortica, bambu, palha, vime e outros materiais trancados, exceto moveis",1,0,0,0,0,1,0.0,0.0,0.0,1,1,1
Passo de Camaragibe,"Fabricacao de artefatos diversos de madeira, exceto moveis",2,0,0,0,0,2,0.0,0.0,0.0,2,2,2
Passo de Camaragibe,"Fabricacao de artigos de serralheria, exceto esquadrias",3,0,0,0,0,3,0.0,0.0,0.0,3,3,3
Passo de Camaragibe,Fabricacao de bijuterias e artefatos semelhantes,1,0,0,0,0,1,0.0,0.0,0.0,1,1,1
Passo de Camaragibe,Fabricacao de biscoitos e bolachas,1,0,0,0,0,1,0.0,0.0,0.0,1,1,1
Passo de Camaragibe,Fabricacao de cervejas e chopes,1,0,0,0,0,1,0.0,0.0,0.0,1,1,1
Passo de Camaragibe,"Fabricacao de conservas de peixes, crustaceos e moluscos",1,0,0,0,0,1,0.0,0.0,0.0,1,1,1
Passo de Camaragibe,Fabricacao de gelo comum,1,0,0,0,0,1,0.0,0.0,0.0,1,1,1
Passo de Camaragibe,"Fabricacao de letras, letreiros e placas de qualquer material, exceto luminosos",1,0,0,0,0,1,0.0,0.0,0.0,1,1,1
Passo de Camaragibe,Fabricacao de massas alimenticias,1,0,0,0,0,1,0.0,0.0,0.0,1,1,1
Passo de Camaragibe,Fabricacao de moveis com predominancia de madeira,2,0,0,0,0,2,0.0,0.0,0.0,2,2,2
Passo de Camaragibe,Fabricacao de outros artigos de carpintaria para construcao,3,0,0,0,0,3,0.0,0.0,0.0,3,3,3
Passo de Camaragibe,Fabricacao de produtos de padaria e confeitaria com predominancia de producao propria,8,0,0,0,0,8,0.0,0.0,0.0,8,8,8
Passo de Camaragibe,Fabricacao de produtos de panificacao industrial,3,0,0,0,0,3,0.0,0.0,0.0,3,3,3
Passo de Camaragibe,Fabricacao de produtos diversos nao especificados anteriormente,3,0,0,0,0,3,0.0,0.0,0.0,3,3,3
Passo de Camaragibe,Fabricacao de sorvetes e outros gelados comestiveis,1,0,0,0,0,1,0.0,0.0,0.0,1,1,1
Passo de Camaragibe,Incorporacao de empreendimentos imobiliarios,11,0,0,0,0,11,0.0,0.0,0.0,11,11,11
Passo de Camaragibe,"Instalacao de portas, janelas, tetos, divisorias e armarios embutidos de qualquer material",2,0,0,0,0,2,0.0,0.0,0.0,2,2,2
Passo de Camaragibe,"Instalacao e manutencao de sistemas centrais de ar condicionado, de ventilacao e refrigeracao",2,0,0,0,0,2,0.0,0.0,0.0,2,2,2
Passo de Camaragibe,Instalacao e manutencao eletrica,11,0,0,0,0,11,0.0,0.0,0.0,11,11,11
Passo de Camaragibe,"Instalacoes hidraulicas, sanitarias e de gas",1,0,0,0,0,1,0.0,0.0,0.0,1,1,1
Passo de Camaragibe,Manutencao de redes de distribuicao de energia eletrica,1,0,0,0,0,1,0.0,0.0,0.0,1,1,1
Passo de Camaragibe,Manutencao e reparacao de outras maquinas e equipamentos para usos industriais nao especificados anteriormente,1,0,0,0,0,1,0.0,0.0,0.0,1,1,1
Passo de Camaragibe,Obras de acabamento em gesso e estuque,1,0,0,0,0,1,0.0,0.0,0.0,1,1,1
Passo de Camaragibe,Obras de alvenaria,27,0,0,0,0,27,0.0,0.0,0.0,27,27,27
Passo de Camaragibe,"Obras de urbanizacao - ruas, pracas e calcadas",1,0,0,0,0,1,0.0,0.0,0.0,1,1,1
Passo de Camaragibe,Outras obras de acabamento da construcao,2,0,0,0,0,2,0.0,0.0,0.0,2,2,2
Passo de Camaragibe,Provedores de acesso as redes de comunicacoes,1,0,0,0,0,1,0.0,0.0,0.0,1,1,1
Passo de Camaragibe,Servicos de borracharia para veiculos automotores,1,0,0,0,0,1,0.0,0.0,0.0,1,1,1
Passo de Camaragibe,Servicos de confeccao de armacoes metalicas para a construcao,1,0,0,0,0,1,0.0,0.0,0.0,1,1,1
Passo de Camaragibe,Servicos de engenharia,1,0,0,0,0,1,0.0,0.0,0.0,1,1,1
Passo de Camaragibe,Servicos de lanternagem ou funilaria e pintura de veiculos automotores,1,0,0,0,0,1,0.0,0.0,0.0,1,1,1
Passo de Camaragibe,Servicos de montagem de moveis de qualquer material,1,0,0,0,0,1,0.0,0.0,0.0,1,1,1
Passo de Camaragibe,Servicos de pintura de edificios em geral,2,0,0,0,0,2,0.0,0.0,0.0,2,2,2
Passo de Camaragibe,Servicos de pre impressao,1,0,0,0,0,1,0.0,0.0,0.0,1,1,1
Paulo Jacinto,Atividades do correio nacional,1,0,0,0,0,1,0.0,0.0,0.0,1,1,1
Paulo Jacinto,"Confeccao, sob medida, de pecas do vestuario, exceto roupas intimas",1,0,0,0,0,1,0.0,0.0,0.0,1,1,1
Paulo Jacinto,"Extracao de areia, cascalho ou pedregulho e beneficiamento associado",1,0,0,0,0,1,0.0,0.0,0.0,1,1,1
Paulo Jacinto,Fabricacao de artefatos de couro nao especificados anteriormente,1,0,0,0,0,1,0.0,0.0,0.0,1,1,1
Paulo Jacinto,"Fabricacao de artefatos diversos de madeira, exceto moveis",2,0,0,0,0,2,0.0,0.0,0.0,2,2,2
Paulo Jacinto,"Fabricacao de artigos de serralheria, exceto esquadrias",2,0,0,0,0,2,0.0,0.0,0.0,2,2,2
Paulo Jacinto,Fabricacao de bijuterias e artefatos semelhantes,1,0,0,0,0,1,0.0,0.0,0.0,1,1,1
Paulo Jacinto,Fabricacao de embalagens de cartolina e papel cartao,1,0,0,0,0,1,0.0,0.0,0.0,1,1,1
Paulo Jacinto,Fabricacao de laticinios,1,0,0,0,0,1,0.0,0.0,0.0,1,1,1
Paulo Jacinto,Fabricacao de moveis com predominancia de madeira,1,0,0,0,0,1,0.0,0.0,0.0,1,1,1
Paulo Jacinto,Fabricacao de produtos de padaria e confeitaria com predominancia de producao propria,1,0,0,0,0,1,0.0,0.0,0.0,1,1,1
Paulo Jacinto,Fabricacao de produtos de panificacao industrial,1,0,0,0,0,1,0.0,0.0,0.0,1,1,1
Paulo Jacinto,"Instalacao e manutencao de sistemas centrais de ar condicionado, de ventilacao e refrigeracao",2,0,0,0,0,2,0.0,0.0,0.0,2,2,2
Paulo Jacinto,Obras de alvenaria,2,0,0,0,0,2,0.0,0.0,0.0,2,2,2
Paulo Jacinto,Preparacao do leite,1,0,0,0,0,1,0.0,0.0,0.0,1,1,1
Paulo Jacinto,Servicos de borracharia para veiculos automotores,2,0,0,0,0,2,0.0,0.0,0.0,2,2,2
Paulo Jacinto,Servicos de comunicacao multimidia - scm,1,0,0,0,0,1,0.0,0.0,0.0,1,1,1
Paulo Jacinto,Servicos de pre impressao,1,0,0,0,0,1,0.0,0.0,0.0,1,1,1
Paulo Jacinto,Transmissao de energia eletrica,1,0,0,0,0,1,0.0,0.0,0.0,1,1,1
Penedo,Abate de aves,2,0,0,0,0,2,0.0,0.0,0.0,2,2,2
Penedo,Aplicacao de revestimentos e de resinas em interiores e exteriores,3,0,0,0,0,3,0.0,0.0,0.0,3,3,3
Penedo,Atividades do correio nacional,1,0,0,0,0,1,0.0,0.0,0.0,1,1,1
Penedo,"Atividades relacionadas a esgoto, exceto a gestao de redes",1,0,0,0,0,1,0.0,0.0,0.0,1,1,1
Penedo,"Captacao, tratamento e distribuicao de agua",1,1,1,1,1,0,100.0,100.0,100.0,0,0,0
Penedo,Coleta de residuos nao perigosos,325,0,0,0,0,325,0.0,0.0,0.0,325,325,325
Penedo,"Confeccao de pecas de vestuario, exceto roupas intimas e as confeccionadas sob medida",4,0,0,0,0,4,0.0,0.0,0.0,4,4,4
Penedo,"Confeccao, sob medida, de pecas do vestuario, exceto roupas intimas",21,0,0,0,0,21,0.0,0.0,0.0,21,21,21
Penedo,Construcao de edificios,19,0,0,0,0,19,0.0,0.0,0.0,19,19,19
Penedo,Construcao de obras de arte especiais,1,0,0,0,0,1,0.0,0.0,0.0,1,1,1
Penedo,Desenvolvimento e licenciamento de programas de computador nao customizaveis,1,0,0,0,0,1,0.0,0.0,0.0,1,1,1
Penedo,"Estamparia e texturizacao em fios, tecidos, artefatos texteis e pecas do vestuario",1,0,0,0,0,1,0.0,0.0,0.0,1,1,1
Penedo,"Extracao de areia, cascalho ou pedregulho e beneficiamento associado",3,0,0,0,0,3,0.0,0.0,0.0,3,3,3
Penedo,Extracao de outros minerais nao metalicos nao especificados anteriormente,1,0,0,0,0,1,0.0,0.0,0.0,1,1,1
Penedo,Extracao de quartzo,1,0,0,0,0,1,0.0,0.0,0.0,1,1,1
Penedo,Fabricacao de acucar em bruto,1,1,0,0,1,0,100.0,0.0,100.0,0,1,0
Penedo,Fabricacao de aguas envasadas,1,0,0,0,0,1,0.0,0.0,0.0,1,1,1
Penedo,Fabricacao de alcool,1,0,0,0,0,1,0.0,0.0,0.0,1,1,1
Penedo,Fabricacao de alimentos e pratos prontos,1,0,0,0,0,1,0.0,0.0,0.0,1,1,1
Penedo,Fabricacao de alimentos para animais,1,0,0,0,0,1,0.0,0.0,0.0,1,1,1
Penedo,Fabricacao de amidos e feculas de vegetais,1,0,0,0,0,1,0.0,0.0,0.0,1,1,1
Penedo,Fabricacao de artefatos de borracha nao especificados anteriormente,1,0,0,0,0,1,0.0,0.0,0.0,1,1,1
Penedo,Fabricacao de artefatos de cimento para uso na construcao,4,0,0,0,0,4,0.0,0.0,0.0,4,4,4
Penedo,Fabricacao de artefatos de tapecaria,1,0,0,0,0,1,0.0,0.0,0.0,1,1,1
Penedo,"Fabricacao de artefatos diversos de madeira, exceto moveis",2,0,0,0,0,2,0.0,0.0,0.0,2,2,2
Penedo,"Fabricacao de artigos de serralheria, exceto esquadrias",12,0,0,0,0,12,0.0,0.0,0.0,12,12,12
Penedo,Fabricacao de artigos de vidro,1,0,0,0,0,1,0.0,0.0,0.0,1,1,1
Penedo,"Fabricacao de artigos do vestuario, produzidos em malharias e tricotagens, exceto meias",2,0,0,0,0,2,0.0,0.0,0.0,2,2,2
Penedo,Fabricacao de bijuterias e artefatos semelhantes,1,0,0,0,0,1,0.0,0.0,0.0,1,1,1
Penedo,Fabricacao de biscoitos e bolachas,3,1,0,0,1,2,33.3333,0.0,33.3333,2,3,2
Penedo,Fabricacao de conservas de frutas,4,0,1,0,1,3,0.0,25.0,25.0,4,3,3
Penedo,Fabricacao de embalagens de papel,1,0,0,0,0,1,0.0,0.0,0.0,1,1,1
Penedo,"Fabricacao de especiarias, molhos, temperos e condimentos",1,0,0,0,0,1,0.0,0.0,0.0,1,1,1
Penedo,Fabricacao de esquadrias de metal,2,0,0,0,0,2,0.0,0.0,0.0,2,2,2
Penedo,Fabricacao de farinha de mandioca e derivados,1,0,0,0,0,1,0.0,0.0,0.0,1,1,1
Penedo,Fabricacao de gelo comum,5,0,0,0,0,5,0.0,0.0,0.0,5,5,5
Penedo,Fabricacao de laticinios,1,0,0,0,0,1,0.0,0.0,0.0,1,1,1
Penedo,"Fabricacao de letras, letreiros e placas de qualquer material, exceto luminosos",2,0,0,0,0,2,0.0,0.0,0.0,2,2,2
Penedo,Fabricacao de luminarias e outros equipamentos de iluminacao,1,0,0,0,0,1,0.0,0.0,0.0,1,1,1
Penedo,Fabricacao de massas alimenticias,5,0,0,0,0,5,0.0,0.0,0.0,5,5,5
Penedo,Fabricacao de moveis com predominancia de madeira,7,0,0,0,0,7,0.0,0.0,0.0,7,7,7
Penedo,Fabricacao de outras bebidas nao alcoolicas nao especificadas anteriormente,1,0,0,0,0,1,0.0,0.0,0.0,1,1,1
Penedo,"Fabricacao de outros artefatos e produtos de concreto, cimento, fibrocimento, gesso e materiais semelhantes",3,0,0,0,0,3,0.0,0.0,0.0,3,3,3
Penedo,Fabricacao de outros artigos de carpintaria para construcao,4,0,0,0,0,4,0.0,0.0,0.0,4,4,4
Penedo,Fabricacao de outros produtos texteis nao especificados anteriormente,5,0,0,0,0,5,0.0,0.0,0.0,5,5,5
Penedo,Fabricacao de produtos ceramicos nao refratarios nao especificados anteriormente,3,0,0,0,0,3,0.0,0.0,0.0,3,3,3
Penedo,Fabricacao de produtos de padaria e confeitaria com predominancia de producao propria,26,1,0,0,1,25,3.8462,0.0,3.8462,25,26,25
Penedo,Fabricacao de produtos de panificacao industrial,11,0,0,0,0,11,0.0,0.0,0.0,11,11,11
Penedo,"Fabricacao de produtos de pastas celulosicas, papel, cartolina, papel cartao e papelao ondulado nao especificados anteriormente",5,0,0,0,0,5,0.0,0.0,0.0,5,5,5
Penedo,Fabricacao de produtos derivados do cacau e de chocolates,2,0,0,0,0,2,0.0,0.0,0.0,2,2,2
Penedo,Fabricacao de produtos diversos nao especificados anteriormente,11,0,0,0,0,11,0.0,0.0,0.0,11,11,11
Penedo,"Fabricacao de sucos concentrados de frutas, hortalicas e legumes",1,0,0,0,0,1,0.0,0.0,0.0,1,1,1
Penedo,"Faccao de pecas do vestuario, exceto roupas intimas",2,0,0,0,0,2,0.0,0.0,0.0,2,2,2
Penedo,Fornecimento de alimentos preparados preponderantemente para empresas,7,0,0,0,0,7,0.0,0.0,0.0,7,7,7
Penedo,Geracao de energia eletrica,5,0,0,0,0,5,0.0,0.0,0.0,5,5,5
Penedo,Impressao de material para outros usos,4,0,0,0,0,4,0.0,0.0,0.0,4,4,4
Penedo,Impressao de material para uso publicitario,2,0,0,0,0,2,0.0,0.0,0.0,2,2,2
Penedo,Incorporacao de empreendimentos imobiliarios,3,0,0,0,0,3,0.0,0.0,0.0,3,3,3
Penedo,Instalacao de maquinas e equipamentos industriais,3,0,0,0,0,3,0.0,0.0,0.0,3,3,3
Penedo,Instalacao de paineis publicitarios,1,0,0,0,0,1,0.0,0.0,0.0,1,1,1
Penedo,"Instalacao de portas, janelas, tetos, divisorias e armarios embutidos de qualquer material",6,0,0,0,0,6,0.0,0.0,0.0,6,6,6
Penedo,"Instalacao e manutencao de sistemas centrais de ar condicionado, de ventilacao e refrigeracao",12,0,0,0,0,12,0.0,0.0,0.0,12,12,12
Penedo,Instalacao e manutencao eletrica,42,0,0,0,0,42,0.0,0.0,0.0,42,42,42
Penedo,Instalacoes de sistema de prevencao contra incendio,1,0,0,0,0,1,0.0,0.0,0.0,1,1,1
Penedo,"Instalacoes hidraulicas, sanitarias e de gas",12,0,0,0,0,12,0.0,0.0,0.0,12,12,12
Penedo,"Manutencao e reparacao de baterias e acumuladores eletricos, exceto para veiculos",1,0,0,0,0,1,0.0,0.0,0.0,1,1,1
Penedo,Manutencao e reparacao de embarcacoes para esporte e lazer,1,0,0,0,0,1,0.0,0.0,0.0,1,1,1
Penedo,Manutencao e reparacao de maquinas e aparelhos de refrigeracao e ventilacao para uso industrial e comercial,4,0,0,0,0,4,0.0,0.0,0.0,4,4,4
Penedo,"Manutencao e reparacao de maquinas e equipamentos para a industria textil, do vestuario, do couro e calcados",2,0,0,0,0,2,0.0,0.0,0.0,2,2,2
Penedo,"Manutencao e reparacao de maquinas e equipamentos para as industrias de alimentos, bebidas e fumo",1,0,0,0,0,1,0.0,0.0,0.0,1,1,1
Penedo,"Manutencao e reparacao de maquinas, aparelhos e materiais eletricos nao especificados anteriormente",1,0,0,0,0,1,0.0,0.0,0.0,1,1,1
Penedo,Manutencao e reparacao de motocicletas e motonetas,11,0,0,0,0,11,0.0,0.0,0.0,11,11,11
Penedo,"Manutencao e reparacao de tanques, reservatorios metalicos e caldeiras, exceto para veiculos",1,0,0,0,0,1,0.0,0.0,0.0,1,1,1
Penedo,Montagem de estruturas metalicas,3,0,0,0,0,3,0.0,0.0,0.0,3,3,3
Penedo,Obras de acabamento em gesso e estuque,1,0,0,0,0,1,0.0,0.0,0.0,1,1,1
Penedo,Obras de alvenaria,131,0,0,0,0,131,0.0,0.0,0.0,131,131,131
Penedo,Obras de fundacoes,1,0,0,0,0,1,0.0,0.0,0.0,1,1,1
Penedo,Obras de terraplenagem,1,0,0,0,0,1,0.0,0.0,0.0,1,1,1
Penedo,Outras atividades de telecomunicacoes nao especificadas anteriormente,4,0,0,0,0,4,0.0,0.0,0.0,4,4,4
Penedo,Outras obras de acabamento da construcao,5,0,0,0,0,5,0.0,0.0,0.0,5,5,5
Penedo,Outras obras de engenharia civil nao especificadas anteriormente,1,0,0,0,0,1,0.0,0.0,0.0,1,1,1
Penedo,Outras obras de instalacoes em construcoes nao especificadas anteriormente,1,0,0,0,0,1,0.0,0.0,0.0,1,1,1
Penedo,"Outros servicos de acabamento em fios, tecidos, artefatos texteis e pecas do vestuario",1,0,0,0,0,1,0.0,0.0,0.0,1,1,1
Penedo,Preparacao de massa de concreto e argamassa para construcao,1,0,0,0,0,1,0.0,0.0,0.0,1,1,1
Penedo,Producao de gas; processamento de gas natural,1,0,0,0,0,1,0.0,0.0,0.0,1,1,1
Penedo,Provedores de acesso as redes de comunicacoes,2,0,0,0,0,2,0.0,0.0,0.0,2,2,2
Penedo,"Recuperacao de materiais metalicos, exceto aluminio",1,0,0,0,0,1,0.0,0.0,0.0,1,1,1
Penedo,Recuperacao de materiais nao especificados anteriormente,3,0,0,0,0,3,0.0,0.0,0.0,3,3,3
Penedo,Recuperacao de sucatas de aluminio,3,0,0,0,0,3,0.0,0.0,0.0,3,3,3
Penedo,Restauracao e conservacao de lugares e predios historicos,2,0,0,0,0,2,0.0,0.0,0.0,2,2,2
Penedo,Servico de corte e dobra de metais,2,0,0,0,0,2,0.0,0.0,0.0,2,2,2
Penedo,Servicos de borracharia para veiculos automotores,6,0,0,0,0,6,0.0,0.0,0.0,6,6,6
Penedo,Servicos de capotaria,2,0,0,0,0,2,0.0,0.0,0.0,2,2,2
Penedo,Servicos de comunicacao multimidia - scm,4,0,0,0,0,4,0.0,0.0,0.0,4,4,4
Penedo,Servicos de confeccao de armacoes metalicas para a construcao,5,0,0,0,0,5,0.0,0.0,0.0,5,5,5
Penedo,Servicos de encadernacao e plastificacao,1,0,0,0,0,1,0.0,0.0,0.0,1,1,1
Penedo,Servicos de engenharia,11,0,0,0,0,11,0.0,0.0,0.0,11,11,11
Penedo,"Servicos de instalacao, manutencao e reparacao de acessorios para veiculos automotores",2,0,0,0,0,2,0.0,0.0,0.0,2,2,2
Penedo,Servicos de lanternagem ou funilaria e pintura de veiculos automotores,17,0,0,0,0,17,0.0,0.0,0.0,17,17,17
Penedo,Servicos de manutencao e reparacao eletrica de veiculos automotores,5,0,0,0,0,5,0.0,0.0,0.0,5,5,5
Penedo,Servicos de manutencao e reparacao mecanica de veiculos automotores,15,0,0,0,0,15,0.0,0.0,0.0,15,15,15
Penedo,Servicos de montagem de moveis de qualquer material,2,0,0,0,0,2,0.0,0.0,0.0,2,2,2
Penedo,Servicos de pintura de edificios em geral,24,0,0,0,0,24,0.0,0.0,0.0,24,24,24
Penedo,Servicos de tratamento e revestimento em metais,1,0,0,0,0,1,0.0,0.0,0.0,1,1,1
Penedo,"Servicos de usinagem, tornearia e solda",9,0,0,0,0,9,0.0,0.0,0.0,9,9,9
Penedo,Servicos especializados para construcao nao especificados anteriormente,1,0,0,0,0,1,0.0,0.0,0.0,1,1,1
Penedo,Transmissao de energia eletrica,1,0,0,0,0,1,0.0,0.0,0.0,1,1,1
Penedo,Tratamento e disposicao de residuos nao perigosos,1,0,0,0,0,1,0.0,0.0,0.0,1,1,1
Piaçabuçu,Atividades do correio nacional,1,0,0,0,0,1,0.0,0.0,0.0,1,1,1
Piaçabuçu,Beneficiamento de arroz,4,0,0,0,0,4,0.0,0.0,0.0,4,4,4
Piaçabuçu,Construcao de edificios,2,0,0,0,0,2,0.0,0.0,0.0,2,2,2
Piaçabuçu,"Construcao de embarcacoes para uso comercial e para usos especiais, exceto de grande porte",1,0,0,0,0,1,0.0,0.0,0.0,1,1,1
Piaçabuçu,"Extracao de areia, cascalho ou pedregulho e beneficiamento associado",1,0,0,0,0,1,0.0,0.0,0.0,1,1,1
Piaçabuçu,Fabricacao de aguardente de cana de acucar,1,1,1,1,1,0,100.0,100.0,100.0,0,0,0
Piaçabuçu,"Fabricacao de artigos de serralheria, exceto esquadrias",1,0,0,0,0,1,0.0,0.0,0.0,1,1,1
Piaçabuçu,"Fabricacao de biocombustiveis, exceto alcool",1,0,0,0,0,1,0.0,0.0,0.0,1,1,1
Piaçabuçu,Fabricacao de conservas de frutas,2,0,0,0,0,2,0.0,0.0,0.0,2,2,2
Piaçabuçu,"Fabricacao de conservas de peixes, crustaceos e moluscos",1,1,0,0,1,0,100.0,0.0,100.0,0,1,0
Piaçabuçu,"Fabricacao de cosmeticos, produtos de perfumaria e de higiene pessoal",1,0,0,0,0,1,0.0,0.0,0.0,1,1,1
Piaçabuçu,Fabricacao de gelo comum,3,0,0,0,0,3,0.0,0.0,0.0,3,3,3
Piaçabuçu,"Fabricacao de outros artefatos e produtos de concreto, cimento, fibrocimento, gesso e materiais semelhantes",1,0,0,0,0,1,0.0,0.0,0.0,1,1,1
Piaçabuçu,Fabricacao de outros artigos de carpintaria para construcao,2,0,0,0,0,2,0.0,0.0,0.0,2,2,2
Piaçabuçu,Fabricacao de outros produtos alimenticios nao especificados anteriormente,3,0,0,0,0,3,0.0,0.0,0.0,3,3,3
Piaçabuçu,Fabricacao de produtos de padaria e confeitaria com predominancia de producao propria,1,0,0,0,0,1,0.0,0.0,0.0,1,1,1
Piaçabuçu,Fabricacao de produtos de panificacao industrial,3,0,0,0,0,3,0.0,0.0,0.0,3,3,3
Piaçabuçu,Fabricacao de produtos diversos nao especificados anteriormente,2,0,0,0,0,2,0.0,0.0,0.0,2,2,2
Piaçabuçu,"Fabricacao de sucos de frutas, hortalicas e legumes, exceto concentrados",1,0,0,0,0,1,0.0,0.0,0.0,1,1,1
Piaçabuçu,Fornecimento de alimentos preparados preponderantemente para empresas,2,0,0,0,0,2,0.0,0.0,0.0,2,2,2
Piaçabuçu,Impressao de material para outros usos,1,0,0,0,0,1,0.0,0.0,0.0,1,1,1
Piaçabuçu,"Instalacao e manutencao de sistemas centrais de ar condicionado, de ventilacao e refrigeracao",2,0,0,0,0,2,0.0,0.0,0.0,2,2,2
Piaçabuçu,Instalacao e manutencao eletrica,1,0,0,0,0,1,0.0,0.0,0.0,1,1,1
Piaçabuçu,"Manutencao e reparacao de geradores, transformadores e motores eletricos",1,0,0,0,0,1,0.0,0.0,0.0,1,1,1
Piaçabuçu,Manutencao e reparacao de maquinas e aparelhos de refrigeracao e ventilacao para uso industrial e comercial,1,0,0,0,0,1,0.0,0.0,0.0,1,1,1
Piaçabuçu,Manutencao e reparacao de maquinas e equipamentos para agricultura e pecuaria,1,0,0,0,0,1,0.0,0.0,0.0,1,1,1
Piaçabuçu,Manutencao e reparacao de motocicletas e motonetas,1,0,0,0,0,1,0.0,0.0,0.0,1,1,1
Piaçabuçu,Manutencao e reparacao de valvulas industriais,1,0,0,0,0,1,0.0,0.0,0.0,1,1,1
Piaçabuçu,Obras de alvenaria,2,0,0,0,0,2,0.0,0.0,0.0,2,2,2
Piaçabuçu,Outras obras de acabamento da construcao,1,0,0,0,0,1,0.0,0.0,0.0,1,1,1
Piaçabuçu,Provedores de acesso as redes de comunicacoes,2,0,0,0,0,2,0.0,0.0,0.0,2,2,2
Piaçabuçu,Servicos de borracharia para veiculos automotores,1,0,0,0,0,1,0.0,0.0,0.0,1,1,1
Piaçabuçu,Servicos de manutencao e reparacao mecanica de veiculos automotores,1,0,0,0,0,1,0.0,0.0,0.0,1,1,1
Piaçabuçu,Servicos de pintura de edificios em geral,1,0,0,0,0,1,0.0,0.0,0.0,1,1,1
Piaçabuçu,Servicos de pre impressao,2,0,0,0,0,2,0.0,0.0,0.0,2,2,2
Piaçabuçu,"Servicos de usinagem, tornearia e solda",1,0,0,0,0,1,0.0,0.0,0.0,1,1,1
Piaçabuçu,Transmissao de energia eletrica,1,0,0,0,0,1,0.0,0.0,0.0,1,1,1
Pilar,Acabamento de calcados de couro sob contrato,1,0,0,0,0,1,0.0,0.0,0.0,1,1,1
Pilar,Administracao de obras,2,0,0,0,0,2,0.0,0.0,0.0,2,2,2
Pilar,Aluguel de andaimes,1,0,0,0,0,1,0.0,0.0,0.0,1,1,1
Pilar,Aplicacao de revestimentos e de resinas em interiores e exteriores,1,0,0,0,0,1,0.0,0.0,0.0,1,1,1
Pilar,Atividades de apoio a extracao de petroleo e gas natural,8,1,1,0,2,6,12.5,12.5,25.0,7,7,6
Pilar,Atividades do correio nacional,1,0,0,0,0,1,0.0,0.0,0.0,1,1,1
Pilar,"Atividades relacionadas a esgoto, exceto a gestao de redes",2,0,0,0,0,2,0.0,0.0,0.0,2,2,2
Pilar,"Captacao, tratamento e distribuicao de agua",2,0,0,0,0,2,0.0,0.0,0.0,2,2,2
Pilar,Coleta de residuos nao perigosos,1,0,0,0,0,1,0.0,0.0,0.0,1,1,1
Pilar,Coleta de residuos perigosos,1,0,0,0,0,1,0.0,0.0,0.0,1,1,1
Pilar,"Confeccao de pecas de vestuario, exceto roupas intimas e as confeccionadas sob medida",4,0,0,0,0,4,0.0,0.0,0.0,4,4,4
Pilar,Confeccao de roupas intimas,1,0,0,0,0,1,0.0,0.0,0.0,1,1,1
Pilar,"Confeccao, sob medida, de pecas do vestuario, exceto roupas intimas",16,0,0,0,0,16,0.0,0.0,0.0,16,16,16
Pilar,Construcao de edificios,61,1,1,1,1,60,1.6393,1.6393,1.6393,60,60,60
Pilar,Construcao de estacoes e redes de distribuicao de energia eletrica,1,0,0,0,0,1,0.0,0.0,0.0,1,1,1
Pilar,Construcao de rodovias e ferrovias,3,0,0,0,0,3,0.0,0.0,0.0,3,3,3
Pilar,Distribuicao de combustiveis gasosos por redes urbanas,1,0,0,0,0,1,0.0,0.0,0.0,1,1,1
Pilar,Distribuicao de energia eletrica,1,0,0,0,0,1,0.0,0.0,0.0,1,1,1
Pilar,"Estamparia e texturizacao em fios, tecidos, artefatos texteis e pecas do vestuario",2,0,0,0,0,2,0.0,0.0,0.0,2,2,2
Pilar,"Extracao de areia, cascalho ou pedregulho e beneficiamento associado",6,0,0,0,0,6,0.0,0.0,0.0,6,6,6
Pilar,Fabricacao de aguardente de cana de acucar,1,0,0,0,0,1,0.0,0.0,0.0,1,1,1
Pilar,Fabricacao de aguas envasadas,1,0,0,0,0,1,0.0,0.0,0.0,1,1,1
Pilar,Fabricacao de alimentos e pratos prontos,1,0,0,0,0,1,0.0,0.0,0.0,1,1,1
Pilar,Fabricacao de artefatos de cimento para uso na construcao,2,0,0,0,0,2,0.0,0.0,0.0,2,2,2
Pilar,Fabricacao de artefatos de joalheria e ourivesaria,1,0,0,0,0,1,0.0,0.0,0.0,1,1,1
Pilar,Fabricacao de artefatos de material plastico para outros usos nao especificados anteriormente,2,0,0,0,0,2,0.0,0.0,0.0,2,2,2
Pilar,Fabricacao de artefatos de tanoaria e de embalagens de madeira,1,0,0,0,0,1,0.0,0.0,0.0,1,1,1
Pilar,Fabricacao de artefatos de tapecaria,1,0,0,0,0,1,0.0,0.0,0.0,1,1,1
Pilar,"Fabricacao de artefatos diversos de madeira, exceto moveis",2,0,0,0,0,2,0.0,0.0,0.0,2,2,2
Pilar,"Fabricacao de artigos de serralheria, exceto esquadrias",10,0,0,0,0,10,0.0,0.0,0.0,10,10,10
Pilar,"Fabricacao de artigos do vestuario, produzidos em malharias e tricotagens, exceto meias",3,0,0,0,0,3,0.0,0.0,0.0,3,3,3
Pilar,"Fabricacao de artigos para viagem, bolsas e semelhantes de qualquer material",1,0,0,0,0,1,0.0,0.0,0.0,1,1,1
Pilar,Fabricacao de bijuterias e artefatos semelhantes,1,0,0,0,0,1,0.0,0.0,0.0,1,1,1
Pilar,"Fabricacao de cabines, carrocerias e reboques para outros veiculos automotores, exceto caminhoes e onibus",2,0,0,0,0,2,0.0,0.0,0.0,2,2,2
Pilar,"Fabricacao de cosmeticos, produtos de perfumaria e de higiene pessoal",1,0,0,0,0,1,0.0,0.0,0.0,1,1,1
Pilar,Fabricacao de embalagens de material plastico,1,0,0,0,0,1,0.0,0.0,0.0,1,1,1
Pilar,Fabricacao de esquadrias de madeira e de pecas de madeira para instalacoes industriais e comerciais,3,0,0,0,0,3,0.0,0.0,0.0,3,3,3
Pilar,Fabricacao de esquadrias de metal,4,0,0,0,0,4,0.0,0.0,0.0,4,4,4
Pilar,Fabricacao de estruturas metalicas,1,0,1,0,1,0,0.0,100.0,100.0,1,0,0
Pilar,"Fabricacao de estruturas pre moldadas de concreto armado, em serie e sob encomenda",3,0,0,0,0,3,0.0,0.0,0.0,3,3,3
Pilar,"Fabricacao de farinha de milho e derivados, exceto oleos de milho",1,0,0,0,0,1,0.0,0.0,0.0,1,1,1
Pilar,Fabricacao de gelo comum,1,0,0,0,0,1,0.0,0.0,0.0,1,1,1
Pilar,Fabricacao de laticinios,2,1,0,0,1,1,50.0,0.0,50.0,1,2,1
Pilar,Fabricacao de massas alimenticias,3,0,0,0,0,3,0.0,0.0,0.0,3,3,3
Pilar,Fabricacao de moveis com predominancia de madeira,10,0,0,0,0,10,0.0,0.0,0.0,10,10,10
Pilar,Fabricacao de moveis com predominancia de metal,1,0,0,0,0,1,0.0,0.0,0.0,1,1,1
Pilar,"Fabricacao de moveis de outros materiais, exceto madeira e metal",2,0,0,0,0,2,0.0,0.0,0.0,2,2,2
Pilar,Fabricacao de obras de caldeiraria pesada,1,0,0,0,0,1,0.0,0.0,0.0,1,1,1
Pilar,"Fabricacao de outros artefatos e produtos de concreto, cimento, fibrocimento, gesso e materiais semelhantes",1,0,0,0,0,1,0.0,0.0,0.0,1,1,1
Pilar,Fabricacao de outros produtos alimenticios nao especificados anteriormente,1,0,0,0,0,1,0.0,0.0,0.0,1,1,1
Pilar,Fabricacao de outros produtos de metal nao especificados anteriormente,1,0,0,0,0,1,0.0,0.0,0.0,1,1,1
Pilar,Fabricacao de outros produtos de minerais nao metalicos nao especificados anteriormente,1,0,0,0,0,1,0.0,0.0,0.0,1,1,1
Pilar,Fabricacao de outros produtos quimicos nao especificados anteriormente,1,0,1,0,1,0,0.0,100.0,100.0,1,0,0
Pilar,Fabricacao de outros produtos texteis nao especificados anteriormente,4,0,0,0,0,4,0.0,0.0,0.0,4,4,4
Pilar,Fabricacao de produtos ceramicos nao refratarios nao especificados anteriormente,1,0,0,0,0,1,0.0,0.0,0.0,1,1,1
Pilar,Fabricacao de produtos de limpeza e polimento,3,0,0,0,0,3,0.0,0.0,0.0,3,3,3
Pilar,Fabricacao de produtos de padaria e confeitaria com predominancia de producao propria,13,0,0,0,0,13,0.0,0.0,0.0,13,13,13
Pilar,Fabricacao de produtos de panificacao industrial,3,0,0,0,0,3,0.0,0.0,0.0,3,3,3
Pilar,"Fabricacao de produtos de pastas celulosicas, papel, cartolina, papel cartao e papelao ondulado nao especificados anteriormente",1,0,0,0,0,1,0.0,0.0,0.0,1,1,1
Pilar,Fabricacao de produtos derivados do cacau e de chocolates,1,0,0,0,0,1,0.0,0.0,0.0,1,1,1
Pilar,Fabricacao de produtos diversos nao especificados anteriormente,7,0,0,0,0,7,0.0,0.0,0.0,7,7,7
Pilar,Fabricacao de produtos do refino de petroleo,1,0,0,0,0,1,0.0,0.0,0.0,1,1,1
Pilar,Fabricacao de sorvetes e outros gelados comestiveis,2,0,0,0,0,2,0.0,0.0,0.0,2,2,2
Pilar,"Fabricacao de sucos de frutas, hortalicas e legumes, exceto concentrados",1,0,0,0,0,1,0.0,0.0,0.0,1,1,1
Pilar,"Fabricacao de tanques, reservatorios metalicos e caldeiras para aquecimento central",1,0,0,0,0,1,0.0,0.0,0.0,1,1,1
Pilar,"Fabricacao de tintas, vernizes, esmaltes e lacas",1,0,0,0,0,1,0.0,0.0,0.0,1,1,1
Pilar,"Faccao de pecas do vestuario, exceto roupas intimas",2,0,0,0,0,2,0.0,0.0,0.0,2,2,2
Pilar,Fornecimento de alimentos preparados preponderantemente para empresas,10,2,0,0,2,8,20.0,0.0,20.0,8,10,8
Pilar,Geracao de energia eletrica,3,0,0,0,0,3,0.0,0.0,0.0,3,3,3
Pilar,Gestao de redes de esgoto,1,0,0,0,0,1,0.0,0.0,0.0,1,1,1
Pilar,Impressao de material para outros usos,1,0,0,0,0,1,0.0,0.0,0.0,1,1,1
Pilar,Impressao de material para uso publicitario,2,0,0,0,0,2,0.0,0.0,0.0,2,2,2
Pilar,Incorporacao de empreendimentos imobiliarios,8,0,0,0,0,8,0.0,0.0,0.0,8,8,8
Pilar,Instalacao de maquinas e equipamentos industriais,1,0,0,0,0,1,0.0,0.0,0.0,1,1,1
Pilar,Instalacao de paineis publicitarios,1,0,0,0,0,1,0.0,0.0,0.0,1,1,1
Pilar,"Instalacao de portas, janelas, tetos, divisorias e armarios embutidos de qualquer material",1,0,0,0,0,1,0.0,0.0,0.0,1,1,1
Pilar,"Instalacao e manutencao de sistemas centrais de ar condicionado, de ventilacao e refrigeracao",13,0,0,0,0,13,0.0,0.0,0.0,13,13,13
Pilar,Instalacao e manutencao eletrica,15,0,0,0,0,15,0.0,0.0,0.0,15,15,15
Pilar,Instalacoes de sistema de prevencao contra incendio,1,0,0,0,0,1,0.0,0.0,0.0,1,1,1
Pilar,"Manutencao e reparacao de geradores, transformadores e motores eletricos",2,0,0,0,0,2,0.0,0.0,0.0,2,2,2
Pilar,Manutencao e reparacao de maquinas e aparelhos de refrigeracao e ventilacao para uso industrial e comercial,2,0,0,0,0,2,0.0,0.0,0.0,2,2,2
Pilar,Manutencao e reparacao de maquinas e equipamentos para agricultura e pecuaria,3,0,0,0,0,3,0.0,0.0,0.0,3,3,3
Pilar,Manutencao e reparacao de maquinas e equipamentos para uso geral nao especificados anteriormente,1,0,0,0,0,1,0.0,0.0,0.0,1,1,1
Pilar,"Manutencao e reparacao de maquinas, aparelhos e equipamentos para instalacoes termicas",1,0,0,0,0,1,0.0,0.0,0.0,1,1,1
Pilar,"Manutencao e reparacao de maquinas, aparelhos e materiais eletricos nao especificados anteriormente",1,0,1,0,1,0,0.0,100.0,100.0,1,0,0
Pilar,Manutencao e reparacao de motocicletas e motonetas,11,0,0,0,0,11,0.0,0.0,0.0,11,11,11
Pilar,Manutencao e reparacao de outras maquinas e equipamentos para usos industriais nao especificados anteriormente,1,0,0,0,0,1,0.0,0.0,0.0,1,1,1
Pilar,Moagem de trigo e fabricacao de derivados,1,0,0,0,0,1,0.0,0.0,0.0,1,1,1
Pilar,Moagem e fabricacao de produtos de origem vegetal nao especificados anteriormente,1,0,0,0,0,1,0.0,0.0,0.0,1,1,1
Pilar,Montagem de estruturas metalicas,3,0,0,0,0,3,0.0,0.0,0.0,3,3,3
Pilar,Obras de acabamento em gesso e estuque,1,0,0,0,0,1,0.0,0.0,0.0,1,1,1
Pilar,Obras de alvenaria,20,0,0,0,0,20,0.0,0.0,0.0,20,20,20
Pilar,Obras de montagem industrial,2,0,0,0,0,2,0.0,0.0,0.0,2,2,2
Pilar,Obras de terraplenagem,2,0,0,0,0,2,0.0,0.0,0.0,2,2,2
Pilar,"Obras de urbanizacao - ruas, pracas e calcadas",1,0,0,0,0,1,0.0,0.0,0.0,1,1,1
Pilar,Outras atividades de telecomunicacoes nao especificadas anteriormente,1,0,0,0,0,1,0.0,0.0,0.0,1,1,1
Pilar,Outras obras de acabamento da construcao,5,0,0,0,0,5,0.0,0.0,0.0,5,5,5
Pilar,Outras obras de instalacoes em construcoes nao especificadas anteriormente,1,0,0,0,0,1,0.0,0.0,0.0,1,1,1
Pilar,Perfuracao e construcao de pocos de agua,1,0,0,0,0,1,0.0,0.0,0.0,1,1,1
Pilar,Perfuracoes e sondagens,1,0,0,0,0,1,0.0,0.0,0.0,1,1,1
Pilar,Preparacao de massa de concreto e argamassa para construcao,1,0,0,0,0,1,0.0,0.0,0.0,1,1,1
Pilar,Preparacao do leite,1,0,0,0,0,1,0.0,0.0,0.0,1,1,1
Pilar,Producao de carvao vegetal - florestas plantadas,1,0,0,0,0,1,0.0,0.0,0.0,1,1,1
Pilar,Producao de gas; processamento de gas natural,1,1,0,0,1,0,100.0,0.0,100.0,0,1,0
Pilar,Provedores de acesso as redes de comunicacoes,2,0,0,0,0,2,0.0,0.0,0.0,2,2,2
Pilar,Recondicionamento e recuperacao de motores para veiculos automotores,1,0,0,0,0,1,0.0,0.0,0.0,1,1,1
Pilar,Recuperacao de materiais plasticos,3,0,0,0,0,3,0.0,0.0,0.0,3,3,3
Pilar,Recuperacao de sucatas de aluminio,1,0,0,0,0,1,0.0,0.0,0.0,1,1,1
Pilar,Reproducao de software em qualquer suporte,1,0,0,0,0,1,0.0,0.0,0.0,1,1,1
Pilar,Serrarias com desdobramento de madeira em bruto,3,0,0,0,0,3,0.0,0.0,0.0,3,3,3
Pilar,Servicos de alinhamento e balanceamento de veiculos automotores,1,0,0,0,0,1,0.0,0.0,0.0,1,1,1
Pilar,Servicos de borracharia para veiculos automotores,5,0,0,0,0,5,0.0,0.0,0.0,5,5,5
Pilar,Servicos de capotaria,1,0,0,0,0,1,0.0,0.0,0.0,1,1,1
Pilar,Servicos de comunicacao multimidia - scm,1,0,0,0,0,1,0.0,0.0,0.0,1,1,1
Pilar,Servicos de engenharia,16,0,0,0,0,16,0.0,0.0,0.0,16,16,16
Pilar,"Servicos de instalacao, manutencao e reparacao de acessorios para veiculos automotores",1,0,0,0,0,1,0.0,0.0,0.0,1,1,1
Pilar,Servicos de lanternagem ou funilaria e pintura de veiculos automotores,5,0,0,0,0,5,0.0,0.0,0.0,5,5,5
Pilar,Servicos de manutencao e reparacao eletrica de veiculos automotores,4,0,0,0,0,4,0.0,0.0,0.0,4,4,4
Pilar,Servicos de manutencao e reparacao mecanica de veiculos automotores,17,0,0,0,0,17,0.0,0.0,0.0,17,17,17
Pilar,Servicos de montagem de moveis de qualquer material,1,0,0,0,0,1,0.0,0.0,0.0,1,1,1
Pilar,Servicos de operacao e fornecimento de equipamentos para transporte e elevacao de cargas e pessoas para uso em obras,1,0,0,0,0,1,0.0,0.0,0.0,1,1,1
Pilar,Servicos de pintura de edificios em geral,10,0,0,0,0,10,0.0,0.0,0.0,10,10,10
Pilar,Servicos de pre impressao,1,0,0,0,0,1,0.0,0.0,0.0,1,1,1
Pilar,Servicos de tratamento e revestimento em metais,1,0,0,0,0,1,0.0,0.0,0.0,1,1,1
Pilar,"Servicos de usinagem, tornearia e solda",11,0,0,0,0,11,0.0,0.0,0.0,11,11,11
Pilar,Servicos especializados para construcao nao especificados anteriormente,3,0,0,0,0,3,0.0,0.0,0.0,3,3,3
Pilar,Transmissao de energia eletrica,1,0,0,0,0,1,0.0,0.0,0.0,1,1,1
Pilar,Transporte dutoviario,2,0,0,0,0,2,0.0,0.0,0.0,2,2,2
Pilar,Tratamento e disposicao de residuos nao perigosos,1,1,0,0,1,0,100.0,0.0,100.0,0,1,0
Pindoba,Atividades do correio nacional,1,0,0,0,0,1,0.0,0.0,0.0,1,1,1
Pindoba,"Fabricacao de artigos do vestuario, produzidos em malharias e tricotagens, exceto meias",1,0,0,0,0,1,0.0,0.0,0.0,1,1,1
Pindoba,Fabricacao de massas alimenticias,2,0,0,0,0,2,0.0,0.0,0.0,2,2,2
Pindoba,Geracao de energia eletrica,1,0,0,0,0,1,0.0,0.0,0.0,1,1,1
Pindoba,Transmissao de energia eletrica,1,0,0,0,0,1,0.0,0.0,0.0,1,1,1
Piranhas,Atividades do correio nacional,1,0,0,0,0,1,0.0,0.0,0.0,1,1,1
Piranhas,"Confeccao, sob medida, de pecas do vestuario, exceto roupas intimas",4,0,0,0,0,4,0.0,0.0,0.0,4,4,4
Piranhas,Construcao de edificios,18,0,0,0,0,18,0.0,0.0,0.0,18,18,18
Piranhas,Construcao de embarcacoes de grande porte,1,0,0,0,0,1,0.0,0.0,0.0,1,1,1
Piranhas,Fabricacao de alimentos e pratos prontos,2,0,0,0,0,2,0.0,0.0,0.0,2,2,2
Piranhas,Fabricacao de alimentos para animais,1,0,0,0,0,1,0.0,0.0,0.0,1,1,1
Piranhas,Fabricacao de artefatos de cimento para uso na construcao,1,0,0,0,0,1,0.0,0.0,0.0,1,1,1
Piranhas,"Fabricacao de artefatos diversos de madeira, exceto moveis",3,0,0,0,0,3,0.0,0.0,0.0,3,3,3
Piranhas,"Fabricacao de artigos de serralheria, exceto esquadrias",2,0,0,0,0,2,0.0,0.0,0.0,2,2,2
Piranhas,Fabricacao de bijuterias e artefatos semelhantes,1,0,0,0,0,1,0.0,0.0,0.0,1,1,1
Piranhas,Fabricacao de esquadrias de metal,2,0,0,0,0,2,0.0,0.0,0.0,2,2,2
Piranhas,Fabricacao de gelo comum,1,0,0,0,0,1,0.0,0.0,0.0,1,1,1
Piranhas,Fabricacao de outros produtos texteis nao especificados anteriormente,2,0,0,0,0,2,0.0,0.0,0.0,2,2,2
Piranhas,Fabricacao de produtos de padaria e confeitaria com predominancia de producao propria,12,0,0,0,0,12,0.0,0.0,0.0,12,12,12
Piranhas,Fabricacao de produtos de panificacao industrial,1,0,0,0,0,1,0.0,0.0,0.0,1,1,1
Piranhas,Fabricacao de produtos derivados do cacau e de chocolates,1,0,0,0,0,1,0.0,0.0,0.0,1,1,1
Piranhas,Fabricacao de produtos diversos nao especificados anteriormente,4,0,0,0,0,4,0.0,0.0,0.0,4,4,4
Piranhas,Faccao de roupas intimas,1,0,0,0,0,1,0.0,0.0,0.0,1,1,1
Piranhas,Fornecimento de alimentos preparados preponderantemente para empresas,2,0,0,0,0,2,0.0,0.0,0.0,2,2,2
Piranhas,Geracao de energia eletrica,1,0,0,0,0,1,0.0,0.0,0.0,1,1,1
Piranhas,Impressao de material para uso publicitario,3,0,0,0,0,3,0.0,0.0,0.0,3,3,3
Piranhas,Incorporacao de empreendimentos imobiliarios,2,0,0,0,0,2,0.0,0.0,0.0,2,2,2
Piranhas,Instalacao de maquinas e equipamentos industriais,1,0,0,0,0,1,0.0,0.0,0.0,1,1,1
Piranhas,"Instalacao e manutencao de sistemas centrais de ar condicionado, de ventilacao e refrigeracao",6,0,0,0,0,6,0.0,0.0,0.0,6,6,6
Piranhas,Instalacao e manutencao eletrica,9,0,0,0,0,9,0.0,0.0,0.0,9,9,9
Piranhas,Manutencao e reparacao de maquinas e equipamentos para uso geral nao especificados anteriormente,1,0,0,0,0,1,0.0,0.0,0.0,1,1,1
Piranhas,Manutencao e reparacao de motocicletas e motonetas,7,0,0,0,0,7,0.0,0.0,0.0,7,7,7
Piranhas,Obras de alvenaria,6,0,0,0,0,6,0.0,0.0,0.0,6,6,6
Piranhas,Outras atividades de telecomunicacoes nao especificadas anteriormente,2,0,0,0,0,2,0.0,0.0,0.0,2,2,2
Piranhas,Outras obras de engenharia civil nao especificadas anteriormente,1,0,0,0,0,1,0.0,0.0,0.0,1,1,1
Piranhas,"Outros servicos de acabamento em fios, tecidos, artefatos texteis e pecas do vestuario",1,0,0,0,0,1,0.0,0.0,0.0,1,1,1
Piranhas,Perfuracoes e sondagens,1,0,0,0,0,1,0.0,0.0,0.0,1,1,1
Piranhas,Preparacao de canteiro e limpeza de terreno,1,0,0,0,0,1,0.0,0.0,0.0,1,1,1
Piranhas,Preparacao do leite,1,0,0,0,0,1,0.0,0.0,0.0,1,1,1
Piranhas,"Preservacao de peixes, crustaceos e moluscos",1,0,0,0,0,1,0.0,0.0,0.0,1,1,1
Piranhas,Provedores de acesso as redes de comunicacoes,1,0,0,0,0,1,0.0,0.0,0.0,1,1,1
Piranhas,Restauracao e conservacao de lugares e predios historicos,1,0,0,0,0,1,0.0,0.0,0.0,1,1,1
Piranhas,Servicos de borracharia para veiculos automotores,7,0,0,0,0,7,0.0,0.0,0.0,7,7,7
Piranhas,Servicos de capotaria,2,0,0,0,0,2,0.0,0.0,0.0,2,2,2
Piranhas,Servicos de comunicacao multimidia - scm,3,0,0,0,0,3,0.0,0.0,0.0,3,3,3
Piranhas,Servicos de confeccao de armacoes metalicas para a construcao,1,0,0,0,0,1,0.0,0.0,0.0,1,1,1
Piranhas,Servicos de engenharia,2,0,0,0,0,2,0.0,0.0,0.0,2,2,2
Piranhas,Servicos de lanternagem ou funilaria e pintura de veiculos automotores,1,0,0,0,0,1,0.0,0.0,0.0,1,1,1
Piranhas,Servicos de manutencao e reparacao eletrica de veiculos automotores,3,0,0,0,0,3,0.0,0.0,0.0,3,3,3
Piranhas,Servicos de manutencao e reparacao mecanica de veiculos automotores,3,0,0,0,0,3,0.0,0.0,0.0,3,3,3
Piranhas,Servicos de operacao e fornecimento de equipamentos para transporte e elevacao de cargas e pessoas para uso em obras,1,0,0,0,0,1,0.0,0.0,0.0,1,1,1
Piranhas,Servicos de pintura de edificios em geral,3,0,0,0,0,3,0.0,0.0,0.0,3,3,3
Piranhas,"Servicos de usinagem, tornearia e solda",1,0,0,0,0,1,0.0,0.0,0.0,1,1,1
Piranhas,Transmissao de energia eletrica,1,0,0,0,0,1,0.0,0.0,0.0,1,1,1
Piranhas,Tratamento e disposicao de residuos nao perigosos,1,0,0,0,0,1,0.0,0.0,0.0,1,1,1
Porto Calvo,Atividades do correio nacional,1,0,0,0,0,1,0.0,0.0,0.0,1,1,1
Porto Calvo,Coleta de residuos nao perigosos,1,0,0,0,0,1,0.0,0.0,0.0,1,1,1
Porto Calvo,"Confeccao, sob medida, de pecas do vestuario, exceto roupas intimas",4,0,0,0,0,4,0.0,0.0,0.0,4,4,4
Porto Calvo,Construcao de edificios,28,0,0,0,0,28,0.0,0.0,0.0,28,28,28
Porto Calvo,"Decoracao, lapidacao, gravacao, vitrificacao e outros trabalhos em ceramica, louca, vidro e cristal",1,0,0,0,0,1,0.0,0.0,0.0,1,1,1
Porto Calvo,Desenvolvimento e licenciamento de programas de computador nao customizaveis,1,0,0,0,0,1,0.0,0.0,0.0,1,1,1
Porto Calvo,Distribuicao de energia eletrica,1,0,0,0,0,1,0.0,0.0,0.0,1,1,1
Porto Calvo,Extracao de petroleo e gas natural,1,0,0,0,0,1,0.0,0.0,0.0,1,1,1
Porto Calvo,Fabricacao de acucar em bruto,3,1,0,0,1,2,33.3333,0.0,33.3333,2,3,2
Porto Calvo,Fabricacao de alimentos e pratos prontos,1,0,0,0,0,1,0.0,0.0,0.0,1,1,1
Porto Calvo,Fabricacao de amidos e feculas de vegetais,1,0,0,0,0,1,0.0,0.0,0.0,1,1,1
Porto Calvo,"Fabricacao de artefatos de ceramica e barro cozido para uso na construcao, exceto azulejos e pisos",3,2,0,0,2,1,66.6667,0.0,66.6667,1,3,1
Porto Calvo,Fabricacao de artefatos texteis para uso domestico,1,0,0,0,0,1,0.0,0.0,0.0,1,1,1
Porto Calvo,"Fabricacao de artigos de serralheria, exceto esquadrias",10,0,0,0,0,10,0.0,0.0,0.0,10,10,10
Porto Calvo,"Fabricacao de artigos para viagem, bolsas e semelhantes de qualquer material",1,0,0,0,0,1,0.0,0.0,0.0,1,1,1
Porto Calvo,Fabricacao de bijuterias e artefatos semelhantes,5,0,0,0,0,5,0.0,0.0,0.0,5,5,5
Porto Calvo,Fabricacao de esquadrias de metal,3,0,0,0,0,3,0.0,0.0,0.0,3,3,3
Porto Calvo,"Fabricacao de estruturas pre moldadas de concreto armado, em serie e sob encomenda",1,0,0,0,0,1,0.0,0.0,0.0,1,1,1
Porto Calvo,Fabricacao de moveis com predominancia de madeira,6,0,0,0,0,6,0.0,0.0,0.0,6,6,6
Porto Calvo,Fabricacao de outros artigos de carpintaria para construcao,2,0,0,0,0,2,0.0,0.0,0.0,2,2,2
Porto Calvo,Fabricacao de outros brinquedos e jogos recreativos nao especificados anteriormente,1,0,0,0,0,1,0.0,0.0,0.0,1,1,1
Porto Calvo,Fabricacao de produtos de padaria e confeitaria com predominancia de producao propria,8,0,0,0,0,8,0.0,0.0,0.0,8,8,8
Porto Calvo,Fabricacao de produtos de panificacao industrial,1,0,0,0,0,1,0.0,0.0,0.0,1,1,1
Porto Calvo,Fabricacao de produtos diversos nao especificados anteriormente,3,0,0,0,0,3,0.0,0.0,0.0,3,3,3
Porto Calvo,Fabricacao de sorvetes e outros gelados comestiveis,1,0,0,0,0,1,0.0,0.0,0.0,1,1,1
Porto Calvo,Fornecimento de alimentos preparados preponderantemente para empresas,4,0,0,0,0,4,0.0,0.0,0.0,4,4,4
Porto Calvo,Impressao de material para outros usos,1,0,0,0,0,1,0.0,0.0,0.0,1,1,1
Porto Calvo,Impressao de material para uso publicitario,6,0,0,0,0,6,0.0,0.0,0.0,6,6,6
Porto Calvo,Instalacao de maquinas e equipamentos industriais,5,0,0,0,0,5,0.0,0.0,0.0,5,5,5
Porto Calvo,"Instalacao de portas, janelas, tetos, divisorias e armarios embutidos de qualquer material",1,0,0,0,0,1,0.0,0.0,0.0,1,1,1
Porto Calvo,"Instalacao e manutencao de sistemas centrais de ar condicionado, de ventilacao e refrigeracao",1,0,0,0,0,1,0.0,0.0,0.0,1,1,1
Porto Calvo,Instalacao e manutencao eletrica,8,0,0,0,0,8,0.0,0.0,0.0,8,8,8
Porto Calvo,"Manutencao e reparacao de geradores, transformadores e motores eletricos",1,0,0,0,0,1,0.0,0.0,0.0,1,1,1
Porto Calvo,Manutencao e reparacao de maquinas e aparelhos de refrigeracao e ventilacao para uso industrial e comercial,1,0,0,0,0,1,0.0,0.0,0.0,1,1,1
Porto Calvo,Manutencao e reparacao de motocicletas e motonetas,7,0,0,0,0,7,0.0,0.0,0.0,7,7,7
Porto Calvo,Moagem e fabricacao de produtos de origem vegetal nao especificados anteriormente,1,0,0,0,0,1,0.0,0.0,0.0,1,1,1
Porto Calvo,Obras de alvenaria,11,0,0,0,0,11,0.0,0.0,0.0,11,11,11
Porto Calvo,Obras de terraplenagem,1,0,0,0,0,1,0.0,0.0,0.0,1,1,1
Porto Calvo,"Obras de urbanizacao - ruas, pracas e calcadas",1,0,0,0,0,1,0.0,0.0,0.0,1,1,1
Porto Calvo,Outras atividades de telecomunicacoes nao especificadas anteriormente,1,0,0,0,0,1,0.0,0.0,0.0,1,1,1
Porto Calvo,Preparacao do leite,1,0,0,0,0,1,0.0,0.0,0.0,1,1,1
Porto Calvo,Provedores de acesso as redes de comunicacoes,2,0,0,0,0,2,0.0,0.0,0.0,2,2,2
Porto Calvo,Recondicionamento e recuperacao de motores para veiculos automotores,1,0,0,0,0,1,0.0,0.0,0.0,1,1,1
Porto Calvo,Recuperacao de sucatas de aluminio,1,0,0,0,0,1,0.0,0.0,0.0,1,1,1
Porto Calvo,Servicos de borracharia para veiculos automotores,2,0,0,0,0,2,0.0,0.0,0.0,2,2,2
Porto Calvo,Servicos de capotaria,1,0,0,0,0,1,0.0,0.0,0.0,1,1,1
Porto Calvo,Servicos de encadernacao e plastificacao,1,0,0,0,0,1,0.0,0.0,0.0,1,1,1
Porto Calvo,Servicos de engenharia,2,0,0,0,0,2,0.0,0.0,0.0,2,2,2
Porto Calvo,Servicos de lanternagem ou funilaria e pintura de veiculos automotores,4,0,0,0,0,4,0.0,0.0,0.0,4,4,4
Porto Calvo,Servicos de manutencao e reparacao eletrica de veiculos automotores,2,0,0,0,0,2,0.0,0.0,0.0,2,2,2
Porto Calvo,Servicos de manutencao e reparacao mecanica de veiculos automotores,16,0,0,0,0,16,0.0,0.0,0.0,16,16,16
Porto Calvo,Servicos de montagem de moveis de qualquer material,2,0,0,0,0,2,0.0,0.0,0.0,2,2,2
Porto Calvo,Servicos de operacao e fornecimento de equipamentos para transporte e elevacao de cargas e pessoas para uso em obras,1,0,0,0,0,1,0.0,0.0,0.0,1,1,1
Porto Calvo,Servicos de pintura de edificios em geral,3,0,0,0,0,3,0.0,0.0,0.0,3,3,3
Porto Calvo,Servicos de pre impressao,1,0,0,0,0,1,0.0,0.0,0.0,1,1,1
Porto Calvo,"Servicos de usinagem, tornearia e solda",5,0,0,0,0,5,0.0,0.0,0.0,5,5,5
Porto Calvo,Transmissao de energia eletrica,1,0,0,0,0,1,0.0,0.0,0.0,1,1,1
Porto Real do Colégio,Atividades do correio nacional,1,0,0,0,0,1,0.0,0.0,0.0,1,1,1
Porto Real do Colégio,Beneficiamento de arroz,3,0,0,0,0,3,0.0,0.0,0.0,3,3,3
Porto Real do Colégio,"Captacao, tratamento e distribuicao de agua",1,0,0,0,0,1,0.0,0.0,0.0,1,1,1
Porto Real do Colégio,Construcao de edificios,5,0,0,0,0,5,0.0,0.0,0.0,5,5,5
Porto Real do Colégio,Construcao de rodovias e ferrovias,1,0,0,0,0,1,0.0,0.0,0.0,1,1,1
Porto Real do Colégio,"Extracao de areia, cascalho ou pedregulho e beneficiamento associado",1,0,0,0,0,1,0.0,0.0,0.0,1,1,1
Porto Real do Colégio,Extracao de argila e beneficiamento associado,1,0,0,0,0,1,0.0,0.0,0.0,1,1,1
Porto Real do Colégio,Fabricacao de alimentos e pratos prontos,1,0,0,0,0,1,0.0,0.0,0.0,1,1,1
Porto Real do Colégio,"Fabricacao de artefatos diversos de madeira, exceto moveis",1,0,0,0,0,1,0.0,0.0,0.0,1,1,1
Porto Real do Colégio,"Fabricacao de artigos de serralheria, exceto esquadrias",2,0,0,0,0,2,0.0,0.0,0.0,2,2,2
Porto Real do Colégio,"Fabricacao de compressores para uso nao industrial, pecas e acessorios",1,0,0,0,0,1,0.0,0.0,0.0,1,1,1
Porto Real do Colégio,Fabricacao de moveis com predominancia de madeira,1,0,0,0,0,1,0.0,0.0,0.0,1,1,1
Porto Real do Colégio,Fabricacao de produtos de limpeza e polimento,1,0,0,0,0,1,0.0,0.0,0.0,1,1,1
Porto Real do Colégio,Fabricacao de produtos de padaria e confeitaria com predominancia de producao propria,3,0,0,0,0,3,0.0,0.0,0.0,3,3,3
Porto Real do Colégio,Fabricacao de produtos de panificacao industrial,2,0,0,0,0,2,0.0,0.0,0.0,2,2,2
Porto Real do Colégio,Fabricacao de produtos do arroz,1,0,0,0,0,1,0.0,0.0,0.0,1,1,1
Porto Real do Colégio,Faccao de roupas profissionais,1,0,0,0,0,1,0.0,0.0,0.0,1,1,1
Porto Real do Colégio,Fornecimento de alimentos preparados preponderantemente para empresas,1,0,0,0,0,1,0.0,0.0,0.0,1,1,1
Porto Real do Colégio,Impressao de material para outros usos,1,0,0,0,0,1,0.0,0.0,0.0,1,1,1
Porto Real do Colégio,Impressao de material para uso publicitario,2,0,0,0,0,2,0.0,0.0,0.0,2,2,2
Porto Real do Colégio,Incorporacao de empreendimentos imobiliarios,1,0,0,0,0,1,0.0,0.0,0.0,1,1,1
Porto Real do Colégio,"Instalacao e manutencao de sistemas centrais de ar condicionado, de ventilacao e refrigeracao",1,0,0,0,0,1,0.0,0.0,0.0,1,1,1
Porto Real do Colégio,Instalacao e manutencao eletrica,1,0,0,0,0,1,0.0,0.0,0.0,1,1,1
Porto Real do Colégio,Manutencao e reparacao de motocicletas e motonetas,1,0,0,0,0,1,0.0,0.0,0.0,1,1,1
Porto Real do Colégio,Obras de alvenaria,4,0,0,0,0,4,0.0,0.0,0.0,4,4,4
Porto Real do Colégio,Outras obras de acabamento da construcao,1,0,0,0,0,1,0.0,0.0,0.0,1,1,1
Porto Real do Colégio,"Outros servicos de acabamento em fios, tecidos, artefatos texteis e pecas do vestuario",1,0,0,0,0,1,0.0,0.0,0.0,1,1,1
Porto Real do Colégio,Provedores de acesso as redes de comunicacoes,1,0,0,0,0,1,0.0,0.0,0.0,1,1,1
Porto Real do Colégio,Servicos de borracharia para veiculos automotores,1,0,0,0,0,1,0.0,0.0,0.0,1,1,1
Porto Real do Colégio,Servicos de capotaria,1,0,0,0,0,1,0.0,0.0,0.0,1,1,1
Porto Real do Colégio,Servicos de comunicacao multimidia - scm,1,0,0,0,0,1,0.0,0.0,0.0,1,1,1
Porto Real do Colégio,Servicos de lanternagem ou funilaria e pintura de veiculos automotores,1,0,0,0,0,1,0.0,0.0,0.0,1,1,1
Porto Real do Colégio,Servicos de manutencao e reparacao eletrica de veiculos automotores,2,0,0,0,0,2,0.0,0.0,0.0,2,2,2
Porto Real do Colégio,Servicos de manutencao e reparacao mecanica de veiculos automotores,2,0,0,0,0,2,0.0,0.0,0.0,2,2,2
Porto Real do Colégio,Servicos de pintura de edificios em geral,1,0,0,0,0,1,0.0,0.0,0.0,1,1,1
Porto Real do Colégio,"Servicos de usinagem, tornearia e solda",1,0,0,0,0,1,0.0,0.0,0.0,1,1,1
Porto de Pedras,Administracao de obras,1,0,0,0,0,1,0.0,0.0,0.0,1,1,1
Porto de Pedras,"Aparelhamento de placas e execucao de trabalhos em marmore, granito, ardosia e outras pedras",1,0,0,0,0,1,0.0,0.0,0.0,1,1,1
Porto de Pedras,Atividades do correio nacional,1,0,0,0,0,1,0.0,0.0,0.0,1,1,1
Porto de Pedras,Coleta de residuos nao perigosos,2,0,0,0,0,2,0.0,0.0,0.0,2,2,2
Porto de Pedras,"Confeccao de pecas de vestuario, exceto roupas intimas e as confeccionadas sob medida",1,0,0,0,0,1,0.0,0.0,0.0,1,1,1
Porto de Pedras,"Confeccao, sob medida, de pecas do vestuario, exceto roupas intimas",1,0,0,0,0,1,0.0,0.0,0.0,1,1,1
Porto de Pedras,Construcao de edificios,13,0,0,0,0,13,0.0,0.0,0.0,13,13,13
Porto de Pedras,"Decoracao, lapidacao, gravacao, vitrificacao e outros trabalhos em ceramica, louca, vidro e cristal",1,0,0,0,0,1,0.0,0.0,0.0,1,1,1
Porto de Pedras,Distribuicao de energia eletrica,1,0,0,0,0,1,0.0,0.0,0.0,1,1,1
Porto de Pedras,"Estamparia e texturizacao em fios, tecidos, artefatos texteis e pecas do vestuario",1,0,0,0,0,1,0.0,0.0,0.0,1,1,1
Porto de Pedras,Extracao e britamento de pedras e outros materiais para construcao e beneficiamento associado,1,0,0,0,0,1,0.0,0.0,0.0,1,1,1
Porto de Pedras,"Fabricacao de artefatos de ceramica e barro cozido para uso na construcao, exceto azulejos e pisos",1,0,0,0,0,1,0.0,0.0,0.0,1,1,1
Porto de Pedras,Fabricacao de artefatos de couro nao especificados anteriormente,1,0,0,0,0,1,0.0,0.0,0.0,1,1,1
Porto de Pedras,"Fabricacao de artefatos diversos de cortica, bambu, palha, vime e outros materiais trancados, exceto moveis",4,0,0,0,0,4,0.0,0.0,0.0,4,4,4
Porto de Pedras,"Fabricacao de artefatos diversos de madeira, exceto moveis",4,0,0,0,0,4,0.0,0.0,0.0,4,4,4
Porto de Pedras,Fabricacao de bijuterias e artefatos semelhantes,1,0,0,0,0,1,0.0,0.0,0.0,1,1,1
Porto de Pedras,Fabricacao de calcados de materiais nao especificados anteriormente,1,0,0,0,0,1,0.0,0.0,0.0,1,1,1
Porto de Pedras,Fabricacao de conservas de frutas,1,0,0,0,0,1,0.0,0.0,0.0,1,1,1
Porto de Pedras,Fabricacao de esquadrias de metal,1,0,0,0,0,1,0.0,0.0,0.0,1,1,1
Porto de Pedras,Fabricacao de gelo comum,1,0,0,0,0,1,0.0,0.0,0.0,1,1,1
Porto de Pedras,Fabricacao de moveis com predominancia de madeira,2,0,0,0,0,2,0.0,0.0,0.0,2,2,2
Porto de Pedras,Fabricacao de outros artigos de carpintaria para construcao,1,0,0,0,0,1,0.0,0.0,0.0,1,1,1
Porto de Pedras,Fabricacao de outros produtos texteis nao especificados anteriormente,2,0,0,0,0,2,0.0,0.0,0.0,2,2,2
Porto de Pedras,Fabricacao de produtos de padaria e confeitaria com predominancia de producao propria,8,0,0,0,0,8,0.0,0.0,0.0,8,8,8
Porto de Pedras,Fabricacao de produtos de panificacao industrial,1,0,0,0,0,1,0.0,0.0,0.0,1,1,1
Porto de Pedras,"Fabricacao de produtos de pastas celulosicas, papel, cartolina, papel cartao e papelao ondulado nao especificados anteriormente",2,0,0,0,0,2,0.0,0.0,0.0,2,2,2
Porto de Pedras,Fabricacao de produtos diversos nao especificados anteriormente,8,0,0,0,0,8,0.0,0.0,0.0,8,8,8
Porto de Pedras,"Faccao de pecas do vestuario, exceto roupas intimas",1,0,0,0,0,1,0.0,0.0,0.0,1,1,1
Porto de Pedras,Fornecimento de alimentos preparados preponderantemente para empresas,6,0,0,0,0,6,0.0,0.0,0.0,6,6,6
Porto de Pedras,Incorporacao de empreendimentos imobiliarios,27,0,0,0,0,27,0.0,0.0,0.0,27,27,27
Porto de Pedras,"Instalacao e manutencao de sistemas centrais de ar condicionado, de ventilacao e refrigeracao",1,0,0,0,0,1,0.0,0.0,0.0,1,1,1
Porto de Pedras,Instalacao e manutencao eletrica,10,0,0,0,0,10,0.0,0.0,0.0,10,10,10
Porto de Pedras,Manutencao e reparacao de embarcacoes para esporte e lazer,1,0,0,0,0,1,0.0,0.0,0.0,1,1,1
Porto de Pedras,Manutencao e reparacao de motocicletas e motonetas,1,0,0,0,0,1,0.0,0.0,0.0,1,1,1
Porto de Pedras,Obras de acabamento em gesso e estuque,1,0,0,0,0,1,0.0,0.0,0.0,1,1,1
Porto de Pedras,Obras de alvenaria,19,0,0,0,0,19,0.0,0.0,0.0,19,19,19
Porto de Pedras,Obras de terraplenagem,4,0,0,0,0,4,0.0,0.0,0.0,4,4,4
Porto de Pedras,Outras obras de engenharia civil nao especificadas anteriormente,1,0,0,0,0,1,0.0,0.0,0.0,1,1,1
Porto de Pedras,Preparacao de massa de concreto e argamassa para construcao,1,1,0,0,1,0,100.0,0.0,100.0,0,1,0
Porto de Pedras,Servicos de borracharia para veiculos automotores,1,0,0,0,0,1,0.0,0.0,0.0,1,1,1
Porto de Pedras,Servicos de comunicacao multimidia - scm,1,0,0,0,0,1,0.0,0.0,0.0,1,1,1
Porto de Pedras,Servicos de engenharia,5,0,0,0,0,5,0.0,0.0,0.0,5,5,5
Porto de Pedras,Servicos de manutencao e reparacao mecanica de veiculos automotores,1,0,0,0,0,1,0.0,0.0,0.0,1,1,1
Porto de Pedras,Servicos de pintura de edificios em geral,1,0,0,0,0,1,0.0,0.0,0.0,1,1,1
Porto de Pedras,Transmissao de energia eletrica,1,0,0,0,0,1,0.0,0.0,0.0,1,1,1
Poço das Trincheiras,Atividades do correio nacional,1,0,0,0,0,1,0.0,0.0,0.0,1,1,1
Poço das Trincheiras,Coleta de residuos nao perigosos,1,0,0,0,0,1,0.0,0.0,0.0,1,1,1
Poço das Trincheiras,Construcao de edificios,2,0,0,0,0,2,0.0,0.0,0.0,2,2,2
Poço das Trincheiras,Fabricacao de artefatos de couro nao especificados anteriormente,1,0,0,0,0,1,0.0,0.0,0.0,1,1,1
Poço das Trincheiras,Fabricacao de bijuterias e artefatos semelhantes,1,0,0,0,0,1,0.0,0.0,0.0,1,1,1
Poço das Trincheiras,Fabricacao de biscoitos e bolachas,1,0,0,0,0,1,0.0,0.0,0.0,1,1,1
Poço das Trincheiras,Fabricacao de farinha de mandioca e derivados,1,0,0,0,0,1,0.0,0.0,0.0,1,1,1
Poço das Trincheiras,Fabricacao de produtos de padaria e confeitaria com predominancia de producao propria,1,0,0,0,0,1,0.0,0.0,0.0,1,1,1
Poço das Trincheiras,Fabricacao de produtos de panificacao industrial,1,0,0,0,0,1,0.0,0.0,0.0,1,1,1
Poço das Trincheiras,Fabricacao de produtos diversos nao especificados anteriormente,1,0,0,0,0,1,0.0,0.0,0.0,1,1,1
Poço das Trincheiras,Fornecimento de alimentos preparados preponderantemente para empresas,1,0,0,0,0,1,0.0,0.0,0.0,1,1,1
Poço das Trincheiras,Geracao de energia eletrica,1,0,0,0,0,1,0.0,0.0,0.0,1,1,1
Poço das Trincheiras,Instalacao e manutencao eletrica,1,0,0,0,0,1,0.0,0.0,0.0,1,1,1
Poço das Trincheiras,"Instalacoes hidraulicas, sanitarias e de gas",1,0,0,0,0,1,0.0,0.0,0.0,1,1,1
Poço das Trincheiras,Obras de alvenaria,3,0,0,0,0,3,0.0,0.0,0.0,3,3,3
Poço das Trincheiras,Servicos de borracharia para veiculos automotores,1,0,0,0,0,1,0.0,0.0,0.0,1,1,1
Poço das Trincheiras,Servicos de confeccao de armacoes metalicas para a construcao,1,0,0,0,0,1,0.0,0.0,0.0,1,1,1
Poço das Trincheiras,Servicos de pintura de edificios em geral,1,0,0,0,0,1,0.0,0.0,0.0,1,1,1
Pão de Açúcar,Abate de aves,1,0,0,0,0,1,0.0,0.0,0.0,1,1,1
Pão de Açúcar,Atividades de apoio a extracao de minerais nao metalicos,1,0,0,0,0,1,0.0,0.0,0.0,1,1,1
Pão de Açúcar,Atividades do correio nacional,1,0,0,0,0,1,0.0,0.0,0.0,1,1,1
Pão de Açúcar,Coleta de residuos nao perigosos,3,0,0,0,0,3,0.0,0.0,0.0,3,3,3
Pão de Açúcar,"Confeccao de pecas de vestuario, exceto roupas intimas e as confeccionadas sob medida",1,0,0,0,0,1,0.0,0.0,0.0,1,1,1
Pão de Açúcar,"Confeccao, sob medida, de pecas do vestuario, exceto roupas intimas",1,0,0,0,0,1,0.0,0.0,0.0,1,1,1
Pão de Açúcar,Construcao de edificios,9,0,0,0,0,9,0.0,0.0,0.0,9,9,9
Pão de Açúcar,"Fabricacao de artefatos diversos de madeira, exceto moveis",8,0,0,0,0,8,0.0,0.0,0.0,8,8,8
Pão de Açúcar,Fabricacao de artefatos texteis para uso domestico,1,0,0,0,0,1,0.0,0.0,0.0,1,1,1
Pão de Açúcar,"Fabricacao de artigos de serralheria, exceto esquadrias",2,0,0,0,0,2,0.0,0.0,0.0,2,2,2
Pão de Açúcar,"Fabricacao de artigos do vestuario, produzidos em malharias e tricotagens, exceto meias",2,0,0,0,0,2,0.0,0.0,0.0,2,2,2
Pão de Açúcar,Fabricacao de calcados de materiais nao especificados anteriormente,1,0,0,0,0,1,0.0,0.0,0.0,1,1,1
Pão de Açúcar,Fabricacao de gelo comum,2,0,0,0,0,2,0.0,0.0,0.0,2,2,2
Pão de Açúcar,Fabricacao de laticinios,1,0,0,0,0,1,0.0,0.0,0.0,1,1,1
Pão de Açúcar,Fabricacao de massas alimenticias,2,0,0,0,0,2,0.0,0.0,0.0,2,2,2
Pão de Açúcar,Fabricacao de moveis com predominancia de madeira,2,0,0,0,0,2,0.0,0.0,0.0,2,2,2
Pão de Açúcar,Fabricacao de produtos de padaria e confeitaria com predominancia de producao propria,9,1,1,1,1,8,11.1111,11.1111,11.1111,8,8,8
Pão de Açúcar,Fabricacao de produtos de panificacao industrial,7,0,0,0,0,7,0.0,0.0,0.0,7,7,7
Pão de Açúcar,Fornecimento de alimentos preparados preponderantemente para empresas,2,0,0,0,0,2,0.0,0.0,0.0,2,2,2
Pão de Açúcar,Frigorifico - abate de bovinos,1,0,0,0,0,1,0.0,0.0,0.0,1,1,1
Pão de Açúcar,Impressao de material para outros usos,2,0,0,0,0,2,0.0,0.0,0.0,2,2,2
Pão de Açúcar,Incorporacao de empreendimentos imobiliarios,1,0,0,0,0,1,0.0,0.0,0.0,1,1,1
Pão de Açúcar,"Instalacao de portas, janelas, tetos, divisorias e armarios embutidos de qualquer material",3,0,0,0,0,3,0.0,0.0,0.0,3,3,3
Pão de Açúcar,"Instalacao e manutencao de sistemas centrais de ar condicionado, de ventilacao e refrigeracao",8,0,0,0,0,8,0.0,0.0,0.0,8,8,8
Pão de Açúcar,Instalacao e manutencao eletrica,7,0,0,0,0,7,0.0,0.0,0.0,7,7,7
Pão de Açúcar,Manutencao e reparacao de maquinas e aparelhos de refrigeracao e ventilacao para uso industrial e comercial,1,0,0,0,0,1,0.0,0.0,0.0,1,1,1
Pão de Açúcar,Manutencao e reparacao de motocicletas e motonetas,2,0,0,0,0,2,0.0,0.0,0.0,2,2,2
Pão de Açúcar,Obras de alvenaria,10,0,0,0,0,10,0.0,0.0,0.0,10,10,10
Pão de Açúcar,Provedores de acesso as redes de comunicacoes,1,0,0,0,0,1,0.0,0.0,0.0,1,1,1
Pão de Açúcar,Servicos de borracharia para veiculos automotores,5,0,0,0,0,5,0.0,0.0,0.0,5,5,5
Pão de Açúcar,Servicos de comunicacao multimidia - scm,2,0,0,0,0,2,0.0,0.0,0.0,2,2,2
Pão de Açúcar,"Servicos de instalacao, manutencao e reparacao de acessorios para veiculos automotores",2,0,0,0,0,2,0.0,0.0,0.0,2,2,2
Pão de Açúcar,Servicos de pintura de edificios em geral,3,0,0,0,0,3,0.0,0.0,0.0,3,3,3
Pão de Açúcar,Transmissao de energia eletrica,1,0,0,0,0,1,0.0,0.0,0.0,1,1,1
Quebrangulo,Atividades do correio nacional,1,0,0,0,0,1,0.0,0.0,0.0,1,1,1
Quebrangulo,"Extracao de areia, cascalho ou pedregulho e beneficiamento associado",3,0,0,0,0,3,0.0,0.0,0.0,3,3,3
Quebrangulo,Fabricacao de alimentos e pratos prontos,1,0,0,0,0,1,0.0,0.0,0.0,1,1,1
Quebrangulo,Fabricacao de artefatos de couro nao especificados anteriormente,1,0,0,0,0,1,0.0,0.0,0.0,1,1,1
Quebrangulo,"Fabricacao de artefatos diversos de madeira, exceto moveis",1,0,0,0,0,1,0.0,0.0,0.0,1,1,1
Quebrangulo,"Fabricacao de artigos de serralheria, exceto esquadrias",2,0,0,0,0,2,0.0,0.0,0.0,2,2,2
Quebrangulo,Fabricacao de bijuterias e artefatos semelhantes,1,0,0,0,0,1,0.0,0.0,0.0,1,1,1
Quebrangulo,Fabricacao de conservas de frutas,1,1,0,0,1,0,100.0,0.0,100.0,0,1,0
Quebrangulo,"Fabricacao de estruturas pre moldadas de concreto armado, em serie e sob encomenda",1,0,0,0,0,1,0.0,0.0,0.0,1,1,1
Quebrangulo,"Fabricacao de frutas cristalizadas, balas e semelhantes",1,0,0,0,0,1,0.0,0.0,0.0,1,1,1
Quebrangulo,Fabricacao de laticinios,4,0,0,0,0,4,0.0,0.0,0.0,4,4,4
Quebrangulo,Fabricacao de massas alimenticias,2,0,0,0,0,2,0.0,0.0,0.0,2,2,2
Quebrangulo,Fabricacao de moveis com predominancia de madeira,1,0,0,0,0,1,0.0,0.0,0.0,1,1,1
Quebrangulo,Fabricacao de outros artigos de carpintaria para construcao,1,0,0,0,0,1,0.0,0.0,0.0,1,1,1
Quebrangulo,Fabricacao de outros produtos texteis nao especificados anteriormente,1,0,0,0,0,1,0.0,0.0,0.0,1,1,1
Quebrangulo,Fabricacao de produtos de limpeza e polimento,1,0,0,0,0,1,0.0,0.0,0.0,1,1,1
Quebrangulo,Fabricacao de produtos de padaria e confeitaria com predominancia de producao propria,5,0,0,0,0,5,0.0,0.0,0.0,5,5,5
Quebrangulo,Fabricacao de produtos de panificacao industrial,2,0,0,0,0,2,0.0,0.0,0.0,2,2,2
Quebrangulo,Fabricacao de produtos diversos nao especificados anteriormente,2,0,0,0,0,2,0.0,0.0,0.0,2,2,2
Quebrangulo,Fornecimento de alimentos preparados preponderantemente para empresas,3,0,0,0,0,3,0.0,0.0,0.0,3,3,3
Quebrangulo,Instalacao de maquinas e equipamentos industriais,1,0,0,0,0,1,0.0,0.0,0.0,1,1,1
Quebrangulo,"Instalacao e manutencao de sistemas centrais de ar condicionado, de ventilacao e refrigeracao",2,0,0,0,0,2,0.0,0.0,0.0,2,2,2
Quebrangulo,Instalacao e manutencao eletrica,3,0,0,0,0,3,0.0,0.0,0.0,3,3,3
Quebrangulo,Manutencao e reparacao de motocicletas e motonetas,4,0,0,0,0,4,0.0,0.0,0.0,4,4,4
Quebrangulo,Obras de acabamento em gesso e estuque,1,0,0,0,0,1,0.0,0.0,0.0,1,1,1
Quebrangulo,Obras de alvenaria,11,0,0,0,0,11,0.0,0.0,0.0,11,11,11
Quebrangulo,Recuperacao de materiais plasticos,1,0,0,0,0,1,0.0,0.0,0.0,1,1,1
Quebrangulo,Servicos de borracharia para veiculos automotores,1,0,0,0,0,1,0.0,0.0,0.0,1,1,1
Quebrangulo,Servicos de comunicacao multimidia - scm,1,1,0,0,1,0,100.0,0.0,100.0,0,1,0
Quebrangulo,Servicos de engenharia,3,0,0,0,0,3,0.0,0.0,0.0,3,3,3
Quebrangulo,Servicos de manutencao e reparacao eletrica de veiculos automotores,1,0,0,0,0,1,0.0,0.0,0.0,1,1,1
Quebrangulo,Servicos de manutencao e reparacao mecanica de veiculos automotores,2,0,0,0,0,2,0.0,0.0,0.0,2,2,2
Quebrangulo,Servicos de montagem de moveis de qualquer material,1,0,0,0,0,1,0.0,0.0,0.0,1,1,1
Quebrangulo,Servicos de pintura de edificios em geral,7,0,0,0,0,7,0.0,0.0,0.0,7,7,7
Quebrangulo,"Servicos de usinagem, tornearia e solda",2,0,0,0,0,2,0.0,0.0,0.0,2,2,2
Quebrangulo,Transmissao de energia eletrica,1,0,0,0,0,1,0.0,0.0,0.0,1,1,1
Rio Largo,Acabamento de calcados de couro sob contrato,2,0,0,0,0,2,0.0,0.0,0.0,2,2,2
Rio Largo,Administracao de obras,1,0,0,0,0,1,0.0,0.0,0.0,1,1,1
Rio Largo,"Aparelhamento de placas e execucao de trabalhos em marmore, granito, ardosia e outras pedras",4,0,0,0,0,4,0.0,0.0,0.0,4,4,4
Rio Largo,Aplicacao de revestimentos e de resinas em interiores e exteriores,5,0,0,0,0,5,0.0,0.0,0.0,5,5,5
Rio Largo,Atividades do correio nacional,1,0,0,0,0,1,0.0,0.0,0.0,1,1,1
Rio Largo,"Atividades relacionadas a esgoto, exceto a gestao de redes",1,0,0,0,0,1,0.0,0.0,0.0,1,1,1
Rio Largo,"Captacao, tratamento e distribuicao de agua",2,0,0,0,0,2,0.0,0.0,0.0,2,2,2
Rio Largo,Coleta de residuos nao perigosos,8,0,0,0,0,8,0.0,0.0,0.0,8,8,8
Rio Largo,Coleta de residuos perigosos,1,0,0,0,0,1,0.0,0.0,0.0,1,1,1
Rio Largo,"Confeccao de pecas de vestuario, exceto roupas intimas e as confeccionadas sob medida",16,0,0,0,0,16,0.0,0.0,0.0,16,16,16
Rio Largo,"Confeccao, sob medida, de pecas do vestuario, exceto roupas intimas",41,0,0,0,0,41,0.0,0.0,0.0,41,41,41
Rio Largo,Construcao de edificios,31,0,0,0,0,31,0.0,0.0,0.0,31,31,31
Rio Largo,Construcao de embarcacoes para esporte e lazer,2,0,0,0,0,2,0.0,0.0,0.0,2,2,2
Rio Largo,Construcao de estacoes e redes de distribuicao de energia eletrica,1,0,0,0,0,1,0.0,0.0,0.0,1,1,1
Rio Largo,Construcao de instalacoes esportivas e recreativas,2,0,0,0,0,2,0.0,0.0,0.0,2,2,2
Rio Largo,Construcao de rodovias e ferrovias,2,0,0,0,0,2,0.0,0.0,0.0,2,2,2
Rio Largo,"Estamparia e texturizacao em fios, tecidos, artefatos texteis e pecas do vestuario",1,0,0,0,0,1,0.0,0.0,0.0,1,1,1
Rio Largo,Extracao de ardosia e beneficiamento associado,1,0,0,0,0,1,0.0,0.0,0.0,1,1,1
Rio Largo,"Extracao de areia, cascalho ou pedregulho e beneficiamento associado",1,0,0,0,0,1,0.0,0.0,0.0,1,1,1
Rio Largo,Extracao de argila e beneficiamento associado,1,0,0,0,0,1,0.0,0.0,0.0,1,1,1
Rio Largo,Extracao e britamento de pedras e outros materiais para construcao e beneficiamento associado,2,1,1,0,2,0,50.0,50.0,100.0,1,1,0
Rio Largo,"Fabricacao de acessorios do vestuario, exceto para seguranca e protecao",1,0,0,0,0,1,0.0,0.0,0.0,1,1,1
Rio Largo,Fabricacao de acucar em bruto,5,0,1,0,1,4,0.0,20.0,20.0,5,4,4
Rio Largo,"Fabricacao de adubos e fertilizantes, exceto organominerais",1,0,0,0,0,1,0.0,0.0,0.0,1,1,1
Rio Largo,Fabricacao de aguas envasadas,2,1,0,0,1,1,50.0,0.0,50.0,1,2,1
Rio Largo,Fabricacao de alimentos e pratos prontos,4,0,0,0,0,4,0.0,0.0,0.0,4,4,4
Rio Largo,"Fabricacao de artefatos de ceramica e barro cozido para uso na construcao, exceto azulejos e pisos",1,0,0,0,0,1,0.0,0.0,0.0,1,1,1
Rio Largo,Fabricacao de artefatos de couro nao especificados anteriormente,2,0,0,0,0,2,0.0,0.0,0.0,2,2,2
Rio Largo,Fabricacao de artefatos de material plastico para outros usos nao especificados anteriormente,1,0,0,0,0,1,0.0,0.0,0.0,1,1,1
Rio Largo,Fabricacao de artefatos de material plastico para uso pessoal e domestico,1,1,1,1,1,0,100.0,100.0,100.0,0,0,0
Rio Largo,Fabricacao de artefatos de material plastico para usos industriais,1,0,0,0,0,1,0.0,0.0,0.0,1,1,1
Rio Largo,Fabricacao de artefatos de tanoaria e de embalagens de madeira,1,0,0,0,0,1,0.0,0.0,0.0,1,1,1
Rio Largo,Fabricacao de artefatos de tapecaria,2,0,0,0,0,2,0.0,0.0,0.0,2,2,2
Rio Largo,"Fabricacao de artefatos diversos de cortica, bambu, palha, vime e outros materiais trancados, exceto moveis",1,0,0,0,0,1,0.0,0.0,0.0,1,1,1
Rio Largo,"Fabricacao de artefatos diversos de madeira, exceto moveis",5,0,0,0,0,5,0.0,0.0,0.0,5,5,5
Rio Largo,"Fabricacao de artigos de serralheria, exceto esquadrias",25,0,0,0,0,25,0.0,0.0,0.0,25,25,25
Rio Largo,Fabricacao de bijuterias e artefatos semelhantes,5,0,0,0,0,5,0.0,0.0,0.0,5,5,5
Rio Largo,Fabricacao de biscoitos e bolachas,1,1,1,1,1,0,100.0,100.0,100.0,0,0,0
Rio Largo,"Fabricacao de cabines, carrocerias e reboques para caminhoes",1,0,0,0,0,1,0.0,0.0,0.0,1,1,1
Rio Largo,Fabricacao de calcados de materiais nao especificados anteriormente,1,0,0,0,0,1,0.0,0.0,0.0,1,1,1
Rio Largo,Fabricacao de cervejas e chopes,1,0,0,0,0,1,0.0,0.0,0.0,1,1,1
Rio Largo,Fabricacao de colchoes,2,0,1,0,1,1,0.0,50.0,50.0,2,1,1
Rio Largo,Fabricacao de conservas de frutas,2,0,0,0,0,2,0.0,0.0,0.0,2,2,2
Rio Largo,"Fabricacao de cosmeticos, produtos de perfumaria e de higiene pessoal",1,0,0,0,0,1,0.0,0.0,0.0,1,1,1
Rio Largo,Fabricacao de embalagens de material plastico,1,0,0,0,0,1,0.0,0.0,0.0,1,1,1
Rio Largo,"Fabricacao de especiarias, molhos, temperos e condimentos",6,1,1,1,1,5,16.6667,16.6667,16.6667,5,5,5
Rio Largo,Fabricacao de esquadrias de metal,4,0,0,0,0,4,0.0,0.0,0.0,4,4,4
Rio Largo,Fabricacao de estruturas metalicas,2,0,0,0,0,2,0.0,0.0,0.0,2,2,2
Rio Largo,"Fabricacao de estruturas pre moldadas de concreto armado, em serie e sob encomenda",7,2,2,2,2,5,28.5714,28.5714,28.5714,5,5,5
Rio Largo,Fabricacao de ferramentas,1,0,0,0,0,1,0.0,0.0,0.0,1,1,1
Rio Largo,Fabricacao de gases industriais,1,0,0,0,0,1,0.0,0.0,0.0,1,1,1
Rio Largo,Fabricacao de gelo comum,2,0,0,0,0,2,0.0,0.0,0.0,2,2,2
Rio Largo,"Fabricacao de geradores de corrente continua e alternada, pecas e acessorios",1,0,0,0,0,1,0.0,0.0,0.0,1,1,1
Rio Largo,"Fabricacao de letras, letreiros e placas de qualquer material, exceto luminosos",3,0,0,0,0,3,0.0,0.0,0.0,3,3,3
Rio Largo,"Fabricacao de maquinas e equipamentos para a agricultura e pecuaria, pecas e acessorios, exceto para irrigacao",1,0,0,0,0,1,0.0,0.0,0.0,1,1,1
Rio Largo,Fabricacao de massas alimenticias,9,0,0,0,0,9,0.0,0.0,0.0,9,9,9
Rio Largo,"Fabricacao de motores e turbinas, pecas e acessorios, exceto para avioes e veiculos rodoviarios",1,0,0,0,0,1,0.0,0.0,0.0,1,1,1
Rio Largo,Fabricacao de moveis com predominancia de madeira,38,1,1,0,2,36,2.6316,2.6316,5.2632,37,37,36
Rio Largo,Fabricacao de moveis com predominancia de metal,2,0,0,0,0,2,0.0,0.0,0.0,2,2,2
Rio Largo,"Fabricacao de moveis de outros materiais, exceto madeira e metal",2,0,0,0,0,2,0.0,0.0,0.0,2,2,2
Rio Largo,Fabricacao de outros artigos de carpintaria para construcao,4,0,0,0,0,4,0.0,0.0,0.0,4,4,4
Rio Largo,Fabricacao de outros brinquedos e jogos recreativos nao especificados anteriormente,1,0,0,0,0,1,0.0,0.0,0.0,1,1,1
Rio Largo,Fabricacao de outros produtos alimenticios nao especificados anteriormente,1,0,0,0,0,1,0.0,0.0,0.0,1,1,1
Rio Largo,Fabricacao de outros produtos de metal nao especificados anteriormente,1,0,0,0,0,1,0.0,0.0,0.0,1,1,1
Rio Largo,"Fabricacao de outros produtos derivados do petroleo, exceto produtos do refino",1,0,0,0,0,1,0.0,0.0,0.0,1,1,1
Rio Largo,Fabricacao de outros produtos quimicos nao especificados anteriormente,2,0,0,0,0,2,0.0,0.0,0.0,2,2,2
Rio Largo,Fabricacao de outros produtos texteis nao especificados anteriormente,7,0,0,0,0,7,0.0,0.0,0.0,7,7,7
Rio Largo,Fabricacao de paineis e letreiros luminosos,2,0,0,0,0,2,0.0,0.0,0.0,2,2,2
Rio Largo,"Fabricacao de partes para calcados, de qualquer material",1,0,0,0,0,1,0.0,0.0,0.0,1,1,1
Rio Largo,Fabricacao de produtos de carne,1,0,0,0,0,1,0.0,0.0,0.0,1,1,1
Rio Largo,Fabricacao de produtos de padaria e confeitaria com predominancia de producao propria,59,0,0,0,0,59,0.0,0.0,0.0,59,59,59
Rio Largo,Fabricacao de produtos de panificacao industrial,10,0,0,0,0,10,0.0,0.0,0.0,10,10,10
Rio Largo,"Fabricacao de produtos de pastas celulosicas, papel, cartolina, papel cartao e papelao ondulado nao especificados anteriormente",4,0,0,0,0,4,0.0,0.0,0.0,4,4,4
Rio Largo,Fabricacao de produtos derivados do cacau e de chocolates,1,0,0,0,0,1,0.0,0.0,0.0,1,1,1
Rio Largo,Fabricacao de produtos diversos nao especificados anteriormente,35,0,0,0,0,35,0.0,0.0,0.0,35,35,35
Rio Largo,"Fabricacao de produtos para infusao (cha, mate, etc.)",1,0,0,0,0,1,0.0,0.0,0.0,1,1,1
Rio Largo,Fabricacao de sorvetes e outros gelados comestiveis,2,1,1,1,1,1,50.0,50.0,50.0,1,1,1
Rio Largo,"Fabricacao de sucos concentrados de frutas, hortalicas e legumes",1,0,0,0,0,1,0.0,0.0,0.0,1,1,1
Rio Largo,"Fabricacao de sucos de frutas, hortalicas e legumes, exceto concentrados",1,0,0,0,0,1,0.0,0.0,0.0,1,1,1
Rio Largo,"Fabricacao de tanques, reservatorios metalicos e caldeiras para aquecimento central",1,0,0,0,0,1,0.0,0.0,0.0,1,1,1
Rio Largo,Fabricacao de tecidos de malha,1,0,0,0,0,1,0.0,0.0,0.0,1,1,1
Rio Largo,"Faccao de pecas do vestuario, exceto roupas intimas",3,0,0,0,0,3,0.0,0.0,0.0,3,3,3
Rio Largo,Fornecimento de alimentos preparados preponderantemente para empresas,20,0,0,0,0,20,0.0,0.0,0.0,20,20,20
Rio Largo,Frigorifico - abate de bovinos,1,0,0,0,0,1,0.0,0.0,0.0,1,1,1
Rio Largo,Geracao de energia eletrica,6,0,0,0,0,6,0.0,0.0,0.0,6,6,6
Rio Largo,Impressao de material para outros usos,8,0,0,0,0,8,0.0,0.0,0.0,8,8,8
Rio Largo,Impressao de material para uso publicitario,7,0,0,0,0,7,0.0,0.0,0.0,7,7,7
Rio Largo,Incorporacao de empreendimentos imobiliarios,4,0,0,0,0,4,0.0,0.0,0.0,4,4,4
Rio Largo,Instalacao de maquinas e equipamentos industriais,7,0,0,0,0,7,0.0,0.0,0.0,7,7,7
Rio Largo,Instalacao de paineis publicitarios,2,0,0,0,0,2,0.0,0.0,0.0,2,2,2
Rio Largo,"Instalacao de portas, janelas, tetos, divisorias e armarios embutidos de qualquer material",8,0,0,0,0,8,0.0,0.0,0.0,8,8,8
Rio Largo,"Instalacao e manutencao de sistemas centrais de ar condicionado, de ventilacao e refrigeracao",21,0,0,0,0,21,0.0,0.0,0.0,21,21,21
Rio Largo,Instalacao e manutencao eletrica,67,0,0,0,0,67,0.0,0.0,0.0,67,67,67
Rio Largo,Instalacoes de sistema de prevencao contra incendio,2,0,0,0,0,2,0.0,0.0,0.0,2,2,2
Rio Largo,"Instalacoes hidraulicas, sanitarias e de gas",7,0,0,0,0,7,0.0,0.0,0.0,7,7,7
Rio Largo,"Manutencao e reparacao de aeronaves, exceto a manutencao na pista",1,0,0,0,0,1,0.0,0.0,0.0,1,1,1
Rio Largo,Manutencao e reparacao de equipamentos e produtos nao especificados anteriormente,1,0,0,0,0,1,0.0,0.0,0.0,1,1,1
Rio Largo,"Manutencao e reparacao de equipamentos hidraulicos e pneumaticos, exceto valvulas",6,0,0,0,0,6,0.0,0.0,0.0,6,6,6
Rio Largo,"Manutencao e reparacao de geradores, transformadores e motores eletricos",8,0,0,0,0,8,0.0,0.0,0.0,8,8,8
Rio Largo,Manutencao e reparacao de maquinas e aparelhos de refrigeracao e ventilacao para uso industrial e comercial,8,0,0,0,0,8,0.0,0.0,0.0,8,8,8
Rio Largo,"Manutencao e reparacao de maquinas e equipamentos de terraplenagem, pavimentacao e construcao, exceto tratores",1,0,0,0,0,1,0.0,0.0,0.0,1,1,1
Rio Largo,Manutencao e reparacao de maquinas e equipamentos para agricultura e pecuaria,3,0,0,0,0,3,0.0,0.0,0.0,3,3,3
Rio Largo,"Manutencao e reparacao de maquinas e equipamentos para as industrias de alimentos, bebidas e fumo",2,0,0,0,0,2,0.0,0.0,0.0,2,2,2
Rio Largo,Manutencao e reparacao de maquinas e equipamentos para uso geral nao especificados anteriormente,3,0,0,0,0,3,0.0,0.0,0.0,3,3,3
Rio Largo,"Manutencao e reparacao de maquinas, aparelhos e equipamentos para instalacoes termicas",1,0,0,0,0,1,0.0,0.0,0.0,1,1,1
Rio Largo,"Manutencao e reparacao de maquinas, aparelhos e materiais eletricos nao especificados anteriormente",3,0,0,0,0,3,0.0,0.0,0.0,3,3,3
Rio Largo,Manutencao e reparacao de motocicletas e motonetas,13,0,0,0,0,13,0.0,0.0,0.0,13,13,13
Rio Largo,Manutencao e reparacao de outras maquinas e equipamentos para usos industriais nao especificados anteriormente,1,0,0,0,0,1,0.0,0.0,0.0,1,1,1
Rio Largo,"Manutencao e reparacao de tanques, reservatorios metalicos e caldeiras, exceto para veiculos",4,0,0,0,0,4,0.0,0.0,0.0,4,4,4
Rio Largo,Manutencao e reparacao de veiculos ferroviarios,1,1,0,0,1,0,100.0,0.0,100.0,0,1,0
Rio Largo,Moagem e fabricacao de produtos de origem vegetal nao especificados anteriormente,3,1,0,0,1,2,33.3333,0.0,33.3333,2,3,2
Rio Largo,Obras de acabamento em gesso e estuque,7,0,0,0,0,7,0.0,0.0,0.0,7,7,7
Rio Largo,Obras de alvenaria,96,0,0,0,0,96,0.0,0.0,0.0,96,96,96
Rio Largo,Obras de terraplenagem,2,0,0,0,0,2,0.0,0.0,0.0,2,2,2
Rio Largo,Outras atividades de telecomunicacoes nao especificadas anteriormente,7,0,0,0,0,7,0.0,0.0,0.0,7,7,7
Rio Largo,Outras obras de acabamento da construcao,4,0,0,0,0,4,0.0,0.0,0.0,4,4,4
Rio Largo,Outras obras de engenharia civil nao especificadas anteriormente,1,0,0,0,0,1,0.0,0.0,0.0,1,1,1
Rio Largo,Outras obras de instalacoes em construcoes nao especificadas anteriormente,1,0,0,0,0,1,0.0,0.0,0.0,1,1,1
Rio Largo,"Outros servicos de acabamento em fios, tecidos, artefatos texteis e pecas do vestuario",4,0,0,0,0,4,0.0,0.0,0.0,4,4,4
Rio Largo,Perfuracao e construcao de pocos de agua,3,1,0,0,1,2,33.3333,0.0,33.3333,2,3,2
Rio Largo,Producao de artefatos estampados de metal,4,0,0,0,0,4,0.0,0.0,0.0,4,4,4
Rio Largo,Provedores de acesso as redes de comunicacoes,6,0,0,0,0,6,0.0,0.0,0.0,6,6,6
Rio Largo,Recondicionamento e recuperacao de motores para veiculos automotores,2,0,0,0,0,2,0.0,0.0,0.0,2,2,2
Rio Largo,"Recuperacao de materiais metalicos, exceto aluminio",3,1,0,0,1,2,33.3333,0.0,33.3333,2,3,2
Rio Largo,Recuperacao de materiais nao especificados anteriormente,1,0,0,0,0,1,0.0,0.0,0.0,1,1,1
Rio Largo,Recuperacao de materiais plasticos,11,0,0,0,0,11,0.0,0.0,0.0,11,11,11
Rio Largo,Recuperacao de sucatas de aluminio,3,0,0,0,0,3,0.0,0.0,0.0,3,3,3
Rio Largo,Servicos de borracharia para veiculos automotores,14,0,0,0,0,14,0.0,0.0,0.0,14,14,14
Rio Largo,Servicos de capotaria,2,0,0,0,0,2,0.0,0.0,0.0,2,2,2
Rio Largo,Servicos de comunicacao multimidia - scm,24,1,0,0,1,23,4.1667,0.0,4.1667,23,24,23
Rio Largo,Servicos de confeccao de armacoes metalicas para a construcao,6,0,0,0,0,6,0.0,0.0,0.0,6,6,6
Rio Largo,Servicos de encadernacao e plastificacao,1,0,0,0,0,1,0.0,0.0,0.0,1,1,1
Rio Largo,Servicos de engenharia,12,0,0,0,0,12,0.0,0.0,0.0,12,12,12
Rio Largo,"Servicos de instalacao, manutencao e reparacao de acessorios para veiculos automotores",10,0,0,0,0,10,0.0,0.0,0.0,10,10,10
Rio Largo,Servicos de lanternagem ou funilaria e pintura de veiculos automotores,23,0,0,0,0,23,0.0,0.0,0.0,23,23,23
Rio Largo,Servicos de manutencao e reparacao eletrica de veiculos automotores,9,0,0,0,0,9,0.0,0.0,0.0,9,9,9
Rio Largo,Servicos de manutencao e reparacao mecanica de veiculos automotores,69,3,0,0,3,66,4.3478,0.0,4.3478,66,69,66
Rio Largo,Servicos de montagem de moveis de qualquer material,20,0,0,0,0,20,0.0,0.0,0.0,20,20,20
Rio Largo,Servicos de pintura de edificios em geral,24,0,0,0,0,24,0.0,0.0,0.0,24,24,24
Rio Largo,Servicos de pre impressao,4,0,0,0,0,4,0.0,0.0,0.0,4,4,4
Rio Largo,"Servicos de usinagem, tornearia e solda",16,0,0,0,0,16,0.0,0.0,0.0,16,16,16
Rio Largo,Servicos especializados para construcao nao especificados anteriormente,3,0,0,0,0,3,0.0,0.0,0.0,3,3,3
Rio Largo,Transmissao de energia eletrica,1,0,0,0,0,1,0.0,0.0,0.0,1,1,1
Rio Largo,Tratamento e disposicao de residuos nao perigosos,1,0,0,0,0,1,0.0,0.0,0.0,1,1,1
Rio Largo,"Tratamentos termicos, acusticos ou de vibracao",3,0,0,0,0,3,0.0,0.0,0.0,3,3,3
Roteiro,Atividades do correio nacional,1,0,0,0,0,1,0.0,0.0,0.0,1,1,1
Roteiro,"Fabricacao de artigos de serralheria, exceto esquadrias",1,0,0,0,0,1,0.0,0.0,0.0,1,1,1
Roteiro,Fabricacao de bijuterias e artefatos semelhantes,1,0,0,0,0,1,0.0,0.0,0.0,1,1,1
Roteiro,Fabricacao de moveis com predominancia de madeira,1,0,0,0,0,1,0.0,0.0,0.0,1,1,1
Roteiro,Fabricacao de produtos de padaria e confeitaria com predominancia de producao propria,2,0,0,0,0,2,0.0,0.0,0.0,2,2,2
Roteiro,Fabricacao de produtos de panificacao industrial,1,0,0,0,0,1,0.0,0.0,0.0,1,1,1
Roteiro,Fabricacao de produtos diversos nao especificados anteriormente,1,0,0,0,0,1,0.0,0.0,0.0,1,1,1
Roteiro,Instalacao e manutencao eletrica,1,0,0,0,0,1,0.0,0.0,0.0,1,1,1
Roteiro,Manutencao e reparacao de motocicletas e motonetas,1,0,0,0,0,1,0.0,0.0,0.0,1,1,1
Roteiro,Obras de alvenaria,4,0,0,0,0,4,0.0,0.0,0.0,4,4,4
Roteiro,Obras de terraplenagem,1,0,0,0,0,1,0.0,0.0,0.0,1,1,1
Roteiro,Servicos de comunicacao multimidia - scm,1,0,0,0,0,1,0.0,0.0,0.0,1,1,1
Roteiro,Servicos de pintura de edificios em geral,1,0,0,0,0,1,0.0,0.0,0.0,1,1,1
Roteiro,Servicos de pre impressao,1,0,0,0,0,1,0.0,0.0,0.0,1,1,1
Santa Luzia do Norte,Abate de aves,1,1,0,0,1,0,100.0,0.0,100.0,0,1,0
Santa Luzia do Norte,"Captacao, tratamento e distribuicao de agua",1,0,0,0,0,1,0.0,0.0,0.0,1,1,1
Santa Luzia do Norte,"Confeccao de pecas de vestuario, exceto roupas intimas e as confeccionadas sob medida",1,0,0,0,0,1,0.0,0.0,0.0,1,1,1
Santa Luzia do Norte,"Confeccao, sob medida, de pecas do vestuario, exceto roupas intimas",5,0,0,0,0,5,0.0,0.0,0.0,5,5,5
Santa Luzia do Norte,Construcao de edificios,2,0,0,0,0,2,0.0,0.0,0.0,2,2,2
Santa Luzia do Norte,"Decoracao, lapidacao, gravacao, vitrificacao e outros trabalhos em ceramica, louca, vidro e cristal",1,0,0,0,0,1,0.0,0.0,0.0,1,1,1
Santa Luzia do Norte,"Extracao de areia, cascalho ou pedregulho e beneficiamento associado",1,0,0,0,0,1,0.0,0.0,0.0,1,1,1
Santa Luzia do Norte,Fabricacao de acucar em bruto,1,0,0,0,0,1,0.0,0.0,0.0,1,1,1
Santa Luzia do Norte,"Fabricacao de adubos e fertilizantes, exceto organominerais",2,0,0,0,0,2,0.0,0.0,0.0,2,2,2
Santa Luzia do Norte,Fabricacao de alimentos e pratos prontos,1,0,0,0,0,1,0.0,0.0,0.0,1,1,1
Santa Luzia do Norte,"Fabricacao de artigos de serralheria, exceto esquadrias",4,0,0,0,0,4,0.0,0.0,0.0,4,4,4
Santa Luzia do Norte,Fabricacao de bijuterias e artefatos semelhantes,1,0,0,0,0,1,0.0,0.0,0.0,1,1,1
Santa Luzia do Norte,Fabricacao de massas alimenticias,1,0,0,0,0,1,0.0,0.0,0.0,1,1,1
Santa Luzia do Norte,Fabricacao de moveis com predominancia de madeira,2,0,0,0,0,2,0.0,0.0,0.0,2,2,2
Santa Luzia do Norte,Fabricacao de outros produtos quimicos nao especificados anteriormente,2,0,0,0,0,2,0.0,0.0,0.0,2,2,2
Santa Luzia do Norte,Fabricacao de produtos de padaria e confeitaria com predominancia de producao propria,5,0,0,0,0,5,0.0,0.0,0.0,5,5,5
Santa Luzia do Norte,"Fabricacao de produtos de pastas celulosicas, papel, cartolina, papel cartao e papelao ondulado nao especificados anteriormente",1,0,0,0,0,1,0.0,0.0,0.0,1,1,1
Santa Luzia do Norte,Fabricacao de produtos diversos nao especificados anteriormente,2,0,0,0,0,2,0.0,0.0,0.0,2,2,2
Santa Luzia do Norte,Fabricacao de sorvetes e outros gelados comestiveis,1,0,0,0,0,1,0.0,0.0,0.0,1,1,1
Santa Luzia do Norte,Fornecimento de alimentos preparados preponderantemente para empresas,1,0,0,0,0,1,0.0,0.0,0.0,1,1,1
Santa Luzia do Norte,Frigorifico - abate de suinos,1,0,0,0,0,1,0.0,0.0,0.0,1,1,1
Santa Luzia do Norte,Incorporacao de empreendimentos imobiliarios,1,0,0,0,0,1,0.0,0.0,0.0,1,1,1
Santa Luzia do Norte,"Instalacao e manutencao de sistemas centrais de ar condicionado, de ventilacao e refrigeracao",3,0,0,0,0,3,0.0,0.0,0.0,3,3,3
Santa Luzia do Norte,Instalacao e manutencao eletrica,3,0,0,0,0,3,0.0,0.0,0.0,3,3,3
Santa Luzia do Norte,"Instalacoes hidraulicas, sanitarias e de gas",1,0,0,0,0,1,0.0,0.0,0.0,1,1,1
Santa Luzia do Norte,Manutencao e reparacao de maquinas motrizes nao eletricas,1,0,0,0,0,1,0.0,0.0,0.0,1,1,1
Santa Luzia do Norte,"Manutencao e reparacao de tanques, reservatorios metalicos e caldeiras, exceto para veiculos",1,0,0,0,0,1,0.0,0.0,0.0,1,1,1
Santa Luzia do Norte,Obras de alvenaria,7,0,0,0,0,7,0.0,0.0,0.0,7,7,7
Santa Luzia do Norte,"Obras de urbanizacao - ruas, pracas e calcadas",1,0,0,0,0,1,0.0,0.0,0.0,1,1,1
Santa Luzia do Norte,Outras atividades de telecomunicacoes nao especificadas anteriormente,1,0,0,0,0,1,0.0,0.0,0.0,1,1,1
Santa Luzia do Norte,Outras obras de acabamento da construcao,1,0,0,0,0,1,0.0,0.0,0.0,1,1,1
Santa Luzia do Norte,Outras obras de engenharia civil nao especificadas anteriormente,1,0,0,0,0,1,0.0,0.0,0.0,1,1,1
Santa Luzia do Norte,Servicos de comunicacao multimidia - scm,2,0,0,0,0,2,0.0,0.0,0.0,2,2,2
Santa Luzia do Norte,Servicos de engenharia,1,0,0,0,0,1,0.0,0.0,0.0,1,1,1
Santa Luzia do Norte,Servicos de manutencao e reparacao mecanica de veiculos automotores,1,0,0,0,0,1,0.0,0.0,0.0,1,1,1
Santa Luzia do Norte,Servicos de pintura de edificios em geral,8,0,0,0,0,8,0.0,0.0,0.0,8,8,8
Santa Luzia do Norte,Servicos especializados para construcao nao especificados anteriormente,1,0,0,0,0,1,0.0,0.0,0.0,1,1,1
Santa Luzia do Norte,Transmissao de energia eletrica,1,0,0,0,0,1,0.0,0.0,0.0,1,1,1
Santana do Ipanema,Abate de aves,3,0,0,0,0,3,0.0,0.0,0.0,3,3,3
Santana do Ipanema,"Aparelhamento de placas e execucao de trabalhos em marmore, granito, ardosia e outras pedras",5,1,0,0,1,4,20.0,0.0,20.0,4,5,4
Santana do Ipanema,Aplicacao de revestimentos e de resinas em interiores e exteriores,1,0,0,0,0,1,0.0,0.0,0.0,1,1,1
Santana do Ipanema,Atividades do correio nacional,1,0,0,0,0,1,0.0,0.0,0.0,1,1,1
Santana do Ipanema,Coleta de residuos nao perigosos,1,0,0,0,0,1,0.0,0.0,0.0,1,1,1
Santana do Ipanema,"Confeccao de pecas de vestuario, exceto roupas intimas e as confeccionadas sob medida",4,0,0,0,0,4,0.0,0.0,0.0,4,4,4
Santana do Ipanema,"Confeccao, sob medida, de pecas do vestuario, exceto roupas intimas",14,1,0,0,1,13,7.1429,0.0,7.1429,13,14,13
Santana do Ipanema,Construcao de edificios,26,1,1,0,2,24,3.8462,3.8462,7.6923,25,25,24
Santana do Ipanema,Construcao de estacoes e redes de distribuicao de energia eletrica,1,0,0,0,0,1,0.0,0.0,0.0,1,1,1
Santana do Ipanema,"Construcao de redes de abastecimento de agua, coleta de esgoto e construcoes correlatas, exceto obras de irrigacao",1,0,0,0,0,1,0.0,0.0,0.0,1,1,1
Santana do Ipanema,"Estamparia e texturizacao em fios, tecidos, artefatos texteis e pecas do vestuario",1,0,0,0,0,1,0.0,0.0,0.0,1,1,1
Santana do Ipanema,"Fabricacao de acessorios do vestuario, exceto para seguranca e protecao",1,0,0,0,0,1,0.0,0.0,0.0,1,1,1
Santana do Ipanema,Fabricacao de aguas envasadas,1,0,0,0,0,1,0.0,0.0,0.0,1,1,1
Santana do Ipanema,Fabricacao de alimentos e pratos prontos,1,0,0,0,0,1,0.0,0.0,0.0,1,1,1
Santana do Ipanema,Fabricacao de amidos e feculas de vegetais,1,0,0,0,0,1,0.0,0.0,0.0,1,1,1
Santana do Ipanema,Fabricacao de artefatos de borracha nao especificados anteriormente,1,0,0,0,0,1,0.0,0.0,0.0,1,1,1
Santana do Ipanema,"Fabricacao de artefatos de ceramica e barro cozido para uso na construcao, exceto azulejos e pisos",1,0,1,0,1,0,0.0,100.0,100.0,1,0,0
Santana do Ipanema,Fabricacao de artefatos de couro nao especificados anteriormente,2,0,0,0,0,2,0.0,0.0,0.0,2,2,2
Santana do Ipanema,"Fabricacao de artefatos diversos de madeira, exceto moveis",3,0,0,0,0,3,0.0,0.0,0.0,3,3,3
Santana do Ipanema,Fabricacao de artefatos texteis para uso domestico,1,0,0,0,0,1,0.0,0.0,0.0,1,1,1
Santana do Ipanema,"Fabricacao de artigos de serralheria, exceto esquadrias",5,0,0,0,0,5,0.0,0.0,0.0,5,5,5
Santana do Ipanema,"Fabricacao de artigos do vestuario, produzidos em malharias e tricotagens, exceto meias",1,0,0,0,0,1,0.0,0.0,0.0,1,1,1
Santana do Ipanema,Fabricacao de bijuterias e artefatos semelhantes,1,0,0,0,0,1,0.0,0.0,0.0,1,1,1
Santana do Ipanema,"Fabricacao de canetas, lapis e outros artigos para escritorio",1,0,0,0,0,1,0.0,0.0,0.0,1,1,1
Santana do Ipanema,Fabricacao de conservas de frutas,1,0,0,0,0,1,0.0,0.0,0.0,1,1,1
Santana do Ipanema,"Fabricacao de especiarias, molhos, temperos e condimentos",1,0,1,0,1,0,0.0,100.0,100.0,1,0,0
Santana do Ipanema,Fabricacao de esquadrias de metal,5,1,0,0,1,4,20.0,0.0,20.0,4,5,4
Santana do Ipanema,"Fabricacao de estruturas pre moldadas de concreto armado, em serie e sob encomenda",2,0,0,0,0,2,0.0,0.0,0.0,2,2,2
Santana do Ipanema,"Fabricacao de farinha de milho e derivados, exceto oleos de milho",2,0,0,0,0,2,0.0,0.0,0.0,2,2,2
Santana do Ipanema,Fabricacao de laticinios,1,0,0,0,0,1,0.0,0.0,0.0,1,1,1
Santana do Ipanema,"Fabricacao de letras, letreiros e placas de qualquer material, exceto luminosos",4,0,0,0,0,4,0.0,0.0,0.0,4,4,4
Santana do Ipanema,Fabricacao de massas alimenticias,3,0,0,0,0,3,0.0,0.0,0.0,3,3,3
Santana do Ipanema,Fabricacao de moveis com predominancia de madeira,15,1,1,1,1,14,6.6667,6.6667,6.6667,14,14,14
Santana do Ipanema,"Fabricacao de outros artefatos e produtos de concreto, cimento, fibrocimento, gesso e materiais semelhantes",1,0,0,0,0,1,0.0,0.0,0.0,1,1,1
Santana do Ipanema,Fabricacao de outros brinquedos e jogos recreativos nao especificados anteriormente,1,0,0,0,0,1,0.0,0.0,0.0,1,1,1
Santana do Ipanema,Fabricacao de outros produtos texteis nao especificados anteriormente,2,0,0,0,0,2,0.0,0.0,0.0,2,2,2
Santana do Ipanema,Fabricacao de produtos de padaria e confeitaria com predominancia de producao propria,11,0,0,0,0,11,0.0,0.0,0.0,11,11,11
Santana do Ipanema,Fabricacao de produtos de panificacao industrial,4,0,0,0,0,4,0.0,0.0,0.0,4,4,4
Santana do Ipanema,"Fabricacao de produtos de pastas celulosicas, papel, cartolina, papel cartao e papelao ondulado nao especificados anteriormente",3,0,0,0,0,3,0.0,0.0,0.0,3,3,3
Santana do Ipanema,Fabricacao de produtos diversos nao especificados anteriormente,6,0,0,0,0,6,0.0,0.0,0.0,6,6,6
Santana do Ipanema,Fornecimento de alimentos preparados preponderantemente para empresas,2,0,0,0,0,2,0.0,0.0,0.0,2,2,2
Santana do Ipanema,Geracao de energia eletrica,1,0,0,0,0,1,0.0,0.0,0.0,1,1,1
Santana do Ipanema,Impressao de material para outros usos,4,0,0,0,0,4,0.0,0.0,0.0,4,4,4
Santana do Ipanema,Impressao de material para uso publicitario,2,0,0,0,0,2,0.0,0.0,0.0,2,2,2
Santana do Ipanema,Incorporacao de empreendimentos imobiliarios,4,0,0,0,0,4,0.0,0.0,0.0,4,4,4
Santana do Ipanema,Instalacao de maquinas e equipamentos industriais,1,0,0,0,0,1,0.0,0.0,0.0,1,1,1
Santana do Ipanema,Instalacao de paineis publicitarios,1,0,0,0,0,1,0.0,0.0,0.0,1,1,1
Santana do Ipanema,"Instalacao e manutencao de sistemas centrais de ar condicionado, de ventilacao e refrigeracao",6,0,0,0,0,6,0.0,0.0,0.0,6,6,6
Santana do Ipanema,Instalacao e manutencao eletrica,17,0,1,0,1,16,0.0,5.8824,5.8824,17,16,16
Santana do Ipanema,Manutencao e reparacao de equipamentos e produtos nao especificados anteriormente,1,0,0,0,0,1,0.0,0.0,0.0,1,1,1
Santana do Ipanema,"Manutencao e reparacao de geradores, transformadores e motores eletricos",1,0,0,0,0,1,0.0,0.0,0.0,1,1,1
Santana do Ipanema,Manutencao e reparacao de maquinas e aparelhos de refrigeracao e ventilacao para uso industrial e comercial,3,0,0,0,0,3,0.0,0.0,0.0,3,3,3
Santana do Ipanema,Manutencao e reparacao de maquinas e equipamentos para agricultura e pecuaria,1,0,0,0,0,1,0.0,0.0,0.0,1,1,1
Santana do Ipanema,Manutencao e reparacao de motocicletas e motonetas,4,0,0,0,0,4,0.0,0.0,0.0,4,4,4
Santana do Ipanema,"Manutencao e reparacao de tanques, reservatorios metalicos e caldeiras, exceto para veiculos",1,0,0,0,0,1,0.0,0.0,0.0,1,1,1
Santana do Ipanema,Obras de alvenaria,22,0,0,0,0,22,0.0,0.0,0.0,22,22,22
Santana do Ipanema,Obras de terraplenagem,4,0,0,0,0,4,0.0,0.0,0.0,4,4,4
Santana do Ipanema,Outras atividades de telecomunicacoes nao especificadas anteriormente,3,0,0,0,0,3,0.0,0.0,0.0,3,3,3
Santana do Ipanema,Outras obras de acabamento da construcao,1,0,0,0,0,1,0.0,0.0,0.0,1,1,1
Santana do Ipanema,Perfuracao e construcao de pocos de agua,1,0,0,0,0,1,0.0,0.0,0.0,1,1,1
Santana do Ipanema,Provedores de acesso as redes de comunicacoes,3,1,0,0,1,2,33.3333,0.0,33.3333,2,3,2
Santana do Ipanema,Recondicionamento e recuperacao de motores para veiculos automotores,1,0,0,0,0,1,0.0,0.0,0.0,1,1,1
Santana do Ipanema,"Servicos de acabamentos graficos, exceto encadernacao e plastificacao",2,0,0,0,0,2,0.0,0.0,0.0,2,2,2
Santana do Ipanema,Servicos de alinhamento e balanceamento de veiculos automotores,2,0,0,0,0,2,0.0,0.0,0.0,2,2,2
Santana do Ipanema,Servicos de borracharia para veiculos automotores,4,0,0,0,0,4,0.0,0.0,0.0,4,4,4
Santana do Ipanema,Servicos de comunicacao multimidia - scm,4,0,0,0,0,4,0.0,0.0,0.0,4,4,4
Santana do Ipanema,Servicos de confeccao de armacoes metalicas para a construcao,2,0,0,0,0,2,0.0,0.0,0.0,2,2,2
Santana do Ipanema,Servicos de encadernacao e plastificacao,1,0,0,0,0,1,0.0,0.0,0.0,1,1,1
Santana do Ipanema,Servicos de engenharia,5,0,0,0,0,5,0.0,0.0,0.0,5,5,5
Santana do Ipanema,"Servicos de instalacao, manutencao e reparacao de acessorios para veiculos automotores",5,0,0,0,0,5,0.0,0.0,0.0,5,5,5
Santana do Ipanema,Servicos de lanternagem ou funilaria e pintura de veiculos automotores,1,0,0,0,0,1,0.0,0.0,0.0,1,1,1
Santana do Ipanema,Servicos de manutencao e reparacao eletrica de veiculos automotores,2,0,0,0,0,2,0.0,0.0,0.0,2,2,2
Santana do Ipanema,Servicos de manutencao e reparacao mecanica de veiculos automotores,26,0,0,0,0,26,0.0,0.0,0.0,26,26,26
Santana do Ipanema,Servicos de montagem de moveis de qualquer material,1,0,0,0,0,1,0.0,0.0,0.0,1,1,1
Santana do Ipanema,Servicos de pintura de edificios em geral,6,0,0,0,0,6,0.0,0.0,0.0,6,6,6
Santana do Ipanema,"Servicos de usinagem, tornearia e solda",4,0,0,0,0,4,0.0,0.0,0.0,4,4,4
Santana do Ipanema,Servicos especializados para construcao nao especificados anteriormente,1,0,0,0,0,1,0.0,0.0,0.0,1,1,1
Santana do Ipanema,Transmissao de energia eletrica,2,0,0,0,0,2,0.0,0.0,0.0,2,2,2
Santana do Ipanema,Transporte ferroviario de passageiros intermunicipal e interestadual,1,0,0,0,0,1,0.0,0.0,0.0,1,1,1
Santana do Mundaú,Atividades do correio nacional,1,0,0,0,0,1,0.0,0.0,0.0,1,1,1
Santana do Mundaú,"Captacao, tratamento e distribuicao de agua",1,0,0,0,0,1,0.0,0.0,0.0,1,1,1
Santana do Mundaú,"Confeccao, sob medida, de pecas do vestuario, exceto roupas intimas",2,0,0,0,0,2,0.0,0.0,0.0,2,2,2
Santana do Mundaú,"Extracao de areia, cascalho ou pedregulho e beneficiamento associado",1,0,0,0,0,1,0.0,0.0,0.0,1,1,1
Santana do Mundaú,Fabricacao de alimentos e pratos prontos,1,0,0,0,0,1,0.0,0.0,0.0,1,1,1
Santana do Mundaú,Fabricacao de conservas de frutas,1,0,0,0,0,1,0.0,0.0,0.0,1,1,1
Santana do Mundaú,Fabricacao de laticinios,1,0,0,0,0,1,0.0,0.0,0.0,1,1,1
Santana do Mundaú,Fabricacao de moveis com predominancia de madeira,1,0,0,0,0,1,0.0,0.0,0.0,1,1,1
Santana do Mundaú,Fabricacao de outros produtos de metal nao especificados anteriormente,1,0,0,0,0,1,0.0,0.0,0.0,1,1,1
Santana do Mundaú,Fabricacao de produtos de padaria e confeitaria com predominancia de producao propria,6,0,0,0,0,6,0.0,0.0,0.0,6,6,6
Santana do Mundaú,Fabricacao de produtos de panificacao industrial,2,0,0,0,0,2,0.0,0.0,0.0,2,2,2
Santana do Mundaú,Fabricacao de produtos diversos nao especificados anteriormente,1,0,0,0,0,1,0.0,0.0,0.0,1,1,1
Santana do Mundaú,Fabricacao de saboes e detergentes sinteticos,1,0,0,0,0,1,0.0,0.0,0.0,1,1,1
Santana do Mundaú,Fornecimento de alimentos preparados preponderantemente para empresas,1,0,0,0,0,1,0.0,0.0,0.0,1,1,1
Santana do Mundaú,Instalacao e manutencao eletrica,2,0,0,0,0,2,0.0,0.0,0.0,2,2,2
Santana do Mundaú,"Instalacoes hidraulicas, sanitarias e de gas",1,0,0,0,0,1,0.0,0.0,0.0,1,1,1
Santana do Mundaú,Manutencao e reparacao de maquinas e aparelhos de refrigeracao e ventilacao para uso industrial e comercial,1,0,0,0,0,1,0.0,0.0,0.0,1,1,1
Santana do Mundaú,Manutencao e reparacao de motocicletas e motonetas,4,0,0,0,0,4,0.0,0.0,0.0,4,4,4
Santana do Mundaú,Provedores de acesso as redes de comunicacoes,3,0,0,0,0,3,0.0,0.0,0.0,3,3,3
Santana do Mundaú,Recuperacao de materiais plasticos,1,0,0,0,0,1,0.0,0.0,0.0,1,1,1
Santana do Mundaú,Servicos de manutencao e reparacao mecanica de veiculos automotores,1,0,0,0,0,1,0.0,0.0,0.0,1,1,1
Santana do Mundaú,Servicos de montagem de moveis de qualquer material,1,0,0,0,0,1,0.0,0.0,0.0,1,1,1
Santana do Mundaú,Servicos especializados para construcao nao especificados anteriormente,1,0,0,0,0,1,0.0,0.0,0.0,1,1,1
Santana do Mundaú,Transmissao de energia eletrica,1,0,0,0,0,1,0.0,0.0,0.0,1,1,1
Satuba,Aluguel de andaimes,1,0,0,0,0,1,0.0,0.0,0.0,1,1,1
Satuba,Aplicacao de revestimentos e de resinas em interiores e exteriores,1,0,0,0,0,1,0.0,0.0,0.0,1,1,1
Satuba,Atividades do correio nacional,1,0,0,0,0,1,0.0,0.0,0.0,1,1,1
Satuba,"Captacao, tratamento e distribuicao de agua",2,0,0,0,0,2,0.0,0.0,0.0,2,2,2
Satuba,Coleta de residuos nao perigosos,1,0,0,0,0,1,0.0,0.0,0.0,1,1,1
Satuba,"Confeccao de pecas de vestuario, exceto roupas intimas e as confeccionadas sob medida",6,0,0,0,0,6,0.0,0.0,0.0,6,6,6
Satuba,"Confeccao, sob medida, de pecas do vestuario, exceto roupas intimas",15,0,0,0,0,15,0.0,0.0,0.0,15,15,15
Satuba,Construcao de edificios,21,0,0,0,0,21,0.0,0.0,0.0,21,21,21
Satuba,"Estamparia e texturizacao em fios, tecidos, artefatos texteis e pecas do vestuario",3,0,0,0,0,3,0.0,0.0,0.0,3,3,3
Satuba,Fabricacao de acucar em bruto,1,0,0,0,0,1,0.0,0.0,0.0,1,1,1
Satuba,Fabricacao de alimentos e pratos prontos,3,0,0,0,0,3,0.0,0.0,0.0,3,3,3
Satuba,Fabricacao de alimentos para animais,1,0,0,0,0,1,0.0,0.0,0.0,1,1,1
Satuba,Fabricacao de artefatos de borracha nao especificados anteriormente,1,0,0,0,0,1,0.0,0.0,0.0,1,1,1
Satuba,"Fabricacao de artefatos de ceramica e barro cozido para uso na construcao, exceto azulejos e pisos",1,0,0,0,0,1,0.0,0.0,0.0,1,1,1
Satuba,Fabricacao de artefatos de cimento para uso na construcao,1,0,0,0,0,1,0.0,0.0,0.0,1,1,1
Satuba,"Fabricacao de artefatos diversos de madeira, exceto moveis",1,0,0,0,0,1,0.0,0.0,0.0,1,1,1
Satuba,Fabricacao de artigos de cutelaria,1,0,0,0,0,1,0.0,0.0,0.0,1,1,1
Satuba,"Fabricacao de artigos de serralheria, exceto esquadrias",5,0,0,0,0,5,0.0,0.0,0.0,5,5,5
Satuba,"Fabricacao de artigos do vestuario, produzidos em malharias e tricotagens, exceto meias",1,0,0,0,0,1,0.0,0.0,0.0,1,1,1
Satuba,"Fabricacao de artigos para viagem, bolsas e semelhantes de qualquer material",1,0,0,0,0,1,0.0,0.0,0.0,1,1,1
Satuba,Fabricacao de bijuterias e artefatos semelhantes,6,0,0,0,0,6,0.0,0.0,0.0,6,6,6
Satuba,"Fabricacao de especiarias, molhos, temperos e condimentos",1,0,0,0,0,1,0.0,0.0,0.0,1,1,1
Satuba,Fabricacao de esquadrias de metal,2,0,0,0,0,2,0.0,0.0,0.0,2,2,2
Satuba,Fabricacao de laticinios,1,0,0,0,0,1,0.0,0.0,0.0,1,1,1
Satuba,"Fabricacao de letras, letreiros e placas de qualquer material, exceto luminosos",1,0,0,0,0,1,0.0,0.0,0.0,1,1,1
Satuba,Fabricacao de luminarias e outros equipamentos de iluminacao,1,0,0,0,0,1,0.0,0.0,0.0,1,1,1
Satuba,"Fabricacao de maquinas e equipamentos para uso industrial especifico nao especificados anteriormente, pecas e acessorios",1,0,0,0,0,1,0.0,0.0,0.0,1,1,1
Satuba,Fabricacao de massas alimenticias,3,0,0,0,0,3,0.0,0.0,0.0,3,3,3
Satuba,Fabricacao de moveis com predominancia de madeira,6,0,0,0,0,6,0.0,0.0,0.0,6,6,6
Satuba,Fabricacao de outros artigos de carpintaria para construcao,1,0,0,0,0,1,0.0,0.0,0.0,1,1,1
Satuba,Fabricacao de outros produtos texteis nao especificados anteriormente,6,0,0,0,0,6,0.0,0.0,0.0,6,6,6
Satuba,Fabricacao de produtos ceramicos nao refratarios nao especificados anteriormente,1,0,0,0,0,1,0.0,0.0,0.0,1,1,1
Satuba,Fabricacao de produtos de limpeza e polimento,1,0,0,0,0,1,0.0,0.0,0.0,1,1,1
Satuba,Fabricacao de produtos de padaria e confeitaria com predominancia de producao propria,11,0,0,0,0,11,0.0,0.0,0.0,11,11,11
Satuba,Fabricacao de produtos de panificacao industrial,5,0,0,0,0,5,0.0,0.0,0.0,5,5,5
Satuba,"Fabricacao de produtos de pastas celulosicas, papel, cartolina, papel cartao e papelao ondulado nao especificados anteriormente",3,0,0,0,0,3,0.0,0.0,0.0,3,3,3
Satuba,Fabricacao de produtos diversos nao especificados anteriormente,1,0,0,0,0,1,0.0,0.0,0.0,1,1,1
Satuba,"Fabricacao de sucos concentrados de frutas, hortalicas e legumes",1,0,0,0,0,1,0.0,0.0,0.0,1,1,1
Satuba,Faccao de roupas profissionais,2,0,0,0,0,2,0.0,0.0,0.0,2,2,2
Satuba,Fornecimento de alimentos preparados preponderantemente para empresas,3,0,0,0,0,3,0.0,0.0,0.0,3,3,3
Satuba,Frigorifico - abate de bovinos,1,1,0,0,1,0,100.0,0.0,100.0,0,1,0
Satuba,"Impressao de livros, revistas e outras publicacoes periodicas",1,0,0,0,0,1,0.0,0.0,0.0,1,1,1
Satuba,Impressao de material para outros usos,5,0,0,0,0,5,0.0,0.0,0.0,5,5,5
Satuba,Impressao de material para uso publicitario,2,0,0,0,0,2,0.0,0.0,0.0,2,2,2
Satuba,Incorporacao de empreendimentos imobiliarios,1,0,0,0,0,1,0.0,0.0,0.0,1,1,1
Satuba,Instalacao de maquinas e equipamentos industriais,2,0,0,0,0,2,0.0,0.0,0.0,2,2,2
Satuba,"Instalacao e manutencao de sistemas centrais de ar condicionado, de ventilacao e refrigeracao",12,0,0,0,0,12,0.0,0.0,0.0,12,12,12
Satuba,Instalacao e manutencao eletrica,30,0,0,0,0,30,0.0,0.0,0.0,30,30,30
Satuba,"Instalacao, manutencao e reparacao de elevadores, escadas e esteiras rolantes",1,0,0,0,0,1,0.0,0.0,0.0,1,1,1
Satuba,Instalacoes de sistema de prevencao contra incendio,1,0,0,0,0,1,0.0,0.0,0.0,1,1,1
Satuba,"Instalacoes hidraulicas, sanitarias e de gas",1,0,0,0,0,1,0.0,0.0,0.0,1,1,1
Satuba,Manutencao de estacoes e redes de telecomunicacoes,1,0,0,0,0,1,0.0,0.0,0.0,1,1,1
Satuba,Manutencao e reparacao de embarcacoes para esporte e lazer,1,0,0,0,0,1,0.0,0.0,0.0,1,1,1
Satuba,Manutencao e reparacao de equipamentos e produtos nao especificados anteriormente,1,0,0,0,0,1,0.0,0.0,0.0,1,1,1
Satuba,"Manutencao e reparacao de equipamentos hidraulicos e pneumaticos, exceto valvulas",2,0,0,0,0,2,0.0,0.0,0.0,2,2,2
Satuba,Manutencao e reparacao de maquinas e aparelhos de refrigeracao e ventilacao para uso industrial e comercial,2,0,0,0,0,2,0.0,0.0,0.0,2,2,2
Satuba,"Manutencao e reparacao de maquinas e equipamentos para a industria textil, do vestuario, do couro e calcados",1,0,0,0,0,1,0.0,0.0,0.0,1,1,1
Satuba,Manutencao e reparacao de maquinas e equipamentos para uso geral nao especificados anteriormente,5,0,0,0,0,5,0.0,0.0,0.0,5,5,5
Satuba,Manutencao e reparacao de motocicletas e motonetas,6,0,0,0,0,6,0.0,0.0,0.0,6,6,6
Satuba,"Manutencao e reparacao de tanques, reservatorios metalicos e caldeiras, exceto para veiculos",1,0,0,0,0,1,0.0,0.0,0.0,1,1,1
Satuba,Manutencao e reparacao de tratores agricolas,1,0,0,0,0,1,0.0,0.0,0.0,1,1,1
Satuba,Montagem de estruturas metalicas,1,0,0,0,0,1,0.0,0.0,0.0,1,1,1
Satuba,"Montagem e instalacao de sistemas e equipamentos de iluminacao e sinalizacao em vias publicas, portos e aeroportos",1,0,0,0,0,1,0.0,0.0,0.0,1,1,1
Satuba,Obras de acabamento em gesso e estuque,1,0,0,0,0,1,0.0,0.0,0.0,1,1,1
Satuba,Obras de alvenaria,25,0,0,0,0,25,0.0,0.0,0.0,25,25,25
Satuba,Obras de terraplenagem,2,0,0,0,0,2,0.0,0.0,0.0,2,2,2
Satuba,Outras atividades de telecomunicacoes nao especificadas anteriormente,5,0,0,0,0,5,0.0,0.0,0.0,5,5,5
Satuba,Outras obras de acabamento da construcao,4,0,0,0,0,4,0.0,0.0,0.0,4,4,4
Satuba,Outras obras de engenharia civil nao especificadas anteriormente,1,0,0,0,0,1,0.0,0.0,0.0,1,1,1
Satuba,"Outros servicos de acabamento em fios, tecidos, artefatos texteis e pecas do vestuario",3,0,0,0,0,3,0.0,0.0,0.0,3,3,3
Satuba,Perfuracao e construcao de pocos de agua,2,0,0,0,0,2,0.0,0.0,0.0,2,2,2
Satuba,Producao de artefatos estampados de metal,1,0,0,0,0,1,0.0,0.0,0.0,1,1,1
Satuba,Provedores de acesso as redes de comunicacoes,1,0,0,0,0,1,0.0,0.0,0.0,1,1,1
Satuba,Recondicionamento e recuperacao de motores para veiculos automotores,1,0,0,0,0,1,0.0,0.0,0.0,1,1,1
Satuba,Recuperacao de sucatas de aluminio,1,0,0,0,0,1,0.0,0.0,0.0,1,1,1
Satuba,Servicos de borracharia para veiculos automotores,6,0,0,0,0,6,0.0,0.0,0.0,6,6,6
Satuba,Servicos de comunicacao multimidia - scm,7,0,0,0,0,7,0.0,0.0,0.0,7,7,7
Satuba,Servicos de confeccao de armacoes metalicas para a construcao,2,0,0,0,0,2,0.0,0.0,0.0,2,2,2
Satuba,Servicos de engenharia,2,0,0,0,0,2,0.0,0.0,0.0,2,2,2
Satuba,"Servicos de instalacao, manutencao e reparacao de acessorios para veiculos automotores",2,0,0,0,0,2,0.0,0.0,0.0,2,2,2
Satuba,Servicos de lanternagem ou funilaria e pintura de veiculos automotores,1,0,0,0,0,1,0.0,0.0,0.0,1,1,1
Satuba,Servicos de manutencao e reparacao eletrica de veiculos automotores,4,0,0,0,0,4,0.0,0.0,0.0,4,4,4
Satuba,Servicos de manutencao e reparacao mecanica de veiculos automotores,20,0,0,0,0,20,0.0,0.0,0.0,20,20,20
Satuba,Servicos de montagem de moveis de qualquer material,5,0,0,0,0,5,0.0,0.0,0.0,5,5,5
Satuba,Servicos de pintura de edificios em geral,5,0,0,0,0,5,0.0,0.0,0.0,5,5,5
Satuba,Servicos de tratamento e revestimento em metais,2,0,0,0,0,2,0.0,0.0,0.0,2,2,2
Satuba,"Servicos de usinagem, tornearia e solda",7,0,0,0,0,7,0.0,0.0,0.0,7,7,7
Satuba,Servicos especializados para construcao nao especificados anteriormente,1,0,0,0,0,1,0.0,0.0,0.0,1,1,1
Satuba,Tecelagem de fios de algodao,1,0,0,0,0,1,0.0,0.0,0.0,1,1,1
Satuba,Transmissao de energia eletrica,1,0,0,0,0,1,0.0,0.0,0.0,1,1,1
Senador Rui Palmeira,Atividades do correio nacional,1,0,0,0,0,1,0.0,0.0,0.0,1,1,1
Senador Rui Palmeira,Construcao de edificios,1,0,0,0,0,1,0.0,0.0,0.0,1,1,1
Senador Rui Palmeira,Fabricacao de artefatos de tanoaria e de embalagens de madeira,1,0,0,0,0,1,0.0,0.0,0.0,1,1,1
Senador Rui Palmeira,"Fabricacao de artigos de serralheria, exceto esquadrias",3,0,0,0,0,3,0.0,0.0,0.0,3,3,3
Senador Rui Palmeira,Fabricacao de moveis com predominancia de madeira,1,0,0,0,0,1,0.0,0.0,0.0,1,1,1
Senador Rui Palmeira,Fabricacao de outros produtos de metal nao especificados anteriormente,1,0,0,0,0,1,0.0,0.0,0.0,1,1,1
Senador Rui Palmeira,Fabricacao de produtos de padaria e confeitaria com predominancia de producao propria,2,0,0,0,0,2,0.0,0.0,0.0,2,2,2
Senador Rui Palmeira,Fabricacao de produtos de panificacao industrial,2,0,0,0,0,2,0.0,0.0,0.0,2,2,2
Senador Rui Palmeira,Instalacao e manutencao eletrica,1,0,0,0,0,1,0.0,0.0,0.0,1,1,1
Senador Rui Palmeira,Obras de acabamento em gesso e estuque,1,0,0,0,0,1,0.0,0.0,0.0,1,1,1
Senador Rui Palmeira,Obras de alvenaria,4,0,0,0,0,4,0.0,0.0,0.0,4,4,4
Senador Rui Palmeira,Servicos de engenharia,4,0,0,0,0,4,0.0,0.0,0.0,4,4,4
Senador Rui Palmeira,Servicos de manutencao e reparacao eletrica de veiculos automotores,1,0,0,0,0,1,0.0,0.0,0.0,1,1,1
Senador Rui Palmeira,Servicos de manutencao e reparacao mecanica de veiculos automotores,3,0,0,0,0,3,0.0,0.0,0.0,3,3,3
São Brás,Atividades do correio nacional,1,0,0,0,0,1,0.0,0.0,0.0,1,1,1
São Brás,"Confeccao de pecas de vestuario, exceto roupas intimas e as confeccionadas sob medida",2,0,0,0,0,2,0.0,0.0,0.0,2,2,2
São Brás,"Confeccao, sob medida, de pecas do vestuario, exceto roupas intimas",1,0,0,0,0,1,0.0,0.0,0.0,1,1,1
São Brás,Construcao de edificios,2,0,0,0,0,2,0.0,0.0,0.0,2,2,2
São Brás,Construcao de rodovias e ferrovias,1,0,0,0,0,1,0.0,0.0,0.0,1,1,1
São Brás,"Fabricacao de artigos de serralheria, exceto esquadrias",2,0,0,0,0,2,0.0,0.0,0.0,2,2,2
São Brás,Fabricacao de laticinios,1,0,0,0,0,1,0.0,0.0,0.0,1,1,1
São Brás,Fabricacao de massas alimenticias,1,0,0,0,0,1,0.0,0.0,0.0,1,1,1
São Brás,"Faccao de pecas do vestuario, exceto roupas intimas",1,0,0,0,0,1,0.0,0.0,0.0,1,1,1
São Brás,Fornecimento de alimentos preparados preponderantemente para empresas,1,0,0,0,0,1,0.0,0.0,0.0,1,1,1
São Brás,Frigorifico - abate de suinos,1,0,0,0,0,1,0.0,0.0,0.0,1,1,1
São Brás,"Instalacao e manutencao de sistemas centrais de ar condicionado, de ventilacao e refrigeracao",1,0,0,0,0,1,0.0,0.0,0.0,1,1,1
São Brás,Instalacao e manutencao eletrica,1,0,0,0,0,1,0.0,0.0,0.0,1,1,1
São Brás,Manutencao e reparacao de maquinas e aparelhos de refrigeracao e ventilacao para uso industrial e comercial,1,0,0,0,0,1,0.0,0.0,0.0,1,1,1
São Brás,Obras de alvenaria,2,0,0,0,0,2,0.0,0.0,0.0,2,2,2
São Brás,Servicos de manutencao e reparacao eletrica de veiculos automotores,1,0,0,0,0,1,0.0,0.0,0.0,1,1,1
São Brás,Servicos de pintura de edificios em geral,1,0,0,0,0,1,0.0,0.0,0.0,1,1,1
São José da Laje,Aplicacao de revestimentos e de resinas em interiores e exteriores,1,0,0,0,0,1,0.0,0.0,0.0,1,1,1
São José da Laje,Atividades do correio nacional,1,0,0,0,0,1,0.0,0.0,0.0,1,1,1
São José da Laje,"Captacao, tratamento e distribuicao de agua",1,0,0,0,0,1,0.0,0.0,0.0,1,1,1
São José da Laje,Coleta de residuos nao perigosos,20,0,0,0,0,20,0.0,0.0,0.0,20,20,20
São José da Laje,"Confeccao de pecas de vestuario, exceto roupas intimas e as confeccionadas sob medida",4,0,0,0,0,4,0.0,0.0,0.0,4,4,4
São José da Laje,"Confeccao, sob medida, de pecas do vestuario, exceto roupas intimas",3,0,0,0,0,3,0.0,0.0,0.0,3,3,3
São José da Laje,Construcao de edificios,5,0,0,0,0,5,0.0,0.0,0.0,5,5,5
São José da Laje,Construcao de estacoes e redes de telecomunicacoes,1,0,0,0,0,1,0.0,0.0,0.0,1,1,1
São José da Laje,"Decoracao, lapidacao, gravacao, vitrificacao e outros trabalhos em ceramica, louca, vidro e cristal",1,0,0,0,0,1,0.0,0.0,0.0,1,1,1
São José da Laje,Fabricacao de acucar em bruto,1,0,0,0,0,1,0.0,0.0,0.0,1,1,1
São José da Laje,Fabricacao de artefatos de material plastico para outros usos nao especificados anteriormente,1,0,0,0,0,1,0.0,0.0,0.0,1,1,1
São José da Laje,Fabricacao de artefatos de tapecaria,2,0,0,0,0,2,0.0,0.0,0.0,2,2,2
São José da Laje,"Fabricacao de artigos de serralheria, exceto esquadrias",5,0,0,0,0,5,0.0,0.0,0.0,5,5,5
São José da Laje,Fabricacao de artigos pirotecnicos,1,0,0,0,0,1,0.0,0.0,0.0,1,1,1
São José da Laje,Fabricacao de bijuterias e artefatos semelhantes,2,0,0,0,0,2,0.0,0.0,0.0,2,2,2
São José da Laje,"Fabricacao de conservas de legumes e outros vegetais, exceto palmito",1,0,0,0,0,1,0.0,0.0,0.0,1,1,1
São José da Laje,"Fabricacao de escovas, pinceis e vassouras",1,0,0,0,0,1,0.0,0.0,0.0,1,1,1
São José da Laje,Fabricacao de esquadrias de metal,1,0,0,0,0,1,0.0,0.0,0.0,1,1,1
São José da Laje,"Fabricacao de estruturas pre moldadas de concreto armado, em serie e sob encomenda",1,0,0,0,0,1,0.0,0.0,0.0,1,1,1
São José da Laje,Fabricacao de moveis com predominancia de madeira,1,0,0,0,0,1,0.0,0.0,0.0,1,1,1
São José da Laje,"Fabricacao de outros artefatos e produtos de concreto, cimento, fibrocimento, gesso e materiais semelhantes",1,0,0,0,0,1,0.0,0.0,0.0,1,1,1
São José da Laje,"Fabricacao de outros produtos do fumo, exceto cigarros, cigarrilhas e charutos",1,0,0,0,0,1,0.0,0.0,0.0,1,1,1
São José da Laje,Fabricacao de outros produtos texteis nao especificados anteriormente,3,0,0,0,0,3,0.0,0.0,0.0,3,3,3
São José da Laje,Fabricacao de produtos de padaria e confeitaria com predominancia de producao propria,4,0,0,0,0,4,0.0,0.0,0.0,4,4,4
São José da Laje,Fabricacao de produtos de panificacao industrial,9,0,0,0,0,9,0.0,0.0,0.0,9,9,9
São José da Laje,"Fabricacao de produtos de pastas celulosicas, papel, cartolina, papel cartao e papelao ondulado nao especificados anteriormente",2,0,0,0,0,2,0.0,0.0,0.0,2,2,2
São José da Laje,Fabricacao de sorvetes e outros gelados comestiveis,1,0,0,0,0,1,0.0,0.0,0.0,1,1,1
São José da Laje,"Faccao de pecas do vestuario, exceto roupas intimas",1,0,0,0,0,1,0.0,0.0,0.0,1,1,1
São José da Laje,Fornecimento de alimentos preparados preponderantemente para empresas,1,0,0,0,0,1,0.0,0.0,0.0,1,1,1
São José da Laje,"Instalacao e manutencao de sistemas centrais de ar condicionado, de ventilacao e refrigeracao",1,0,0,0,0,1,0.0,0.0,0.0,1,1,1
São José da Laje,Instalacao e manutencao eletrica,7,0,0,0,0,7,0.0,0.0,0.0,7,7,7
São José da Laje,"Instalacoes hidraulicas, sanitarias e de gas",8,0,0,0,0,8,0.0,0.0,0.0,8,8,8
São José da Laje,Manutencao e reparacao de equipamentos e produtos nao especificados anteriormente,1,0,0,0,0,1,0.0,0.0,0.0,1,1,1
São José da Laje,Manutencao e reparacao de maquinas e equipamentos para agricultura e pecuaria,1,0,0,0,0,1,0.0,0.0,0.0,1,1,1
São José da Laje,"Manutencao e reparacao de maquinas, aparelhos e equipamentos para instalacoes termicas",1,0,0,0,0,1,0.0,0.0,0.0,1,1,1
São José da Laje,"Manutencao e reparacao de maquinas, aparelhos e materiais eletricos nao especificados anteriormente",1,0,0,0,0,1,0.0,0.0,0.0,1,1,1
São José da Laje,Manutencao e reparacao de motocicletas e motonetas,6,0,0,0,0,6,0.0,0.0,0.0,6,6,6
São José da Laje,"Manutencao e reparacao de tanques, reservatorios metalicos e caldeiras, exceto para veiculos",5,0,0,0,0,5,0.0,0.0,0.0,5,5,5
São José da Laje,Obras de alvenaria,41,0,0,0,0,41,0.0,0.0,0.0,41,41,41
São José da Laje,Obras de montagem industrial,1,0,0,0,0,1,0.0,0.0,0.0,1,1,1
São José da Laje,"Obras de urbanizacao - ruas, pracas e calcadas",1,0,0,0,0,1,0.0,0.0,0.0,1,1,1
São José da Laje,Outras atividades de telecomunicacoes nao especificadas anteriormente,1,0,0,0,0,1,0.0,0.0,0.0,1,1,1
São José da Laje,Outras obras de acabamento da construcao,1,0,0,0,0,1,0.0,0.0,0.0,1,1,1
São José da Laje,"Outros servicos de acabamento em fios, tecidos, artefatos texteis e pecas do vestuario",1,0,0,0,0,1,0.0,0.0,0.0,1,1,1
São José da Laje,Recuperacao de materiais plasticos,1,0,0,0,0,1,0.0,0.0,0.0,1,1,1
São José da Laje,Servicos de borracharia para veiculos automotores,1,0,0,0,0,1,0.0,0.0,0.0,1,1,1
São José da Laje,Servicos de comunicacao multimidia - scm,5,0,0,0,0,5,0.0,0.0,0.0,5,5,5
São José da Laje,Servicos de encadernacao e plastificacao,2,0,0,0,0,2,0.0,0.0,0.0,2,2,2
São José da Laje,Servicos de engenharia,7,0,0,0,0,7,0.0,0.0,0.0,7,7,7
São José da Laje,"Servicos de instalacao, manutencao e reparacao de acessorios para veiculos automotores",1,0,0,0,0,1,0.0,0.0,0.0,1,1,1
São José da Laje,Servicos de lanternagem ou funilaria e pintura de veiculos automotores,2,0,0,0,0,2,0.0,0.0,0.0,2,2,2
São José da Laje,Servicos de manutencao e reparacao eletrica de veiculos automotores,2,0,0,0,0,2,0.0,0.0,0.0,2,2,2
São José da Laje,Servicos de manutencao e reparacao mecanica de veiculos automotores,13,0,0,0,0,13,0.0,0.0,0.0,13,13,13
São José da Laje,Servicos de pintura de edificios em geral,8,0,0,0,0,8,0.0,0.0,0.0,8,8,8
São José da Laje,Servicos de pre impressao,1,0,0,0,0,1,0.0,0.0,0.0,1,1,1
São José da Laje,"Servicos de usinagem, tornearia e solda",7,0,0,0,0,7,0.0,0.0,0.0,7,7,7
São José da Laje,Transmissao de energia eletrica,1,0,0,0,0,1,0.0,0.0,0.0,1,1,1
São José da Laje,"Tratamentos termicos, acusticos ou de vibracao",3,0,0,0,0,3,0.0,0.0,0.0,3,3,3
São José da Tapera,Administracao de obras,1,0,0,0,0,1,0.0,0.0,0.0,1,1,1
São José da Tapera,"Aparelhamento de placas e execucao de trabalhos em marmore, granito, ardosia e outras pedras",2,0,0,0,0,2,0.0,0.0,0.0,2,2,2
São José da Tapera,Aplicacao de revestimentos e de resinas em interiores e exteriores,6,0,0,0,0,6,0.0,0.0,0.0,6,6,6
São José da Tapera,Atividades do correio nacional,1,0,0,0,0,1,0.0,0.0,0.0,1,1,1
São José da Tapera,"Confeccao, sob medida, de pecas do vestuario, exceto roupas intimas",1,0,0,0,0,1,0.0,0.0,0.0,1,1,1
São José da Tapera,Construcao de barragens e represas para geracao de energia eletrica,1,0,0,0,0,1,0.0,0.0,0.0,1,1,1
São José da Tapera,Construcao de edificios,11,0,0,0,0,11,0.0,0.0,0.0,11,11,11
São José da Tapera,Construcao de obras de arte especiais,3,0,1,0,1,2,0.0,33.3333,33.3333,3,2,2
São José da Tapera,"Construcao de redes de abastecimento de agua, coleta de esgoto e construcoes correlatas, exceto obras de irrigacao",1,0,0,0,0,1,0.0,0.0,0.0,1,1,1
São José da Tapera,Extracao e britamento de pedras e outros materiais para construcao e beneficiamento associado,2,0,0,0,0,2,0.0,0.0,0.0,2,2,2
São José da Tapera,Fabricacao de artefatos de couro nao especificados anteriormente,1,0,0,0,0,1,0.0,0.0,0.0,1,1,1
São José da Tapera,"Fabricacao de artefatos diversos de madeira, exceto moveis",1,0,0,0,0,1,0.0,0.0,0.0,1,1,1
São José da Tapera,"Fabricacao de artigos de serralheria, exceto esquadrias",2,0,0,0,0,2,0.0,0.0,0.0,2,2,2
São José da Tapera,"Fabricacao de artigos do vestuario, produzidos em malharias e tricotagens, exceto meias",1,0,0,0,0,1,0.0,0.0,0.0,1,1,1
São José da Tapera,Fabricacao de bijuterias e artefatos semelhantes,1,0,0,0,0,1,0.0,0.0,0.0,1,1,1
São José da Tapera,Fabricacao de esquadrias de metal,1,0,0,0,0,1,0.0,0.0,0.0,1,1,1
São José da Tapera,Fabricacao de gelo comum,1,0,0,0,0,1,0.0,0.0,0.0,1,1,1
São José da Tapera,Fabricacao de laticinios,2,1,0,0,1,1,50.0,0.0,50.0,1,2,1
São José da Tapera,Fabricacao de moveis com predominancia de madeira,5,0,0,0,0,5,0.0,0.0,0.0,5,5,5
São José da Tapera,Fabricacao de outros produtos texteis nao especificados anteriormente,1,0,0,0,0,1,0.0,0.0,0.0,1,1,1
São José da Tapera,Fabricacao de produtos de carne,1,0,0,0,0,1,0.0,0.0,0.0,1,1,1
São José da Tapera,Fabricacao de produtos de padaria e confeitaria com predominancia de producao propria,3,0,1,0,1,2,0.0,33.3333,33.3333,3,2,2
São José da Tapera,Fabricacao de produtos de panificacao industrial,3,0,0,0,0,3,0.0,0.0,0.0,3,3,3
São José da Tapera,Fornecimento de alimentos preparados preponderantemente para empresas,2,0,0,0,0,2,0.0,0.0,0.0,2,2,2
São José da Tapera,Geracao de energia eletrica,1,0,0,0,0,1,0.0,0.0,0.0,1,1,1
São José da Tapera,"Instalacao e manutencao de sistemas centrais de ar condicionado, de ventilacao e refrigeracao",3,0,0,0,0,3,0.0,0.0,0.0,3,3,3
São José da Tapera,Instalacao e manutencao eletrica,4,0,0,0,0,4,0.0,0.0,0.0,4,4,4
São José da Tapera,"Instalacoes hidraulicas, sanitarias e de gas",1,0,0,0,0,1,0.0,0.0,0.0,1,1,1
São José da Tapera,Manutencao e reparacao de maquinas e aparelhos de refrigeracao e ventilacao para uso industrial e comercial,3,0,0,0,0,3,0.0,0.0,0.0,3,3,3
São José da Tapera,Manutencao e reparacao de motocicletas e motonetas,5,0,0,0,0,5,0.0,0.0,0.0,5,5,5
São José da Tapera,Obras de alvenaria,5,0,0,0,0,5,0.0,0.0,0.0,5,5,5
São José da Tapera,Obras de terraplenagem,1,0,0,0,0,1,0.0,0.0,0.0,1,1,1
São José da Tapera,"Obras de urbanizacao - ruas, pracas e calcadas",1,0,0,0,0,1,0.0,0.0,0.0,1,1,1
São José da Tapera,"Outros servicos de acabamento em fios, tecidos, artefatos texteis e pecas do vestuario",1,0,0,0,0,1,0.0,0.0,0.0,1,1,1
São José da Tapera,Preparacao de massa de concreto e argamassa para construcao,1,0,0,0,0,1,0.0,0.0,0.0,1,1,1
São José da Tapera,Provedores de acesso as redes de comunicacoes,4,0,0,0,0,4,0.0,0.0,0.0,4,4,4
São José da Tapera,Servicos de borracharia para veiculos automotores,4,0,0,0,0,4,0.0,0.0,0.0,4,4,4
São José da Tapera,Servicos de comunicacao multimidia - scm,5,0,0,0,0,5,0.0,0.0,0.0,5,5,5
São José da Tapera,Servicos de confeccao de armacoes metalicas para a construcao,3,0,0,0,0,3,0.0,0.0,0.0,3,3,3
São José da Tapera,Servicos de engenharia,4,0,0,0,0,4,0.0,0.0,0.0,4,4,4
São José da Tapera,"Servicos de instalacao, manutencao e reparacao de acessorios para veiculos automotores",3,0,0,0,0,3,0.0,0.0,0.0,3,3,3
São José da Tapera,Servicos de lanternagem ou funilaria e pintura de veiculos automotores,2,0,0,0,0,2,0.0,0.0,0.0,2,2,2
São José da Tapera,Servicos de manutencao e reparacao eletrica de veiculos automotores,2,0,0,0,0,2,0.0,0.0,0.0,2,2,2
São José da Tapera,Servicos de manutencao e reparacao mecanica de veiculos automotores,9,0,0,0,0,9,0.0,0.0,0.0,9,9,9
São José da Tapera,Servicos de pintura de edificios em geral,1,0,0,0,0,1,0.0,0.0,0.0,1,1,1
São José da Tapera,Servicos especializados para construcao nao especificados anteriormente,1,0,0,0,0,1,0.0,0.0,0.0,1,1,1
São José da Tapera,Telefonia movel celular,1,0,0,0,0,1,0.0,0.0,0.0,1,1,1
São José da Tapera,Transmissao de energia eletrica,1,0,0,0,0,1,0.0,0.0,0.0,1,1,1
São Luís do Quitunde,Aplicacao de revestimentos e de resinas em interiores e exteriores,1,0,0,0,0,1,0.0,0.0,0.0,1,1,1
São Luís do Quitunde,Atividades do correio nacional,1,0,0,0,0,1,0.0,0.0,0.0,1,1,1
São Luís do Quitunde,"Atividades relacionadas a esgoto, exceto a gestao de redes",1,0,0,0,0,1,0.0,0.0,0.0,1,1,1
São Luís do Quitunde,"Confeccao de pecas de vestuario, exceto roupas intimas e as confeccionadas sob medida",1,0,0,0,0,1,0.0,0.0,0.0,1,1,1
São Luís do Quitunde,"Confeccao, sob medida, de pecas do vestuario, exceto roupas intimas",4,0,0,0,0,4,0.0,0.0,0.0,4,4,4
São Luís do Quitunde,Construcao de edificios,9,0,0,0,0,9,0.0,0.0,0.0,9,9,9
São Luís do Quitunde,Distribuicao de energia eletrica,1,0,0,0,0,1,0.0,0.0,0.0,1,1,1
São Luís do Quitunde,Fabricacao de acucar em bruto,2,1,1,1,1,1,50.0,50.0,50.0,1,1,1
São Luís do Quitunde,"Fabricacao de adubos e fertilizantes, exceto organominerais",1,0,0,0,0,1,0.0,0.0,0.0,1,1,1
São Luís do Quitunde,"Fabricacao de artigos de serralheria, exceto esquadrias",7,0,0,0,0,7,0.0,0.0,0.0,7,7,7
São Luís do Quitunde,Fabricacao de bijuterias e artefatos semelhantes,1,0,0,0,0,1,0.0,0.0,0.0,1,1,1
São Luís do Quitunde,Fabricacao de biscoitos e bolachas,1,0,0,0,0,1,0.0,0.0,0.0,1,1,1
São Luís do Quitunde,Fabricacao de esquadrias de metal,3,0,0,0,0,3,0.0,0.0,0.0,3,3,3
São Luís do Quitunde,"Fabricacao de estruturas pre moldadas de concreto armado, em serie e sob encomenda",1,0,0,0,0,1,0.0,0.0,0.0,1,1,1
São Luís do Quitunde,Fabricacao de laticinios,2,0,0,0,0,2,0.0,0.0,0.0,2,2,2
São Luís do Quitunde,Fabricacao de massas alimenticias,3,0,0,0,0,3,0.0,0.0,0.0,3,3,3
São Luís do Quitunde,Fabricacao de moveis com predominancia de madeira,3,0,0,0,0,3,0.0,0.0,0.0,3,3,3
São Luís do Quitunde,Fabricacao de outras aguardentes e bebidas destiladas,1,0,0,0,0,1,0.0,0.0,0.0,1,1,1
São Luís do Quitunde,Fabricacao de outros produtos de metal nao especificados anteriormente,1,0,0,0,0,1,0.0,0.0,0.0,1,1,1
São Luís do Quitunde,Fabricacao de produtos ceramicos nao refratarios nao especificados anteriormente,1,0,0,0,0,1,0.0,0.0,0.0,1,1,1
São Luís do Quitunde,Fabricacao de produtos de padaria e confeitaria com predominancia de producao propria,9,0,0,0,0,9,0.0,0.0,0.0,9,9,9
São Luís do Quitunde,Fabricacao de produtos de panificacao industrial,1,0,0,0,0,1,0.0,0.0,0.0,1,1,1
São Luís do Quitunde,"Fabricacao de produtos de pastas celulosicas, papel, cartolina, papel cartao e papelao ondulado nao especificados anteriormente",1,0,0,0,0,1,0.0,0.0,0.0,1,1,1
São Luís do Quitunde,Fabricacao de produtos diversos nao especificados anteriormente,1,0,0,0,0,1,0.0,0.0,0.0,1,1,1
São Luís do Quitunde,Fornecimento de alimentos preparados preponderantemente para empresas,1,0,0,0,0,1,0.0,0.0,0.0,1,1,1
São Luís do Quitunde,Frigorifico - abate de bovinos,1,0,0,0,0,1,0.0,0.0,0.0,1,1,1
São Luís do Quitunde,Geracao de energia eletrica,1,0,0,0,0,1,0.0,0.0,0.0,1,1,1
São Luís do Quitunde,Impressao de material para outros usos,2,0,0,0,0,2,0.0,0.0,0.0,2,2,2
São Luís do Quitunde,Instalacao de maquinas e equipamentos industriais,2,0,0,0,0,2,0.0,0.0,0.0,2,2,2
São Luís do Quitunde,"Instalacao e manutencao de sistemas centrais de ar condicionado, de ventilacao e refrigeracao",11,0,0,0,0,11,0.0,0.0,0.0,11,11,11
São Luís do Quitunde,Instalacao e manutencao eletrica,10,0,0,0,0,10,0.0,0.0,0.0,10,10,10
São Luís do Quitunde,Instalacoes de sistema de prevencao contra incendio,1,0,0,0,0,1,0.0,0.0,0.0,1,1,1
São Luís do Quitunde,"Instalacoes hidraulicas, sanitarias e de gas",1,0,0,0,0,1,0.0,0.0,0.0,1,1,1
São Luís do Quitunde,Manutencao e reparacao de maquinas e aparelhos de refrigeracao e ventilacao para uso industrial e comercial,2,0,0,0,0,2,0.0,0.0,0.0,2,2,2
São Luís do Quitunde,Manutencao e reparacao de motocicletas e motonetas,4,0,0,0,0,4,0.0,0.0,0.0,4,4,4
São Luís do Quitunde,Manutencao e reparacao de tratores agricolas,1,0,0,0,0,1,0.0,0.0,0.0,1,1,1
São Luís do Quitunde,Obras de alvenaria,9,0,0,0,0,9,0.0,0.0,0.0,9,9,9
São Luís do Quitunde,Obras de montagem industrial,1,0,0,0,0,1,0.0,0.0,0.0,1,1,1
São Luís do Quitunde,Obras de terraplenagem,3,0,0,0,0,3,0.0,0.0,0.0,3,3,3
São Luís do Quitunde,"Obras de urbanizacao - ruas, pracas e calcadas",1,0,0,0,0,1,0.0,0.0,0.0,1,1,1
São Luís do Quitunde,Outras obras de acabamento da construcao,2,0,0,0,0,2,0.0,0.0,0.0,2,2,2
São Luís do Quitunde,Perfuracao e construcao de pocos de agua,1,0,0,0,0,1,0.0,0.0,0.0,1,1,1
São Luís do Quitunde,Producao de artefatos estampados de metal,1,0,0,0,0,1,0.0,0.0,0.0,1,1,1
São Luís do Quitunde,Provedores de acesso as redes de comunicacoes,1,0,0,0,0,1,0.0,0.0,0.0,1,1,1
São Luís do Quitunde,Recondicionamento e recuperacao de motores para veiculos automotores,1,0,0,0,0,1,0.0,0.0,0.0,1,1,1
São Luís do Quitunde,Servicos de borracharia para veiculos automotores,3,0,0,0,0,3,0.0,0.0,0.0,3,3,3
São Luís do Quitunde,Servicos de comunicacao multimidia - scm,1,0,0,0,0,1,0.0,0.0,0.0,1,1,1
São Luís do Quitunde,Servicos de confeccao de armacoes metalicas para a construcao,1,0,0,0,0,1,0.0,0.0,0.0,1,1,1
São Luís do Quitunde,Servicos de engenharia,6,0,0,0,0,6,0.0,0.0,0.0,6,6,6
São Luís do Quitunde,"Servicos de instalacao, manutencao e reparacao de acessorios para veiculos automotores",2,0,0,0,0,2,0.0,0.0,0.0,2,2,2
São Luís do Quitunde,Servicos de lanternagem ou funilaria e pintura de veiculos automotores,3,0,0,0,0,3,0.0,0.0,0.0,3,3,3
São Luís do Quitunde,Servicos de manutencao e reparacao eletrica de veiculos automotores,2,0,0,0,0,2,0.0,0.0,0.0,2,2,2
São Luís do Quitunde,Servicos de manutencao e reparacao mecanica de veiculos automotores,7,0,0,0,0,7,0.0,0.0,0.0,7,7,7
São Luís do Quitunde,Servicos de montagem de moveis de qualquer material,1,0,0,0,0,1,0.0,0.0,0.0,1,1,1
São Luís do Quitunde,Servicos de pintura de edificios em geral,2,0,0,0,0,2,0.0,0.0,0.0,2,2,2
São Luís do Quitunde,Servicos de pre impressao,1,0,0,0,0,1,0.0,0.0,0.0,1,1,1
São Luís do Quitunde,"Servicos de usinagem, tornearia e solda",10,0,0,0,0,10,0.0,0.0,0.0,10,10,10
São Luís do Quitunde,Transmissao de energia eletrica,1,0,0,0,0,1,0.0,0.0,0.0,1,1,1
São Miguel dos Campos,Abate de aves,1,0,0,0,0,1,0.0,0.0,0.0,1,1,1
São Miguel dos Campos,Administracao de obras,1,0,0,0,0,1,0.0,0.0,0.0,1,1,1
São Miguel dos Campos,Aluguel de andaimes,3,0,0,0,0,3,0.0,0.0,0.0,3,3,3
São Miguel dos Campos,"Aparelhamento de placas e execucao de trabalhos em marmore, granito, ardosia e outras pedras",2,0,0,0,0,2,0.0,0.0,0.0,2,2,2
São Miguel dos Campos,Atividades de apoio a extracao de minerais metalicos nao ferrosos,1,0,0,0,0,1,0.0,0.0,0.0,1,1,1
São Miguel dos Campos,Atividades de franqueadas do correio nacional,1,0,0,0,0,1,0.0,0.0,0.0,1,1,1
São Miguel dos Campos,Atividades do correio nacional,1,0,0,0,0,1,0.0,0.0,0.0,1,1,1
São Miguel dos Campos,Coleta de residuos nao perigosos,1,0,0,0,0,1,0.0,0.0,0.0,1,1,1
São Miguel dos Campos,"Confeccao de pecas de vestuario, exceto roupas intimas e as confeccionadas sob medida",6,0,0,0,0,6,0.0,0.0,0.0,6,6,6
São Miguel dos Campos,Confeccao de roupas intimas,2,1,0,0,1,1,50.0,0.0,50.0,1,2,1
São Miguel dos Campos,"Confeccao de roupas profissionais, exceto sob medida",1,0,0,0,0,1,0.0,0.0,0.0,1,1,1
São Miguel dos Campos,"Confeccao, sob medida, de pecas do vestuario, exceto roupas intimas",16,0,0,0,0,16,0.0,0.0,0.0,16,16,16
São Miguel dos Campos,"Confeccao, sob medida, de roupas profissionais",1,1,0,0,1,0,100.0,0.0,100.0,0,1,0
São Miguel dos Campos,Construcao de edificios,24,2,2,1,3,21,8.3333,8.3333,12.5,22,22,21
São Miguel dos Campos,Construcao de estacoes e redes de distribuicao de energia eletrica,1,0,0,0,0,1,0.0,0.0,0.0,1,1,1
São Miguel dos Campos,Construcao de rodovias e ferrovias,2,0,0,0,0,2,0.0,0.0,0.0,2,2,2
São Miguel dos Campos,Distribuicao de combustiveis gasosos por redes urbanas,1,0,0,0,0,1,0.0,0.0,0.0,1,1,1
São Miguel dos Campos,"Estamparia e texturizacao em fios, tecidos, artefatos texteis e pecas do vestuario",3,0,0,0,0,3,0.0,0.0,0.0,3,3,3
São Miguel dos Campos,"Extracao de areia, cascalho ou pedregulho e beneficiamento associado",4,0,0,0,0,4,0.0,0.0,0.0,4,4,4
São Miguel dos Campos,Extracao de calcario e dolomita e beneficiamento associado,1,0,0,0,0,1,0.0,0.0,0.0,1,1,1
São Miguel dos Campos,Extracao de petroleo e gas natural,1,1,0,0,1,0,100.0,0.0,100.0,0,1,0
São Miguel dos Campos,"Fabricacao de adubos e fertilizantes, exceto organominerais",1,0,0,0,0,1,0.0,0.0,0.0,1,1,1
São Miguel dos Campos,Fabricacao de alcool,1,1,0,0,1,0,100.0,0.0,100.0,0,1,0
São Miguel dos Campos,Fabricacao de alimentos e pratos prontos,2,0,1,0,1,1,0.0,50.0,50.0,2,1,1
São Miguel dos Campos,Fabricacao de alimentos para animais,1,0,0,0,0,1,0.0,0.0,0.0,1,1,1
São Miguel dos Campos,Fabricacao de aparelhos e equipamentos para distribuicao e controle de energia eletrica,1,0,0,0,0,1,0.0,0.0,0.0,1,1,1
São Miguel dos Campos,"Fabricacao de artefatos de ceramica e barro cozido para uso na construcao, exceto azulejos e pisos",1,0,0,0,0,1,0.0,0.0,0.0,1,1,1
São Miguel dos Campos,Fabricacao de artefatos de cimento para uso na construcao,2,0,0,0,0,2,0.0,0.0,0.0,2,2,2
São Miguel dos Campos,"Fabricacao de artefatos diversos de madeira, exceto moveis",4,0,0,0,0,4,0.0,0.0,0.0,4,4,4
São Miguel dos Campos,Fabricacao de artefatos texteis para uso domestico,1,1,0,0,1,0,100.0,0.0,100.0,0,1,0
São Miguel dos Campos,"Fabricacao de artigos de serralheria, exceto esquadrias",14,0,0,0,0,14,0.0,0.0,0.0,14,14,14
São Miguel dos Campos,"Fabricacao de artigos do vestuario, produzidos em malharias e tricotagens, exceto meias",2,0,0,0,0,2,0.0,0.0,0.0,2,2,2
São Miguel dos Campos,Fabricacao de bijuterias e artefatos semelhantes,6,0,0,0,0,6,0.0,0.0,0.0,6,6,6
São Miguel dos Campos,Fabricacao de biscoitos e bolachas,1,0,0,0,0,1,0.0,0.0,0.0,1,1,1
São Miguel dos Campos,"Fabricacao de cabines, carrocerias e reboques para caminhoes",2,0,0,0,0,2,0.0,0.0,0.0,2,2,2
São Miguel dos Campos,"Fabricacao de cabines, carrocerias e reboques para outros veiculos automotores, exceto caminhoes e onibus",1,0,0,0,0,1,0.0,0.0,0.0,1,1,1
São Miguel dos Campos,"Fabricacao de canetas, lapis e outros artigos para escritorio",1,0,0,0,0,1,0.0,0.0,0.0,1,1,1
São Miguel dos Campos,Fabricacao de cimento,1,1,1,1,1,0,100.0,100.0,100.0,0,0,0
São Miguel dos Campos,Fabricacao de colchoes,1,0,0,0,0,1,0.0,0.0,0.0,1,1,1
São Miguel dos Campos,Fabricacao de conservas de frutas,3,0,0,0,0,3,0.0,0.0,0.0,3,3,3
São Miguel dos Campos,"Fabricacao de conservas de legumes e outros vegetais, exceto palmito",1,0,0,0,0,1,0.0,0.0,0.0,1,1,1
São Miguel dos Campos,"Fabricacao de cosmeticos, produtos de perfumaria e de higiene pessoal",1,0,0,0,0,1,0.0,0.0,0.0,1,1,1
São Miguel dos Campos,Fabricacao de embalagens de cartolina e papel cartao,1,0,0,0,0,1,0.0,0.0,0.0,1,1,1
São Miguel dos Campos,"Fabricacao de especiarias, molhos, temperos e condimentos",1,0,0,0,0,1,0.0,0.0,0.0,1,1,1
São Miguel dos Campos,Fabricacao de esquadrias de metal,6,0,0,0,0,6,0.0,0.0,0.0,6,6,6
São Miguel dos Campos,Fabricacao de estruturas metalicas,2,0,0,0,0,2,0.0,0.0,0.0,2,2,2
São Miguel dos Campos,"Fabricacao de estruturas pre moldadas de concreto armado, em serie e sob encomenda",1,0,0,0,0,1,0.0,0.0,0.0,1,1,1
São Miguel dos Campos,Fabricacao de gelo comum,2,0,0,0,0,2,0.0,0.0,0.0,2,2,2
São Miguel dos Campos,Fabricacao de laticinios,1,0,0,0,0,1,0.0,0.0,0.0,1,1,1
São Miguel dos Campos,"Fabricacao de letras, letreiros e placas de qualquer material, exceto luminosos",5,0,0,0,0,5,0.0,0.0,0.0,5,5,5
São Miguel dos Campos,Fabricacao de massas alimenticias,5,0,0,0,0,5,0.0,0.0,0.0,5,5,5
São Miguel dos Campos,Fabricacao de moveis com predominancia de madeira,6,0,0,0,0,6,0.0,0.0,0.0,6,6,6
São Miguel dos Campos,"Fabricacao de moveis de outros materiais, exceto madeira e metal",1,0,0,0,0,1,0.0,0.0,0.0,1,1,1
São Miguel dos Campos,Fabricacao de obras de caldeiraria pesada,7,0,0,0,0,7,0.0,0.0,0.0,7,7,7
São Miguel dos Campos,"Fabricacao de outros artefatos e produtos de concreto, cimento, fibrocimento, gesso e materiais semelhantes",1,0,0,0,0,1,0.0,0.0,0.0,1,1,1
São Miguel dos Campos,Fabricacao de outros artigos de carpintaria para construcao,2,0,0,0,0,2,0.0,0.0,0.0,2,2,2
São Miguel dos Campos,Fabricacao de outros produtos alimenticios nao especificados anteriormente,1,0,0,0,0,1,0.0,0.0,0.0,1,1,1
São Miguel dos Campos,Fabricacao de outros produtos texteis nao especificados anteriormente,2,0,0,0,0,2,0.0,0.0,0.0,2,2,2
São Miguel dos Campos,Fabricacao de produtos ceramicos nao refratarios nao especificados anteriormente,1,0,0,0,0,1,0.0,0.0,0.0,1,1,1
São Miguel dos Campos,Fabricacao de produtos de limpeza e polimento,1,0,0,0,0,1,0.0,0.0,0.0,1,1,1
São Miguel dos Campos,Fabricacao de produtos de padaria e confeitaria com predominancia de producao propria,19,1,1,1,1,18,5.2632,5.2632,5.2632,18,18,18
São Miguel dos Campos,Fabricacao de produtos de panificacao industrial,5,0,0,0,0,5,0.0,0.0,0.0,5,5,5
São Miguel dos Campos,"Fabricacao de produtos de pastas celulosicas, papel, cartolina, papel cartao e papelao ondulado nao especificados anteriormente",2,0,0,0,0,2,0.0,0.0,0.0,2,2,2
São Miguel dos Campos,Fabricacao de produtos diversos nao especificados anteriormente,7,0,0,0,0,7,0.0,0.0,0.0,7,7,7
São Miguel dos Campos,"Fabricacao de sucos de frutas, hortalicas e legumes, exceto concentrados",1,0,0,0,0,1,0.0,0.0,0.0,1,1,1
São Miguel dos Campos,"Fabricacao de velas, inclusive decorativas",1,0,0,0,0,1,0.0,0.0,0.0,1,1,1
São Miguel dos Campos,Faccao de roupas intimas,1,0,0,0,0,1,0.0,0.0,0.0,1,1,1
São Miguel dos Campos,Faccao de roupas profissionais,1,0,0,0,0,1,0.0,0.0,0.0,1,1,1
São Miguel dos Campos,Fornecimento de alimentos preparados preponderantemente para empresas,9,2,0,0,2,7,22.2222,0.0,22.2222,7,9,7
São Miguel dos Campos,Geracao de energia eletrica,1,0,0,0,0,1,0.0,0.0,0.0,1,1,1
São Miguel dos Campos,Gestao de redes de esgoto,1,0,0,0,0,1,0.0,0.0,0.0,1,1,1
São Miguel dos Campos,Impressao de material para outros usos,2,0,0,0,0,2,0.0,0.0,0.0,2,2,2
São Miguel dos Campos,Impressao de material para uso publicitario,5,0,0,0,0,5,0.0,0.0,0.0,5,5,5
São Miguel dos Campos,Incorporacao de empreendimentos imobiliarios,1,0,0,0,0,1,0.0,0.0,0.0,1,1,1
São Miguel dos Campos,Instalacao de maquinas e equipamentos industriais,2,0,0,0,0,2,0.0,0.0,0.0,2,2,2
São Miguel dos Campos,Instalacao de paineis publicitarios,1,0,0,0,0,1,0.0,0.0,0.0,1,1,1
São Miguel dos Campos,"Instalacao de portas, janelas, tetos, divisorias e armarios embutidos de qualquer material",2,0,0,0,0,2,0.0,0.0,0.0,2,2,2
São Miguel dos Campos,"Instalacao e manutencao de sistemas centrais de ar condicionado, de ventilacao e refrigeracao",11,0,0,0,0,11,0.0,0.0,0.0,11,11,11
São Miguel dos Campos,Instalacao e manutencao eletrica,45,0,1,0,1,44,0.0,2.2222,2.2222,45,44,44
São Miguel dos Campos,Instalacoes de sistema de prevencao contra incendio,2,0,0,0,0,2,0.0,0.0,0.0,2,2,2
São Miguel dos Campos,"Instalacoes hidraulicas, sanitarias e de gas",2,0,0,0,0,2,0.0,0.0,0.0,2,2,2
São Miguel dos Campos,Manutencao e reparacao de aparelhos eletromedicos e eletroterapeuticos e equipamentos de irradiacao,1,0,0,0,0,1,0.0,0.0,0.0,1,1,1
São Miguel dos Campos,"Manutencao e reparacao de geradores, transformadores e motores eletricos",10,0,0,0,0,10,0.0,0.0,0.0,10,10,10
São Miguel dos Campos,Manutencao e reparacao de maquinas e aparelhos de refrigeracao e ventilacao para uso industrial e comercial,4,0,0,0,0,4,0.0,0.0,0.0,4,4,4
São Miguel dos Campos,Manutencao e reparacao de maquinas e equipamentos para agricultura e pecuaria,4,0,0,0,0,4,0.0,0.0,0.0,4,4,4
São Miguel dos Campos,"Manutencao e reparacao de maquinas e equipamentos para as industrias de alimentos, bebidas e fumo",2,0,0,0,0,2,0.0,0.0,0.0,2,2,2
São Miguel dos Campos,Manutencao e reparacao de maquinas e equipamentos para uso geral nao especificados anteriormente,1,0,0,0,0,1,0.0,0.0,0.0,1,1,1
São Miguel dos Campos,Manutencao e reparacao de maquinas motrizes nao eletricas,2,0,0,0,0,2,0.0,0.0,0.0,2,2,2
São Miguel dos Campos,"Manutencao e reparacao de maquinas para a industria metalurgica, exceto maquinas ferramenta",1,0,0,0,0,1,0.0,0.0,0.0,1,1,1
São Miguel dos Campos,"Manutencao e reparacao de maquinas, aparelhos e equipamentos para instalacoes termicas",1,0,0,0,0,1,0.0,0.0,0.0,1,1,1
São Miguel dos Campos,"Manutencao e reparacao de maquinas, aparelhos e materiais eletricos nao especificados anteriormente",4,2,1,1,2,2,50.0,25.0,50.0,2,3,2
São Miguel dos Campos,Manutencao e reparacao de motocicletas e motonetas,8,0,0,0,0,8,0.0,0.0,0.0,8,8,8
São Miguel dos Campos,Manutencao e reparacao de outras maquinas e equipamentos para usos industriais nao especificados anteriormente,2,0,0,0,0,2,0.0,0.0,0.0,2,2,2
São Miguel dos Campos,"Manutencao e reparacao de tanques, reservatorios metalicos e caldeiras, exceto para veiculos",7,0,0,0,0,7,0.0,0.0,0.0,7,7,7
São Miguel dos Campos,Manutencao e reparacao de valvulas industriais,1,0,0,0,0,1,0.0,0.0,0.0,1,1,1
São Miguel dos Campos,"Montagem e instalacao de sistemas e equipamentos de iluminacao e sinalizacao em vias publicas, portos e aeroportos",1,0,0,0,0,1,0.0,0.0,0.0,1,1,1
São Miguel dos Campos,Obras de acabamento em gesso e estuque,2,0,0,0,0,2,0.0,0.0,0.0,2,2,2
São Miguel dos Campos,Obras de alvenaria,40,0,0,0,0,40,0.0,0.0,0.0,40,40,40
São Miguel dos Campos,Obras de montagem industrial,3,0,0,0,0,3,0.0,0.0,0.0,3,3,3
São Miguel dos Campos,Obras de terraplenagem,1,0,0,0,0,1,0.0,0.0,0.0,1,1,1
São Miguel dos Campos,"Obras de urbanizacao - ruas, pracas e calcadas",1,0,0,0,0,1,0.0,0.0,0.0,1,1,1
São Miguel dos Campos,Outras atividades de telecomunicacoes nao especificadas anteriormente,2,0,0,0,0,2,0.0,0.0,0.0,2,2,2
São Miguel dos Campos,Outras obras de acabamento da construcao,2,0,0,0,0,2,0.0,0.0,0.0,2,2,2
São Miguel dos Campos,Outras obras de engenharia civil nao especificadas anteriormente,4,0,0,0,0,4,0.0,0.0,0.0,4,4,4
São Miguel dos Campos,"Outros servicos de acabamento em fios, tecidos, artefatos texteis e pecas do vestuario",3,0,0,0,0,3,0.0,0.0,0.0,3,3,3
São Miguel dos Campos,Perfuracao e construcao de pocos de agua,1,0,0,0,0,1,0.0,0.0,0.0,1,1,1
São Miguel dos Campos,Producao de artefatos estampados de metal,2,0,0,0,0,2,0.0,0.0,0.0,2,2,2
São Miguel dos Campos,Provedores de acesso as redes de comunicacoes,6,0,0,0,0,6,0.0,0.0,0.0,6,6,6
São Miguel dos Campos,Recondicionamento e recuperacao de motores para veiculos automotores,2,0,0,0,0,2,0.0,0.0,0.0,2,2,2
São Miguel dos Campos,Recuperacao de materiais nao especificados anteriormente,1,0,0,0,0,1,0.0,0.0,0.0,1,1,1
São Miguel dos Campos,Recuperacao de materiais plasticos,1,0,0,0,0,1,0.0,0.0,0.0,1,1,1
São Miguel dos Campos,Recuperacao de sucatas de aluminio,2,0,0,0,0,2,0.0,0.0,0.0,2,2,2
São Miguel dos Campos,Servicos de alinhamento e balanceamento de veiculos automotores,1,0,0,0,0,1,0.0,0.0,0.0,1,1,1
São Miguel dos Campos,Servicos de borracharia para veiculos automotores,7,0,0,0,0,7,0.0,0.0,0.0,7,7,7
São Miguel dos Campos,Servicos de capotaria,5,0,0,0,0,5,0.0,0.0,0.0,5,5,5
São Miguel dos Campos,Servicos de comunicacao multimidia - scm,4,0,0,0,0,4,0.0,0.0,0.0,4,4,4
São Miguel dos Campos,Servicos de confeccao de armacoes metalicas para a construcao,3,0,0,0,0,3,0.0,0.0,0.0,3,3,3
São Miguel dos Campos,Servicos de encadernacao e plastificacao,1,0,0,0,0,1,0.0,0.0,0.0,1,1,1
São Miguel dos Campos,Servicos de engenharia,7,0,0,0,0,7,0.0,0.0,0.0,7,7,7
São Miguel dos Campos,"Servicos de instalacao, manutencao e reparacao de acessorios para veiculos automotores",6,0,0,0,0,6,0.0,0.0,0.0,6,6,6
São Miguel dos Campos,Servicos de lanternagem ou funilaria e pintura de veiculos automotores,15,0,0,0,0,15,0.0,0.0,0.0,15,15,15
São Miguel dos Campos,Servicos de manutencao e reparacao eletrica de veiculos automotores,5,0,0,0,0,5,0.0,0.0,0.0,5,5,5
São Miguel dos Campos,Servicos de manutencao e reparacao mecanica de veiculos automotores,27,1,0,0,1,26,3.7037,0.0,3.7037,26,27,26
São Miguel dos Campos,Servicos de montagem de moveis de qualquer material,4,0,0,0,0,4,0.0,0.0,0.0,4,4,4
São Miguel dos Campos,Servicos de pintura de edificios em geral,10,0,0,0,0,10,0.0,0.0,0.0,10,10,10
São Miguel dos Campos,Servicos de pre impressao,4,0,0,0,0,4,0.0,0.0,0.0,4,4,4
São Miguel dos Campos,Servicos de telefonia fixa comutada - stfc,1,0,0,0,0,1,0.0,0.0,0.0,1,1,1
São Miguel dos Campos,"Servicos de usinagem, tornearia e solda",10,0,0,0,0,10,0.0,0.0,0.0,10,10,10
São Miguel dos Campos,Servicos especializados para construcao nao especificados anteriormente,1,1,0,0,1,0,100.0,0.0,100.0,0,1,0
São Miguel dos Campos,Transmissao de energia eletrica,1,0,0,0,0,1,0.0,0.0,0.0,1,1,1
São Miguel dos Campos,"Tratamentos termicos, acusticos ou de vibracao",2,0,0,0,0,2,0.0,0.0,0.0,2,2,2
São Miguel dos Milagres,Atividades do correio nacional,1,0,0,0,0,1,0.0,0.0,0.0,1,1,1
São Miguel dos Milagres,"Confeccao de pecas de vestuario, exceto roupas intimas e as confeccionadas sob medida",2,0,0,0,0,2,0.0,0.0,0.0,2,2,2
São Miguel dos Milagres,"Confeccao, sob medida, de pecas do vestuario, exceto roupas intimas",4,0,0,0,0,4,0.0,0.0,0.0,4,4,4
São Miguel dos Milagres,Construcao de edificios,6,0,0,0,0,6,0.0,0.0,0.0,6,6,6
São Miguel dos Milagres,Desenvolvimento e licenciamento de programas de computador nao customizaveis,1,0,0,0,0,1,0.0,0.0,0.0,1,1,1
São Miguel dos Milagres,Extracao de saibro e beneficiamento associado,1,0,0,0,0,1,0.0,0.0,0.0,1,1,1
São Miguel dos Milagres,Fabricacao de artefatos de cimento para uso na construcao,1,0,0,0,0,1,0.0,0.0,0.0,1,1,1
São Miguel dos Milagres,Fabricacao de artefatos de material plastico para outros usos nao especificados anteriormente,1,0,0,0,0,1,0.0,0.0,0.0,1,1,1
São Miguel dos Milagres,Fabricacao de artefatos de tapecaria,1,0,0,0,0,1,0.0,0.0,0.0,1,1,1
São Miguel dos Milagres,"Fabricacao de artefatos diversos de madeira, exceto moveis",4,0,0,0,0,4,0.0,0.0,0.0,4,4,4
São Miguel dos Milagres,"Fabricacao de artigos de serralheria, exceto esquadrias",4,0,0,0,0,4,0.0,0.0,0.0,4,4,4
São Miguel dos Milagres,Fabricacao de bijuterias e artefatos semelhantes,1,0,0,0,0,1,0.0,0.0,0.0,1,1,1
São Miguel dos Milagres,Fabricacao de gelo comum,2,0,0,0,0,2,0.0,0.0,0.0,2,2,2
São Miguel dos Milagres,Fabricacao de massas alimenticias,1,0,0,0,0,1,0.0,0.0,0.0,1,1,1
São Miguel dos Milagres,Fabricacao de moveis com predominancia de madeira,6,0,0,0,0,6,0.0,0.0,0.0,6,6,6
São Miguel dos Milagres,Fabricacao de outros artigos de carpintaria para construcao,1,0,0,0,0,1,0.0,0.0,0.0,1,1,1
São Miguel dos Milagres,Fabricacao de outros produtos texteis nao especificados anteriormente,1,0,0,0,0,1,0.0,0.0,0.0,1,1,1
São Miguel dos Milagres,Fabricacao de produtos de padaria e confeitaria com predominancia de producao propria,2,0,0,0,0,2,0.0,0.0,0.0,2,2,2
São Miguel dos Milagres,Fabricacao de produtos de panificacao industrial,2,0,0,0,0,2,0.0,0.0,0.0,2,2,2
São Miguel dos Milagres,Fabricacao de produtos diversos nao especificados anteriormente,4,0,0,0,0,4,0.0,0.0,0.0,4,4,4
São Miguel dos Milagres,Fornecimento de alimentos preparados preponderantemente para empresas,8,0,0,0,0,8,0.0,0.0,0.0,8,8,8
São Miguel dos Milagres,Incorporacao de empreendimentos imobiliarios,21,0,0,0,0,21,0.0,0.0,0.0,21,21,21
São Miguel dos Milagres,"Instalacao de portas, janelas, tetos, divisorias e armarios embutidos de qualquer material",1,0,0,0,0,1,0.0,0.0,0.0,1,1,1
São Miguel dos Milagres,"Instalacao e manutencao de sistemas centrais de ar condicionado, de ventilacao e refrigeracao",6,0,0,0,0,6,0.0,0.0,0.0,6,6,6
São Miguel dos Milagres,Instalacao e manutencao eletrica,8,0,0,0,0,8,0.0,0.0,0.0,8,8,8
São Miguel dos Milagres,Manutencao e reparacao de maquinas e aparelhos de refrigeracao e ventilacao para uso industrial e comercial,1,0,0,0,0,1,0.0,0.0,0.0,1,1,1
São Miguel dos Milagres,Manutencao e reparacao de motocicletas e motonetas,2,0,0,0,0,2,0.0,0.0,0.0,2,2,2
São Miguel dos Milagres,Obras de acabamento em gesso e estuque,1,0,0,0,0,1,0.0,0.0,0.0,1,1,1
São Miguel dos Milagres,Obras de alvenaria,16,0,0,0,0,16,0.0,0.0,0.0,16,16,16
São Miguel dos Milagres,Obras de terraplenagem,1,0,0,0,0,1,0.0,0.0,0.0,1,1,1
São Miguel dos Milagres,Outras atividades de telecomunicacoes nao especificadas anteriormente,3,0,0,0,0,3,0.0,0.0,0.0,3,3,3
São Miguel dos Milagres,Outras obras de acabamento da construcao,2,0,0,0,0,2,0.0,0.0,0.0,2,2,2
São Miguel dos Milagres,Perfuracao e construcao de pocos de agua,1,0,0,0,0,1,0.0,0.0,0.0,1,1,1
São Miguel dos Milagres,Provedores de acesso as redes de comunicacoes,1,0,0,0,0,1,0.0,0.0,0.0,1,1,1
São Miguel dos Milagres,Servicos de alinhamento e balanceamento de veiculos automotores,1,0,0,0,0,1,0.0,0.0,0.0,1,1,1
São Miguel dos Milagres,Servicos de capotaria,1,0,0,0,0,1,0.0,0.0,0.0,1,1,1
São Miguel dos Milagres,Servicos de comunicacao multimidia - scm,3,0,0,0,0,3,0.0,0.0,0.0,3,3,3
São Miguel dos Milagres,Servicos de confeccao de armacoes metalicas para a construcao,3,0,0,0,0,3,0.0,0.0,0.0,3,3,3
São Miguel dos Milagres,Servicos de engenharia,2,0,0,0,0,2,0.0,0.0,0.0,2,2,2
São Miguel dos Milagres,"Servicos de instalacao, manutencao e reparacao de acessorios para veiculos automotores",1,0,0,0,0,1,0.0,0.0,0.0,1,1,1
São Miguel dos Milagres,Servicos de lanternagem ou funilaria e pintura de veiculos automotores,1,0,0,0,0,1,0.0,0.0,0.0,1,1,1
São Miguel dos Milagres,Servicos de manutencao e reparacao mecanica de veiculos automotores,1,0,0,0,0,1,0.0,0.0,0.0,1,1,1
São Miguel dos Milagres,Servicos de montagem de moveis de qualquer material,1,0,0,0,0,1,0.0,0.0,0.0,1,1,1
São Miguel dos Milagres,Servicos de pintura de edificios em geral,4,0,0,0,0,4,0.0,0.0,0.0,4,4,4
São Miguel dos Milagres,"Servicos de usinagem, tornearia e solda",1,0,0,0,0,1,0.0,0.0,0.0,1,1,1
São Miguel dos Milagres,Servicos especializados para construcao nao especificados anteriormente,1,0,0,0,0,1,0.0,0.0,0.0,1,1,1
São Miguel dos Milagres,"Tratamentos termicos, acusticos ou de vibracao",1,0,0,0,0,1,0.0,0.0,0.0,1,1,1
São Sebastião,Abate de aves,1,0,0,0,0,1,0.0,0.0,0.0,1,1,1
São Sebastião,Acabamento de calcados de couro sob contrato,1,0,0,0,0,1,0.0,0.0,0.0,1,1,1
São Sebastião,"Aparelhamento de placas e execucao de trabalhos em marmore, granito, ardosia e outras pedras",2,0,0,0,0,2,0.0,0.0,0.0,2,2,2
São Sebastião,Atividades de coordenacao e controle da operacao da geracao e transmissao de energia eletrica,1,0,0,0,0,1,0.0,0.0,0.0,1,1,1
São Sebastião,Atividades de franqueadas do correio nacional,1,0,0,0,0,1,0.0,0.0,0.0,1,1,1
São Sebastião,Atividades do correio nacional,1,0,0,0,0,1,0.0,0.0,0.0,1,1,1
São Sebastião,Beneficiamento de arroz,1,0,0,0,0,1,0.0,0.0,0.0,1,1,1
São Sebastião,"Confeccao de pecas de vestuario, exceto roupas intimas e as confeccionadas sob medida",4,0,0,0,0,4,0.0,0.0,0.0,4,4,4
São Sebastião,"Confeccao, sob medida, de pecas do vestuario, exceto roupas intimas",1,0,0,0,0,1,0.0,0.0,0.0,1,1,1
São Sebastião,Construcao de edificios,17,0,0,0,0,17,0.0,0.0,0.0,17,17,17
São Sebastião,"Extracao de areia, cascalho ou pedregulho e beneficiamento associado",3,0,0,0,0,3,0.0,0.0,0.0,3,3,3
São Sebastião,Fabricacao de absorventes higienicos,1,0,0,0,0,1,0.0,0.0,0.0,1,1,1
São Sebastião,Fabricacao de aguardente de cana de acucar,1,0,0,0,0,1,0.0,0.0,0.0,1,1,1
São Sebastião,Fabricacao de alimentos e pratos prontos,1,0,0,0,0,1,0.0,0.0,0.0,1,1,1
São Sebastião,Fabricacao de amidos e feculas de vegetais,2,0,0,0,0,2,0.0,0.0,0.0,2,2,2
São Sebastião,Fabricacao de artefatos de borracha nao especificados anteriormente,1,0,0,0,0,1,0.0,0.0,0.0,1,1,1
São Sebastião,Fabricacao de artefatos de cimento para uso na construcao,2,0,0,0,0,2,0.0,0.0,0.0,2,2,2
São Sebastião,Fabricacao de artigos de cutelaria,1,0,0,0,0,1,0.0,0.0,0.0,1,1,1
São Sebastião,"Fabricacao de artigos de serralheria, exceto esquadrias",5,0,0,0,0,5,0.0,0.0,0.0,5,5,5
São Sebastião,"Fabricacao de cosmeticos, produtos de perfumaria e de higiene pessoal",1,0,0,0,0,1,0.0,0.0,0.0,1,1,1
São Sebastião,Fabricacao de farinha de mandioca e derivados,1,0,0,0,0,1,0.0,0.0,0.0,1,1,1
São Sebastião,Fabricacao de filtros para cigarros,1,0,0,0,0,1,0.0,0.0,0.0,1,1,1
São Sebastião,Fabricacao de moveis com predominancia de madeira,4,0,0,0,0,4,0.0,0.0,0.0,4,4,4
São Sebastião,"Fabricacao de outros artefatos e produtos de concreto, cimento, fibrocimento, gesso e materiais semelhantes",1,0,0,0,0,1,0.0,0.0,0.0,1,1,1
São Sebastião,Fabricacao de produtos de padaria e confeitaria com predominancia de producao propria,9,0,0,0,0,9,0.0,0.0,0.0,9,9,9
São Sebastião,Fabricacao de produtos diversos nao especificados anteriormente,4,0,0,0,0,4,0.0,0.0,0.0,4,4,4
São Sebastião,"Fabricacao de tanques, reservatorios metalicos e caldeiras para aquecimento central",1,0,0,0,0,1,0.0,0.0,0.0,1,1,1
São Sebastião,"Fabricacao de tintas, vernizes, esmaltes e lacas",1,0,0,0,0,1,0.0,0.0,0.0,1,1,1
São Sebastião,"Faccao de pecas do vestuario, exceto roupas intimas",1,0,0,0,0,1,0.0,0.0,0.0,1,1,1
São Sebastião,Impressao de material para outros usos,1,0,0,0,0,1,0.0,0.0,0.0,1,1,1
São Sebastião,Impressao de material para uso publicitario,1,0,0,0,0,1,0.0,0.0,0.0,1,1,1
São Sebastião,Incorporacao de empreendimentos imobiliarios,3,0,0,0,0,3,0.0,0.0,0.0,3,3,3
São Sebastião,"Instalacao e manutencao de sistemas centrais de ar condicionado, de ventilacao e refrigeracao",5,0,0,0,0,5,0.0,0.0,0.0,5,5,5
São Sebastião,Instalacao e manutencao eletrica,8,0,0,0,0,8,0.0,0.0,0.0,8,8,8
São Sebastião,"Manutencao e reparacao de equipamentos hidraulicos e pneumaticos, exceto valvulas",1,0,0,0,0,1,0.0,0.0,0.0,1,1,1
São Sebastião,Manutencao e reparacao de motocicletas e motonetas,5,0,0,0,0,5,0.0,0.0,0.0,5,5,5
São Sebastião,"Manutencao e reparacao de tanques, reservatorios metalicos e caldeiras, exceto para veiculos",1,0,0,0,0,1,0.0,0.0,0.0,1,1,1
São Sebastião,Obras de alvenaria,16,0,0,0,0,16,0.0,0.0,0.0,16,16,16
São Sebastião,Obras de terraplenagem,2,0,0,0,0,2,0.0,0.0,0.0,2,2,2
São Sebastião,Outras atividades de telecomunicacoes nao especificadas anteriormente,1,0,0,0,0,1,0.0,0.0,0.0,1,1,1
São Sebastião,Outras obras de acabamento da construcao,1,0,0,0,0,1,0.0,0.0,0.0,1,1,1
São Sebastião,"Outros servicos de acabamento em fios, tecidos, artefatos texteis e pecas do vestuario",1,0,0,0,0,1,0.0,0.0,0.0,1,1,1
São Sebastião,Provedores de acesso as redes de comunicacoes,4,0,0,0,0,4,0.0,0.0,0.0,4,4,4
São Sebastião,Recondicionamento e recuperacao de motores para veiculos automotores,1,0,0,0,0,1,0.0,0.0,0.0,1,1,1
São Sebastião,"Servicos de acabamentos graficos, exceto encadernacao e plastificacao",1,0,0,0,0,1,0.0,0.0,0.0,1,1,1
São Sebastião,Servicos de alinhamento e balanceamento de veiculos automotores,2,0,0,0,0,2,0.0,0.0,0.0,2,2,2
São Sebastião,Servicos de borracharia para veiculos automotores,3,0,0,0,0,3,0.0,0.0,0.0,3,3,3
São Sebastião,Servicos de capotaria,1,0,0,0,0,1,0.0,0.0,0.0,1,1,1
São Sebastião,Servicos de comunicacao multimidia - scm,1,0,0,0,0,1,0.0,0.0,0.0,1,1,1
São Sebastião,"Servicos de instalacao, manutencao e reparacao de acessorios para veiculos automotores",2,0,0,0,0,2,0.0,0.0,0.0,2,2,2
São Sebastião,Servicos de manutencao e reparacao eletrica de veiculos automotores,6,0,0,0,0,6,0.0,0.0,0.0,6,6,6
São Sebastião,Servicos de manutencao e reparacao mecanica de veiculos automotores,9,0,0,0,0,9,0.0,0.0,0.0,9,9,9
São Sebastião,Servicos de pintura de edificios em geral,1,0,0,0,0,1,0.0,0.0,0.0,1,1,1
São Sebastião,Servicos de tratamento e revestimento em metais,1,0,0,0,0,1,0.0,0.0,0.0,1,1,1
São Sebastião,"Servicos de usinagem, tornearia e solda",2,0,0,0,0,2,0.0,0.0,0.0,2,2,2
São Sebastião,Transmissao de energia eletrica,1,0,0,0,0,1,0.0,0.0,0.0,1,1,1
Tanque d'Arca,"Aparelhamento de placas e execucao de trabalhos em marmore, granito, ardosia e outras pedras",1,0,0,0,0,1,0.0,0.0,0.0,1,1,1
Tanque d'Arca,Atividades do correio nacional,1,0,0,0,0,1,0.0,0.0,0.0,1,1,1
Tanque d'Arca,Construcao de edificios,3,0,0,0,0,3,0.0,0.0,0.0,3,3,3
Tanque d'Arca,Fabricacao de artefatos texteis para uso domestico,1,0,0,0,0,1,0.0,0.0,0.0,1,1,1
Tanque d'Arca,"Fabricacao de artigos de serralheria, exceto esquadrias",1,0,0,0,0,1,0.0,0.0,0.0,1,1,1
Tanque d'Arca,Fabricacao de artigos de vidro,1,0,0,0,0,1,0.0,0.0,0.0,1,1,1
Tanque d'Arca,Fabricacao de embalagens de papel,1,0,0,0,0,1,0.0,0.0,0.0,1,1,1
Tanque d'Arca,Fabricacao de produtos de padaria e confeitaria com predominancia de producao propria,2,0,0,0,0,2,0.0,0.0,0.0,2,2,2
Tanque d'Arca,"Fabricacao de produtos de pastas celulosicas, papel, cartolina, papel cartao e papelao ondulado nao especificados anteriormente",1,0,0,0,0,1,0.0,0.0,0.0,1,1,1
Tanque d'Arca,"Instalacao e manutencao de sistemas centrais de ar condicionado, de ventilacao e refrigeracao",1,0,0,0,0,1,0.0,0.0,0.0,1,1,1
Tanque d'Arca,Instalacoes de sistema de prevencao contra incendio,1,0,0,0,0,1,0.0,0.0,0.0,1,1,1
Tanque d'Arca,Manutencao e reparacao de motocicletas e motonetas,2,0,0,0,0,2,0.0,0.0,0.0,2,2,2
Tanque d'Arca,Obras de alvenaria,3,0,0,0,0,3,0.0,0.0,0.0,3,3,3
Tanque d'Arca,Servicos de borracharia para veiculos automotores,1,0,0,0,0,1,0.0,0.0,0.0,1,1,1
Tanque d'Arca,Servicos de comunicacao multimidia - scm,1,0,0,0,0,1,0.0,0.0,0.0,1,1,1
Taquarana,"Aparelhamento de placas e execucao de trabalhos em marmore, granito, ardosia e outras pedras",1,0,0,0,0,1,0.0,0.0,0.0,1,1,1
Taquarana,Atividades do correio nacional,1,0,0,0,0,1,0.0,0.0,0.0,1,1,1
Taquarana,"Captacao, tratamento e distribuicao de agua",1,0,0,0,0,1,0.0,0.0,0.0,1,1,1
Taquarana,"Confeccao de pecas de vestuario, exceto roupas intimas e as confeccionadas sob medida",1,0,0,0,0,1,0.0,0.0,0.0,1,1,1
Taquarana,"Confeccao, sob medida, de pecas do vestuario, exceto roupas intimas",2,0,0,0,0,2,0.0,0.0,0.0,2,2,2
Taquarana,Construcao de edificios,15,0,0,0,0,15,0.0,0.0,0.0,15,15,15
Taquarana,"Estamparia e texturizacao em fios, tecidos, artefatos texteis e pecas do vestuario",1,0,0,0,0,1,0.0,0.0,0.0,1,1,1
Taquarana,Fabricacao de alimentos e pratos prontos,1,0,0,0,0,1,0.0,0.0,0.0,1,1,1
Taquarana,Fabricacao de alimentos para animais,1,1,0,0,1,0,100.0,0.0,100.0,0,1,0
Taquarana,"Fabricacao de artefatos diversos de madeira, exceto moveis",1,0,0,0,0,1,0.0,0.0,0.0,1,1,1
Taquarana,"Fabricacao de artigos de serralheria, exceto esquadrias",3,0,0,0,0,3,0.0,0.0,0.0,3,3,3
Taquarana,Fabricacao de artigos de vidro,1,0,0,0,0,1,0.0,0.0,0.0,1,1,1
Taquarana,Fabricacao de conservas de frutas,2,0,0,0,0,2,0.0,0.0,0.0,2,2,2
Taquarana,Fabricacao de estruturas metalicas,1,0,0,0,0,1,0.0,0.0,0.0,1,1,1
Taquarana,Fabricacao de farinha de mandioca e derivados,2,0,0,0,0,2,0.0,0.0,0.0,2,2,2
Taquarana,Fabricacao de laticinios,2,0,0,0,0,2,0.0,0.0,0.0,2,2,2
Taquarana,Fabricacao de moveis com predominancia de madeira,3,0,0,0,0,3,0.0,0.0,0.0,3,3,3
Taquarana,"Fabricacao de moveis de outros materiais, exceto madeira e metal",1,0,0,0,0,1,0.0,0.0,0.0,1,1,1
Taquarana,Fabricacao de produtos de padaria e confeitaria com predominancia de producao propria,3,0,0,0,0,3,0.0,0.0,0.0,3,3,3
Taquarana,Fabricacao de produtos de panificacao industrial,3,0,0,0,0,3,0.0,0.0,0.0,3,3,3
Taquarana,Fornecimento de alimentos preparados preponderantemente para empresas,1,0,0,0,0,1,0.0,0.0,0.0,1,1,1
Taquarana,Impressao de material para outros usos,2,0,0,0,0,2,0.0,0.0,0.0,2,2,2
Taquarana,Impressao de material para uso publicitario,1,0,0,0,0,1,0.0,0.0,0.0,1,1,1
Taquarana,Incorporacao de empreendimentos imobiliarios,3,0,0,0,0,3,0.0,0.0,0.0,3,3,3
Taquarana,Instalacao de maquinas e equipamentos industriais,1,0,0,0,0,1,0.0,0.0,0.0,1,1,1
Taquarana,"Instalacao e manutencao de sistemas centrais de ar condicionado, de ventilacao e refrigeracao",2,0,0,0,0,2,0.0,0.0,0.0,2,2,2
Taquarana,Instalacao e manutencao eletrica,12,0,0,0,0,12,0.0,0.0,0.0,12,12,12
Taquarana,"Instalacoes hidraulicas, sanitarias e de gas",1,0,0,0,0,1,0.0,0.0,0.0,1,1,1
Taquarana,Manutencao e reparacao de equipamentos e produtos nao especificados anteriormente,1,0,0,0,0,1,0.0,0.0,0.0,1,1,1
Taquarana,Manutencao e reparacao de motocicletas e motonetas,9,0,0,0,0,9,0.0,0.0,0.0,9,9,9
Taquarana,Obras de acabamento em gesso e estuque,1,0,0,0,0,1,0.0,0.0,0.0,1,1,1
Taquarana,Obras de alvenaria,6,0,0,0,0,6,0.0,0.0,0.0,6,6,6
Taquarana,Outras atividades de telecomunicacoes nao especificadas anteriormente,1,0,0,0,0,1,0.0,0.0,0.0,1,1,1
Taquarana,Provedores de acesso as redes de comunicacoes,2,0,0,0,0,2,0.0,0.0,0.0,2,2,2
Taquarana,Servicos de capotaria,2,0,0,0,0,2,0.0,0.0,0.0,2,2,2
Taquarana,Servicos de comunicacao multimidia - scm,1,0,0,0,0,1,0.0,0.0,0.0,1,1,1
Taquarana,Servicos de confeccao de armacoes metalicas para a construcao,1,0,0,0,0,1,0.0,0.0,0.0,1,1,1
Taquarana,Servicos de engenharia,6,1,0,0,1,5,16.6667,0.0,16.6667,5,6,5
Taquarana,"Servicos de instalacao, manutencao e reparacao de acessorios para veiculos automotores",1,0,0,0,0,1,0.0,0.0,0.0,1,1,1
Taquarana,Servicos de lanternagem ou funilaria e pintura de veiculos automotores,1,0,0,0,0,1,0.0,0.0,0.0,1,1,1
Taquarana,Servicos de manutencao e reparacao mecanica de veiculos automotores,3,0,0,0,0,3,0.0,0.0,0.0,3,3,3
Taquarana,Servicos de montagem de moveis de qualquer material,1,0,0,0,0,1,0.0,0.0,0.0,1,1,1
Taquarana,Servicos de pintura de edificios em geral,1,0,0,0,0,1,0.0,0.0,0.0,1,1,1
Taquarana,Servicos de pre impressao,1,0,0,0,0,1,0.0,0.0,0.0,1,1,1
Taquarana,Transmissao de energia eletrica,1,0,0,0,0,1,0.0,0.0,0.0,1,1,1
Teotônio Vilela,Acabamento de calcados de couro sob contrato,3,0,0,0,0,3,0.0,0.0,0.0,3,3,3
Teotônio Vilela,Administracao de obras,1,0,0,0,0,1,0.0,0.0,0.0,1,1,1
Teotônio Vilela,Aluguel de andaimes,1,0,0,0,0,1,0.0,0.0,0.0,1,1,1
Teotônio Vilela,"Aparelhamento de placas e execucao de trabalhos em marmore, granito, ardosia e outras pedras",1,0,0,0,0,1,0.0,0.0,0.0,1,1,1
Teotônio Vilela,Aplicacao de revestimentos e de resinas em interiores e exteriores,2,0,0,0,0,2,0.0,0.0,0.0,2,2,2
Teotônio Vilela,Atividades do correio nacional,1,0,0,0,0,1,0.0,0.0,0.0,1,1,1
Teotônio Vilela,"Captacao, tratamento e distribuicao de agua",2,0,0,0,0,2,0.0,0.0,0.0,2,2,2
Teotônio Vilela,Comercio atacadista de energia eletrica,1,0,0,0,0,1,0.0,0.0,0.0,1,1,1
Teotônio Vilela,"Confeccao de pecas de vestuario, exceto roupas intimas e as confeccionadas sob medida",4,0,0,0,0,4,0.0,0.0,0.0,4,4,4
Teotônio Vilela,"Confeccao de roupas profissionais, exceto sob medida",1,0,0,0,0,1,0.0,0.0,0.0,1,1,1
Teotônio Vilela,"Confeccao, sob medida, de pecas do vestuario, exceto roupas intimas",2,0,0,0,0,2,0.0,0.0,0.0,2,2,2
Teotônio Vilela,Construcao de edificios,20,0,0,0,0,20,0.0,0.0,0.0,20,20,20
Teotônio Vilela,Construcao de rodovias e ferrovias,1,0,0,0,0,1,0.0,0.0,0.0,1,1,1
Teotônio Vilela,Desenvolvimento e licenciamento de programas de computador nao customizaveis,1,0,0,0,0,1,0.0,0.0,0.0,1,1,1
Teotônio Vilela,Distribuicao de energia eletrica,1,0,0,0,0,1,0.0,0.0,0.0,1,1,1
Teotônio Vilela,"Estamparia e texturizacao em fios, tecidos, artefatos texteis e pecas do vestuario",2,0,0,0,0,2,0.0,0.0,0.0,2,2,2
Teotônio Vilela,"Extracao de areia, cascalho ou pedregulho e beneficiamento associado",6,0,0,0,0,6,0.0,0.0,0.0,6,6,6
Teotônio Vilela,Extracao de argila e beneficiamento associado,1,0,0,0,0,1,0.0,0.0,0.0,1,1,1
Teotônio Vilela,Fabricacao de acucar em bruto,1,0,0,0,0,1,0.0,0.0,0.0,1,1,1
Teotônio Vilela,"Fabricacao de adubos e fertilizantes, exceto organominerais",1,0,0,0,0,1,0.0,0.0,0.0,1,1,1
Teotônio Vilela,Fabricacao de aguardente de cana de acucar,1,0,0,0,0,1,0.0,0.0,0.0,1,1,1
Teotônio Vilela,Fabricacao de alimentos para animais,1,1,1,1,1,0,100.0,100.0,100.0,0,0,0
Teotônio Vilela,Fabricacao de amidos e feculas de vegetais,2,0,0,0,0,2,0.0,0.0,0.0,2,2,2
Teotônio Vilela,"Fabricacao de artefatos diversos de cortica, bambu, palha, vime e outros materiais trancados, exceto moveis",1,0,0,0,0,1,0.0,0.0,0.0,1,1,1
Teotônio Vilela,Fabricacao de artefatos texteis para uso domestico,1,0,0,0,0,1,0.0,0.0,0.0,1,1,1
Teotônio Vilela,"Fabricacao de artigos de serralheria, exceto esquadrias",8,0,0,0,0,8,0.0,0.0,0.0,8,8,8
Teotônio Vilela,"Fabricacao de artigos do vestuario, produzidos em malharias e tricotagens, exceto meias",1,0,0,0,0,1,0.0,0.0,0.0,1,1,1
Teotônio Vilela,Fabricacao de aviamentos para costura,1,0,0,0,0,1,0.0,0.0,0.0,1,1,1
Teotônio Vilela,Fabricacao de bijuterias e artefatos semelhantes,1,0,0,0,0,1,0.0,0.0,0.0,1,1,1
Teotônio Vilela,Fabricacao de embalagens de material plastico,1,0,0,0,0,1,0.0,0.0,0.0,1,1,1
Teotônio Vilela,"Fabricacao de especiarias, molhos, temperos e condimentos",1,0,0,0,0,1,0.0,0.0,0.0,1,1,1
Teotônio Vilela,Fabricacao de esquadrias de metal,1,0,0,0,0,1,0.0,0.0,0.0,1,1,1
Teotônio Vilela,Fabricacao de farinha de mandioca e derivados,1,1,0,0,1,0,100.0,0.0,100.0,0,1,0
Teotônio Vilela,"Fabricacao de letras, letreiros e placas de qualquer material, exceto luminosos",2,0,0,0,0,2,0.0,0.0,0.0,2,2,2
Teotônio Vilela,"Fabricacao de maquinas e equipamentos para uso industrial especifico nao especificados anteriormente, pecas e acessorios",1,0,0,0,0,1,0.0,0.0,0.0,1,1,1
Teotônio Vilela,Fabricacao de massas alimenticias,1,0,0,0,0,1,0.0,0.0,0.0,1,1,1
Teotônio Vilela,Fabricacao de moveis com predominancia de madeira,7,0,0,0,0,7,0.0,0.0,0.0,7,7,7
Teotônio Vilela,Fabricacao de obras de caldeiraria pesada,3,0,0,0,0,3,0.0,0.0,0.0,3,3,3
Teotônio Vilela,"Fabricacao de outras maquinas e equipamentos de uso geral nao especificados anteriormente, pecas e acessorios",1,0,0,0,0,1,0.0,0.0,0.0,1,1,1
Teotônio Vilela,"Fabricacao de outros artefatos e produtos de concreto, cimento, fibrocimento, gesso e materiais semelhantes",2,0,0,0,0,2,0.0,0.0,0.0,2,2,2
Teotônio Vilela,Fabricacao de outros brinquedos e jogos recreativos nao especificados anteriormente,1,0,0,0,0,1,0.0,0.0,0.0,1,1,1
Teotônio Vilela,Fabricacao de outros produtos de metal nao especificados anteriormente,1,0,0,0,0,1,0.0,0.0,0.0,1,1,1
Teotônio Vilela,Fabricacao de outros produtos texteis nao especificados anteriormente,2,0,0,0,0,2,0.0,0.0,0.0,2,2,2
Teotônio Vilela,Fabricacao de produtos de padaria e confeitaria com predominancia de producao propria,10,0,0,0,0,10,0.0,0.0,0.0,10,10,10
Teotônio Vilela,Fabricacao de produtos de panificacao industrial,5,0,0,0,0,5,0.0,0.0,0.0,5,5,5
Teotônio Vilela,"Fabricacao de produtos de pastas celulosicas, papel, cartolina, papel cartao e papelao ondulado nao especificados anteriormente",4,0,0,0,0,4,0.0,0.0,0.0,4,4,4
Teotônio Vilela,Fabricacao de produtos derivados do cacau e de chocolates,1,0,0,0,0,1,0.0,0.0,0.0,1,1,1
Teotônio Vilela,Fabricacao de produtos diversos nao especificados anteriormente,4,0,0,0,0,4,0.0,0.0,0.0,4,4,4
Teotônio Vilela,"Fabricacao de tanques, reservatorios metalicos e caldeiras para aquecimento central",2,0,0,0,0,2,0.0,0.0,0.0,2,2,2
Teotônio Vilela,"Faccao de pecas do vestuario, exceto roupas intimas",1,0,0,0,0,1,0.0,0.0,0.0,1,1,1
Teotônio Vilela,Geracao de energia eletrica,4,1,1,1,1,3,25.0,25.0,25.0,3,3,3
Teotônio Vilela,Impressao de material para outros usos,2,0,0,0,0,2,0.0,0.0,0.0,2,2,2
Teotônio Vilela,Impressao de material para uso publicitario,2,0,0,0,0,2,0.0,0.0,0.0,2,2,2
Teotônio Vilela,Instalacao de maquinas e equipamentos industriais,5,0,0,0,0,5,0.0,0.0,0.0,5,5,5
Teotônio Vilela,Instalacao de paineis publicitarios,2,0,0,0,0,2,0.0,0.0,0.0,2,2,2
Teotônio Vilela,"Instalacao e manutencao de sistemas centrais de ar condicionado, de ventilacao e refrigeracao",4,0,0,0,0,4,0.0,0.0,0.0,4,4,4
Teotônio Vilela,Instalacao e manutencao eletrica,17,0,0,0,0,17,0.0,0.0,0.0,17,17,17
Teotônio Vilela,"Instalacoes hidraulicas, sanitarias e de gas",2,0,0,0,0,2,0.0,0.0,0.0,2,2,2
Teotônio Vilela,"Manutencao e reparacao de equipamentos hidraulicos e pneumaticos, exceto valvulas",1,0,0,0,0,1,0.0,0.0,0.0,1,1,1
Teotônio Vilela,"Manutencao e reparacao de geradores, transformadores e motores eletricos",2,0,0,0,0,2,0.0,0.0,0.0,2,2,2
Teotônio Vilela,Manutencao e reparacao de maquinas e aparelhos de refrigeracao e ventilacao para uso industrial e comercial,1,0,0,0,0,1,0.0,0.0,0.0,1,1,1
Teotônio Vilela,Manutencao e reparacao de maquinas e equipamentos para uso geral nao especificados anteriormente,1,0,0,0,0,1,0.0,0.0,0.0,1,1,1
Teotônio Vilela,"Manutencao e reparacao de maquinas para a industria metalurgica, exceto maquinas ferramenta",2,0,0,0,0,2,0.0,0.0,0.0,2,2,2
Teotônio Vilela,"Manutencao e reparacao de maquinas, aparelhos e materiais eletricos nao especificados anteriormente",1,0,0,0,0,1,0.0,0.0,0.0,1,1,1
Teotônio Vilela,Manutencao e reparacao de motocicletas e motonetas,3,0,0,0,0,3,0.0,0.0,0.0,3,3,3
Teotônio Vilela,"Manutencao e reparacao de tanques, reservatorios metalicos e caldeiras, exceto para veiculos",15,1,0,0,1,14,6.6667,0.0,6.6667,14,15,14
Teotônio Vilela,Montagem de estruturas metalicas,2,0,0,0,0,2,0.0,0.0,0.0,2,2,2
Teotônio Vilela,Obras de acabamento em gesso e estuque,2,0,0,0,0,2,0.0,0.0,0.0,2,2,2
Teotônio Vilela,Obras de alvenaria,20,0,0,0,0,20,0.0,0.0,0.0,20,20,20
Teotônio Vilela,Obras de montagem industrial,1,0,0,0,0,1,0.0,0.0,0.0,1,1,1
Teotônio Vilela,Obras de terraplenagem,4,0,0,0,0,4,0.0,0.0,0.0,4,4,4
Teotônio Vilela,Outras atividades de telecomunicacoes nao especificadas anteriormente,4,0,0,0,0,4,0.0,0.0,0.0,4,4,4
Teotônio Vilela,"Outros servicos de acabamento em fios, tecidos, artefatos texteis e pecas do vestuario",2,0,0,0,0,2,0.0,0.0,0.0,2,2,2
Teotônio Vilela,Perfuracao e construcao de pocos de agua,1,0,0,0,0,1,0.0,0.0,0.0,1,1,1
Teotônio Vilela,Provedores de acesso as redes de comunicacoes,1,0,0,0,0,1,0.0,0.0,0.0,1,1,1
Teotônio Vilela,"Recuperacao de materiais metalicos, exceto aluminio",2,0,0,0,0,2,0.0,0.0,0.0,2,2,2
Teotônio Vilela,Recuperacao de materiais plasticos,1,0,0,0,0,1,0.0,0.0,0.0,1,1,1
Teotônio Vilela,Reforma de pneumaticos usados,1,0,0,0,0,1,0.0,0.0,0.0,1,1,1
Teotônio Vilela,Servico de corte e dobra de metais,1,0,0,0,0,1,0.0,0.0,0.0,1,1,1
Teotônio Vilela,Servicos de borracharia para veiculos automotores,6,0,0,0,0,6,0.0,0.0,0.0,6,6,6
Teotônio Vilela,Servicos de capotaria,3,0,0,0,0,3,0.0,0.0,0.0,3,3,3
Teotônio Vilela,Servicos de comunicacao multimidia - scm,3,0,0,0,0,3,0.0,0.0,0.0,3,3,3
Teotônio Vilela,Servicos de confeccao de armacoes metalicas para a construcao,3,0,0,0,0,3,0.0,0.0,0.0,3,3,3
Teotônio Vilela,Servicos de engenharia,8,0,0,0,0,8,0.0,0.0,0.0,8,8,8
Teotônio Vilela,"Servicos de instalacao, manutencao e reparacao de acessorios para veiculos automotores",4,0,0,0,0,4,0.0,0.0,0.0,4,4,4
Teotônio Vilela,Servicos de lanternagem ou funilaria e pintura de veiculos automotores,7,0,0,0,0,7,0.0,0.0,0.0,7,7,7
Teotônio Vilela,Servicos de manutencao e reparacao eletrica de veiculos automotores,5,0,0,0,0,5,0.0,0.0,0.0,5,5,5
Teotônio Vilela,Servicos de manutencao e reparacao mecanica de veiculos automotores,19,0,0,0,0,19,0.0,0.0,0.0,19,19,19
Teotônio Vilela,Servicos de montagem de moveis de qualquer material,2,0,0,0,0,2,0.0,0.0,0.0,2,2,2
Teotônio Vilela,Servicos de pintura de edificios em geral,4,0,0,0,0,4,0.0,0.0,0.0,4,4,4
Teotônio Vilela,"Servicos de usinagem, tornearia e solda",12,0,0,0,0,12,0.0,0.0,0.0,12,12,12
Traipu,Atividades do correio nacional,1,0,0,0,0,1,0.0,0.0,0.0,1,1,1
Traipu,"Confeccao de pecas de vestuario, exceto roupas intimas e as confeccionadas sob medida",1,0,0,0,0,1,0.0,0.0,0.0,1,1,1
Traipu,Construcao de edificios,4,0,0,0,0,4,0.0,0.0,0.0,4,4,4
Traipu,Extracao e britamento de pedras e outros materiais para construcao e beneficiamento associado,1,0,0,0,0,1,0.0,0.0,0.0,1,1,1
Traipu,Fabricacao de alimentos e pratos prontos,1,0,0,0,0,1,0.0,0.0,0.0,1,1,1
Traipu,"Fabricacao de artefatos diversos de madeira, exceto moveis",1,0,0,0,0,1,0.0,0.0,0.0,1,1,1
Traipu,"Fabricacao de artigos de serralheria, exceto esquadrias",1,0,0,0,0,1,0.0,0.0,0.0,1,1,1
Traipu,Fabricacao de laticinios,2,0,0,0,0,2,0.0,0.0,0.0,2,2,2
Traipu,Fabricacao de moveis com predominancia de madeira,1,0,0,0,0,1,0.0,0.0,0.0,1,1,1
Traipu,"Fabricacao de outros artefatos e produtos de concreto, cimento, fibrocimento, gesso e materiais semelhantes",1,0,0,0,0,1,0.0,0.0,0.0,1,1,1
Traipu,Fabricacao de produtos de padaria e confeitaria com predominancia de producao propria,1,0,0,0,0,1,0.0,0.0,0.0,1,1,1
Traipu,Fabricacao de produtos diversos nao especificados anteriormente,2,0,0,0,0,2,0.0,0.0,0.0,2,2,2
Traipu,Impressao de material para outros usos,1,0,0,0,0,1,0.0,0.0,0.0,1,1,1
Traipu,Impressao de material para uso publicitario,1,0,0,0,0,1,0.0,0.0,0.0,1,1,1
Traipu,Manutencao e reparacao de motocicletas e motonetas,2,0,0,0,0,2,0.0,0.0,0.0,2,2,2
Traipu,Obras de alvenaria,4,0,0,0,0,4,0.0,0.0,0.0,4,4,4
Traipu,Provedores de acesso as redes de comunicacoes,2,0,0,0,0,2,0.0,0.0,0.0,2,2,2
Traipu,Servicos de borracharia para veiculos automotores,1,0,0,0,0,1,0.0,0.0,0.0,1,1,1
Traipu,Servicos de engenharia,1,0,0,0,0,1,0.0,0.0,0.0,1,1,1
Traipu,Servicos de manutencao e reparacao mecanica de veiculos automotores,2,0,0,0,0,2,0.0,0.0,0.0,2,2,2
União dos Palmares,Administracao de obras,1,0,0,0,0,1,0.0,0.0,0.0,1,1,1
União dos Palmares,"Aparelhamento de placas e execucao de trabalhos em marmore, granito, ardosia e outras pedras",2,0,0,0,0,2,0.0,0.0,0.0,2,2,2
União dos Palmares,Atividades do correio nacional,1,0,0,0,0,1,0.0,0.0,0.0,1,1,1
União dos Palmares,"Captacao, tratamento e distribuicao de agua",2,1,1,1,1,1,50.0,50.0,50.0,1,1,1
União dos Palmares,Coleta de residuos nao perigosos,81,0,0,0,0,81,0.0,0.0,0.0,81,81,81
União dos Palmares,"Confeccao de pecas de vestuario, exceto roupas intimas e as confeccionadas sob medida",6,0,0,0,0,6,0.0,0.0,0.0,6,6,6
União dos Palmares,"Confeccao, sob medida, de pecas do vestuario, exceto roupas intimas",23,0,0,0,0,23,0.0,0.0,0.0,23,23,23
União dos Palmares,Construcao de edificios,17,0,0,0,0,17,0.0,0.0,0.0,17,17,17
União dos Palmares,Construcao de estacoes e redes de distribuicao de energia eletrica,1,0,0,0,0,1,0.0,0.0,0.0,1,1,1
União dos Palmares,Construcao de rodovias e ferrovias,1,0,0,0,0,1,0.0,0.0,0.0,1,1,1
União dos Palmares,Distribuicao de energia eletrica,2,0,0,0,0,2,0.0,0.0,0.0,2,2,2
União dos Palmares,"Estamparia e texturizacao em fios, tecidos, artefatos texteis e pecas do vestuario",1,0,0,0,0,1,0.0,0.0,0.0,1,1,1
União dos Palmares,"Fabricacao de acessorios do vestuario, exceto para seguranca e protecao",1,0,0,0,0,1,0.0,0.0,0.0,1,1,1
União dos Palmares,Fabricacao de acucar em bruto,1,0,0,0,0,1,0.0,0.0,0.0,1,1,1
União dos Palmares,Fabricacao de alimentos e pratos prontos,1,0,0,0,0,1,0.0,0.0,0.0,1,1,1
União dos Palmares,Fabricacao de artefatos de borracha nao especificados anteriormente,1,0,0,0,0,1,0.0,0.0,0.0,1,1,1
União dos Palmares,Fabricacao de artefatos de cimento para uso na construcao,2,0,0,0,0,2,0.0,0.0,0.0,2,2,2
União dos Palmares,Fabricacao de artefatos de couro nao especificados anteriormente,1,0,0,0,0,1,0.0,0.0,0.0,1,1,1
União dos Palmares,"Fabricacao de artefatos diversos de madeira, exceto moveis",3,0,0,0,0,3,0.0,0.0,0.0,3,3,3
União dos Palmares,Fabricacao de artefatos texteis para uso domestico,2,0,0,0,0,2,0.0,0.0,0.0,2,2,2
União dos Palmares,"Fabricacao de artigos de serralheria, exceto esquadrias",11,0,0,0,0,11,0.0,0.0,0.0,11,11,11
União dos Palmares,"Fabricacao de artigos do vestuario, produzidos em malharias e tricotagens, exceto meias",1,0,0,0,0,1,0.0,0.0,0.0,1,1,1
União dos Palmares,Fabricacao de bijuterias e artefatos semelhantes,3,0,0,0,0,3,0.0,0.0,0.0,3,3,3
União dos Palmares,"Fabricacao de canetas, lapis e outros artigos para escritorio",1,0,0,0,0,1,0.0,0.0,0.0,1,1,1
União dos Palmares,Fabricacao de colchoes,1,0,0,0,0,1,0.0,0.0,0.0,1,1,1
União dos Palmares,Fabricacao de conservas de frutas,1,0,0,0,0,1,0.0,0.0,0.0,1,1,1
União dos Palmares,Fabricacao de embalagens de material plastico,1,0,0,0,0,1,0.0,0.0,0.0,1,1,1
União dos Palmares,Fabricacao de equipamentos e acessorios para seguranca pessoal e profissional,1,0,0,0,0,1,0.0,0.0,0.0,1,1,1
União dos Palmares,"Fabricacao de especiarias, molhos, temperos e condimentos",1,0,0,0,0,1,0.0,0.0,0.0,1,1,1
União dos Palmares,Fabricacao de esquadrias de metal,1,0,0,0,0,1,0.0,0.0,0.0,1,1,1
União dos Palmares,Fabricacao de laticinios,4,0,0,0,0,4,0.0,0.0,0.0,4,4,4
União dos Palmares,"Fabricacao de letras, letreiros e placas de qualquer material, exceto luminosos",4,0,0,0,0,4,0.0,0.0,0.0,4,4,4
União dos Palmares,Fabricacao de moveis com predominancia de madeira,10,0,0,0,0,10,0.0,0.0,0.0,10,10,10
União dos Palmares,"Fabricacao de moveis de outros materiais, exceto madeira e metal",3,0,0,0,0,3,0.0,0.0,0.0,3,3,3
União dos Palmares,Fabricacao de obras de caldeiraria pesada,1,0,0,0,0,1,0.0,0.0,0.0,1,1,1
União dos Palmares,"Fabricacao de outros artefatos e produtos de concreto, cimento, fibrocimento, gesso e materiais semelhantes",1,0,0,0,0,1,0.0,0.0,0.0,1,1,1
União dos Palmares,Fabricacao de outros produtos alimenticios nao especificados anteriormente,1,0,0,0,0,1,0.0,0.0,0.0,1,1,1
União dos Palmares,Fabricacao de outros produtos texteis nao especificados anteriormente,7,0,0,0,0,7,0.0,0.0,0.0,7,7,7
União dos Palmares,Fabricacao de paineis e letreiros luminosos,1,0,0,0,0,1,0.0,0.0,0.0,1,1,1
União dos Palmares,Fabricacao de produtos de carne,2,0,0,0,0,2,0.0,0.0,0.0,2,2,2
União dos Palmares,Fabricacao de produtos de padaria e confeitaria com predominancia de producao propria,27,0,0,0,0,27,0.0,0.0,0.0,27,27,27
União dos Palmares,Fabricacao de produtos de panificacao industrial,4,0,0,0,0,4,0.0,0.0,0.0,4,4,4
União dos Palmares,"Fabricacao de produtos de pastas celulosicas, papel, cartolina, papel cartao e papelao ondulado nao especificados anteriormente",1,0,0,0,0,1,0.0,0.0,0.0,1,1,1
União dos Palmares,Fabricacao de produtos derivados do cacau e de chocolates,1,0,0,0,0,1,0.0,0.0,0.0,1,1,1
União dos Palmares,Fabricacao de produtos diversos nao especificados anteriormente,8,0,0,0,0,8,0.0,0.0,0.0,8,8,8
União dos Palmares,Fabricacao de saboes e detergentes sinteticos,1,0,0,0,0,1,0.0,0.0,0.0,1,1,1
União dos Palmares,Fabricacao de sorvetes e outros gelados comestiveis,1,0,0,0,0,1,0.0,0.0,0.0,1,1,1
União dos Palmares,Fabricacao de vinagres,1,0,0,0,0,1,0.0,0.0,0.0,1,1,1
União dos Palmares,"Faccao de pecas do vestuario, exceto roupas intimas",4,0,0,0,0,4,0.0,0.0,0.0,4,4,4
União dos Palmares,Fornecimento de alimentos preparados preponderantemente para empresas,8,0,0,0,0,8,0.0,0.0,0.0,8,8,8
União dos Palmares,Geracao de energia eletrica,1,0,0,0,0,1,0.0,0.0,0.0,1,1,1
União dos Palmares,Impressao de material para outros usos,6,0,0,0,0,6,0.0,0.0,0.0,6,6,6
União dos Palmares,Impressao de material para uso publicitario,2,0,0,0,0,2,0.0,0.0,0.0,2,2,2
União dos Palmares,Incorporacao de empreendimentos imobiliarios,4,0,0,0,0,4,0.0,0.0,0.0,4,4,4
União dos Palmares,"Instalacao de portas, janelas, tetos, divisorias e armarios embutidos de qualquer material",3,0,0,0,0,3,0.0,0.0,0.0,3,3,3
União dos Palmares,"Instalacao e manutencao de sistemas centrais de ar condicionado, de ventilacao e refrigeracao",15,0,0,0,0,15,0.0,0.0,0.0,15,15,15
União dos Palmares,Instalacao e manutencao eletrica,27,0,0,0,0,27,0.0,0.0,0.0,27,27,27
União dos Palmares,"Instalacoes hidraulicas, sanitarias e de gas",1,0,0,0,0,1,0.0,0.0,0.0,1,1,1
União dos Palmares,Manutencao e reparacao de equipamentos e produtos nao especificados anteriormente,2,0,0,0,0,2,0.0,0.0,0.0,2,2,2
União dos Palmares,Manutencao e reparacao de maquinas e aparelhos de refrigeracao e ventilacao para uso industrial e comercial,4,0,0,0,0,4,0.0,0.0,0.0,4,4,4
União dos Palmares,"Manutencao e reparacao de maquinas e equipamentos para a industria textil, do vestuario, do couro e calcados",1,0,0,0,0,1,0.0,0.0,0.0,1,1,1
União dos Palmares,"Manutencao e reparacao de maquinas e equipamentos para as industrias de alimentos, bebidas e fumo",1,0,0,0,0,1,0.0,0.0,0.0,1,1,1
União dos Palmares,Manutencao e reparacao de motocicletas e motonetas,21,0,0,0,0,21,0.0,0.0,0.0,21,21,21
União dos Palmares,Obras de acabamento em gesso e estuque,8,0,0,0,0,8,0.0,0.0,0.0,8,8,8
União dos Palmares,Obras de alvenaria,83,0,0,0,0,83,0.0,0.0,0.0,83,83,83
União dos Palmares,Obras de montagem industrial,2,0,0,0,0,2,0.0,0.0,0.0,2,2,2
União dos Palmares,Obras de terraplenagem,1,0,0,0,0,1,0.0,0.0,0.0,1,1,1
União dos Palmares,"Obras de urbanizacao - ruas, pracas e calcadas",3,0,0,0,0,3,0.0,0.0,0.0,3,3,3
União dos Palmares,Outras atividades de telecomunicacoes nao especificadas anteriormente,4,0,0,0,0,4,0.0,0.0,0.0,4,4,4
União dos Palmares,Outras obras de acabamento da construcao,2,0,0,0,0,2,0.0,0.0,0.0,2,2,2
União dos Palmares,"Outros servicos de acabamento em fios, tecidos, artefatos texteis e pecas do vestuario",3,0,0,0,0,3,0.0,0.0,0.0,3,3,3
União dos Palmares,Provedores de acesso as redes de comunicacoes,3,0,0,0,0,3,0.0,0.0,0.0,3,3,3
União dos Palmares,Recondicionamento e recuperacao de motores para veiculos automotores,2,0,0,0,0,2,0.0,0.0,0.0,2,2,2
União dos Palmares,"Recuperacao de materiais metalicos, exceto aluminio",1,0,0,0,0,1,0.0,0.0,0.0,1,1,1
União dos Palmares,Recuperacao de materiais plasticos,2,0,0,0,0,2,0.0,0.0,0.0,2,2,2
União dos Palmares,Serrarias com desdobramento de madeira em bruto,1,0,0,0,0,1,0.0,0.0,0.0,1,1,1
União dos Palmares,Servicos de alinhamento e balanceamento de veiculos automotores,1,0,0,0,0,1,0.0,0.0,0.0,1,1,1
União dos Palmares,Servicos de borracharia para veiculos automotores,9,0,0,0,0,9,0.0,0.0,0.0,9,9,9
União dos Palmares,Servicos de capotaria,2,0,0,0,0,2,0.0,0.0,0.0,2,2,2
União dos Palmares,Servicos de comunicacao multimidia - scm,3,0,0,0,0,3,0.0,0.0,0.0,3,3,3
União dos Palmares,Servicos de engenharia,8,0,0,0,0,8,0.0,0.0,0.0,8,8,8
União dos Palmares,"Servicos de instalacao, manutencao e reparacao de acessorios para veiculos automotores",7,0,0,0,0,7,0.0,0.0,0.0,7,7,7
União dos Palmares,Servicos de lanternagem ou funilaria e pintura de veiculos automotores,10,0,0,0,0,10,0.0,0.0,0.0,10,10,10
União dos Palmares,Servicos de manutencao e reparacao mecanica de veiculos automotores,24,0,0,0,0,24,0.0,0.0,0.0,24,24,24
União dos Palmares,Servicos de montagem de moveis de qualquer material,6,0,0,0,0,6,0.0,0.0,0.0,6,6,6
União dos Palmares,Servicos de pintura de edificios em geral,27,0,0,0,0,27,0.0,0.0,0.0,27,27,27
União dos Palmares,Servicos de pre impressao,2,0,0,0,0,2,0.0,0.0,0.0,2,2,2
União dos Palmares,"Servicos de usinagem, tornearia e solda",9,0,0,0,0,9,0.0,0.0,0.0,9,9,9
União dos Palmares,Transmissao de energia eletrica,2,0,0,0,0,2,0.0,0.0,0.0,2,2,2
Viçosa,Administracao de obras,1,0,0,0,0,1,0.0,0.0,0.0,1,1,1
Viçosa,"Aparelhamento de placas e execucao de trabalhos em marmore, granito, ardosia e outras pedras",1,0,0,0,0,1,0.0,0.0,0.0,1,1,1
Viçosa,Atividades do correio nacional,1,0,0,0,0,1,0.0,0.0,0.0,1,1,1
Viçosa,"Captacao, tratamento e distribuicao de agua",1,0,0,0,0,1,0.0,0.0,0.0,1,1,1
Viçosa,Coleta de residuos nao perigosos,21,0,0,0,0,21,0.0,0.0,0.0,21,21,21
Viçosa,"Confeccao de pecas de vestuario, exceto roupas intimas e as confeccionadas sob medida",2,0,0,0,0,2,0.0,0.0,0.0,2,2,2
Viçosa,"Confeccao, sob medida, de pecas do vestuario, exceto roupas intimas",7,0,0,0,0,7,0.0,0.0,0.0,7,7,7
Viçosa,Construcao de edificios,9,0,0,0,0,9,0.0,0.0,0.0,9,9,9
Viçosa,Construcao de estacoes e redes de telecomunicacoes,1,0,0,0,0,1,0.0,0.0,0.0,1,1,1
Viçosa,"Decoracao, lapidacao, gravacao, vitrificacao e outros trabalhos em ceramica, louca, vidro e cristal",1,0,0,0,0,1,0.0,0.0,0.0,1,1,1
Viçosa,"Estamparia e texturizacao em fios, tecidos, artefatos texteis e pecas do vestuario",1,0,0,0,0,1,0.0,0.0,0.0,1,1,1
Viçosa,"Extracao de areia, cascalho ou pedregulho e beneficiamento associado",1,0,0,0,0,1,0.0,0.0,0.0,1,1,1
Viçosa,Fabricacao de aguas envasadas,1,0,0,0,0,1,0.0,0.0,0.0,1,1,1
Viçosa,Fabricacao de artefatos de couro nao especificados anteriormente,2,0,0,0,0,2,0.0,0.0,0.0,2,2,2
Viçosa,"Fabricacao de artefatos diversos de madeira, exceto moveis",1,0,0,0,0,1,0.0,0.0,0.0,1,1,1
Viçosa,"Fabricacao de artigos de serralheria, exceto esquadrias",4,0,0,0,0,4,0.0,0.0,0.0,4,4,4
Viçosa,Fabricacao de bijuterias e artefatos semelhantes,3,0,0,0,0,3,0.0,0.0,0.0,3,3,3
Viçosa,Fabricacao de calcados de materiais nao especificados anteriormente,1,0,0,0,0,1,0.0,0.0,0.0,1,1,1
Viçosa,Fabricacao de esquadrias de metal,1,0,0,0,0,1,0.0,0.0,0.0,1,1,1
Viçosa,Fabricacao de laticinios,1,0,1,0,1,0,0.0,100.0,100.0,1,0,0
Viçosa,"Fabricacao de letras, letreiros e placas de qualquer material, exceto luminosos",1,0,0,0,0,1,0.0,0.0,0.0,1,1,1
Viçosa,Fabricacao de massas alimenticias,1,0,0,0,0,1,0.0,0.0,0.0,1,1,1
Viçosa,Fabricacao de moveis com predominancia de madeira,8,0,0,0,0,8,0.0,0.0,0.0,8,8,8
Viçosa,Fabricacao de outros artigos de carpintaria para construcao,2,0,0,0,0,2,0.0,0.0,0.0,2,2,2
Viçosa,Fabricacao de produtos de carne,1,0,0,0,0,1,0.0,0.0,0.0,1,1,1
Viçosa,Fabricacao de produtos de padaria e confeitaria com predominancia de producao propria,7,0,0,0,0,7,0.0,0.0,0.0,7,7,7
Viçosa,Fabricacao de produtos de panificacao industrial,1,0,0,0,0,1,0.0,0.0,0.0,1,1,1
Viçosa,Fabricacao de produtos diversos nao especificados anteriormente,3,0,0,0,0,3,0.0,0.0,0.0,3,3,3
Viçosa,"Faccao de pecas do vestuario, exceto roupas intimas",1,0,0,0,0,1,0.0,0.0,0.0,1,1,1
Viçosa,Fornecimento de alimentos preparados preponderantemente para empresas,1,0,0,0,0,1,0.0,0.0,0.0,1,1,1
Viçosa,Frigorifico - abate de bovinos,1,0,0,0,0,1,0.0,0.0,0.0,1,1,1
Viçosa,Impressao de material para outros usos,1,0,0,0,0,1,0.0,0.0,0.0,1,1,1
Viçosa,Impressao de material para uso publicitario,3,0,0,0,0,3,0.0,0.0,0.0,3,3,3
Viçosa,Incorporacao de empreendimentos imobiliarios,4,0,0,0,0,4,0.0,0.0,0.0,4,4,4
Viçosa,Instalacao de maquinas e equipamentos industriais,2,0,0,0,0,2,0.0,0.0,0.0,2,2,2
Viçosa,"Instalacao de portas, janelas, tetos, divisorias e armarios embutidos de qualquer material",2,0,0,0,0,2,0.0,0.0,0.0,2,2,2
Viçosa,"Instalacao e manutencao de sistemas centrais de ar condicionado, de ventilacao e refrigeracao",3,0,0,0,0,3,0.0,0.0,0.0,3,3,3
Viçosa,Instalacao e manutencao eletrica,9,0,0,0,0,9,0.0,0.0,0.0,9,9,9
Viçosa,Instalacoes de sistema de prevencao contra incendio,1,0,0,0,0,1,0.0,0.0,0.0,1,1,1
Viçosa,Manutencao e reparacao de motocicletas e motonetas,6,0,0,0,0,6,0.0,0.0,0.0,6,6,6
Viçosa,Obras de alvenaria,58,0,0,0,0,58,0.0,0.0,0.0,58,58,58
Viçosa,Obras de terraplenagem,1,0,0,0,0,1,0.0,0.0,0.0,1,1,1
Viçosa,"Outros servicos de acabamento em fios, tecidos, artefatos texteis e pecas do vestuario",1,0,0,0,0,1,0.0,0.0,0.0,1,1,1
Viçosa,Preparacao de subprodutos do abate,1,0,0,0,0,1,0.0,0.0,0.0,1,1,1
Viçosa,Provedores de acesso as redes de comunicacoes,1,0,0,0,0,1,0.0,0.0,0.0,1,1,1
Viçosa,Recuperacao de sucatas de aluminio,1,0,0,0,0,1,0.0,0.0,0.0,1,1,1
Viçosa,Servicos de borracharia para veiculos automotores,1,0,0,0,0,1,0.0,0.0,0.0,1,1,1
Viçosa,Servicos de capotaria,2,0,0,0,0,2,0.0,0.0,0.0,2,2,2
Viçosa,Servicos de comunicacao multimidia - scm,3,0,0,0,0,3,0.0,0.0,0.0,3,3,3
Viçosa,Servicos de engenharia,4,0,0,0,0,4,0.0,0.0,0.0,4,4,4
Viçosa,"Servicos de instalacao, manutencao e reparacao de acessorios para veiculos automotores",2,0,0,0,0,2,0.0,0.0,0.0,2,2,2
Viçosa,Servicos de lanternagem ou funilaria e pintura de veiculos automotores,1,0,0,0,0,1,0.0,0.0,0.0,1,1,1
Viçosa,Servicos de manutencao e reparacao eletrica de veiculos automotores,1,0,0,0,0,1,0.0,0.0,0.0,1,1,1
Viçosa,Servicos de manutencao e reparacao mecanica de veiculos automotores,5,0,0,0,0,5,0.0,0.0,0.0,5,5,5
Viçosa,Servicos de pintura de edificios em geral,7,0,0,0,0,7,0.0,0.0,0.0,7,7,7
Viçosa,"Servicos de usinagem, tornearia e solda",5,0,0,0,0,5,0.0,0.0,0.0,5,5,5
Viçosa,Servicos especializados para construcao nao especificados anteriormente,1,0,0,0,0,1,0.0,0.0,0.0,1,1,1
Viçosa,Transmissao de energia eletrica,1,0,0,0,0,1,0.0,0.0,0.0,1,1,1
Água Branca,Atividades do correio nacional,1,0,0,0,0,1,0.0,0.0,0.0,1,1,1
Água Branca,"Captacao, tratamento e distribuicao de agua",1,0,0,0,0,1,0.0,0.0,0.0,1,1,1
Água Branca,"Confeccao de pecas de vestuario, exceto roupas intimas e as confeccionadas sob medida",1,0,0,0,0,1,0.0,0.0,0.0,1,1,1
Água Branca,"Confeccao, sob medida, de pecas do vestuario, exceto roupas intimas",2,0,0,0,0,2,0.0,0.0,0.0,2,2,2
Água Branca,Construcao de edificios,6,0,0,0,0,6,0.0,0.0,0.0,6,6,6
Água Branca,Construcao de rodovias e ferrovias,1,0,0,0,0,1,0.0,0.0,0.0,1,1,1
Água Branca,Fabricacao de amidos e feculas de vegetais,1,0,0,0,0,1,0.0,0.0,0.0,1,1,1
Água Branca,"Fabricacao de artefatos diversos de madeira, exceto moveis",1,0,0,0,0,1,0.0,0.0,0.0,1,1,1
Água Branca,Fabricacao de embalagens de material plastico,1,0,0,0,0,1,0.0,0.0,0.0,1,1,1
Água Branca,Fabricacao de esquadrias de metal,1,0,0,0,0,1,0.0,0.0,0.0,1,1,1
Água Branca,"Fabricacao de estruturas pre moldadas de concreto armado, em serie e sob encomenda",1,0,0,0,0,1,0.0,0.0,0.0,1,1,1
Água Branca,Fabricacao de massas alimenticias,1,0,0,0,0,1,0.0,0.0,0.0,1,1,1
Água Branca,Fabricacao de moveis com predominancia de madeira,4,0,0,0,0,4,0.0,0.0,0.0,4,4,4
Água Branca,Fabricacao de produtos de padaria e confeitaria com predominancia de producao propria,5,0,0,0,0,5,0.0,0.0,0.0,5,5,5
Água Branca,Fabricacao de produtos de panificacao industrial,2,0,0,0,0,2,0.0,0.0,0.0,2,2,2
Água Branca,Faccao de roupas profissionais,1,0,0,0,0,1,0.0,0.0,0.0,1,1,1
Água Branca,Fornecimento de alimentos preparados preponderantemente para empresas,1,0,0,0,0,1,0.0,0.0,0.0,1,1,1
Água Branca,Impressao de material para outros usos,1,0,0,0,0,1,0.0,0.0,0.0,1,1,1
Água Branca,Instalacao e manutencao eletrica,4,0,0,0,0,4,0.0,0.0,0.0,4,4,4
Água Branca,"Manutencao e reparacao de equipamentos hidraulicos e pneumaticos, exceto valvulas",1,0,0,0,0,1,0.0,0.0,0.0,1,1,1
Água Branca,Manutencao e reparacao de maquinas motrizes nao eletricas,1,0,0,0,0,1,0.0,0.0,0.0,1,1,1
Água Branca,"Manutencao e reparacao de maquinas, aparelhos e materiais eletricos nao especificados anteriormente",1,0,0,0,0,1,0.0,0.0,0.0,1,1,1
Água Branca,Manutencao e reparacao de motocicletas e motonetas,3,0,0,0,0,3,0.0,0.0,0.0,3,3,3
Água Branca,Moagem e fabricacao de produtos de origem vegetal nao especificados anteriormente,1,0,0,0,0,1,0.0,0.0,0.0,1,1,1
Água Branca,Obras de acabamento em gesso e estuque,1,0,0,0,0,1,0.0,0.0,0.0,1,1,1
Água Branca,Obras de alvenaria,2,0,0,0,0,2,0.0,0.0,0.0,2,2,2
Água Branca,Outras obras de engenharia civil nao especificadas anteriormente,1,0,0,0,0,1,0.0,0.0,0.0,1,1,1
Água Branca,Servicos de borracharia para veiculos automotores,2,0,0,0,0,2,0.0,0.0,0.0,2,2,2
Água Branca,Servicos de comunicacao multimidia - scm,3,1,0,0,1,2,33.3333,0.0,33.3333,2,3,2
Água Branca,Servicos de confeccao de armacoes metalicas para a construcao,1,0,0,0,0,1,0.0,0.0,0.0,1,1,1
Água Branca,Servicos de encadernacao e plastificacao,1,0,0,0,0,1,0.0,0.0,0.0,1,1,1
Água Branca,Servicos de engenharia,2,0,0,0,0,2,0.0,0.0,0.0,2,2,2
Água Branca,Servicos de manutencao e reparacao mecanica de veiculos automotores,1,0,0,0,0,1,0.0,0.0,0.0,1,1,1
