CNPJ,Razão Social,Categoria,Porte,CNAE,Origem da Cobertura,TEM_SESI,TEM_SENAI,TEM_SESI_SENAI,STATUS_RELACIONAMENTO,QTD_REGISTROS_BASE,SEBRAE_situacao_atual,SEBRAE_razao_social,SEBRAE_SETOR,SEBRAE_CNAE PRIMARIO,SEBRAE_Porte,SEBRAE_Municipio,SEBRAE_SESI,SEBRAE_SENAI,SEBRAE_cnae_codigo_recuperado,SEBRAE_cnae_norm,SEBRAE_cnae_divisao,SEBRAE_secao,SEBRAE_setor,SEBRAE_subsetor,SEBRAE_e_industria,SEBRAE_auditoria,SEBRAE_elegivel_sebrae,SEBRAE_oportunidade_comercial,ENCONTRADO_SEBRAE
00237471000118,"Melro, Sampaio & Cia Ltda",Não Indústria,4.Micro,Comércio varejista de plantas e flores naturais,Migração,True,False,False,SOMENTE SESI,1,,,,,,,,,,,,,,,,,,,False
00279531000750,Tupan Construcoes Ltda,Não Indústria,3.Pequena,Comércio atacadista de materiais de construção em geral,Migração,True,False,False,SOMENTE SESI,1,,,,,,,,,,,,,,,,,,,False
00290431000130,Servicos E Pecas Diesel Arapiraca Ltda,Industria,4.Micro,Serviços de manutenção e reparação mecânica de veículos automotores,Proposta,False,True,False,SOMENTE SENAI,1,ATIVA,SERVICOS E PECAS DIESEL ARAPIRACA LTDA,INDÚSTRIA,Servicos de manutencao e reparacao mecanica de veiculos automotores,MICRO EMPRESA,Arapiraca,,290431000130.0,4520-0/01,4520001.0,45.0,G,Comercio e reparacao de veiculos,Comercio e reparacao de veiculos,False,False,NAO,FORA DO ESCOPO SEBRAE,True
00292156000193,Prorede Comercio E Servicos Ltda,Não Indústria,4.Micro,Comércio varejista de materiais de construção não especificados anteriormente,Migração,True,False,False,SOMENTE SESI,1,,,,,,,,,,,,,,,,,,,False
00298863000197,Farmacia De Manip Derm E Cosmetica Ltda,Não Indústria,4.Micro,"Comércio varejista de produtos farmacêuticos, com manipulação de fórmulas",Migração,True,False,False,SOMENTE SESI,1,,,,,,,,,,,,,,,,,,,False
00321975000111,Araforros Ind E Comercio De Perfilados Ltda Em Recuperacao Judicial,Industria | Indústria,2.Média,"Fabricação de artefatos de material plástico para uso na construção, exceto tubos e acessórios",Migração | Proposta,True,True,True,SESI + SENAI,2,ATIVA,ARAFORROS IND E COMERCIO DE PERFILADOS LTDA EM RECUPERACAO JUDICIAL,INDÚSTRIA,"Fabricacao de artefatos de material plastico para uso na construcao, exceto tubos e acessorios",DEMAIS,Arapiraca,321975000111.0,321975000111.0,2229-3/03,2229303.0,22.0,C,Industria de transformacao,Borracha e material plastico,True,False,SIM,NÃO ATENDIDA,True
00360305000104,Caixa Economica Federal,Nao Industria,4.Micro,Caixas econômicas,Proposta,False,True,False,SOMENTE SENAI,1,,,,,,,,,,,,,,,,,,,False
00361941000150,Albuquerque Engenharia Ltda,Indústria,2.Média,Construção de edifícios,Proposta,True,False,False,SOMENTE SESI,1,,,,,,,,,,,,,,,,,,,False
00390664000104,Oiticica Industrial E Comercial Ltda,Indústria,3.Pequena,Fabricação de águas envasadas,Migração,True,False,False,SOMENTE SESI,1,ATIVA,OITICICA INDUSTRIAL E COMERCIAL LTDA,INDÚSTRIA,Fabricacao de aguas envasadas,DEMAIS,Rio Largo,390664000104.0,390664000104.0,1121-6/00,1121600.0,11.0,C,Industria de transformacao,Bebidas,True,False,SIM,NÃO ATENDIDA,True
00400203000175,Geovane Veiculos Ltda,Não Indústria,4.Micro,"Comércio a varejo de automóveis, camionetas e utilitários usados",Migração,True,False,False,SOMENTE SESI,1,,,,,,,,,,,,,,,,,,,False
00405481000115,Maria C Do Sacramento Santos Ferragens Ltda,Não Indústria,4.Micro,Comércio varejista de ferragens e ferramentas,Migração,True,False,False,SOMENTE SESI,1,,,,,,,,,,,,,,,,,,,False
00407844000151,Lourenco Peixoto Neto,Não Indústria,4.Micro,Comércio varejista de plantas e flores naturais,Migração,True,False,False,SOMENTE SESI,1,,,,,,,,,,,,,,,,,,,False
00421822000146,Kinata Sorvetes Ltda.,Industria | Indústria,3.Pequena,Fabricação de sorvetes e outros gelados comestíveis,Proposta,True,True,True,SESI + SENAI,2,ATIVA,KINATA SORVETES LTDA.,INDÚSTRIA,Fabricacao de sorvetes e outros gelados comestiveis,MICRO EMPRESA,Rio Largo,421822000146.0,421822000146.0,1053-8/00,1053800.0,10.0,C,Industria de transformacao,Alimentos,True,False,SIM,NÃO ATENDIDA,True
00469393000187,Valmar Servicos Industriais Ltda,Industria,2.Média,Serviços de engenharia,Proposta,False,True,False,SOMENTE SENAI,1,ATIVA,VALMAR SERVICOS INDUSTRIAIS LTDA,INDÚSTRIA,Servicos de engenharia,DEMAIS,Maceió,,469393000187.0,7112-0/00,7112000.0,71.0,M,Atividades profissionais e tecnicas,Atividades profissionais e tecnicas,False,False,NAO,FORA DO ESCOPO SEBRAE,True
00482915000180,Dorgival Jose Da Silva,Industria | Indústria,4.Micro,Serrarias com desdobramento de madeira em bruto,Migração | Proposta,True,True,True,SESI + SENAI,2,ATIVA,DORGIVAL JOSE DA SILVA,INDÚSTRIA,Serrarias com desdobramento de madeira em bruto,MICRO EMPRESA,Murici,482915000180.0,482915000180.0,1610-2/03,1610203.0,16.0,C,Industria de transformacao,Produtos de madeira,True,False,SIM,NÃO ATENDIDA,True
00554672000149,Vera Comercio E Confeccoes Ltda,Indústria,4.Micro,"Confecção de peças do vestuário, exceto roupas íntimas e as confeccionadas sob medida",Migração,True,False,False,SOMENTE SESI,1,ATIVA,VERA COMERCIO E CONFECCOES LTDA,INDÚSTRIA,"Confeccao de pecas de vestuario, exceto roupas intimas e as confeccionadas sob medida",MICRO EMPRESA,Maceió,554672000149.0,,1412-6/01,1412601.0,14.0,C,Industria de transformacao,Confeccao de vestuario e acessorios,True,False,SIM,NÃO ATENDIDA,True
00562968000101,Britex Mineracoes Ltda,Indústria,3.Pequena,Extração e britamento de pedras e outros materiais para construção e beneficiamento associado,Migração,True,False,False,SOMENTE SESI,1,ATIVA,BRITEX MINERACOES LTDA,INDÚSTRIA,Extracao e britamento de pedras e outros materiais para construcao e beneficiamento associado,DEMAIS,Rio Largo,562968000101.0,,0810-0/99,810099.0,8.0,B,Industria extrativa,Extracao de minerais nao-metalicos,True,False,SIM,NÃO ATENDIDA,True
00598187000177,Inove Engenharia Termica Ltda,Indústria,3.Pequena,"Instalação e manutenção de sistemas centrais de ar condicionado, de ventilação e refrigeração",Proposta,True,False,False,SOMENTE SESI,1,,,,,,,,,,,,,,,,,,,False
00673581000122,Tt Comercio De Areia E Brita E Servicos De Solda Ltda,Não Indústria,4.Micro,"Comércio varejista de cal, areia, pedra britada, tijolos e telhas",Migração,True,False,False,SOMENTE SESI,1,,,,,,,,,,,,,,,,,,,False
00682642000118,Ilumina Instalacoes Ltda,Indústria,3.Pequena,Instalação e manutenção elétrica,Migração,True,False,False,SOMENTE SESI,1,ATIVA,ILUMINA INSTALACOES LTDA,INDÚSTRIA,Instalacao e manutencao eletrica,PEQUENO PORTE,Maceió,682642000118.0,,4321-5/00,4321500.0,43.0,F,Construcao,Servicos especializados para construcao,True,False,SIM,NÃO ATENDIDA,True
00692703000128,Habitar Investimentos E Incorporacoes Ltda,Indústria,4.Micro,Construção de edifícios,Migração,True,False,False,SOMENTE SESI,1,ATIVA,HABITAR INVESTIMENTOS E INCORPORACOES LTDA,INDÚSTRIA,Construcao de edificios,MICRO EMPRESA,Maceió,692703000128.0,,4120-4/00,4120400.0,41.0,F,Construcao,Construcao de edificios,True,False,SIM,NÃO ATENDIDA,True
00719380000119,It Telecomunicacoes Ltda,Indústria,4.Micro,Provedores de acesso às redes de comunicações,Migração,True,False,False,SOMENTE SESI,1,ATIVA,IT TELECOMUNICACOES LTDA,INDÚSTRIA,Provedores de acesso as redes de comunicacoes,MICRO EMPRESA,Maceió,719380000119.0,,6190-6/01,6190601.0,61.0,J,Informacao e comunicacao,Informacao e comunicacao,False,False,NAO,FORA DO ESCOPO SEBRAE,True
00741946000109,Mineracao Costa Dourada Ltda,Industria | Indústria,3.Pequena,Fabricação de águas envasadas,Migração | Proposta,True,True,True,SESI + SENAI,2,ATIVA,MINERACAO COSTA DOURADA LTDA,INDÚSTRIA,Fabricacao de aguas envasadas,MICRO EMPRESA,Maragogi,741946000109.0,741946000109.0,1121-6/00,1121600.0,11.0,C,Industria de transformacao,Bebidas,True,False,SIM,NÃO ATENDIDA,True
00771260000160,B Silva & Cia Ltda,Indústria,4.Micro,"Fabricação de artigos para viagem, bolsas e semelhantes de qualquer material",Migração,True,False,False,SOMENTE SESI,1,ATIVA,B SILVA & CIA LTDA,INDÚSTRIA,"Fabricacao de artigos para viagem, bolsas e semelhantes de qualquer material",MICRO EMPRESA,Maceió,771260000160.0,,1521-1/00,1521100.0,15.0,C,Industria de transformacao,"Couros, artefatos e calcados",True,False,SIM,NÃO ATENDIDA,True
00773296000183,Map Gelo Ltda,Indústria,4.Micro,Fabricação de gelo comum,Migração,True,False,False,SOMENTE SESI,1,ATIVA,MAP GELO LTDA,INDÚSTRIA,Fabricacao de gelo comum,MICRO EMPRESA,Arapiraca,773296000183.0,,1099-6/04,1099604.0,10.0,C,Industria de transformacao,Alimentos,True,False,SIM,NÃO ATENDIDA,True
00818307000102,J M Delgado Junior,Indústria,4.Micro,Facção de roupas profissionais,Migração,True,False,False,SOMENTE SESI,1,ATIVA,J M DELGADO JUNIOR,INDÚSTRIA,Faccao de roupas profissionais,MICRO EMPRESA,Palmeira dos Índios,818307000102.0,,1413-4/03,1413403.0,14.0,C,Industria de transformacao,Confeccao de vestuario e acessorios,True,False,SIM,NÃO ATENDIDA,True
00823434000191,Agricom Agro Industria E Comercio Anadiense Ltda,Indústria,4.Micro,Fabricação de conservas de frutas,Migração,True,False,False,SOMENTE SESI,1,ATIVA,AGRICOM AGRO INDUSTRIA E COMERCIO ANADIENSE LTDA,INDÚSTRIA,Fabricacao de conservas de frutas,PEQUENO PORTE,Anadia,823434000191.0,,1031-7/00,1031700.0,10.0,C,Industria de transformacao,Alimentos,True,False,SIM,NÃO ATENDIDA,True
00823434000272,Agricom Agro Industria E Comercio Anadiense Ltda,Não Indústria,4.Micro,Comércio atacadista de produtos alimentícios em geral,Migração,True,False,False,SOMENTE SESI,1,,,,,,,,,,,,,,,,,,,False
00823434000353,Agricom Agro Industria E Comercio Anadiense Ltda,Não Indústria,4.Micro,Comércio atacadista de produtos alimentícios em geral,Migração,True,False,False,SOMENTE SESI,1,,,,,,,,,,,,,,,,,,,False
00837546000100,Ceproal - Centro De Ensino Profissionalizante De Alagoas Ltda,Não Indústria,4.Micro,Educação profissional de nível técnico,Proposta,True,False,False,SOMENTE SESI,1,,,,,,,,,,,,,,,,,,,False
00858237000108,Ind E Comercio De Massas Trigo Ltda,Indústria,3.Pequena,Fabricação de biscoitos e bolachas,Migração,True,False,False,SOMENTE SESI,1,ATIVA,IND E COMERCIO DE MASSAS TRIGO LTDA,INDÚSTRIA,Fabricacao de biscoitos e bolachas,PEQUENO PORTE,Arapiraca,858237000108.0,,1092-9/00,1092900.0,10.0,C,Industria de transformacao,Alimentos,True,False,SIM,NÃO ATENDIDA,True
00874154000102,M A Ferreira Veiga,Industria,4.Micro,FABRICAÇÃO DE PRODUTOS DE PADARIA E CONFEITARIA COM PREDOMINÂNCIA DE PRODUÇÃO PRÓPRIA,Proposta,False,True,False,SOMENTE SENAI,1,ATIVA,M A FERREIRA VEIGA,INDÚSTRIA,Fabricacao de produtos de padaria e confeitaria com predominancia de producao propria,MICRO EMPRESA,Arapiraca,,874154000102.0,1091-1/02,1091102.0,10.0,C,Industria de transformacao,Alimentos,True,False,SIM,NÃO ATENDIDA,True
00887925000104,Grafmarques Industria Editora E Servicos Ltda,Industria,4.Micro,"Impressão de livros, revistas e outras publicações periódicas",Migração,False,True,False,SOMENTE SENAI,1,ATIVA,GRAFMARQUES INDUSTRIA EDITORA E SERVICOS LTDA,INDÚSTRIA,"Impressao de livros, revistas e outras publicacoes periodicas",DEMAIS,Maceió,,887925000104.0,1811-3/02,1811302.0,18.0,C,Industria de transformacao,Impressao e reproducao de gravacoes,True,False,SIM,NÃO ATENDIDA,True
00930087000104,Prener Engenharia Ltda,Indústria,3.Pequena,Construção de estações e redes de distribuição de energia elétrica,Proposta,True,False,False,SOMENTE SESI,1,,,,,,,,,,,,,,,,,,,False
00961032000153,Multbox Esquadrias De Aluminio Ltda,Indústria,3.Pequena,Fabricação de esquadrias de metal,Migração,True,False,False,SOMENTE SESI,1,,,,,,,,,,,,,,,,,,,False
00969924000109,F.t.lindoso & Cia. Ltda,Não Indústria,4.Micro,Atividades de condicionamento físico,Migração,True,False,False,SOMENTE SESI,1,,,,,,,,,,,,,,,,,,,False
00987872000195,Leonia Peixoto Cavalcante,Não Indústria,4.Micro,"Lanchonetes, casas de chá, de sucos e similares",Migração,True,False,False,SOMENTE SESI,1,,,,,,,,,,,,,,,,,,,False
01014074000140,Adilson Ferreira Dos Anjos,Não Indústria,4.Micro,Comércio varejista de materiais de construção em geral,Migração,True,False,False,SOMENTE SESI,1,,,,,,,,,,,,,,,,,,,False
01106583000100,Sacramento E Moreira Ltda,Não Indústria,3.Pequena,Restaurantes e similares,Migração,True,False,False,SOMENTE SESI,1,,,,,,,,,,,,,,,,,,,False
01129810000105,Fundo Municipal De Educacao,Nao Industria | Não Indústria,4.Micro,Atividades de associações de defesa de direitos sociais,Migração | Proposta,True,True,True,SESI + SENAI,2,,,,,,,,,,,,,,,,,,,False
01177442000170,Avante Energia E Servicos Ltda,Nao Industria,4.Micro,Outras atividades de prestação de serviços de informação não especificadas anteriormente,Proposta,False,True,False,SOMENTE SENAI,1,,,,,,,,,,,,,,,,,,,False
01182834000128,Reis & Gomes Ltda,Não Indústria,4.Micro,Comércio varejista especializado de eletrodomésticos e equipamentos de áudio e vídeo,Migração,True,False,False,SOMENTE SESI,1,,,,,,,,,,,,,,,,,,,False
01232050000167,Iranildo Barbosa De Farias,Indústria,4.Micro,"Fabricação de letras, letreiros e placas de qualquer material, exceto luminosos",Migração,True,False,False,SOMENTE SESI,1,ATIVA,IRANILDO BARBOSA DE FARIAS LTDA,INDÚSTRIA,"Fabricacao de letras, letreiros e placas de qualquer material, exceto luminosos",MICRO EMPRESA,Arapiraca,1232050000167.0,,3299-0/03,3299003.0,32.0,C,Industria de transformacao,Produtos diversos,True,False,SIM,NÃO ATENDIDA,True
01243011000165,Grafica E Editora Poligraf Ltda,Indústria,3.Pequena,"Impressão de livros, revistas e outras publicações periódicas",Migração,True,False,False,SOMENTE SESI,1,ATIVA,GRAFICA E EDITORA POLIGRAF LTDA,INDÚSTRIA,"Impressao de livros, revistas e outras publicacoes periodicas",PEQUENO PORTE,Maceió,1243011000165.0,,1811-3/02,1811302.0,18.0,C,Industria de transformacao,Impressao e reproducao de gravacoes,True,False,SIM,NÃO ATENDIDA,True
01247474000103,Ana M.borges Utiama,Não Indústria,4.Micro,Atividades de podologia,Migração,True,False,False,SOMENTE SESI,1,,,,,,,,,,,,,,,,,,,False
01285165000462,O Borrachao Ltda,Nao Industria,4.Micro,Comércio varejista de outros produtos não especificados anteriormente,Migração,False,True,False,SOMENTE SENAI,1,,,,,,,,,,,,,,,,,,,False
01301040000136,Grafpel Ind Grafica Ltda,Indústria,4.Micro,Impressão de material para outros usos,Migração,True,False,False,SOMENTE SESI,1,ATIVA,GRAFPEL IND GRAFICA LTDA,INDÚSTRIA,Impressao de material para outros usos,MICRO EMPRESA,Maceió,1301040000136.0,,1813-0/99,1813099.0,18.0,C,Industria de transformacao,Impressao e reproducao de gravacoes,True,False,SIM,NÃO ATENDIDA,True
01334368000159,Ultraplast Ind.e Com.de Sacolas Plasticas Ltda,Indústria,2.Média,Fabricação de artefatos de material plástico para outros usos não especificados anteriormente,Migração,True,False,False,SOMENTE SESI,1,ATIVA,ULTRAPLAST IND.E COM.DE SACOLAS PLASTICAS LTDA,INDÚSTRIA,Fabricacao de artefatos de material plastico para outros usos nao especificados anteriormente,DEMAIS,Maceió,1334368000159.0,1334368000159.0,2229-3/99,2229399.0,22.0,C,Industria de transformacao,Borracha e material plastico,True,False,SIM,NÃO ATENDIDA,True
01336881000189,Armario Quarto E Cozinha Ind. E Com. Ltda,Industria | Indústria,4.Micro,Fabricação de móveis com predominância de madeira,Migração | Proposta,True,True,True,SESI + SENAI,2,ATIVA,ARMARIO QUARTO E COZINHA IND. E COM. LTDA,INDÚSTRIA,Fabricacao de moveis com predominancia de madeira,MICRO EMPRESA,Maceió,1336881000189.0,1336881000189.0,3101-2/00,3101200.0,31.0,C,Industria de transformacao,Moveis,True,False,SIM,NÃO ATENDIDA,True
01357555000158,Amazonas Industria E Comercio De Alimentos Ltda,Indústria,4.Micro,Fabricação de outros produtos alimentícios não especificados anteriormente,Migração,True,False,False,SOMENTE SESI,1,ATIVA,AMAZONAS INDUSTRIA E COMERCIO DE ALIMENTOS LTDA,INDÚSTRIA,Fabricacao de outros produtos alimenticios nao especificados anteriormente,PEQUENO PORTE,Maceió,1357555000158.0,,1099-6/99,1099699.0,10.0,C,Industria de transformacao,Alimentos,True,False,SIM,NÃO ATENDIDA,True
01413951000155,Ferplas Industria De Artefatos De Arame Ltda,Industria,3.Pequena,Fabricação de outros produtos de metal não especificados anteriormente,Proposta,False,True,False,SOMENTE SENAI,1,ATIVA,FERPLAS INDUSTRIA DE ARTEFATOS DE ARAME LTDA,INDÚSTRIA,Fabricacao de outros produtos de metal nao especificados anteriormente,DEMAIS,Maceió,,1413951000155.0,2599-3/99,2599399.0,25.0,C,Industria de transformacao,Produtos de metal (exceto maquinas),True,False,SIM,NÃO ATENDIDA,True
01454407000151,Cardiodinamica Ltda,Não Indústria,2.Média,Atividades de atendimento em pronto-socorro e unidades hospitalares para atendimento a urgências,Proposta,True,False,False,SOMENTE SESI,1,,,,,,,,,,,,,,,,,,,False
01528374000147,Engie Solucoes De Operacao E Manutencao Ltda.,Indústria,1.Grande,Serviços de engenharia,Proposta,True,False,False,SOMENTE SESI,1,,,,,,,,,,,,,,,,,,,False
01551272002005,Asa Industria E Comercio Ltda,Nao Industria,3.Pequena,Comércio atacadista de produtos alimentícios em geral,Proposta,False,True,False,SOMENTE SENAI,1,,,,,,,,,,,,,,,,,,,False
01563491000141,Brisamar Pousada Ltda,Não Indústria,4.Micro,Outros alojamentos não especificados anteriormente,Migração,True,False,False,SOMENTE SESI,1,,,,,,,,,,,,,,,,,,,False
01584452000120,Kifrios Comercio E Industria De Frios Ltda,Indústria,3.Pequena,Fabricação de gelo comum,Migração,True,False,False,SOMENTE SESI,1,ATIVA,KIFRIOS COMERCIO E INDUSTRIA DE FRIOS LTDA,INDÚSTRIA,Fabricacao de gelo comum,PEQUENO PORTE,Maceió,1584452000120.0,1584452000120.0,1099-6/04,1099604.0,10.0,C,Industria de transformacao,Alimentos,True,False,SIM,NÃO ATENDIDA,True
01596670000185,Jose Sergio Silva Morais,Indústria,4.Micro,Fabricação de laticínios,Migração,True,False,False,SOMENTE SESI,1,ATIVA,JOSE SERGIO SILVA MORAIS,INDÚSTRIA,Fabricacao de laticinios,MICRO EMPRESA,Major Isidoro,1596670000185.0,,1052-0/00,1052000.0,10.0,C,Industria de transformacao,Alimentos,True,False,SIM,NÃO ATENDIDA,True
01611866000525,P J Refeicoes Coletivas Ltda,Indústria,3.Pequena,Fornecimento de alimentos preparados preponderantemente para empresas,Migração,True,False,False,SOMENTE SESI,1,ATIVA,P J REFEICOES COLETIVAS LTDA,INDÚSTRIA,Fornecimento de alimentos preparados preponderantemente para empresas,DEMAIS,Maceió,1611866000525.0,,5620-1/01,5620101.0,56.0,I,Alojamento e alimentacao,Alojamento e alimentacao,False,False,NAO,FORA DO ESCOPO SEBRAE,True
01611866001092,P J Refeicoes Coletivas Ltda,Indústria,3.Pequena,Fornecimento de alimentos preparados preponderantemente para empresas,Migração,True,False,False,SOMENTE SESI,1,ATIVA,P J REFEICOES COLETIVAS LTDA,INDÚSTRIA,Fornecimento de alimentos preparados preponderantemente para empresas,DEMAIS,Maceió,1611866001092.0,,5620-1/01,5620101.0,56.0,I,Alojamento e alimentacao,Alojamento e alimentacao,False,False,NAO,FORA DO ESCOPO SEBRAE,True
01637593000164,Enord Engenharia Ltda,Industria | Indústria,1.Grande,Construção de edifícios,Migração,True,True,True,SESI + SENAI,2,ATIVA,ENORD ENGENHARIA LTDA,INDÚSTRIA,Construcao de edificios,DEMAIS,Maceió,1637593000164.0,1637593000164.0,4120-4/00,4120400.0,41.0,F,Construcao,Construcao de edificios,True,False,SIM,NÃO ATENDIDA,True
01637895000132,Votorantim Cimentos S.a.,Indústria,1.Grande,Fabricação de cimento,Proposta,True,False,False,SOMENTE SESI,1,,,,,,,,,,,,,,,,,,,False
01656786000162,Grafimar Ltda,Não Indústria,4.Micro,"Edição integrada à impressão de cadastros, listas e outros produtos gráficos",Migração,True,False,False,SOMENTE SESI,1,,,,,,,,,,,,,,,,,,,False
01670186000159,Gildete M. Dos Santos Silva Restaurante,Não Indústria,4.Micro,Restaurantes e similares,Migração,True,False,False,SOMENTE SESI,1,,,,,,,,,,,,,,,,,,,False
01707112000140,Cooperativa Dos Medicos Da Santa Casa De Maceio,Não Indústria,3.Pequena,Atividades de profissionais da área de saúde não especificadas anteriormente,Migração,True,False,False,SOMENTE SESI,1,,,,,,,,,,,,,,,,,,,False
01707112000301,Cooperativa Dos Medicos Da Santa Casa De Maceio,Não Indústria,4.Micro,Atividades de profissionais da área de saúde não especificadas anteriormente,Migração,True,False,False,SOMENTE SESI,1,,,,,,,,,,,,,,,,,,,False
01728967000157,Pao Da Arte Comercio E Industria Ltda,Indústria,4.Micro,FABRICAÇÃO DE PRODUTOS DE PANIFICAÇÃO INDUSTRIAL,Migração,True,False,False,SOMENTE SESI,1,ATIVA,PAO DA ARTE COMERCIO E INDUSTRIA LTDA,INDÚSTRIA,Fabricacao de produtos de padaria e confeitaria com predominancia de producao propria,PEQUENO PORTE,Maceió,1728967000157.0,,1091-1/02,1091102.0,10.0,C,Industria de transformacao,Alimentos,True,False,SIM,NÃO ATENDIDA,True
01744683000154,Maceoleo Ltda,Não Indústria,4.Micro,Comércio varejista de lubrificantes,Migração,True,False,False,SOMENTE SESI,1,,,,,,,,,,,,,,,,,,,False
01758073000100,Auricelia Maria De Rezende,Indústria,4.Micro,"Confecção de peças do vestuário, exceto roupas íntimas e as confeccionadas sob medida",Migração,True,False,False,SOMENTE SESI,1,ATIVA,AURICELIA MARIA DE REZENDE,INDÚSTRIA,"Confeccao de pecas de vestuario, exceto roupas intimas e as confeccionadas sob medida",MICRO EMPRESA,Maceió,1758073000100.0,,1412-6/01,1412601.0,14.0,C,Industria de transformacao,Confeccao de vestuario e acessorios,True,False,SIM,NÃO ATENDIDA,True
01771408000120,Jorge Pereira Da Rocha Neto,Não Indústria,4.Micro,"Aluguel de palcos, coberturas e outras estruturas de uso temporário, exceto andaimes",Migração,True,False,False,SOMENTE SESI,1,,,,,,,,,,,,,,,,,,,False
01774021000127,Vulcap - Vulcanizacao Arapiraca Ltda,Indústria,4.Micro,Fabricação de pneumáticos e de câmaras-de-ar,Migração,True,False,False,SOMENTE SESI,1,ATIVA,VULCAP - VULCANIZACAO ARAPIRACA LTDA,INDÚSTRIA,Fabricacao de pneumaticos e de camaras de ar,PEQUENO PORTE,Arapiraca,1774021000127.0,,2211-1/00,2211100.0,22.0,C,Industria de transformacao,Borracha e material plastico,True,False,SIM,NÃO ATENDIDA,True
01774589000148,Mestre Cuca Restaurante Ltda,Não Indústria,3.Pequena,Restaurantes e similares,Migração,True,False,False,SOMENTE SESI,1,,,,,,,,,,,,,,,,,,,False
01788792000173,Carmem Lucia De Souza Feitosa,Industria | Indústria,4.Micro,"Fabricação de móveis de outros materiais, exceto madeira e metal",Migração | Proposta,True,True,True,SESI + SENAI,2,ATIVA,CARMEM LUCIA DE SOUZA FEITOSA,INDÚSTRIA,"Fabricacao de moveis de outros materiais, exceto madeira e metal",MICRO EMPRESA,Maceió,1788792000173.0,1788792000173.0,3103-9/00,3103900.0,31.0,C,Industria de transformacao,Moveis,True,False,SIM,NÃO ATENDIDA,True
01832386000160,Tecserv - Comercio E Servicos Ltda,Não Indústria,4.Micro,Aluguel de máquinas e equipamentos para escritório,Migração,True,False,False,SOMENTE SESI,1,,,,,,,,,,,,,,,,,,,False
01839841000150,Gelbanise Oliveira De Almeida,Não Indústria,4.Micro,Comércio varejista de bicicletas e triciclos; peças e acessórios,Migração,True,False,False,SOMENTE SESI,1,,,,,,,,,,,,,,,,,,,False
01864858000167,Dilab- Diagnostico Laboratorial S/s Ltda,Nao Industria,4.Micro,Laboratórios clínicos,Proposta,False,True,False,SOMENTE SENAI,1,,,,,,,,,,,,,,,,,,,False
01868460000107,Condominio Residencial Aquarius,Não Indústria,4.Micro,Condomínios prediais,Migração,True,False,False,SOMENTE SESI,1,,,,,,,,,,,,,,,,,,,False
01899414000167,Mecbrun-industria E Comercio Ltda,Indústria,3.Pequena,Fabricação de obras de caldeiraria pesada,Migração,True,False,False,SOMENTE SESI,1,,,,,,,,,,,,,,,,,,,False
01908548000105,Buffet Izabel Pinheiro Ltda,Não Indústria,4.Micro,Serviços de alimentação para eventos e recepções - bufê,Migração,True,False,False,SOMENTE SESI,1,,,,,,,,,,,,,,,,,,,False
01974371000218,Risoterm Isolantes Termicos Ltda,Industria,3.Pequena,Outras obras de instalações em construções não especificadas anteriormente,Proposta,False,True,False,SOMENTE SENAI,1,ATIVA,RISOTERM ISOLANTES TERMICOS LTDA,INDÚSTRIA,Outras obras de instalacoes em construcoes nao especificadas anteriormente,DEMAIS,Marechal Deodoro,,1974371000218.0,4329-1/99,4329199.0,43.0,F,Construcao,Servicos especializados para construcao,True,False,SIM,NÃO ATENDIDA,True
02040502000171,Edivaldo Araujo,Não Indústria,4.Micro,Comércio varejista de materiais de construção em geral,Migração,True,False,False,SOMENTE SESI,1,,,,,,,,,,,,,,,,,,,False
02072980000163,Proenge Construcoes Ltda,Indústria,4.Micro,Construção de edifícios,Migração,True,False,False,SOMENTE SESI,1,ATIVA,PROENGE CONSTRUCOES LTDA,INDÚSTRIA,Construcao de edificios,DEMAIS,Maceió,2072980000163.0,,4120-4/00,4120400.0,41.0,F,Construcao,Construcao de edificios,True,False,SIM,NÃO ATENDIDA,True
02112625000170,Unigraf Ltda,Indústria,4.Micro,Impressão de material para outros usos,Migração,True,False,False,SOMENTE SESI,1,ATIVA,UNIGRAF LTDA,INDÚSTRIA,Impressao de material para outros usos,MICRO EMPRESA,Arapiraca,2112625000170.0,,1813-0/99,1813099.0,18.0,C,Industria de transformacao,Impressao e reproducao de gravacoes,True,False,SIM,NÃO ATENDIDA,True
02143828000124,Lima & Antunes Ltda,Indústria,3.Pequena,Fabricação de laticínios,Migração,True,False,False,SOMENTE SESI,1,ATIVA,LIMA & ANTUNES LTDA,INDÚSTRIA,Fabricacao de laticinios,MICRO EMPRESA,Capela,2143828000124.0,,1052-0/00,1052000.0,10.0,C,Industria de transformacao,Alimentos,True,False,SIM,NÃO ATENDIDA,True
02177802000105,Gm Auto Capas Al Ltda,Indústria,4.Micro,SERVIÇOS DE CAPOTARIA,Migração,True,False,False,SOMENTE SESI,1,ATIVA,GM AUTO CAPAS AL LTDA,INDÚSTRIA,Servicos de capotaria,PEQUENO PORTE,Maceió,2177802000105.0,,4520-0/08,4520008.0,45.0,G,Comercio e reparacao de veiculos,Comercio e reparacao de veiculos,False,False,NAO,FORA DO ESCOPO SEBRAE,True
02180731000191,Casa Para Velhice Luiza De Marillac,Não Indústria,3.Pequena,Atividades de associações de defesa de direitos sociais,Migração,True,False,False,SOMENTE SESI,1,,,,,,,,,,,,,,,,,,,False
02181391000113,Avlys Confeccoes Ltda,Indústria,4.Micro,"Confecção de roupas profissionais, exceto sob medida",Migração,True,False,False,SOMENTE SESI,1,ATIVA,AVLYS CONFECCOES LTDA,INDÚSTRIA,"Confeccao de roupas profissionais, exceto sob medida",MICRO EMPRESA,Arapiraca,2181391000113.0,,1413-4/01,1413401.0,14.0,C,Industria de transformacao,Confeccao de vestuario e acessorios,True,False,SIM,NÃO ATENDIDA,True
02285556000105,Mario Calheiros De Lima & Cia Ltda,Não Indústria,4.Micro,Apicultura,Migração,True,False,False,SOMENTE SESI,1,,,,,,,,,,,,,,,,,,,False
02297239000109,Distribuidora Comercial E Industrial Rio Branco Ltda,Não Indústria,4.Micro,Comércio atacadista de cereais e leguminosas beneficiados,Migração,True,False,False,SOMENTE SESI,1,,,,,,,,,,,,,,,,,,,False
02301846000197,Transmares Corretora De Seguros Ltda,Não Indústria,4.Micro,"Corretores e agentes de seguros, de planos de previdência complementar e de saúde",Migração,True,False,False,SOMENTE SESI,1,,,,,,,,,,,,,,,,,,,False
02321947000120,"C D I - Centro De Imagem, Diagnostico E Tratamento Ltda",Não Indústria,4.Micro,Serviços de ressonância magnética,Migração,True,False,False,SOMENTE SESI,1,,,,,,,,,,,,,,,,,,,False
02327768000108,E L Rocha Dedetizadora,Não Indústria,3.Pequena,Imunização e controle de pragas urbanas,Migração,True,False,False,SOMENTE SESI,1,,,,,,,,,,,,,,,,,,,False
02329713000129,Timac Agro Industria E Comercio De Fertilizantes Ltda,Não Indústria,2.Média,"Comércio atacadista de defensivos agrícolas, adubos, fertilizantes e corretivos do solo",Proposta,True,False,False,SOMENTE SESI,1,,,,,,,,,,,,,,,,,,,False
02359689000170,Sk Infraestrutura Ltda,Industria,4.Micro,"Obras portuárias, marítimas e fluviais",Proposta,False,True,False,SOMENTE SENAI,1,,,,,,,,,,,,,,,,,,,False
02413246000110,C E O Guanabens,Indústria,3.Pequena,Fabricação de sabões e detergentes sintéticos,Migração,True,False,False,SOMENTE SESI,1,ATIVA,C E O GUANABENS,INDÚSTRIA,Fabricacao de saboes e detergentes sinteticos,PEQUENO PORTE,Maceió,2413246000110.0,,2061-4/00,2061400.0,20.0,C,Industria de transformacao,Produtos quimicos,True,False,SIM,NÃO ATENDIDA,True
02417115001698,Sgs Geosol Laboratorios Ltda,Não Indústria,4.Micro,Testes e análises técnicas,Migração,True,False,False,SOMENTE SESI,1,,,,,,,,,,,,,,,,,,,False
02423864000141,"Arquitec - Arquitetura, Engenharia E Construcao Ltda Em Recuperacao Judicial",Industria,3.Pequena,Construção de edifícios,Proposta,False,True,False,SOMENTE SENAI,1,ATIVA,"ARQUITEC - ARQUITETURA, ENGENHARIA E CONSTRUCAO LTDA",INDÚSTRIA,Construcao de edificios,DEMAIS,Maceió,,2423864000141.0,4120-4/00,4120400.0,41.0,F,Construcao,Construcao de edificios,True,False,SIM,NÃO ATENDIDA,True
02481605000177,Conselho Regional De Quimica Da Xvii Regiao,Órgãos Públicos,4.Micro,Administração pública em geral,Migração,True,False,False,SOMENTE SESI,1,,,,,,,,,,,,,,,,,,,False
02527858000134,Plastec Industria E Comercio Ltda,Indústria,3.Pequena,Fabricação de artefatos de material plástico para uso pessoal e doméstico,Migração,True,False,False,SOMENTE SESI,1,ATIVA,PLASTEC INDUSTRIA E COMERCIO LTDA,INDÚSTRIA,Fabricacao de artefatos de material plastico para uso pessoal e domestico,DEMAIS,Maceió,2527858000134.0,2527858000134.0,2229-3/01,2229301.0,22.0,C,Industria de transformacao,Borracha e material plastico,True,False,SIM,NÃO ATENDIDA,True
02573575000129,A. Maria Brasil Martins,Não Indústria,4.Micro,Restaurantes e similares,Migração,True,False,False,SOMENTE SESI,1,,,,,,,,,,,,,,,,,,,False
02586873000153,Casel Servicos De Eletricidade Ltda,Industria,4.Micro,Construção de edifícios,Proposta,False,True,False,SOMENTE SENAI,1,,,,,,,,,,,,,,,,,,,False
02597092000164,Santana & Sacramento Ltda,Indústria,4.Micro,Impressão de material para outros usos,Migração,True,False,False,SOMENTE SESI,1,ATIVA,SANTANA & SACRAMENTO LTDA,INDÚSTRIA,Impressao de material para outros usos,PEQUENO PORTE,Arapiraca,2597092000164.0,,1813-0/99,1813099.0,18.0,C,Industria de transformacao,Impressao e reproducao de gravacoes,True,False,SIM,NÃO ATENDIDA,True
02644422000125,Marcogram Comercio De Marmores E Granitos Ltda,Não Indústria,4.Micro,Comércio varejista de materiais de construção não especificados anteriormente,Migração,True,False,False,SOMENTE SESI,1,,,,,,,,,,,,,,,,,,,False
02668961000102,Condomnio Casa Da Industria,Não Indústria,4.Micro,Condomínios prediais,Migração,True,False,False,SOMENTE SESI,1,,,,,,,,,,,,,,,,,,,False
02688725000140,Agreste Engenharia Servicos E Locacoes Ltda,Indústria,4.Micro,Instalação e manutenção elétrica,Migração,True,False,False,SOMENTE SESI,1,ATIVA,AGRESTE ENGENHARIA SERVICOS E LOCACOES LTDA,INDÚSTRIA,Instalacao e manutencao eletrica,MICRO EMPRESA,Arapiraca,2688725000140.0,,4321-5/00,4321500.0,43.0,F,Construcao,Servicos especializados para construcao,True,False,SIM,NÃO ATENDIDA,True
02709449006009,Petrobras Transporte S.a - Transpetro,Indústria,3.Pequena,Transporte dutoviário,Proposta,True,False,False,SOMENTE SESI,1,ATIVA,PETROBRAS TRANSPORTE S.A - TRANSPETRO,INDÚSTRIA,Transporte dutoviario,DEMAIS,Maceió,2709449006009.0,,4940-0/00,4940000.0,49.0,H,Transporte e armazenagem,Transporte e armazenagem,False,False,NAO,FORA DO ESCOPO SEBRAE,True
02751862000181,Solo Incorporacoes Ltda,Indústria,4.Micro,Construção de edifícios,Migração,True,False,False,SOMENTE SESI,1,ATIVA,SOLO INCORPORACOES LTDA,INDÚSTRIA,Construcao de edificios,PEQUENO PORTE,Maceió,2751862000181.0,,4120-4/00,4120400.0,41.0,F,Construcao,Construcao de edificios,True,False,SIM,NÃO ATENDIDA,True
02765607000198,J M R Fontan Ltda,Indústria,4.Micro,Fabricação de bijuterias e artefatos semelhantes,Migração,True,False,False,SOMENTE SESI,1,ATIVA,J M R FONTAN LTDA,INDÚSTRIA,Fabricacao de bijuterias e artefatos semelhantes,MICRO EMPRESA,Maceió,2765607000198.0,,3212-4/00,3212400.0,32.0,C,Industria de transformacao,Produtos diversos,True,False,SIM,NÃO ATENDIDA,True
02789569000103,Eugenio Costa De Souza,Não Indústria,4.Micro,Comércio varejista de artigos do vestuário e acessórios,Migração,True,False,False,SOMENTE SESI,1,,,,,,,,,,,,,,,,,,,False
02805820003100,Enerflex Brasil Energia Ltda,Industria,4.Micro,Atividades de apoio à extração de petróleo e gás natural,Proposta,False,True,False,SOMENTE SENAI,1,ATIVA,ENERFLEX BRASIL ENERGIA LTDA,INDÚSTRIA,Atividades de apoio a extracao de petroleo e gas natural,DEMAIS,Pilar,,2805820003100.0,0910-6/00,910600.0,9.0,B,Industria extrativa,Atividades de apoio a extracao de minerais,True,False,SIM,NÃO ATENDIDA,True
02833384000159,M N M Amaral,Indústria,4.Micro,Fabricação de laticínios,Migração,True,False,False,SOMENTE SESI,1,ATIVA,M N M AMARAL,INDÚSTRIA,Fabricacao de laticinios,MICRO EMPRESA,Major Isidoro,2833384000159.0,,1052-0/00,1052000.0,10.0,C,Industria de transformacao,Alimentos,True,False,SIM,NÃO ATENDIDA,True
02857954002437,Amara Net Zero Brasil Ltda,Não Indústria,3.Pequena,"Depósitos de mercadorias para terceiros, exceto armazéns gerais e guarda-móveis",Proposta,True,False,False,SOMENTE SESI,1,,,,,,,,,,,,,,,,,,,False
02865907000149,M T Florencio Fernandes & Cia Ltda,Não Indústria,4.Micro,Comércio varejista de artigos do vestuário e acessórios,Migração,True,False,False,SOMENTE SESI,1,,,,,,,,,,,,,,,,,,,False
02867678000100,Nip Global Ltda,Industria | Indústria,2.Média,Serviços de engenharia,Proposta,True,True,True,SESI + SENAI,2,,,,,,,,,,,,,,,,,,,False
02890163000112,Andre Luis De Almeda Silva Promocoes E Assessoria Ltda,Não Indústria,4.Micro,"Serviços de organização de feiras, congressos, exposições e festas",Proposta,True,False,False,SOMENTE SESI,1,,,,,,,,,,,,,,,,,,,False
02914460000312,Seara Alimentos Ltda,Não Indústria,1.Grande,Serviços combinados de escritório e apoio administrativo,Proposta,True,False,False,SOMENTE SESI,1,,,,,,,,,,,,,,,,,,,False
02914806000110,Fazenda Campinas Ltda.,Indústria,4.Micro,Incorporação de empreendimentos imobiliários,Proposta,True,False,False,SOMENTE SESI,1,ATIVA,FAZENDA CAMPINAS LTDA.,INDÚSTRIA,Incorporacao de empreendimentos imobiliarios,PEQUENO PORTE,Maceió,2914806000110.0,,4110-7/00,4110700.0,41.0,F,Construcao,Construcao de edificios,True,False,SIM,NÃO ATENDIDA,True
02949016000413,Control Construcoes S.a,Indústria,1.Grande,Instalação e manutenção elétrica,Proposta,True,False,False,SOMENTE SESI,1,ATIVA,CONTROL CONSTRUCOES S.A,INDÚSTRIA,Instalacao e manutencao eletrica,DEMAIS,Maceió,2949016000413.0,,4321-5/00,4321500.0,43.0,F,Construcao,Servicos especializados para construcao,True,False,SIM,NÃO ATENDIDA,True
02949016002114,Control Construcoes S.a,Industria | Indústria,1.Grande,Instalação e manutenção elétrica,Proposta,True,True,True,SESI + SENAI,2,ATIVA,CONTROL CONSTRUCOES S.A,INDÚSTRIA,Instalacao e manutencao eletrica,DEMAIS,Arapiraca,2949016002114.0,2949016002114.0,4321-5/00,4321500.0,43.0,F,Construcao,Servicos especializados para construcao,True,False,SIM,NÃO ATENDIDA,True
02949016002203,Control Construcoes S.a,Industria,2.Média,Instalação e manutenção elétrica,Proposta,False,True,False,SOMENTE SENAI,1,ATIVA,CONTROL CONSTRUCOES S.A,INDÚSTRIA,Instalacao e manutencao eletrica,DEMAIS,Santana do Ipanema,,2949016002203.0,4321-5/00,4321500.0,43.0,F,Construcao,Servicos especializados para construcao,True,False,SIM,NÃO ATENDIDA,True
02949016002467,Control Construcoes S.a,Industria,2.Média,Instalação e manutenção elétrica,Proposta,False,True,False,SOMENTE SENAI,1,ATIVA,CONTROL CONSTRUCOES S.A,INDÚSTRIA,Instalacao e manutencao eletrica,DEMAIS,Delmiro Gouveia,,2949016002467.0,4321-5/00,4321500.0,43.0,F,Construcao,Servicos especializados para construcao,True,False,SIM,NÃO ATENDIDA,True
02949016002548,Control Construcoes S.a,Industria,3.Pequena,Instalação e manutenção elétrica,Proposta,False,True,False,SOMENTE SENAI,1,ATIVA,CONTROL CONSTRUCOES S.A,INDÚSTRIA,Instalacao e manutencao eletrica,DEMAIS,Matriz de Camaragibe,,2949016002548.0,4321-5/00,4321500.0,43.0,F,Construcao,Servicos especializados para construcao,True,False,SIM,NÃO ATENDIDA,True
02970438000128,Clinica De Cirurgia Plastica Dr. Fernando Lins Ltda,Não Indústria,4.Micro,Atividade médica ambulatorial com recursos para realização de procedimentos cirúrgicos,Migração,True,False,False,SOMENTE SESI,1,,,,,,,,,,,,,,,,,,,False
02995661000120,Cunegundes Nascimento Soares Neto,Não Indústria,4.Micro,"Comércio varejista de mercadorias em geral, com predominância de produtos alimentícios - minimercados, mercearias e armazéns",Migração,True,False,False,SOMENTE SESI,1,,,,,,,,,,,,,,,,,,,False
03022327000152,Rosangela Araujo Brandao Nascimento,Indústria,4.Micro,Fornecimento de alimentos preparados preponderantemente para empresas,Migração,True,False,False,SOMENTE SESI,1,ATIVA,ROSANGELA ARAUJO BRANDAO NASCIMENTO,INDÚSTRIA,Fornecimento de alimentos preparados preponderantemente para empresas,MICRO EMPRESA,Palmeira dos Índios,3022327000152.0,,5620-1/01,5620101.0,56.0,I,Alojamento e alimentacao,Alojamento e alimentacao,False,False,NAO,FORA DO ESCOPO SEBRAE,True
03028774000119,F. M. S. L.. Coretora De Seguros Ltda,Não Indústria,4.Micro,Outras atividades de prestação de serviços de informação não especificadas anteriormente,Migração,True,False,False,SOMENTE SESI,1,,,,,,,,,,,,,,,,,,,False
03032961000176,Rosangela Claudino Cardoso,Indústria,4.Micro,"Fabricação de artigos do vestuário, produzidos em malharias e tricotagens, exceto meias",Migração,True,False,False,SOMENTE SESI,1,ATIVA,MACEIO GOLAS INDUSTRIA TEXTIL LTDA,INDÚSTRIA,"Fabricacao de artigos do vestuario, produzidos em malharias e tricotagens, exceto meias",MICRO EMPRESA,Maceió,3032961000176.0,,1422-3/00,1422300.0,14.0,C,Industria de transformacao,Confeccao de vestuario e acessorios,True,False,SIM,NÃO ATENDIDA,True
03178923000126,Versan Empreendimentos Limitada,Não Indústria,3.Pequena,Gestão e manutenção de cemitérios,Migração,True,False,False,SOMENTE SESI,1,,,,,,,,,,,,,,,,,,,False
03246173000182,Biscoito Caseiro D' Licia Ltda,Indústria,3.Pequena,Fabricação de biscoitos e bolachas,Migração,True,False,False,SOMENTE SESI,1,ATIVA,BISCOITO CASEIRO D' LICIA LTDA,INDÚSTRIA,Fabricacao de biscoitos e bolachas,PEQUENO PORTE,Penedo,3246173000182.0,,1092-9/00,1092900.0,10.0,C,Industria de transformacao,Alimentos,True,False,SIM,NÃO ATENDIDA,True
03252709000172,Santos & Carvalho Ltda,Não Indústria,4.Micro,"Representantes comerciais e agentes do comércio de madeira, material de construção e ferragens",Migração,True,False,False,SOMENTE SESI,1,,,,,,,,,,,,,,,,,,,False
03279056000115,Cabecal - Calcario De Cabeceiras Mineracao Ltda,Industria,4.Micro,"Extração de minerais para fabricação de adubos, fertilizantes e outros produtos químicos",Proposta,False,True,False,SOMENTE SENAI,1,,,,,,,,,,,,,,,,,,,False
03360646000178,Samplas Industria E Comercio De Plasticos Ltda.,Indústria,3.Pequena,Fabricação de artefatos de material plástico para outros usos não especificados anteriormente,Migração,True,False,False,SOMENTE SESI,1,ATIVA,SAMPLAS INDUSTRIA E COMERCIO DE PLASTICOS LTDA.,INDÚSTRIA,Fabricacao de artefatos de material plastico para outros usos nao especificados anteriormente,DEMAIS,Arapiraca,3360646000178.0,,2229-3/99,2229399.0,22.0,C,Industria de transformacao,Borracha e material plastico,True,False,SIM,NÃO ATENDIDA,True
03360646000330,Samplas Industria E Comercio De Plasticos Ltda.,Não Indústria,4.Micro,Comércio varejista de outros artigos de uso doméstico não especificados anteriormente,Migração,True,False,False,SOMENTE SESI,1,,,,,,,,,,,,,,,,,,,False
03396460000179,Industria Parisom Ltda,Indústria,4.Micro,"Fabricação de artigos para viagem, bolsas e semelhantes de qualquer material",Migração,True,False,False,SOMENTE SESI,1,,,,,,,,,,,,,,,,,,,False
03405567000136,L. B. Comercio De Alimentos Ltda,Não Indústria,4.Micro,"Lanchonetes, casas de chá, de sucos e similares",Migração,True,False,False,SOMENTE SESI,1,,,,,,,,,,,,,,,,,,,False
03418733000139,Igramal Industria De Granitos E Marmores Ltda,Indústria,3.Pequena,"Aparelhamento de placas e execução de trabalhos em mármore, granito, ardósia e outras pedras",Migração,True,False,False,SOMENTE SESI,1,ATIVA,IGRAMAL INDUSTRIA DE GRANITOS E MARMORES LTDA,INDÚSTRIA,"Aparelhamento de placas e execucao de trabalhos em marmore, granito, ardosia e outras pedras",PEQUENO PORTE,Maceió,3418733000139.0,,2391-5/03,2391503.0,23.0,C,Industria de transformacao,Produtos de minerais nao-metalicos,True,False,SIM,NÃO ATENDIDA,True
03470536000169,Energia Empreendimentos Ltda,Industria,3.Pequena,Construção de edifícios,Proposta,False,True,False,SOMENTE SENAI,1,,,,,,,,,,,,,,,,,,,False
03507618000130,N S Racoes Ltda,Não Indústria,4.Micro,Comércio varejista de animais vivos e de artigos e alimentos para animais de estimação,Migração,True,False,False,SOMENTE SESI,1,,,,,,,,,,,,,,,,,,,False
03513308000129,Dekor Art Comercial Ltda,Indústria,4.Micro,"Aparelhamento de placas e execução de trabalhos em mármore, granito, ardósia e outras pedras",Migração,True,False,False,SOMENTE SESI,1,ATIVA,DEKOR ART COMERCIAL LTDA,INDÚSTRIA,"Aparelhamento de placas e execucao de trabalhos em marmore, granito, ardosia e outras pedras",MICRO EMPRESA,Maceió,3513308000129.0,,2391-5/03,2391503.0,23.0,C,Industria de transformacao,Produtos de minerais nao-metalicos,True,False,SIM,NÃO ATENDIDA,True
03624362000141,Cooperativa Educacional De Maceio,Nao Industria,3.Pequena,Atividades de associações de defesa de direitos sociais,Proposta,False,True,False,SOMENTE SENAI,1,,,,,,,,,,,,,,,,,,,False
03636036001630,Asa Branca Indl. Coml. E Importadora Ltda,Indústria,4.Micro,"Preservação de peixes, crustáceos e moluscos",Migração,True,False,False,SOMENTE SESI,1,ATIVA,ASA BRANCA INDL. COML. E IMPORTADORA LTDA,INDÚSTRIA,"Preservacao de peixes, crustaceos e moluscos",DEMAIS,Arapiraca,3636036001630.0,,1020-1/01,1020101.0,10.0,C,Industria de transformacao,Alimentos,True,False,SIM,NÃO ATENDIDA,True
03641462000186,Igreja Em Arapiraca,Não Indústria,4.Micro,Atividades de organizações religiosas,Proposta,True,False,False,SOMENTE SESI,1,,,,,,,,,,,,,,,,,,,False
03657005000180,Industria E Comercio De Agua Mineral Anadiense Ltda,Indústria,4.Micro,Fabricação de águas envasadas,Migração,True,False,False,SOMENTE SESI,1,ATIVA,INDUSTRIA E COMERCIO DE AGUA MINERAL ANADIENSE LTDA,INDÚSTRIA,Fabricacao de aguas envasadas,DEMAIS,Anadia,3657005000180.0,,1121-6/00,1121600.0,11.0,C,Industria de transformacao,Bebidas,True,False,SIM,NÃO ATENDIDA,True
03692424000152,Servico Nacional De Aprendizagem Comercial - Senac,Não Indústria,1.Grande,Outras atividades de ensino não especificadas anteriormente,Migração,True,False,False,SOMENTE SESI,1,,,,,,,,,,,,,,,,,,,False
03692424000403,Servico Nacional De Aprendizagem Comercial - Senac,Não Indústria,3.Pequena,Outras atividades de ensino não especificadas anteriormente,Migração,True,False,False,SOMENTE SESI,1,,,,,,,,,,,,,,,,,,,False
03692424000667,Servico Nacional De Aprendizagem Comercial - Senac,Não Indústria,3.Pequena,Outras atividades de ensino não especificadas anteriormente,Migração,True,False,False,SOMENTE SESI,1,,,,,,,,,,,,,,,,,,,False
03692424000900,Servico Nacional De Aprendizagem Comercial - Senac,Não Indústria,4.Micro,Outras atividades de ensino não especificadas anteriormente,Migração,True,False,False,SOMENTE SESI,1,,,,,,,,,,,,,,,,,,,False
03692424001124,Servico Nacional De Aprendizagem Comercial - Senac,Não Indústria,3.Pequena,Outras atividades de ensino não especificadas anteriormente,Migração,True,False,False,SOMENTE SESI,1,,,,,,,,,,,,,,,,,,,False
03692424001205,Servico Nacional De Aprendizagem Comercial - Senac,Não Indústria,4.Micro,Outras atividades de ensino não especificadas anteriormente,Migração,True,False,False,SOMENTE SESI,1,,,,,,,,,,,,,,,,,,,False
03692424001477,Servico Nacional De Aprendizagem Comercial - Senac,Não Indústria,3.Pequena,Outras atividades de ensino não especificadas anteriormente,Migração,True,False,False,SOMENTE SESI,1,,,,,,,,,,,,,,,,,,,False
03692424001558,Servico Nacional De Aprendizagem Comercial - Senac,Não Indústria,4.Micro,Outras atividades de ensino não especificadas anteriormente,Migração,True,False,False,SOMENTE SESI,1,,,,,,,,,,,,,,,,,,,False
03698620000568,Green4t Solucoes Ti Ltda,Industria,3.Pequena,Outras obras de instalações em construções não especificadas anteriormente,Proposta,False,True,False,SOMENTE SENAI,1,,,,,,,,,,,,,,,,,,,False
03722728000115,Engenharq Ltda,Industria | Indústria,1.Grande,Construção de edifícios,Migração | Proposta,True,True,True,SESI + SENAI,2,ATIVA,ENGENHARQ LTDA,INDÚSTRIA,Construcao de edificios,DEMAIS,Maceió,3722728000115.0,3722728000115.0,4120-4/00,4120400.0,41.0,F,Construcao,Construcao de edificios,True,False,SIM,NÃO ATENDIDA,True
03746272000123,Sian Engenharia Ltda,Industria | Indústria,3.Pequena,Construção de edifícios,Migração | Proposta,True,True,True,SESI + SENAI,2,,,,,,,,,,,,,,,,,,,False
03767250000140,Hidrametal Ltda,Indústria,3.Pequena,"Fabricação de equipamentos hidráulicos e pneumáticos, peças e acessórios, exceto válvulas",Migração,True,False,False,SOMENTE SESI,1,ATIVA,HIDRAMETAL LTDA,INDÚSTRIA,"Fabricacao de equipamentos hidraulicos e pneumaticos, pecas e acessorios, exceto valvulas",PEQUENO PORTE,Maceió,3767250000140.0,,2812-7/00,2812700.0,28.0,C,Industria de transformacao,Maquinas e equipamentos,True,False,SIM,NÃO ATENDIDA,True
03773834000128,"Servico Social Da Industria, Departamento Regional De Minas Gerais (sesi / Drmg)",Não Indústria,4.Micro,Outras atividades de ensino não especificadas anteriormente,Proposta,True,False,False,SOMENTE SESI,1,,,,,,,,,,,,,,,,,,,False
03798336000130,Servico Social Da Industria - Sesi,Não Indústria,2.Média,Outras atividades de ensino não especificadas anteriormente,Migração,True,False,False,SOMENTE SESI,1,,,,,,,,,,,,,,,,,,,False
03798336000210,Servico Social Da Industria - Sesi,Nao Industria,3.Pequena,Outras atividades de ensino não especificadas anteriormente,Proposta,False,True,False,SOMENTE SENAI,1,,,,,,,,,,,,,,,,,,,False
03798336000806,Servico Social Da Industria - Sesi,Nao Industria,3.Pequena,Outras atividades de ensino não especificadas anteriormente,Proposta,False,True,False,SOMENTE SENAI,1,,,,,,,,,,,,,,,,,,,False
03798336000997,Servico Social Da Industria - Sesi,Nao Industria,3.Pequena,Outras atividades de ensino não especificadas anteriormente,Proposta,False,True,False,SOMENTE SENAI,1,,,,,,,,,,,,,,,,,,,False
03798361000113,Servico Nacional De Aprendizagem Industrial,Não Indústria,2.Média,Outras atividades de ensino não especificadas anteriormente,Migração,True,False,False,SOMENTE SESI,1,,,,,,,,,,,,,,,,,,,False
03798361000202,Servico Nacional De Aprendizagem Industrial,Não Indústria,3.Pequena,Outras atividades de ensino não especificadas anteriormente,Proposta,True,False,False,SOMENTE SESI,1,,,,,,,,,,,,,,,,,,,False
03814734000100,Magenta Grafica E Editora Ltda,Indústria,4.Micro,Impressão de material para outros usos,Migração,True,False,False,SOMENTE SESI,1,ATIVA,MAGENTA GRAFICA E EDITORA LTDA,INDÚSTRIA,Impressao de material para outros usos,MICRO EMPRESA,Maceió,3814734000100.0,,1813-0/99,1813099.0,18.0,C,Industria de transformacao,Impressao e reproducao de gravacoes,True,False,SIM,NÃO ATENDIDA,True
03859544000100,Malta & Malta Ltda,Não Indústria,4.Micro,Atividade médica ambulatorial com recursos para realização de exames complementares,Migração,True,False,False,SOMENTE SESI,1,,,,,,,,,,,,,,,,,,,False
03866223000124,Medradius Clinica De Medicina Nuclear E Radiologia De Maceio Ltda,Nao Industria | Não Indústria,2.Média,"Serviços de diagnóstico por imagem com uso de radiação ionizante, exceto tomografia",Migração | Proposta,True,True,True,SESI + SENAI,2,,,,,,,,,,,,,,,,,,,False
03866223000205,Medradius Clinica De Medicina Nuclear E Radiologia De Maceio Ltda,Não Indústria,2.Média,"Serviços de diagnóstico por imagem com uso de radiação ionizante, exceto tomografia",Migração,True,False,False,SOMENTE SESI,1,,,,,,,,,,,,,,,,,,,False
03866223000477,Medradius Clinica De Medicina Nuclear E Radiologia De Maceio Ltda,Não Indústria,2.Média,"Serviços de diagnóstico por imagem com uso de radiação ionizante, exceto tomografia",Migração,True,False,False,SOMENTE SESI,1,,,,,,,,,,,,,,,,,,,False
03887992000109,Cam Clinica De Anestesiologia De Maceio Ltda.,Não Indústria,4.Micro,Atividade médica ambulatorial restrita a consultas,Migração,True,False,False,SOMENTE SESI,1,,,,,,,,,,,,,,,,,,,False
03894943000101,Colegio Sagrada Familia Ltda,Não Indústria,4.Micro,Ensino fundamental,Proposta,True,False,False,SOMENTE SESI,1,,,,,,,,,,,,,,,,,,,False
03910880000121,Maucon Construcoes Ltda,Industria,3.Pequena,Construção de edifícios,Proposta,False,True,False,SOMENTE SENAI,1,ATIVA,MAUCON CONSTRUCOES LTDA,INDÚSTRIA,Construcao de edificios,DEMAIS,Maceió,,3910880000121.0,4120-4/00,4120400.0,41.0,F,Construcao,Construcao de edificios,True,False,SIM,NÃO ATENDIDA,True
03921745000181,Jbr Pneus Comercio E Servicos Ltda,Indústria,3.Pequena,Serviços de borracharia para veículos automotores,Migração,True,False,False,SOMENTE SESI,1,ATIVA,JBR PNEUS COMERCIO E SERVICOS LTDA,INDÚSTRIA,Servicos de borracharia para veiculos automotores,DEMAIS,Maceió,3921745000181.0,3921745000181.0,4520-0/06,4520006.0,45.0,G,Comercio e reparacao de veiculos,Comercio e reparacao de veiculos,False,False,NAO,FORA DO ESCOPO SEBRAE,True
03949951000108,Uniao Brasil Transportes Ltda,Não Indústria,3.Pequena,"Transporte rodoviário de carga, exceto produtos perigosos e mudanças, intermunicipal, interestadual e internacional",Migração,True,False,False,SOMENTE SESI,1,,,,,,,,,,,,,,,,,,,False
03951809000510,Petrosynergy Ltda,Indústria,3.Pequena,Extração de petróleo e gás natural,Proposta,True,False,False,SOMENTE SESI,1,ATIVA,PETROSYNERGY LTDA,INDÚSTRIA,Extracao de petroleo e gas natural,DEMAIS,Maceió,3951809000510.0,3951809000510.0,0600-0/01,600001.0,6.0,B,Industria extrativa,Extracao de petroleo e gas natural,True,False,SIM,NÃO ATENDIDA,True
03965700000109,Cooperativa De Trabalho Dos Produtores Do Bonifacio Ltda,Indústria,3.Pequena,"Fabricação de farinha de milho e derivados, exceto óleos de milho",Migração,True,False,False,SOMENTE SESI,1,ATIVA,COOPERATIVA DE TRABALHO DOS PRODUTORES DO BONIFACIO LTDA,INDÚSTRIA,"Fabricacao de farinha de milho e derivados, exceto oleos de milho",DEMAIS,Palmeira dos Índios,3965700000109.0,3965700000109.0,1064-3/00,1064300.0,10.0,C,Industria de transformacao,Alimentos,True,False,SIM,NÃO ATENDIDA,True
03975548000145,Hidroenergia Engenharia E Automacao Ltda,Indústria,4.Micro,Fabricação de aparelhos e equipamentos para distribuição e controle de energia elétrica,Proposta,True,False,False,SOMENTE SESI,1,,,,,,,,,,,,,,,,,,,False
04012882000166,Acquapocos - Perfuracao De Pocos De Agua Ltda,Indústria,2.Média,Perfuração e construção de poços de água,Migração,True,False,False,SOMENTE SESI,1,ATIVA,ACQUAPOCOS - PERFURACAO DE POCOS DE AGUA LTDA,INDÚSTRIA,Perfuracao e construcao de pocos de agua,PEQUENO PORTE,Maceió,4012882000166.0,,4399-1/05,4399105.0,43.0,F,Construcao,Servicos especializados para construcao,True,False,SIM,NÃO ATENDIDA,True
04157373000121,Sindicato Das Industrias Graficas Do Estado De Alagoas,Não Indústria,4.Micro,Atividades de organizações sindicais,Migração,True,False,False,SOMENTE SESI,1,,,,,,,,,,,,,,,,,,,False
04224419000188,N B Dos Santos Aluminios,Indústria,4.Micro,Fabricação de artigos de metal para uso doméstico e pessoal,Migração,True,False,False,SOMENTE SESI,1,ATIVA,N B DOS SANTOS ALUMINIOS,INDÚSTRIA,Fabricacao de artigos de metal para uso domestico e pessoal,PEQUENO PORTE,Arapiraca,4224419000188.0,,2593-4/00,2593400.0,25.0,C,Industria de transformacao,Produtos de metal (exceto maquinas),True,False,SIM,NÃO ATENDIDA,True
04267678000196,Escola De Educacao Basica Educar E Construir Ltda,Não Indústria,3.Pequena,Ensino fundamental,Migração,True,False,False,SOMENTE SESI,1,,,,,,,,,,,,,,,,,,,False
04287461000148,Unicon Construcoes Ltda,Industria,4.Micro,Construção de edifícios,Proposta,False,True,False,SOMENTE SENAI,1,ATIVA,UNICON CONSTRUCOES LTDA,INDÚSTRIA,Construcao de edificios,DEMAIS,Santana do Ipanema,,4287461000148.0,4120-4/00,4120400.0,41.0,F,Construcao,Construcao de edificios,True,False,SIM,NÃO ATENDIDA,True
04287896000192,Ronaldo De Oliveira Silva & Cia Ltda,Industria,3.Pequena,"Fabricação de outros artefatos e produtos de concreto, cimento, fibrocimento, gesso e materiais semelhantes",Migração,False,True,False,SOMENTE SENAI,1,ATIVA,RELEVO PRE-MOLDADOS E CONSTRUCOES LTDA,INDÚSTRIA,"Fabricacao de outros artefatos e produtos de concreto, cimento, fibrocimento, gesso e materiais semelhantes",PEQUENO PORTE,Limoeiro de Anadia,,4287896000192.0,2330-3/99,2330399.0,23.0,C,Industria de transformacao,Produtos de minerais nao-metalicos,True,False,SIM,NÃO ATENDIDA,True
04307530000138,Lessa & Moura Contabilidade E Consultoria Empresarial S/s,Não Indústria,4.Micro,Atividades de contabilidade,Migração,True,False,False,SOMENTE SESI,1,,,,,,,,,,,,,,,,,,,False
04342459000124,Sesc-administracao Regional No Estado De Alagoas,Não Indústria,2.Média,Serviços de assistência social sem alojamento,Migração,True,False,False,SOMENTE SESI,1,,,,,,,,,,,,,,,,,,,False
04342459000205,Sesc-administracao Regional No Estado De Alagoas,Não Indústria,3.Pequena,Serviços de assistência social sem alojamento,Migração,True,False,False,SOMENTE SESI,1,,,,,,,,,,,,,,,,,,,False
04342459000396,Sesc-administracao Regional No Estado De Alagoas,Não Indústria,3.Pequena,Serviços de assistência social sem alojamento,Migração,True,False,False,SOMENTE SESI,1,,,,,,,,,,,,,,,,,,,False
04342459000477,Sesc-administracao Regional No Estado De Alagoas,Não Indústria,4.Micro,Serviços de assistência social sem alojamento,Migração,True,False,False,SOMENTE SESI,1,,,,,,,,,,,,,,,,,,,False
04342459000558,Sesc-administracao Regional No Estado De Alagoas,Não Indústria,4.Micro,Serviços de assistência social sem alojamento,Migração,True,False,False,SOMENTE SESI,1,,,,,,,,,,,,,,,,,,,False
04342459000639,Sesc-administracao Regional No Estado De Alagoas,Não Indústria,3.Pequena,Serviços de assistência social sem alojamento,Migração,True,False,False,SOMENTE SESI,1,,,,,,,,,,,,,,,,,,,False
04342459000710,Sesc-administracao Regional No Estado De Alagoas,Não Indústria,3.Pequena,Serviços de assistência social sem alojamento,Migração,True,False,False,SOMENTE SESI,1,,,,,,,,,,,,,,,,,,,False
04342949000120,Acessorios Mineirao Pecas E Servicos Ltda,Nao Industria,3.Pequena,Comércio a varejo de peças e acessórios novos para veículos automotores,Migração,False,True,False,SOMENTE SENAI,1,,,,,,,,,,,,,,,,,,,False
04396985000177,Previparq Ltda,Não Indústria,2.Média,Serviços de funerárias,Migração,True,False,False,SOMENTE SESI,1,,,,,,,,,,,,,,,,,,,False
04396985000410,Previparq Ltda,Não Indústria,4.Micro,Serviços de funerárias,Migração,True,False,False,SOMENTE SESI,1,,,,,,,,,,,,,,,,,,,False
04396985000681,Previparq Ltda,Não Indústria,3.Pequena,Serviços de funerárias,Migração,True,False,False,SOMENTE SESI,1,,,,,,,,,,,,,,,,,,,False
04396985000762,Previparq Ltda,Não Indústria,3.Pequena,Serviços de funerárias,Migração,True,False,False,SOMENTE SESI,1,,,,,,,,,,,,,,,,,,,False
04401310000179,Teccel - Tecnologia Da Construcao Civil E Eletrica Ltda,Industria,2.Média,Construção de estações e redes de distribuição de energia elétrica,Proposta,False,True,False,SOMENTE SENAI,1,,,,,,,,,,,,,,,,,,,False
04408182000195,"Clenio Pacheco Franco, Advogados E Consultores Juridicos",Não Indústria,4.Micro,Serviços advocatícios,Migração,True,False,False,SOMENTE SESI,1,,,,,,,,,,,,,,,,,,,False
04426278000186,Agropecuaria Industrial Alba Ltda,Industria,4.Micro,Fabricação de laticínios,Proposta,False,True,False,SOMENTE SENAI,1,ATIVA,AGROPECUARIA INDUSTRIAL ALBA LTDA,INDÚSTRIA,Fabricacao de laticinios,MICRO EMPRESA,Viçosa,,4426278000186.0,1052-0/00,1052000.0,10.0,C,Industria de transformacao,Alimentos,True,False,SIM,NÃO ATENDIDA,True
04433402000130,Colegio Santissimo Senhor Ltda,Não Indústria,3.Pequena,Ensino médio,Migração,True,False,False,SOMENTE SESI,1,,,,,,,,,,,,,,,,,,,False
04454766000105,Elias Nunes De Oliveira,Não Indústria,4.Micro,Comércio varejista de ferragens e ferramentas,Migração,True,False,False,SOMENTE SESI,1,,,,,,,,,,,,,,,,,,,False
04493020000100,Concrenorte - Concreto Do Nordeste Ltda.,Industria | Indústria,3.Pequena,Fabricação de artefatos de cimento para uso na construção,Migração,True,True,True,SESI + SENAI,2,ATIVA,CONCRENORTE - CONCRETO DO NORDESTE LTDA.,INDÚSTRIA,Fabricacao de artefatos de cimento para uso na construcao,DEMAIS,Arapiraca,4493020000100.0,4493020000100.0,2330-3/02,2330302.0,23.0,C,Industria de transformacao,Produtos de minerais nao-metalicos,True,False,SIM,NÃO ATENDIDA,True
04522379000665,Qualicoco Ltda,Industria,2.Média,Fabricação de conservas de frutas,Proposta,False,True,False,SOMENTE SENAI,1,ATIVA,QUALICOCO LTDA,INDÚSTRIA,Fabricacao de conservas de frutas,DEMAIS,Barra de São Miguel,4522379000665.0,4522379000665.0,1031-7/00,1031700.0,10.0,C,Industria de transformacao,Alimentos,True,False,SIM,NÃO ATENDIDA,True
04532525000129,Eletrocomp Ltda,Não Indústria,4.Micro,Comércio varejista especializado de eletrodomésticos e equipamentos de áudio e vídeo,Migração,True,False,False,SOMENTE SESI,1,,,,,,,,,,,,,,,,,,,False
04540885000172,Lara De Araujo Amorim,Não Indústria,4.Micro,Reparação e manutenção de outros objetos e equipamentos pessoais e domésticos não especificados anteriormente,Migração,True,False,False,SOMENTE SESI,1,,,,,,,,,,,,,,,,,,,False
04583137000177,Solida Engenharia Ltda,Industria,1.Grande,Construção de edifícios,Migração,False,True,False,SOMENTE SENAI,1,ATIVA,SOLIDA ENGENHARIA LTDA,INDÚSTRIA,Construcao de edificios,DEMAIS,Maceió,,4583137000177.0,4120-4/00,4120400.0,41.0,F,Construcao,Construcao de edificios,True,False,SIM,NÃO ATENDIDA,True
04590305000151,Construtora Mogno Ltda,Industria,3.Pequena,Construção de edifícios,Proposta,False,True,False,SOMENTE SENAI,1,ATIVA,CONSTRUTORA MOGNO LTDA,INDÚSTRIA,Construcao de edificios,PEQUENO PORTE,Maceió,,4590305000151.0,4120-4/00,4120400.0,41.0,F,Construcao,Construcao de edificios,True,False,SIM,NÃO ATENDIDA,True
04601397010271,Brisanet Servicos De Telecomunicacoes S.a.,Industria,3.Pequena,Serviços de comunicação multimídia - SCM,Proposta,False,True,False,SOMENTE SENAI,1,ATIVA,BRISANET SERVICOS DE TELECOMUNICACOES S.A.,INDÚSTRIA,Servicos de comunicacao multimidia - scm,DEMAIS,Maceió,,4601397010271.0,6110-8/03,6110803.0,61.0,J,Informacao e comunicacao,Informacao e comunicacao,False,False,NAO,FORA DO ESCOPO SEBRAE,True
04606375000150,Restaurante E Cachacaria Divina Gula Ltda,Não Indústria,3.Pequena,Restaurantes e similares,Migração,True,False,False,SOMENTE SESI,1,,,,,,,,,,,,,,,,,,,False
04638833000133,E2ps Engenharia E Equipamentos Industriais Ltda,Indústria,2.Média,"Fabricação de máquinas e equipamentos para as indústrias de alimentos, bebidas e fumo, peças e acessórios",Proposta,True,False,False,SOMENTE SESI,1,,,,,,,,,,,,,,,,,,,False
04663874000180,Ensima Solucoes Ambientais E Tecnologicas Ltda,Indústria,4.Micro,Serviços de engenharia,Migração,True,False,False,SOMENTE SESI,1,ATIVA,ENSIMA SOLUCOES AMBIENTAIS E TECNOLOGICAS LTDA,INDÚSTRIA,Servicos de engenharia,MICRO EMPRESA,Maceió,4663874000180.0,,7112-0/00,7112000.0,71.0,M,Atividades profissionais e tecnicas,Atividades profissionais e tecnicas,False,False,NAO,FORA DO ESCOPO SEBRAE,True
04667933000198,Campos Engenharia Ltda,Industria,4.Micro,Obras de terraplenagem,Proposta,False,True,False,SOMENTE SENAI,1,ATIVA,CAMPOS ENGENHARIA LTDA,INDÚSTRIA,Obras de terraplenagem,DEMAIS,Maceió,,4667933000198.0,4313-4/00,4313400.0,43.0,F,Construcao,Servicos especializados para construcao,True,False,SIM,NÃO ATENDIDA,True
04735910000173,Sociedade Cunha & Madureira Ltda,Não Indústria,4.Micro,"Comércio varejista de produtos farmacêuticos, com manipulação de fórmulas",Migração,True,False,False,SOMENTE SESI,1,,,,,,,,,,,,,,,,,,,False
04735910000254,Sociedade Cunha & Madureira Ltda,Não Indústria,4.Micro,"Comércio varejista de produtos farmacêuticos, com manipulação de fórmulas",Migração,True,False,False,SOMENTE SESI,1,,,,,,,,,,,,,,,,,,,False
04735910000335,Sociedade Cunha & Madureira Ltda,Não Indústria,4.Micro,"Comércio varejista de produtos farmacêuticos, com manipulação de fórmulas",Migração,True,False,False,SOMENTE SESI,1,,,,,,,,,,,,,,,,,,,False
04735910000416,Sociedade Cunha & Madureira Ltda,Não Indústria,4.Micro,"Comércio varejista de produtos farmacêuticos, com manipulação de fórmulas",Migração,True,False,False,SOMENTE SESI,1,,,,,,,,,,,,,,,,,,,False
04735979000105,Omena E Lima Ltda,Indústria,4.Micro,FABRICAÇÃO DE PRODUTOS DE PADARIA E CONFEITARIA COM PREDOMINÂNCIA DE PRODUÇÃO PRÓPRIA,Migração,True,False,False,SOMENTE SESI,1,ATIVA,OMENA E LIMA LTDA,INDÚSTRIA,Fabricacao de produtos de panificacao industrial,MICRO EMPRESA,Maceió,4735979000105.0,,1091-1/00,1091100.0,10.0,C,Industria de transformacao,Alimentos,True,False,SIM,NÃO ATENDIDA,True
04736001000150,Living Locacoes Ltda.,Nao Industria,3.Pequena,"Aluguel de móveis, utensílios e aparelhos de uso doméstico e pessoal; instrumentos musicais",Proposta,False,True,False,SOMENTE SENAI,1,,,,,,,,,,,,,,,,,,,False
04767762000179,Mercadao Das Miudezas E Papelaria Ltda,Não Indústria,4.Micro,Comercio varejista de artigos de armarinho,Migração,True,False,False,SOMENTE SESI,1,,,,,,,,,,,,,,,,,,,False
04769851000154,Erivaldo Da Costa,Indústria,4.Micro,Fabricação de outros produtos de metal não especificados anteriormente,Migração,True,False,False,SOMENTE SESI,1,ATIVA,ERIVALDO DA COSTA,INDÚSTRIA,Fabricacao de outros produtos de metal nao especificados anteriormente,MICRO EMPRESA,Arapiraca,4769851000154.0,,2599-3/99,2599399.0,25.0,C,Industria de transformacao,Produtos de metal (exceto maquinas),True,False,SIM,NÃO ATENDIDA,True
04789378000177,Terral Corretora E Intermediacao De Negocios Ltda,Não Indústria,4.Micro,"Corretores e agentes de seguros, de planos de previdência complementar e de saúde",Migração,True,False,False,SOMENTE SESI,1,,,,,,,,,,,,,,,,,,,False
04790656000106,Abreu & Silva Distribuidor Ltda.,Não Indústria,3.Pequena,Comércio atacadista de materiais de construção em geral,Migração,True,False,False,SOMENTE SESI,1,,,,,,,,,,,,,,,,,,,False
04821392000100,Weldservice Ltda,Industria,3.Pequena,"SERVIÇOS DE USINAGEM, TORNEARIA E SOLDA",Proposta,False,True,False,SOMENTE SENAI,1,ATIVA,WELDSERVICE LTDA,INDÚSTRIA,"Servicos de usinagem, tornearia e solda",PEQUENO PORTE,Maceió,,4821392000100.0,2539-0/00,2539000.0,25.0,C,Industria de transformacao,Produtos de metal (exceto maquinas),True,False,SIM,NÃO ATENDIDA,True
04834392000145,Brascar Locadora Ltda,Nao Industria,3.Pequena,Locação de automóveis sem condutor,Proposta,False,True,False,SOMENTE SENAI,1,,,,,,,,,,,,,,,,,,,False
04869169000214,Fertial-fertilizantes De Alagoas Ltda,Indústria,2.Média,"FABRICAÇÃO DE ADUBOS E FERTILIZANTES, EXCETO ORGANOMINERAIS",Proposta,True,False,False,SOMENTE SESI,1,ATIVA,FERTIAL-FERTILIZANTES DE ALAGOAS LTDA,INDÚSTRIA,"Fabricacao de adubos e fertilizantes, exceto organominerais",DEMAIS,Maceió,4869169000214.0,4869169000214.0,2013-4/02,2013402.0,20.0,C,Industria de transformacao,Produtos quimicos,True,False,SIM,NÃO ATENDIDA,True
04874651000161,Maria Das Gracas B. Santos,Não Indústria,4.Micro,Comércio varejista de artigos do vestuário e acessórios,Migração,True,False,False,SOMENTE SESI,1,,,,,,,,,,,,,,,,,,,False
04918610000120,Sao Luiz Industria E Comercio De Alimentos Ltda,Indústria,3.Pequena,FABRICAÇÃO DE PRODUTOS DE PANIFICAÇÃO INDUSTRIAL,Migração,True,False,False,SOMENTE SESI,1,ATIVA,SAO LUIZ INDUSTRIA E COMERCIO DE ALIMENTOS LTDA,INDÚSTRIA,Fabricacao de produtos de padaria e confeitaria com predominancia de producao propria,PEQUENO PORTE,Arapiraca,4918610000120.0,,1091-1/02,1091102.0,10.0,C,Industria de transformacao,Alimentos,True,False,SIM,NÃO ATENDIDA,True
04928281000106,Mervil - Mercantil Vieira Ltda,Não Indústria,1.Grande,Comércio atacadista de produtos alimentícios em geral,Proposta,True,False,False,SOMENTE SESI,1,,,,,,,,,,,,,,,,,,,False
05012368000193,Elg Pedestais Ltda,Não Indústria,3.Pequena,Comércio atacadista especializado em outros produtos intermediários não especificados anteriormente,Proposta,True,False,False,SOMENTE SESI,1,,,,,,,,,,,,,,,,,,,False
05042855000107,Aluisio Luis Dos Santos  Ltda,Não Indústria,3.Pequena,Comércio atacadista de produtos alimentícios em geral,Migração,True,False,False,SOMENTE SESI,1,,,,,,,,,,,,,,,,,,,False
05097317000101,Fazenda Timbauba Industria E Comercio Ltda,Indústria,3.Pequena,Fabricação de laticínios,Migração,True,False,False,SOMENTE SESI,1,ATIVA,FAZENDA TIMBAUBA INDUSTRIA E COMERCIO LTDA,INDÚSTRIA,Fabricacao de laticinios,PEQUENO PORTE,Cacimbinhas,5097317000101.0,,1052-0/00,1052000.0,10.0,C,Industria de transformacao,Alimentos,True,False,SIM,NÃO ATENDIDA,True
05132476000108,Proteica Alimentos Limitada,Indústria,3.Pequena,Fabricação de alimentos para animais,Migração,True,False,False,SOMENTE SESI,1,ATIVA,PROTEICA ALIMENTOS LIMITADA,INDÚSTRIA,Fabricacao de alimentos para animais,DEMAIS,Arapiraca,5132476000108.0,5132476000108.0,1066-0/00,1066000.0,10.0,C,Industria de transformacao,Alimentos,True,False,SIM,NÃO ATENDIDA,True
05154589000449,Oliveira E Nobre Supermercado Ltda,Não Indústria,2.Média,"Comércio varejista de mercadorias em geral, com predominância de produtos alimentícios - supermercados",Proposta,True,False,False,SOMENTE SESI,1,,,,,,,,,,,,,,,,,,,False
05158542000291,Central Acucareira Usina Santa Maria S/a - Em Recuperacao Judicial,Indústria,1.Grande,Fabricação de açúcar em bruto,Proposta,True,False,False,SOMENTE SESI,1,ATIVA,CENTRAL ACUCAREIRA USINA SANTA MARIA S/A - EM RECUPERACAO JUDICIAL,INDÚSTRIA,Fabricacao de acucar em bruto,DEMAIS,Porto Calvo,5158542000291.0,,1071-6/00,1071600.0,10.0,C,Industria de transformacao,Alimentos,True,False,SIM,NÃO ATENDIDA,True
05204509000170,Joplas Industrial Ltda,Industria,3.Pequena,Fabricação de laminados planos e tubulares de material plástico,Proposta,False,True,False,SOMENTE SENAI,1,ATIVA,JOPLAS INDUSTRIAL LTDA,INDÚSTRIA,Fabricacao de laminados planos e tubulares de material plastico,DEMAIS,Marechal Deodoro,,5204509000170.0,2221-8/00,2221800.0,22.0,C,Industria de transformacao,Borracha e material plastico,True,False,SIM,NÃO ATENDIDA,True
05208211002505,In Haus Industrial E Servicos De Logistica S/a,Industria,2.Média,"Instalação e manutenção de sistemas centrais de ar condicionado, de ventilação e refrigeração",Migração,False,True,False,SOMENTE SENAI,1,ATIVA,IN HAUS INDUSTRIAL E SERVICOS DE LOGISTICA S/A,INDÚSTRIA,"Instalacao e manutencao de sistemas centrais de ar condicionado, de ventilacao e refrigeracao",DEMAIS,Marechal Deodoro,5208211002505.0,5208211002505.0,4322-3/02,4322302.0,43.0,F,Construcao,Servicos especializados para construcao,True,False,SIM,NÃO ATENDIDA,True
05211421000185,Unipocos E Usinagem Ltda,Indústria,4.Micro,Perfuração e construção de poços de água,Proposta,True,False,False,SOMENTE SESI,1,ATIVA,UNIPOCOS E USINAGEM LTDA,INDÚSTRIA,Perfuracao e construcao de pocos de agua,PEQUENO PORTE,Rio Largo,5211421000185.0,,4399-1/05,4399105.0,43.0,F,Construcao,Servicos especializados para construcao,True,False,SIM,NÃO ATENDIDA,True
05232382000100,Aguas Minerais Do Nordeste Ltda,Indústria,2.Média,Extração de outros minerais não-metálicos não especificados anteriormente,Migração,True,False,False,SOMENTE SESI,1,ATIVA,AGUAS MINERAIS DO NORDESTE LTDA,INDÚSTRIA,Extracao de outros minerais nao metalicos nao especificados anteriormente,PEQUENO PORTE,Maceió,5232382000100.0,,0899-1/99,899199.0,8.0,B,Industria extrativa,Extracao de minerais nao-metalicos,True,False,SIM,NÃO ATENDIDA,True
05325467000206,D A L Comercio Ltda,Não Indústria,4.Micro,"Comércio varejista de produtos farmacêuticos, sem manipulação de fórmulas",Proposta,True,False,False,SOMENTE SESI,1,,,,,,,,,,,,,,,,,,,False
05382505000181,"Art-nor Aratrop Nordeste Industrial, Comercial, Importadora E Exportadora Ltda.",Indústria,4.Micro,Fabricação de aditivos de uso industrial,Migração,True,False,False,SOMENTE SESI,1,ATIVA,"ART-NOR ARATROP NORDESTE INDUSTRIAL, COMERCIAL, IMPORTADORA E EXPORTADORA LTDA.",INDÚSTRIA,Fabricacao de aditivos de uso industrial,DEMAIS,Murici,5382505000181.0,,2093-2/00,2093200.0,20.0,C,Industria de transformacao,Produtos quimicos,True,False,SIM,NÃO ATENDIDA,True
05383352000197,Celso Luiz Vidal De Negreiros Piatti,Industria | Indústria,4.Micro,"Confecção, sob medida, de peças do vestuário, exceto roupas íntimas",Proposta,True,True,True,SESI + SENAI,2,ATIVA,CELSO LUIZ VIDAL DE NEGREIROS PIATTI,INDÚSTRIA,"Confeccao, sob medida, de pecas do vestuario, exceto roupas intimas",MICRO EMPRESA,Maceió,5383352000197.0,5383352000197.0,1412-6/02,1412602.0,14.0,C,Industria de transformacao,Confeccao de vestuario e acessorios,True,False,SIM,NÃO ATENDIDA,True
05415557000107,L P Magicel Corretora E Administradora De Seguros Ltda,Não Indústria,2.Média,"Corretores e agentes de seguros, de planos de previdência complementar e de saúde",Proposta,True,False,False,SOMENTE SESI,1,,,,,,,,,,,,,,,,,,,False
05417572000194,Ww Industria Mecanica Ltda,Indústria,4.Micro,"Fabricação de motores e turbinas, peças e acessórios, exceto para aviões e veículos rodoviários",Migração,True,False,False,SOMENTE SESI,1,ATIVA,WW INDUSTRIA MECANICA LTDA,INDÚSTRIA,"Fabricacao de motores e turbinas, pecas e acessorios, exceto para avioes e veiculos rodoviarios",PEQUENO PORTE,Maceió,5417572000194.0,,2811-9/00,2811900.0,28.0,C,Industria de transformacao,Maquinas e equipamentos,True,False,SIM,NÃO ATENDIDA,True
05419173000162,Luci Pereira Dos Santos,Não Indústria,4.Micro,Comércio atacadista de produtos alimentícios em geral,Migração,True,False,False,SOMENTE SESI,1,,,,,,,,,,,,,,,,,,,False
05439866000117,R W Alves,Industria,4.Micro,FABRICAÇÃO DE PRODUTOS DE PANIFICAÇÃO INDUSTRIAL,Migração,False,True,False,SOMENTE SENAI,1,ATIVA,R W ALVES,INDÚSTRIA,Fabricacao de produtos de padaria e confeitaria com predominancia de producao propria,MICRO EMPRESA,Maceió,,5439866000117.0,1091-1/02,1091102.0,10.0,C,Industria de transformacao,Alimentos,True,False,SIM,NÃO ATENDIDA,True
05439911000133,Usitec Servicos E Comercio Ltda,Industria | Indústria,4.Micro,"SERVIÇOS DE USINAGEM, TORNEARIA E SOLDA",Migração | Proposta,True,True,True,SESI + SENAI,2,ATIVA,USITEC SERVICOS E COMERCIO LTDA,INDÚSTRIA,"Servicos de usinagem, tornearia e solda",PEQUENO PORTE,Maceió,5439911000133.0,5439911000133.0,2539-0/00,2539000.0,25.0,C,Industria de transformacao,Produtos de metal (exceto maquinas),True,False,SIM,NÃO ATENDIDA,True
05467621000101,Wedical Industria E Comercio Ltda,Indústria,4.Micro,"Fabricação de cosméticos, produtos de perfumaria e de higiene pessoal",Migração,True,False,False,SOMENTE SESI,1,ATIVA,WEDICAL INDUSTRIA E COMERCIO LTDA,INDÚSTRIA,"Fabricacao de cosmeticos, produtos de perfumaria e de higiene pessoal",PEQUENO PORTE,Igaci,5467621000101.0,5467621000101.0,2063-1/00,2063100.0,20.0,C,Industria de transformacao,Produtos quimicos,True,False,SIM,NÃO ATENDIDA,True
05481218000129,Nascimento & Falcao Ltda,Não Indústria,4.Micro,Comércio varejista de ferragens e ferramentas,Migração,True,False,False,SOMENTE SESI,1,,,,,,,,,,,,,,,,,,,False
05502102000129,Centro De Seguranca Veicular Ltda,Não Indústria,4.Micro,Testes e análises técnicas,Migração,True,False,False,SOMENTE SESI,1,,,,,,,,,,,,,,,,,,,False
05515590000109,Agropecuaria Novo Horizonte Ltda,Industria,4.Micro,Fabricação de laticínios,Proposta,False,True,False,SOMENTE SENAI,1,ATIVA,AGROPECUARIA NOVO HORIZONTE LTDA,INDÚSTRIA,Fabricacao de laticinios,PEQUENO PORTE,Chã Preta,,5515590000109.0,1052-0/00,1052000.0,10.0,C,Industria de transformacao,Alimentos,True,False,SIM,NÃO ATENDIDA,True
05539303000109,Sorvetes Kinata Ltda,Industria | Indústria,4.Micro,Fabricação de sorvetes e outros gelados comestíveis,Proposta,True,True,True,SESI + SENAI,2,ATIVA,SORVETES KINATA LTDA,INDÚSTRIA,Fabricacao de sorvetes e outros gelados comestiveis,PEQUENO PORTE,Maceió,5539303000109.0,5539303000109.0,1053-8/00,1053800.0,10.0,C,Industria de transformacao,Alimentos,True,False,SIM,NÃO ATENDIDA,True
05550193000178,Usiman Servicos & Engenharia Ltda,Indústria,4.Micro,Fabricação de estruturas metálicas,Migração,True,False,False,SOMENTE SESI,1,ATIVA,USIMAN SERVICOS & ENGENHARIA LTDA,INDÚSTRIA,Fabricacao de estruturas metalicas,MICRO EMPRESA,Maceió,5550193000178.0,,2511-0/00,2511000.0,25.0,C,Industria de transformacao,Produtos de metal (exceto maquinas),True,False,SIM,NÃO ATENDIDA,True
05559112000109,Nova Harcos Corretora De Seguros Ltda,Não Indústria,3.Pequena,"Corretores e agentes de seguros, de planos de previdência complementar e de saúde",Migração,True,False,False,SOMENTE SESI,1,,,,,,,,,,,,,,,,,,,False
05582326000198,Elo Engenharia Ltda,Industria | Indústria,4.Micro,Construção de edifícios,Migração | Proposta,True,True,True,SESI + SENAI,2,ATIVA,ELO ENGENHARIA LTDA,INDÚSTRIA,Construcao de edificios,DEMAIS,Maceió,5582326000198.0,5582326000198.0,4120-4/00,4120400.0,41.0,F,Construcao,Construcao de edificios,True,False,SIM,NÃO ATENDIDA,True
05605339000135,Claudoval Barbosa De Melo-panificacao,Indústria,4.Micro,FABRICAÇÃO DE PRODUTOS DE PANIFICAÇÃO INDUSTRIAL,Migração,True,False,False,SOMENTE SESI,1,ATIVA,MANA PADARIA PREMIUM LTDA,INDÚSTRIA,Fabricacao de produtos de padaria e confeitaria com predominancia de producao propria,MICRO EMPRESA,Maceió,5605339000135.0,,1091-1/02,1091102.0,10.0,C,Industria de transformacao,Alimentos,True,False,SIM,NÃO ATENDIDA,True
05607666000126,Noel Nivaldo De Souza Moveis,Indústria,4.Micro,Fabricação de móveis com predominância de madeira,Migração,True,False,False,SOMENTE SESI,1,ATIVA,NOEL NIVALDO DE SOUZA MOVEIS,INDÚSTRIA,Fabricacao de moveis com predominancia de madeira,PEQUENO PORTE,Arapiraca,5607666000126.0,,3101-2/00,3101200.0,31.0,C,Industria de transformacao,Moveis,True,False,SIM,NÃO ATENDIDA,True
05612717000108,Energy Engenharia Ltda,Industria | Indústria,2.Média,Serviços de engenharia,Proposta,True,True,True,SESI + SENAI,2,ATIVA,ENERGY ENGENHARIA LTDA,INDÚSTRIA,Servicos de engenharia,DEMAIS,Maceió,5612717000108.0,5612717000108.0,7112-0/00,7112000.0,71.0,M,Atividades profissionais e tecnicas,Atividades profissionais e tecnicas,False,False,NAO,FORA DO ESCOPO SEBRAE,True
05612717000450,Energy Engenharia Ltda,Industria,3.Pequena,"Fabricação de estruturas pré-moldadas de concreto armado, em série e sob encomenda",Migração,False,True,False,SOMENTE SENAI,1,ATIVA,ENERGY ENGENHARIA LTDA,INDÚSTRIA,"Fabricacao de estruturas pre moldadas de concreto armado, em serie e sob encomenda",DEMAIS,Murici,,5612717000450.0,2330-3/01,2330301.0,23.0,C,Industria de transformacao,Produtos de minerais nao-metalicos,True,False,SIM,NÃO ATENDIDA,True
05623256000179,Inside Sistemas Ltda,Indústria,2.Média,Desenvolvimento e licenciamento de programas de computador não-customizáveis,Proposta,True,False,False,SOMENTE SESI,1,,,,,,,,,,,,,,,,,,,False
05680391000156,Fsf Tecnologia S.a.,Industria | Indústria,2.Média,Serviços de comunicação multimídia - SCM,Proposta,True,True,True,SESI + SENAI,2,ATIVA,FSF TECNOLOGIA S.A.,INDÚSTRIA,Servicos de comunicacao multimidia - scm,DEMAIS,Maceió,5680391000156.0,5680391000156.0,6110-8/03,6110803.0,61.0,J,Informacao e comunicacao,Informacao e comunicacao,False,False,NAO,FORA DO ESCOPO SEBRAE,True
05693271000193,Panificacao Padre Cicero Ltda,Indústria,4.Micro,FABRICAÇÃO DE PRODUTOS DE PADARIA E CONFEITARIA COM PREDOMINÂNCIA DE PRODUÇÃO PRÓPRIA,Migração,True,False,False,SOMENTE SESI,1,ATIVA,PANIFICACAO PADRE CICERO LTDA,INDÚSTRIA,Fabricacao de produtos de panificacao industrial,MICRO EMPRESA,Maceió,5693271000193.0,,1091-1/00,1091100.0,10.0,C,Industria de transformacao,Alimentos,True,False,SIM,NÃO ATENDIDA,True
05727414000130,Ana Maria Da Rocha Dos Santos,Indústria,4.Micro,FABRICAÇÃO DE PRODUTOS DE PANIFICAÇÃO INDUSTRIAL,Migração,True,False,False,SOMENTE SESI,1,ATIVA,ANA MARIA DA ROCHA DOS SANTOS,INDÚSTRIA,Fabricacao de produtos de padaria e confeitaria com predominancia de producao propria,MICRO EMPRESA,Maceió,5727414000130.0,,1091-1/02,1091102.0,10.0,C,Industria de transformacao,Alimentos,True,False,SIM,NÃO ATENDIDA,True
05771122000103,Am Incorporacoes E Administracoes Ltda,Não Indústria,4.Micro,Serviços de sepultamento,Migração,True,False,False,SOMENTE SESI,1,,,,,,,,,,,,,,,,,,,False
05862270000125,Cape Aguas Nordeste Industria E Comercio Ltda,Indústria,3.Pequena,Fabricação de outros produtos químicos não especificados anteriormente,Migração,True,False,False,SOMENTE SESI,1,ATIVA,CAPE AGUAS NORDESTE INDUSTRIA E COMERCIO LTDA,INDÚSTRIA,Fabricacao de outros produtos quimicos nao especificados anteriormente,DEMAIS,Marechal Deodoro,5862270000125.0,5862270000125.0,2099-1/99,2099199.0,20.0,C,Industria de transformacao,Produtos quimicos,True,False,SIM,NÃO ATENDIDA,True
05863009000140,Synergia - Consultoria Urbana E Social Ltda.,Nao Industria,2.Média,Pesquisa e desenvolvimento experimental em ciências sociais e humanas,Proposta,False,True,False,SOMENTE SENAI,1,,,,,,,,,,,,,,,,,,,False
05873960000180,L S Moveis Ltda,Indústria,4.Micro,Fabricação de móveis com predominância de madeira,Migração,True,False,False,SOMENTE SESI,1,ATIVA,L S MOVEIS LTDA,INDÚSTRIA,Fabricacao de moveis com predominancia de madeira,MICRO EMPRESA,Maceió,5873960000180.0,,3101-2/00,3101200.0,31.0,C,Industria de transformacao,Moveis,True,False,SIM,NÃO ATENDIDA,True
05898710000102,Ana Cristina Dos Santos Costa,Não Indústria,4.Micro,"Comércio varejista de suvenires, bijuterias e artesanatos",Migração,True,False,False,SOMENTE SESI,1,,,,,,,,,,,,,,,,,,,False
05900886000143,Escola Padre Pierre Vigne Ltda,Não Indústria,3.Pequena,Ensino fundamental,Migração,True,False,False,SOMENTE SESI,1,,,,,,,,,,,,,,,,,,,False
05902038000254,Iabs - Instituto Brasileiro De Desenvolvimento E Sustentabilidade,Não Indústria,4.Micro,Atividades de associações de defesa de direitos sociais,Migração,True,False,False,SOMENTE SESI,1,,,,,,,,,,,,,,,,,,,False
05913401000156,Acender Engenharia Ltda Em Recuperacao Judicial,Industria,2.Média,Instalação e manutenção elétrica,Proposta,False,True,False,SOMENTE SENAI,1,ATIVA,ACENDER ENGENHARIA LTDA EM RECUPERACAO JUDICIAL,INDÚSTRIA,Instalacao e manutencao eletrica,DEMAIS,Maceió,,5913401000156.0,4321-5/00,4321500.0,43.0,F,Construcao,Servicos especializados para construcao,True,False,SIM,NÃO ATENDIDA,True
05925056000170,I. M. Da Silva Industria,Industria | Indústria,4.Micro,"Fabricação de especiarias, molhos, temperos e condimentos",Migração | Proposta,True,True,True,SESI + SENAI,2,ATIVA,I. M. DA SILVA INDUSTRIA,INDÚSTRIA,"Fabricacao de especiarias, molhos, temperos e condimentos",MICRO EMPRESA,Rio Largo,5925056000170.0,5925056000170.0,1095-3/00,1095300.0,10.0,C,Industria de transformacao,Alimentos,True,False,SIM,NÃO ATENDIDA,True
05954139000198,Clinica De Cardiologia Avancada Ltda,Não Indústria,3.Pequena,Atividade médica ambulatorial com recursos para realização de exames complementares,Migração,True,False,False,SOMENTE SESI,1,,,,,,,,,,,,,,,,,,,False
05954139000279,Clinica De Cardiologia Avancada Ltda,Não Indústria,4.Micro,Atividade médica ambulatorial com recursos para realização de exames complementares,Migração,True,False,False,SOMENTE SESI,1,,,,,,,,,,,,,,,,,,,False
05957520000100,Karina F. Da S. C. De Aquino,Não Indústria,4.Micro,Comércio varejista de outros produtos não especificados anteriormente,Migração,True,False,False,SOMENTE SESI,1,,,,,,,,,,,,,,,,,,,False
05966389000148,L F M W Cartisano,Não Indústria,4.Micro,Comércio varejista de tintas e materiais para pintura,Migração,True,False,False,SOMENTE SESI,1,,,,,,,,,,,,,,,,,,,False
05972996000110,P D J A De Carvalho  Ltda,Indústria,4.Micro,"Confecção de roupas profissionais, exceto sob medida",Migração,True,False,False,SOMENTE SESI,1,ATIVA,P D J A DE CARVALHO LTDA,INDÚSTRIA,"Confeccao de roupas profissionais, exceto sob medida",PEQUENO PORTE,Maceió,5972996000110.0,5972996000110.0,1413-4/01,1413401.0,14.0,C,Industria de transformacao,Confeccao de vestuario e acessorios,True,False,SIM,NÃO ATENDIDA,True
05977510000137,Mineradora Aldebaran Ltda,Indústria,3.Pequena,Fabricação de águas envasadas,Migração,True,False,False,SOMENTE SESI,1,ATIVA,MINERADORA ALDEBARAN LTDA,INDÚSTRIA,Fabricacao de aguas envasadas,MICRO EMPRESA,Maceió,5977510000137.0,,1121-6/00,1121600.0,11.0,C,Industria de transformacao,Bebidas,True,False,SIM,NÃO ATENDIDA,True
05996028000144,Varejao Dos Doces Ltda,Não Indústria,3.Pequena,"Comércio varejista de doces, balas, bombons e semelhantes",Migração,True,False,False,SOMENTE SESI,1,,,,,,,,,,,,,,,,,,,False
05996028000306,Varejao Dos Doces Ltda,Não Indústria,3.Pequena,"Comércio atacadista de chocolates, confeitos, balas, bombons e semelhantes",Migração,True,False,False,SOMENTE SESI,1,,,,,,,,,,,,,,,,,,,False
06007841000107,Brandao E Torres Construcoes Ltda.,Industria | Indústria,2.Média,Construção de edifícios,Migração,True,True,True,SESI + SENAI,2,ATIVA,BRANDAO E TORRES CONSTRUCOES LTDA.,INDÚSTRIA,Construcao de edificios,PEQUENO PORTE,Maceió,6007841000107.0,6007841000107.0,4120-4/00,4120400.0,41.0,F,Construcao,Construcao de edificios,True,False,SIM,NÃO ATENDIDA,True
06009273000183,Memorial Parque De Maceio Ltda,Não Indústria,3.Pequena,Gestão e manutenção de cemitérios,Migração,True,False,False,SOMENTE SESI,1,,,,,,,,,,,,,,,,,,,False
06034228000189,Plataforma Engenharia Ltda,Industria,2.Média,Construção de edifícios,Migração,False,True,False,SOMENTE SENAI,1,ATIVA,PLATAFORMA ENGENHARIA LTDA,INDÚSTRIA,Construcao de edificios,DEMAIS,Maceió,,6034228000189.0,4120-4/00,4120400.0,41.0,F,Construcao,Construcao de edificios,True,False,SIM,NÃO ATENDIDA,True
06043133000121,Gentil Aurelio Rodrigues,Indústria,4.Micro,Obras de acabamento em gesso e estuque,Proposta,True,False,False,SOMENTE SESI,1,,,,,,,,,,,,,,,,,,,False
06121325000109,Serquip Tratamentos Residuos Al Ltda,Indústria,3.Pequena,Coleta de resíduos não-perigosos,Proposta,True,False,False,SOMENTE SESI,1,ATIVA,SERQUIP TRATAMENTOS RESIDUOS AL LTDA,INDÚSTRIA,Coleta de residuos nao perigosos,DEMAIS,Maceió,6121325000109.0,6121325000109.0,3811-4/00,3811400.0,38.0,E,"Agua, esgoto e residuos",Coleta e tratamento de residuos,True,False,NAO,FORA DO ESCOPO SEBRAE,True
06143647000159,Techplast Industria E Comercio De Plasticos Ltda,Indústria,3.Pequena,Fabricação de artefatos de material plástico para uso pessoal e doméstico,Proposta,True,False,False,SOMENTE SESI,1,ATIVA,TECHPLAST INDUSTRIA E COMERCIO DE PLASTICOS LTDA,INDÚSTRIA,Fabricacao de artefatos de material plastico para uso pessoal e domestico,DEMAIS,Maceió,,6143647000159.0,2229-3/01,2229301.0,22.0,C,Industria de transformacao,Borracha e material plastico,True,False,SIM,NÃO ATENDIDA,True
06143647000230,Techplast Industria E Comercio De Plasticos Ltda,Industria | Indústria,2.Média,Recuperação de materiais não especificados anteriormente,Migração | Proposta,True,True,True,SESI + SENAI,2,ATIVA,TECHPLAST INDUSTRIA E COMERCIO DE PLASTICOS LTDA,INDÚSTRIA,Recuperacao de materiais nao especificados anteriormente,DEMAIS,Maceió,6143647000230.0,6143647000230.0,3839-4/99,3839499.0,38.0,E,"Agua, esgoto e residuos",Coleta e tratamento de residuos,True,False,SIM,NÃO ATENDIDA,True
06145615000192,Kaizen Industria E Comercio De Cosmeticos Ltda,Indústria,4.Micro,"Fabricação de cosméticos, produtos de perfumaria e de higiene pessoal",Migração,True,False,False,SOMENTE SESI,1,ATIVA,KAIZEN INDUSTRIA E COMERCIO DE COSMETICOS LTDA,INDÚSTRIA,"Fabricacao de cosmeticos, produtos de perfumaria e de higiene pessoal",PEQUENO PORTE,Arapiraca,6145615000192.0,,2063-1/00,2063100.0,20.0,C,Industria de transformacao,Produtos quimicos,True,False,SIM,NÃO ATENDIDA,True
06161119000122,Q. Vieira Da Conceicao,Indústria,4.Micro,"Confecção, sob medida, de roupas profissionais",Migração,True,False,False,SOMENTE SESI,1,ATIVA,Q. VIEIRA DA CONCEICAO,INDÚSTRIA,"Confeccao, sob medida, de roupas profissionais",MICRO EMPRESA,Arapiraca,6161119000122.0,,1413-4/02,1413402.0,14.0,C,Industria de transformacao,Confeccao de vestuario e acessorios,True,False,SIM,NÃO ATENDIDA,True
06171493000451,Mslog - Servicos De Logistica E Transporte Ltda,Nao Industria,3.Pequena,Organização logística do transporte de carga,Proposta,False,True,False,SOMENTE SENAI,1,,,,,,,,,,,,,,,,,,,False
06173511000191,Retrofit Engenharia De Servicos Ltda,Industria,3.Pequena,Construção de edifícios,Proposta,False,True,False,SOMENTE SENAI,1,,,,,,,,,,,,,,,,,,,False
06190387000172,Erisvaldo Luis Neto Ltda,Industria | Indústria,4.Micro,Fabricação de laticínios,Migração | Proposta,True,True,True,SESI + SENAI,2,ATIVA,ERISVALDO LUIS NETO LTDA,INDÚSTRIA,Fabricacao de laticinios,MICRO EMPRESA,Olivença,6190387000172.0,6190387000172.0,1052-0/00,1052000.0,10.0,C,Industria de transformacao,Alimentos,True,False,SIM,NÃO ATENDIDA,True
06197766000194,H A Menezes Santos,Não Indústria,4.Micro,Comércio a varejo de peças e acessórios novos para veículos automotores,Migração,True,False,False,SOMENTE SESI,1,,,,,,,,,,,,,,,,,,,False
06204078000104,J S Oliveira Tropical Ltda,Indústria,3.Pequena,FABRICAÇÃO DE PRODUTOS DE PADARIA E CONFEITARIA COM PREDOMINÂNCIA DE PRODUÇÃO PRÓPRIA,Migração,True,False,False,SOMENTE SESI,1,ATIVA,J S OLIVEIRA TROPICAL LTDA,INDÚSTRIA,Fabricacao de produtos de panificacao industrial,PEQUENO PORTE,Arapiraca,6204078000104.0,,1091-1/00,1091100.0,10.0,C,Industria de transformacao,Alimentos,True,False,SIM,NÃO ATENDIDA,True
06209606000118,Triunfo Pedras Ltda,Industria | Indústria,3.Pequena,Extração e britamento de pedras e outros materiais para construção e beneficiamento associado,Proposta,True,True,True,SESI + SENAI,2,ATIVA,TRIUNFO PEDRAS LTDA,INDÚSTRIA,Extracao e britamento de pedras e outros materiais para construcao e beneficiamento associado,DEMAIS,Arapiraca,6209606000118.0,6209606000118.0,0810-0/99,810099.0,8.0,B,Industria extrativa,Extracao de minerais nao-metalicos,True,False,SIM,NÃO ATENDIDA,True
06210697000101,K C A De Melo & Cia Ltda,Não Indústria,4.Micro,Atividades de monitoramento de sistemas de segurança eletrônico,Migração,True,False,False,SOMENTE SESI,1,,,,,,,,,,,,,,,,,,,False
06227963000109,Auto Viacao Mae Do Salvador Ltda,Não Indústria,4.Micro,"Transporte rodoviário coletivo de passageiros, com itinerário fixo, municipal",Migração,True,False,False,SOMENTE SESI,1,,,,,,,,,,,,,,,,,,,False
06228417000192,Madebras Atacado De Madeiras Ltda,Não Indústria,3.Pequena,Comércio atacadista de materiais de construção em geral,Migração,True,False,False,SOMENTE SESI,1,,,,,,,,,,,,,,,,,,,False
06248248000152,Sabalanga Produtos Agropecuarios Ltda,Nao Industria,2.Média,Criação de frangos para corte,Proposta,False,True,False,SOMENTE SENAI,1,,,,,,,,,,,,,,,,,,,False
06304474000103,Moura E Moura Servicos Medicos Ltda,Não Indústria,4.Micro,"Serviços de diagnóstico por registro gráfico - ECG, EEG e outros exames análogos",Migração,True,False,False,SOMENTE SESI,1,,,,,,,,,,,,,,,,,,,False
06325812000193,Frio Maximo Comercio De Pecas E Servicos Ltda,Indústria,4.Micro,"Serviços de instalação, manutenção e reparação de acessórios para veículos automotores",Migração,True,False,False,SOMENTE SESI,1,ATIVA,FRIO MAXIMO COMERCIO DE PECAS E SERVICOS LTDA,INDÚSTRIA,"Servicos de instalacao, manutencao e reparacao de acessorios para veiculos automotores",MICRO EMPRESA,Maceió,6325812000193.0,,4520-0/07,4520007.0,45.0,G,Comercio e reparacao de veiculos,Comercio e reparacao de veiculos,False,False,NAO,FORA DO ESCOPO SEBRAE,True
06326419000114,Acquaplan Tecnologia E Consultoria Ambiental Ltda,Não Indústria,4.Micro,"Outras atividades profissionais, científicas e técnicas não especificadas anteriormente",Proposta,True,False,False,SOMENTE SESI,1,,,,,,,,,,,,,,,,,,,False
06351389000104,Naturalia Aguas Minerais Ltda,Industria | Indústria,4.Micro,Fabricação de águas envasadas,Migração | Proposta,True,True,True,SESI + SENAI,2,ATIVA,NATURALIA AGUAS MINERAIS LTDA,INDÚSTRIA,Fabricacao de aguas envasadas,PEQUENO PORTE,Maceió,6351389000104.0,6351389000104.0,1121-6/00,1121600.0,11.0,C,Industria de transformacao,Bebidas,True,False,SIM,NÃO ATENDIDA,True
06371307000185,Harcos Comercio E Servicos Ltda,Não Indústria,4.Micro,Promoção de vendas,Migração,True,False,False,SOMENTE SESI,1,,,,,,,,,,,,,,,,,,,False
06371307000347,Harcos Comercio E Servicos Ltda,Não Indústria,4.Micro,Promoção de vendas,Migração,True,False,False,SOMENTE SESI,1,,,,,,,,,,,,,,,,,,,False
06371307000509,Harcos Comercio E Servicos Ltda,Não Indústria,4.Micro,Promoção de vendas,Migração,True,False,False,SOMENTE SESI,1,,,,,,,,,,,,,,,,,,,False
06371307000690,Harcos Comercio E Servicos Ltda,Não Indústria,4.Micro,"Atividades de intermediação e agenciamento de serviços e negócios em geral, exceto imobiliários",Migração,True,False,False,SOMENTE SESI,1,,,,,,,,,,,,,,,,,,,False
06371307000770,Harcos Comercio E Servicos Ltda,Não Indústria,4.Micro,"Atividades de intermediação e agenciamento de serviços e negócios em geral, exceto imobiliários",Migração,True,False,False,SOMENTE SESI,1,,,,,,,,,,,,,,,,,,,False
06371307000851,Harcos Comercio E Servicos Ltda,Não Indústria,4.Micro,Promoção de vendas,Migração,True,False,False,SOMENTE SESI,1,,,,,,,,,,,,,,,,,,,False
06371307001580,Harcos Comercio E Servicos Ltda,Não Indústria,4.Micro,Promoção de vendas,Migração,True,False,False,SOMENTE SESI,1,,,,,,,,,,,,,,,,,,,False
06371307001742,Harcos Comercio E Servicos Ltda,Não Indústria,4.Micro,Promoção de vendas,Migração,True,False,False,SOMENTE SESI,1,,,,,,,,,,,,,,,,,,,False
06371307001823,Harcos Comercio E Servicos Ltda,Não Indústria,4.Micro,Promoção de vendas,Migração,True,False,False,SOMENTE SESI,1,,,,,,,,,,,,,,,,,,,False
06371307001904,Harcos Comercio E Servicos Ltda,Não Indústria,4.Micro,Promoção de vendas,Migração,True,False,False,SOMENTE SESI,1,,,,,,,,,,,,,,,,,,,False
06371325000167,Masterop Operadora Turistica Ltda,Não Indústria,3.Pequena,Agências de viagens,Migração,True,False,False,SOMENTE SESI,1,,,,,,,,,,,,,,,,,,,False
06372095000150,W.l.monteiro,Não Indústria,4.Micro,"Comércio atacadista de combustíveis de origem vegetal, exceto álcool carburante",Migração,True,False,False,SOMENTE SESI,1,,,,,,,,,,,,,,,,,,,False
06698221000161,Tempermac Vidros Temperados De Maceio Ltda,Industria,3.Pequena,Fabricação de vidro plano e de segurança,Proposta,False,True,False,SOMENTE SENAI,1,ATIVA,TEMPERMAC VIDROS TEMPERADOS DE MACEIO LTDA,INDÚSTRIA,Fabricacao de vidro plano e de seguranca,PEQUENO PORTE,Maceió,,6698221000161.0,2311-7/00,2311700.0,23.0,C,Industria de transformacao,Produtos de minerais nao-metalicos,True,False,SIM,NÃO ATENDIDA,True
06931419000143,Escola Pequenos Brilhantes Ltda,Não Indústria,4.Micro,Ensino fundamental,Migração,True,False,False,SOMENTE SESI,1,,,,,,,,,,,,,,,,,,,False
06937784000165,Solidez Engenharia Ltda,Industria,2.Média,Construção de edifícios,Proposta,False,True,False,SOMENTE SENAI,1,ATIVA,SOLIDEZ ENGENHARIA LTDA,INDÚSTRIA,Construcao de edificios,DEMAIS,Maceió,,6937784000165.0,4120-4/00,4120400.0,41.0,F,Construcao,Construcao de edificios,True,False,SIM,NÃO ATENDIDA,True
06943858000176,Contemporanea Arquitetura E Construcoes Ltda,Industria,3.Pequena,Construção de edifícios,Proposta,False,True,False,SOMENTE SENAI,1,ATIVA,CONTEMPORANEA ARQUITETURA E CONSTRUCOES LTDA,INDÚSTRIA,Construcao de edificios,DEMAIS,Maceió,6943858000176.0,6943858000176.0,4120-4/00,4120400.0,41.0,F,Construcao,Construcao de edificios,True,False,SIM,NÃO ATENDIDA,True
06964752000159,P3 Engenharia Eletrica Ltda,Indústria,2.Média,Serviços de engenharia,Proposta,True,False,False,SOMENTE SESI,1,,,,,,,,,,,,,,,,,,,False
06980064001073,Nacional Gas Butano Distribuidora Ltda,Nao Industria,3.Pequena,Comércio varejista de gás liqüefeito de petróleo (GLP),Proposta,False,True,False,SOMENTE SENAI,1,,,,,,,,,,,,,,,,,,,False
07036026000139,Igreja Batista El Shadday De Arapiraca,Não Indústria,4.Micro,Atividades de organizações religiosas,Migração,True,False,False,SOMENTE SESI,1,,,,,,,,,,,,,,,,,,,False
07042588000195,Bomfim & Jatoba Advogados Associados,Não Indústria,4.Micro,Serviços advocatícios,Migração,True,False,False,SOMENTE SESI,1,,,,,,,,,,,,,,,,,,,False
07051560000114,Cemi - Com. De Equipamentos E Manutencao Em Informatica Ltda,Não Indústria,4.Micro,Recarga de cartuchos para equipamentos de informática,Migração,True,False,False,SOMENTE SESI,1,,,,,,,,,,,,,,,,,,,False
07103225000112,Empresa Brasileira De Construcao Ltda,Industria,3.Pequena,Construção de edifícios,Proposta,False,True,False,SOMENTE SENAI,1,,,,,,,,,,,,,,,,,,,False
07111432000380,Ceramica Capelli Ltda,Industria,3.Pequena,"Fabricação de artefatos de cerâmica e barro cozido para uso na construção, exceto azulejos e pisos",Proposta,False,True,False,SOMENTE SENAI,1,ATIVA,CERAMICA CAPELLI LTDA,INDÚSTRIA,"Fabricacao de artefatos de ceramica e barro cozido para uso na construcao, exceto azulejos e pisos",PEQUENO PORTE,Capela,,7111432000380.0,2342-7/02,2342702.0,23.0,C,Industria de transformacao,Produtos de minerais nao-metalicos,True,False,SIM,NÃO ATENDIDA,True
07119626000160,Bdo Rcs Gestao Empresarial Ltda,Não Indústria,4.Micro,"Atividades de consultoria em gestão empresarial, exceto consultoria técnica específica",Proposta,True,False,False,SOMENTE SESI,1,,,,,,,,,,,,,,,,,,,False
07149307000521,Confeccoes Nobrega Ltda,Indústria,4.Micro,"Confecção de peças do vestuário, exceto roupas íntimas e as confeccionadas sob medida",Migração,True,False,False,SOMENTE SESI,1,ATIVA,CONFECCOES NOBREGA LTDA,INDÚSTRIA,"Confeccao de pecas de vestuario, exceto roupas intimas e as confeccionadas sob medida",PEQUENO PORTE,Arapiraca,7149307000521.0,,1412-6/01,1412601.0,14.0,C,Industria de transformacao,Confeccao de vestuario e acessorios,True,False,SIM,NÃO ATENDIDA,True
07196033005590,Norsa Refrigerantes S.a,Indústria,1.Grande,Fabricação de refrigerantes,Proposta,True,False,False,SOMENTE SESI,1,ATIVA,NORSA REFRIGERANTES S.A,INDÚSTRIA,Fabricacao de refrigerantes,DEMAIS,Maceió,7196033005590.0,7196033005590.0,1122-4/01,1122401.0,11.0,C,Industria de transformacao,Bebidas,True,False,SIM,NÃO ATENDIDA,True
07246670000131,S. C. Do Carmo Confeccoes,Industria | Indústria,3.Pequena,Confecção de roupas íntimas,Migração | Proposta,True,True,True,SESI + SENAI,2,ATIVA,S. C. DO CARMO CONFECCOES,INDÚSTRIA,Confeccao de roupas intimas,MICRO EMPRESA,Arapiraca,7246670000131.0,7246670000131.0,1411-8/01,1411801.0,14.0,C,Industria de transformacao,Confeccao de vestuario e acessorios,True,False,SIM,NÃO ATENDIDA,True
07250211000121,Panificacao Jeronimo Ltda,Industria | Indústria,3.Pequena,FABRICAÇÃO DE PRODUTOS DE PANIFICAÇÃO INDUSTRIAL,Proposta,True,True,True,SESI + SENAI,2,ATIVA,PANIFICACAO JERONIMO LTDA,INDÚSTRIA,Fabricacao de produtos de padaria e confeitaria com predominancia de producao propria,MICRO EMPRESA,São Miguel dos Campos,7250211000121.0,7250211000121.0,1091-1/02,1091102.0,10.0,C,Industria de transformacao,Alimentos,True,False,SIM,NÃO ATENDIDA,True
07256880000100,Germano Regueira Advogados,Não Indústria,4.Micro,Serviços advocatícios,Migração,True,False,False,SOMENTE SESI,1,,,,,,,,,,,,,,,,,,,False
07302129000101,J. C. Da Silva & Silva Ltda,Não Indústria,3.Pequena,Serviços combinados de escritório e apoio administrativo,Migração,True,False,False,SOMENTE SESI,1,,,,,,,,,,,,,,,,,,,False
07326239000103,C H Sampaio,Não Indústria,4.Micro,Comércio varejista de calçados,Migração,True,False,False,SOMENTE SESI,1,,,,,,,,,,,,,,,,,,,False
07337276000109,Shl-servicos De Hospedagens Ltda,Não Indústria,2.Média,Hotéis,Proposta,True,False,False,SOMENTE SESI,1,,,,,,,,,,,,,,,,,,,False
07355891000148,Almar Pesquisa E Desenvolvimento Experimental Em Ciencias Fisicas E Naturais Ltda,Não Indústria,4.Micro,Pesquisa e desenvolvimento experimental em ciências físicas e naturais,Migração,True,False,False,SOMENTE SESI,1,,,,,,,,,,,,,,,,,,,False
07389665000188,F C K Construcoes E Incorporacoes Ltda,Indústria,4.Micro,Construção de edifícios,Migração,True,False,False,SOMENTE SESI,1,ATIVA,F C K CONSTRUCOES E INCORPORACOES LTDA,INDÚSTRIA,Construcao de edificios,PEQUENO PORTE,Maceió,7389665000188.0,,4120-4/00,4120400.0,41.0,F,Construcao,Construcao de edificios,True,False,SIM,NÃO ATENDIDA,True
07431747000143,Comferral Comercio De Ferragens Ltda,Nao Industria,4.Micro,Comércio atacadista de ferragens e ferramentas,Proposta,False,True,False,SOMENTE SENAI,1,,,,,,,,,,,,,,,,,,,False
07471959000154,Escola De Educacao Basica Millenium Ltda,Não Indústria,4.Micro,Ensino fundamental,Proposta,True,False,False,SOMENTE SESI,1,,,,,,,,,,,,,,,,,,,False
07472625000103,Reciclal Industria E Comercio De Metais Ltda,Não Indústria,4.Micro,Comércio atacadista de resíduos e sucatas metálicos,Migração,True,False,False,SOMENTE SESI,1,,,,,,,,,,,,,,,,,,,False
07478417000103,Metro Engenharia E Consultoria Ltda,Industria,1.Grande,Construção de edifícios,Migração,False,True,False,SOMENTE SENAI,1,,,,,,,,,,,,,,,,,,,False
07480558000160,Clinilar Home Care Ltda,Não Indústria,4.Micro,Atividades de fornecimento de infra-estrutura de apoio e assistência a paciente no domicílio,Migração,True,False,False,SOMENTE SESI,1,,,,,,,,,,,,,,,,,,,False
07502493000107,Art Moveis Ltda,Industria | Indústria,4.Micro,Fabricação de móveis com predominância de madeira,Migração | Proposta,True,True,True,SESI + SENAI,2,ATIVA,ART MOVEIS LTDA,INDÚSTRIA,Fabricacao de moveis com predominancia de madeira,MICRO EMPRESA,Santana do Ipanema,7502493000107.0,7502493000107.0,3101-2/00,3101200.0,31.0,C,Industria de transformacao,Moveis,True,False,SIM,NÃO ATENDIDA,True
07509781000193,Mult Construcoes Ltda,Indústria,3.Pequena,Administração de obras,Migração,True,False,False,SOMENTE SESI,1,ATIVA,MULT CONSTRUCOES LTDA,INDÚSTRIA,Administracao de obras,PEQUENO PORTE,Maceió,7509781000193.0,,4399-1/01,4399101.0,43.0,F,Construcao,Servicos especializados para construcao,True,False,SIM,NÃO ATENDIDA,True
07510298000129,"Unipesca-producao, Industria & Comercio De Pescados Ltda",Indústria,4.Micro,"Fabricação de conservas de peixes, crustáceos e moluscos",Migração,True,False,False,SOMENTE SESI,1,ATIVA,"UNIPESCA-PRODUCAO, INDUSTRIA & COMERCIO DE PESCADOS LTDA",INDÚSTRIA,"Fabricacao de conservas de peixes, crustaceos e moluscos",PEQUENO PORTE,Piaçabuçu,7510298000129.0,,1020-1/02,1020102.0,10.0,C,Industria de transformacao,Alimentos,True,False,SIM,NÃO ATENDIDA,True
07522191004430,Rip Servicos Industriais Ltda,Industria | Indústria,2.Média,Outras obras de engenharia civil não especificadas anteriormente,Proposta,True,True,True,SESI + SENAI,2,ATIVA,KAEFER RIP SERVICOS INDUSTRIAIS LTDA,INDÚSTRIA,Outras obras de engenharia civil nao especificadas anteriormente,DEMAIS,Maceió,7522191004430.0,7522191004430.0,4299-5/99,4299599.0,42.0,F,Construcao,Obras de infraestrutura,True,False,SIM,NÃO ATENDIDA,True
07524928000114,Constru Servicos De Telecomunicacoes Ltda,Indústria,3.Pequena,Construção de estações e redes de telecomunicações,Migração,True,False,False,SOMENTE SESI,1,ATIVA,CONSTRU SERVICOS DE TELECOMUNICACOES LTDA,INDÚSTRIA,Construcao de estacoes e redes de telecomunicacoes,PEQUENO PORTE,Maceió,7524928000114.0,,4221-9/04,4221904.0,42.0,F,Construcao,Obras de infraestrutura,True,False,SIM,NÃO ATENDIDA,True
07648847000126,Arraes Comercio De Pecas E Servicos Automotivos Ltda,Não Indústria,4.Micro,Comércio a varejo de peças e acessórios novos para veículos automotores,Migração,True,False,False,SOMENTE SESI,1,,,,,,,,,,,,,,,,,,,False
07670835000106,J D Da Silva Servicos,Indústria,4.Micro,Obras de alvenaria,Migração,True,False,False,SOMENTE SESI,1,ATIVA,J D DA SILVA SERVICOS,INDÚSTRIA,Obras de alvenaria,MICRO EMPRESA,Arapiraca,7670835000106.0,,4399-1/03,4399103.0,43.0,F,Construcao,Servicos especializados para construcao,True,False,SIM,NÃO ATENDIDA,True
07675759000113,G M Dos Santos Panificacao,Indústria,4.Micro,FABRICAÇÃO DE PRODUTOS DE PANIFICAÇÃO INDUSTRIAL,Migração,True,False,False,SOMENTE SESI,1,ATIVA,G M DOS SANTOS PANIFICACAO,INDÚSTRIA,Fabricacao de produtos de padaria e confeitaria com predominancia de producao propria,MICRO EMPRESA,Maceió,7675759000113.0,,1091-1/02,1091102.0,10.0,C,Industria de transformacao,Alimentos,True,False,SIM,NÃO ATENDIDA,True
07678205000170,Empretec Construcoes Ltda,Indústria,4.Micro,Construção de edifícios,Proposta,True,False,False,SOMENTE SESI,1,ATIVA,EMPRETEC CONSTRUCOES LTDA,INDÚSTRIA,Construcao de edificios,PEQUENO PORTE,Maceió,7678205000170.0,,4120-4/00,4120400.0,41.0,F,Construcao,Construcao de edificios,True,False,SIM,NÃO ATENDIDA,True
07771407000161,Comercial Popular Ltda,Não Indústria,3.Pequena,"Comércio varejista de mercadorias em geral, com predominância de produtos alimentícios - supermercados",Migração,True,False,False,SOMENTE SESI,1,,,,,,,,,,,,,,,,,,,False
07811608000145,Sol Salinas Hotelaria E Servicos Ltda.,Nao Industria,2.Média,Hotéis,Proposta,False,True,False,SOMENTE SENAI,1,,,,,,,,,,,,,,,,,,,False
07849197000187,Diniz & Rocha Ltda,Não Indústria,4.Micro,"Lanchonetes, casas de chá, de sucos e similares",Migração,True,False,False,SOMENTE SESI,1,,,,,,,,,,,,,,,,,,,False
07849197000349,Diniz & Rocha Ltda,Não Indústria,4.Micro,"Lanchonetes, casas de chá, de sucos e similares",Migração,True,False,False,SOMENTE SESI,1,,,,,,,,,,,,,,,,,,,False
07868323000140,Macro Empreendimentos Ltda,Industria,4.Micro,Preparação de canteiro e limpeza de terreno,Proposta,False,True,False,SOMENTE SENAI,1,ATIVA,MACRO EMPREENDIMENTOS LTDA,INDÚSTRIA,Preparacao de canteiro e limpeza de terreno,DEMAIS,Maceió,,7868323000140.0,4311-8/02,4311802.0,43.0,F,Construcao,Servicos especializados para construcao,True,False,SIM,NÃO ATENDIDA,True
07982350000140,Silva E Simiao Ltda,Não Indústria,4.Micro,Comércio varejista de materiais de construção em geral,Migração,True,False,False,SOMENTE SESI,1,,,,,,,,,,,,,,,,,,,False
08013954000140,Padrao Uniformes Industria E Comercio De Confeccoes De Roupas Ltda,Indústria,4.Micro,Confecção de roupas íntimas,Migração,True,False,False,SOMENTE SESI,1,ATIVA,PADRAO UNIFORMES INDUSTRIA E COMERCIO DE CONFECCOES DE ROUPAS LTDA,INDÚSTRIA,Confeccao de roupas intimas,MICRO EMPRESA,Murici,8013954000140.0,,1411-8/01,1411801.0,14.0,C,Industria de transformacao,Confeccao de vestuario e acessorios,True,False,SIM,NÃO ATENDIDA,True
08014225000109,Albatroz Industria E Comercio De Confeccoes De Roupas Ltda,Indústria,4.Micro,Confecção de roupas íntimas,Migração,True,False,False,SOMENTE SESI,1,ATIVA,ALBATROZ INDUSTRIA E COMERCIO DE CONFECCOES DE ROUPAS LTDA,INDÚSTRIA,Confeccao de roupas intimas,MICRO EMPRESA,Murici,8014225000109.0,,1411-8/01,1411801.0,14.0,C,Industria de transformacao,Confeccao de vestuario e acessorios,True,False,SIM,NÃO ATENDIDA,True
08049154000856,M3 Tecnologia Ltda,Industria,4.Micro,Outras atividades de telecomunicações não especificadas anteriormente,Proposta,False,True,False,SOMENTE SENAI,1,ATIVA,M3 TECNOLOGIA LTDA,INDÚSTRIA,Outras atividades de telecomunicacoes nao especificadas anteriormente,DEMAIS,Maceió,,8049154000856.0,6190-6/99,6190699.0,61.0,J,Informacao e comunicacao,Informacao e comunicacao,False,False,NAO,FORA DO ESCOPO SEBRAE,True
08075562000106,Pousada Sonho Meu Ltda,Não Indústria,4.Micro,Hotéis,Migração,True,False,False,SOMENTE SESI,1,,,,,,,,,,,,,,,,,,,False
08092429000168,Pinheiro Empreendimentos Turisticos Ltda,Não Indústria,4.Micro,Hotéis,Migração,True,False,False,SOMENTE SESI,1,,,,,,,,,,,,,,,,,,,False
08099802000102,Jose Afonso Dos Anjos,Não Indústria,4.Micro,Comércio varejista de equipamentos para escritório,Migração,True,False,False,SOMENTE SESI,1,,,,,,,,,,,,,,,,,,,False
08172791000149,Bento E Bispo Teleinformatica Ltda,Indústria,4.Micro,Serviços de comunicação multimídia - SCM,Migração,True,False,False,SOMENTE SESI,1,ATIVA,BENTO E BISPO TELEINFORMATICA LTDA,INDÚSTRIA,Servicos de comunicacao multimidia - scm,MICRO EMPRESA,Campo Alegre,8172791000149.0,,6110-8/03,6110803.0,61.0,J,Informacao e comunicacao,Informacao e comunicacao,False,False,NAO,FORA DO ESCOPO SEBRAE,True
08183359000153,Prodiet Nutricao Clinica S.a,Indústria,2.Média,Fabricação de outros produtos alimentícios não especificados anteriormente,Proposta,True,False,False,SOMENTE SESI,1,,,,,,,,,,,,,,,,,,,False
08188552000187,Intimos Industria E Comercio De Confeccoes De Roupas Ltda,Indústria,4.Micro,Confecção de roupas íntimas,Migração,True,False,False,SOMENTE SESI,1,ATIVA,INTIMOS INDUSTRIA E COMERCIO DE CONFECCOES DE ROUPAS LTDA,INDÚSTRIA,Confeccao de roupas intimas,MICRO EMPRESA,Murici,8188552000187.0,,1411-8/01,1411801.0,14.0,C,Industria de transformacao,Confeccao de vestuario e acessorios,True,False,SIM,NÃO ATENDIDA,True
08282818000156,Alfa Empreendimentos E Participacoes S.a,Não Indústria,3.Pequena,Holdings de instituições não-financeiras,Proposta,True,False,False,SOMENTE SESI,1,,,,,,,,,,,,,,,,,,,False
08295507000121,Tecelagem Alagoana Ltda,Indústria,4.Micro,Fabricação de artefatos de tapeçaria,Migração,True,False,False,SOMENTE SESI,1,ATIVA,TECELAGEM ALAGOANA LTDA,INDÚSTRIA,Fabricacao de artefatos de tapecaria,MICRO EMPRESA,Maceió,8295507000121.0,,1352-9/00,1352900.0,13.0,C,Industria de transformacao,Produtos texteis,True,False,SIM,NÃO ATENDIDA,True
08295518000101,P Castro Refrigeracao Ltda,Industria,4.Micro,"Instalação e manutenção de sistemas centrais de ar condicionado, de ventilação e refrigeração",Proposta,False,True,False,SOMENTE SENAI,1,ATIVA,P CASTRO REFRIGERACAO LTDA,INDÚSTRIA,"Instalacao e manutencao de sistemas centrais de ar condicionado, de ventilacao e refrigeracao",MICRO EMPRESA,Maceió,,8295518000101.0,4322-3/02,4322302.0,43.0,F,Construcao,Servicos especializados para construcao,True,False,SIM,NÃO ATENDIDA,True
08295547000173,Wagner Cabral Empreendimentos Ltda.,Indústria,2.Média,Incorporação de empreendimentos imobiliários,Migração,True,False,False,SOMENTE SESI,1,ATIVA,WAGNER CABRAL EMPREENDIMENTOS LTDA.,INDÚSTRIA,Incorporacao de empreendimentos imobiliarios,DEMAIS,Maceió,8295547000173.0,8295547000173.0,4110-7/00,4110700.0,41.0,F,Construcao,Construcao de edificios,True,False,SIM,NÃO ATENDIDA,True
08342516000126,Sabor De Minas Comercio Ltda,Não Indústria,4.Micro,Restaurantes e similares,Migração,True,False,False,SOMENTE SESI,1,,,,,,,,,,,,,,,,,,,False
08343492000120,Mrv Engenharia E Participacoes Sa,Industria,1.Grande,Incorporação de empreendimentos imobiliários,Proposta,False,True,False,SOMENTE SENAI,1,,,,,,,,,,,,,,,,,,,False
08343492011164,Mrv Engenharia E Participacoes Sa,Industria,2.Média,Incorporação de empreendimentos imobiliários,Proposta,False,True,False,SOMENTE SENAI,1,ATIVA,MRV ENGENHARIA E PARTICIPACOES SA,INDÚSTRIA,Incorporacao de empreendimentos imobiliarios,DEMAIS,Maceió,,8343492011164.0,4110-7/00,4110700.0,41.0,F,Construcao,Construcao de edificios,True,False,SIM,NÃO ATENDIDA,True
08364485000295,Nova Empreendimentos Hoteleiros Ltda,Não Indústria,3.Pequena,Hotéis,Migração,True,False,False,SOMENTE SESI,1,,,,,,,,,,,,,,,,,,,False
08401328000121,Centro Pedagogico Ensinar E Construir Ltda,Não Indústria,3.Pequena,Ensino fundamental,Migração,True,False,False,SOMENTE SESI,1,,,,,,,,,,,,,,,,,,,False
08413825000140,Pimentel Lopes Engenharia E Arquitetura Ltda,Indústria,3.Pequena,Serviços de engenharia,Migração,True,False,False,SOMENTE SESI,1,,,,,,,,,,,,,,,,,,,False
08414691000181,Verissimo E Holanda Ltda,Nao Industria,3.Pequena,"Aluguel de máquinas e equipamentos para construção sem operador, exceto andaimes",Migração,False,True,False,SOMENTE SENAI,1,,,,,,,,,,,,,,,,,,,False
08435257000188,Hidro Solo Industria E Comercio Ltda,Indústria,3.Pequena,"Fabricação de equipamentos para irrigação agrícola, peças e acessórios",Migração,True,False,False,SOMENTE SESI,1,ATIVA,HIDRO SOLO INDUSTRIA E COMERCIO LTDA,INDÚSTRIA,"Fabricacao de equipamentos para irrigacao agricola, pecas e acessorios",DEMAIS,Maceió,8435257000188.0,8435257000188.0,2832-1/00,2832100.0,28.0,C,Industria de transformacao,Maquinas e equipamentos,True,False,SIM,NÃO ATENDIDA,True
08441909000197,Elvio Omena De Lima,Indústria,4.Micro,FABRICAÇÃO DE PRODUTOS DE PADARIA E CONFEITARIA COM PREDOMINÂNCIA DE PRODUÇÃO PRÓPRIA,Migração,True,False,False,SOMENTE SESI,1,ATIVA,ELVIO OMENA DE LIMA,INDÚSTRIA,Fabricacao de produtos de panificacao industrial,MICRO EMPRESA,Maceió,8441909000197.0,,1091-1/00,1091100.0,10.0,C,Industria de transformacao,Alimentos,True,False,SIM,NÃO ATENDIDA,True
08445132000139,V2 Construcoes Ltda,Indústria,2.Média,Construção de edifícios,Migração,True,False,False,SOMENTE SESI,1,ATIVA,V2 CONSTRUCOES LTDA,INDÚSTRIA,Construcao de edificios,DEMAIS,Maceió,8445132000139.0,8445132000139.0,4120-4/00,4120400.0,41.0,F,Construcao,Construcao de edificios,True,False,SIM,NÃO ATENDIDA,True
08446312000135,P R A De Carvalho,Indústria,4.Micro,"Confecção de roupas profissionais, exceto sob medida",Proposta,True,False,False,SOMENTE SESI,1,ATIVA,P R A DE CARVALHO,INDÚSTRIA,"Confeccao de roupas profissionais, exceto sob medida",PEQUENO PORTE,Maceió,8446312000135.0,,1413-4/01,1413401.0,14.0,C,Industria de transformacao,Confeccao de vestuario e acessorios,True,False,SIM,NÃO ATENDIDA,True
08465020000140,J. F. Cavalcante Panificacao,Indústria,4.Micro,FABRICAÇÃO DE PRODUTOS DE PANIFICAÇÃO INDUSTRIAL,Migração,True,False,False,SOMENTE SESI,1,ATIVA,J. F. CAVALCANTE PANIFICACAO,INDÚSTRIA,Fabricacao de produtos de padaria e confeitaria com predominancia de producao propria,MICRO EMPRESA,Arapiraca,8465020000140.0,,1091-1/02,1091102.0,10.0,C,Industria de transformacao,Alimentos,True,False,SIM,NÃO ATENDIDA,True
08467115000100,Companhia Estadual De Distribuicao De Energia Eletrica - Ceee-d,Indústria,3.Pequena,Distribuição de energia elétrica,Proposta,True,False,False,SOMENTE SESI,1,,,,,,,,,,,,,,,,,,,False
08474125000165,Aderaldo Teixeira Neves,Não Indústria,4.Micro,"Comércio varejista de mercadorias em geral, com predominância de produtos alimentícios - minimercados, mercearias e armazéns",Migração,True,False,False,SOMENTE SESI,1,,,,,,,,,,,,,,,,,,,False
08478265000101,Construtora Camelo Ltda,Indústria,3.Pequena,Construção de edifícios,Migração,True,False,False,SOMENTE SESI,1,ATIVA,CONSTRUTORA CAMELO LTDA,INDÚSTRIA,Construcao de edificios,PEQUENO PORTE,Maceió,8478265000101.0,,4120-4/00,4120400.0,41.0,F,Construcao,Construcao de edificios,True,False,SIM,NÃO ATENDIDA,True
08488348000181,Serpecas Alagoas Implementos Rodoviarios Ltda,Industria,4.Micro,"Fabricação de cabines, carrocerias e reboques para caminhões",Proposta,False,True,False,SOMENTE SENAI,1,ATIVA,SERPECAS ALAGOAS IMPLEMENTOS RODOVIARIOS LTDA,INDÚSTRIA,"Fabricacao de cabines, carrocerias e reboques para caminhoes",DEMAIS,Maceió,,8488348000181.0,2930-1/01,2930101.0,29.0,C,Industria de transformacao,"Veiculos automotores, reboques e carrocerias",True,False,SIM,NÃO ATENDIDA,True
08507416000102,Tmk Servicos E Montagens Ltda,Indústria,4.Micro,Construção de estações e redes de distribuição de energia elétrica,Proposta,True,False,False,SOMENTE SESI,1,,,,,,,,,,,,,,,,,,,False
08509161000117,Terra Nossa Construcoes E Incorporacoes Ltda,Indústria,4.Micro,Construção de edifícios,Migração,True,False,False,SOMENTE SESI,1,ATIVA,TERRA NOSSA CONSTRUCOES E INCORPORACOES LTDA,INDÚSTRIA,Construcao de edificios,PEQUENO PORTE,Arapiraca,8509161000117.0,8509161000117.0,4120-4/00,4120400.0,41.0,F,Construcao,Construcao de edificios,True,False,SIM,NÃO ATENDIDA,True
08511719000107,Frut S Industria E Comercio De Gelados De Alagoas Ltda,Industria | Indústria,2.Média,Fabricação de sorvetes e outros gelados comestíveis,Migração,True,True,True,SESI + SENAI,2,ATIVA,FRUT S INDUSTRIA E COMERCIO DE GELADOS DE ALAGOAS LTDA,INDÚSTRIA,Fabricacao de sorvetes e outros gelados comestiveis,DEMAIS,Maceió,8511719000107.0,8511719000107.0,1053-8/00,1053800.0,10.0,C,Industria de transformacao,Alimentos,True,False,SIM,NÃO ATENDIDA,True
08513910000180,Armazem Comercio E Imp De Material De Construcao Ltda,Não Indústria,3.Pequena,Comércio varejista de materiais de construção em geral,Migração,True,False,False,SOMENTE SESI,1,,,,,,,,,,,,,,,,,,,False
08531946000196,Eme's Cargas Aereas Ltda,Não Indústria,4.Micro,"Transporte rodoviário de carga, exceto produtos perigosos e mudanças, municipal",Migração,True,False,False,SOMENTE SESI,1,,,,,,,,,,,,,,,,,,,False
08611923000191,Irmaos Torres Ltda,Industria | Indústria,4.Micro,FABRICAÇÃO DE PRODUTOS DE PANIFICAÇÃO INDUSTRIAL,Migração | Proposta,True,True,True,SESI + SENAI,2,ATIVA,IRMAOS TORRES LTDA,INDÚSTRIA,Fabricacao de produtos de padaria e confeitaria com predominancia de producao propria,MICRO EMPRESA,Pão de Açúcar,8611923000191.0,8611923000191.0,1091-1/02,1091102.0,10.0,C,Industria de transformacao,Alimentos,True,False,SIM,NÃO ATENDIDA,True
08614679000110,Real Arapiraca Viacao Ltda,Não Indústria,3.Pequena,"Transporte rodoviário coletivo de passageiros, com itinerário fixo, municipal",Migração,True,False,False,SOMENTE SESI,1,,,,,,,,,,,,,,,,,,,False
08616161000116,Panificacao Santa Fernanda Ltda,Indústria,4.Micro,FABRICAÇÃO DE PRODUTOS DE PANIFICAÇÃO INDUSTRIAL,Migração,True,False,False,SOMENTE SESI,1,ATIVA,PANIFICACAO SANTA FERNANDA LTDA,INDÚSTRIA,Fabricacao de produtos de padaria e confeitaria com predominancia de producao propria,PEQUENO PORTE,Maceió,8616161000116.0,,1091-1/02,1091102.0,10.0,C,Industria de transformacao,Alimentos,True,False,SIM,NÃO ATENDIDA,True
08618746000175,Centro Educacional Santa Terezinha Ltda,Nao Industria,3.Pequena,Ensino fundamental,Proposta,False,True,False,SOMENTE SENAI,1,,,,,,,,,,,,,,,,,,,False
08623589000196,J Jakson P Da Silva,Não Indústria,4.Micro,Apicultura,Migração,True,False,False,SOMENTE SESI,1,,,,,,,,,,,,,,,,,,,False
08629693000198,Associacao Do Pessoal Da Caixa Economica Federal,Não Indústria,4.Micro,"Clubes sociais, esportivos e similares",Migração,True,False,False,SOMENTE SESI,1,,,,,,,,,,,,,,,,,,,False
08650571000183,Mineracao Vale Verde Do Brasil Ltda.,Industria | Indústria,2.Média,Extração de minério de metais preciosos,Migração,True,True,True,SESI + SENAI,2,ATIVA,MINERACAO VALE VERDE DO BRASIL LTDA.,INDÚSTRIA,Extracao de minerio de metais preciosos,DEMAIS,Craíbas,8650571000183.0,8650571000183.0,0724-3/01,724301.0,7.0,B,Industria extrativa,Extracao de minerais metalicos,True,False,SIM,NÃO ATENDIDA,True
08656732000146,G De Almeida Oliveira,Industria | Indústria,4.Micro,"Fabricação de artefatos diversos de madeira, exceto móveis",Migração | Proposta,True,True,True,SESI + SENAI,2,ATIVA,G DE ALMEIDA OLIVEIRA,INDÚSTRIA,"Fabricacao de artefatos diversos de madeira, exceto moveis",MICRO EMPRESA,Arapiraca,8656732000146.0,8656732000146.0,1629-3/01,1629301.0,16.0,C,Industria de transformacao,Produtos de madeira,True,False,SIM,NÃO ATENDIDA,True
08661067000189,Organicos Ambiental Consultoria Auditoria E Servicos Ltda,Não Indústria,4.Micro,Testes e análises técnicas,Migração,True,False,False,SOMENTE SESI,1,,,,,,,,,,,,,,,,,,,False
08680499000137,Map Industria E Comercio De Condimentos E Plasticos Ltda,Indústria,4.Micro,Fabricação de vinagres,Migração,True,False,False,SOMENTE SESI,1,ATIVA,MAP INDUSTRIA E COMERCIO DE CONDIMENTOS E PLASTICOS LTDA,INDÚSTRIA,Fabricacao de vinagres,PEQUENO PORTE,Arapiraca,8680499000137.0,,1099-6/01,1099601.0,10.0,C,Industria de transformacao,Alimentos,True,False,SIM,NÃO ATENDIDA,True
08695037000193,Gold Cafes Ltda,Industria | Indústria,4.Micro,Torrefação e moagem de café,Migração | Proposta,True,True,True,SESI + SENAI,2,ATIVA,GOLD CAFES LTDA,INDÚSTRIA,Torrefacao e moagem de cafe,MICRO EMPRESA,Maceió,8695037000193.0,8695037000193.0,1081-3/02,1081302.0,10.0,C,Industria de transformacao,Alimentos,True,False,SIM,NÃO ATENDIDA,True
08726496000197,Engeko Engenharia E Construcao Ltda,Industria,3.Pequena,Construção de edifícios,Proposta,False,True,False,SOMENTE SENAI,1,,,,,,,,,,,,,,,,,,,False
08729141000151,"Pena Distribuidora, Importacao E Exportacao Ltda",Não Indústria,2.Média,Comércio atacadista de produtos alimentícios em geral,Migração,True,False,False,SOMENTE SESI,1,,,,,,,,,,,,,,,,,,,False
08789800000145,Cad Solucoes Em Engenharia Ltda,Industria,3.Pequena,Instalação e manutenção elétrica,Proposta,False,True,False,SOMENTE SENAI,1,ATIVA,CAD SOLUCOES EM ENGENHARIA LTDA,INDÚSTRIA,Instalacao e manutencao eletrica,PEQUENO PORTE,Maceió,8789800000145.0,8789800000145.0,4321-5/00,4321500.0,43.0,F,Construcao,Servicos especializados para construcao,True,False,SIM,NÃO ATENDIDA,True
08805492000102,Frigohard Refrigeracao E Servicos Ltda,Indústria,4.Micro,Fabricação de gelo comum,Migração,True,False,False,SOMENTE SESI,1,ATIVA,FRIGOHARD REFRIGERACAO E SERVICOS LTDA,INDÚSTRIA,Fabricacao de gelo comum,MICRO EMPRESA,Maceió,8805492000102.0,,1099-6/04,1099604.0,10.0,C,Industria de transformacao,Alimentos,True,False,SIM,NÃO ATENDIDA,True
08840071000104,Av Gestao Empresarial Ltda,Não Indústria,3.Pequena,"Atividades de consultoria em gestão empresarial, exceto consultoria técnica específica",Migração,True,False,False,SOMENTE SESI,1,,,,,,,,,,,,,,,,,,,False
08840340000132,Replast Industria E Comercio Ltda,Indústria,2.Média,Fabricação de embalagens de material plástico,Migração,True,False,False,SOMENTE SESI,1,ATIVA,REPLAST INDUSTRIA E COMERCIO LTDA,INDÚSTRIA,Fabricacao de embalagens de material plastico,DEMAIS,Maceió,8840340000132.0,8840340000132.0,2222-6/00,2222600.0,22.0,C,Industria de transformacao,Borracha e material plastico,True,False,SIM,NÃO ATENDIDA,True
08850788000137,A C Locadora De Transportes Ltda,Não Indústria,3.Pequena,Operadores turísticos,Migração,True,False,False,SOMENTE SESI,1,,,,,,,,,,,,,,,,,,,False
08862530000150,Tigre Materiais E Solucoes Para Construcao Ltda.,Indústria,1.Grande,Fabricação de tubos e acessórios de material plástico para uso na construção,Proposta,True,False,False,SOMENTE SESI,1,,,,,,,,,,,,,,,,,,,False
08898820000154,Assistence Engenharia Ltda,Industria,3.Pequena,Construção de edifícios,Proposta,False,True,False,SOMENTE SENAI,1,ATIVA,ASSISTENCE ENGENHARIA LTDA,INDÚSTRIA,Construcao de edificios,PEQUENO PORTE,Paripueira,,8898820000154.0,4120-4/00,4120400.0,41.0,F,Construcao,Construcao de edificios,True,False,SIM,NÃO ATENDIDA,True
08900689000112,J.r.feyh & Cia Ltda,Industria,3.Pequena,Construção de estações e redes de distribuição de energia elétrica,Proposta,False,True,False,SOMENTE SENAI,1,,,,,,,,,,,,,,,,,,,False
08911577000167,Cbe - Companhia Brasileira De Esquadrias Ltda,Indústria,4.Micro,Fabricação de esquadrias de madeira e de peças de madeira para instalações industriais e comerciais,Migração,True,False,False,SOMENTE SESI,1,ATIVA,CBE - COMPANHIA BRASILEIRA DE ESQUADRIAS LTDA,INDÚSTRIA,Fabricacao de esquadrias de madeira e de pecas de madeira para instalacoes industriais e comerciais,DEMAIS,Maceió,8911577000167.0,,1622-6/02,1622602.0,16.0,C,Industria de transformacao,Produtos de madeira,True,False,SIM,NÃO ATENDIDA,True
08917765000100,Coisa De Casa Magazine Ltda,Não Indústria,4.Micro,Comércio varejista de outros artigos de uso doméstico não especificados anteriormente,Migração,True,False,False,SOMENTE SESI,1,,,,,,,,,,,,,,,,,,,False
08923450000168,Congregacao Das Irmas Franciscanas De Santo Antonio,Não Indústria,4.Micro,Atividades de associações de defesa de direitos sociais,Migração,True,False,False,SOMENTE SESI,1,,,,,,,,,,,,,,,,,,,False
08943210000125,Silvano Lazaro Da Silva Ltda,Industria | Indústria,4.Micro,Fabricação de sorvetes e outros gelados comestíveis,Migração,True,True,True,SESI + SENAI,2,ATIVA,SILVANO LAZARO DA SILVA LTDA,INDÚSTRIA,Fabricacao de sorvetes e outros gelados comestiveis,PEQUENO PORTE,Arapiraca,8943210000125.0,8943210000125.0,1053-8/00,1053800.0,10.0,C,Industria de transformacao,Alimentos,True,False,SIM,NÃO ATENDIDA,True
08962155000110,Nordeste Moveis Ltda,Industria,3.Pequena,Fabricação de móveis com predominância de madeira,Proposta,False,True,False,SOMENTE SENAI,1,ATIVA,NORDESTE MOVEIS LTDA,INDÚSTRIA,Fabricacao de moveis com predominancia de madeira,MICRO EMPRESA,Rio Largo,,8962155000110.0,3101-2/00,3101200.0,31.0,C,Industria de transformacao,Moveis,True,False,SIM,NÃO ATENDIDA,True
08973574000158,Cordial Sociedade Beneficente Do Coracao De Alagoas,Não Indústria,3.Pequena,Atividades associativas não especificadas anteriormente,Migração,True,False,False,SOMENTE SESI,1,,,,,,,,,,,,,,,,,,,False
08986384000175,H R Cabral De Vasconcellos Neto  Ltda,Indústria,4.Micro,Serviços de operação e fornecimento de equipamentos para transporte e elevação de cargas e pessoas para uso em obras,Migração,True,False,False,SOMENTE SESI,1,ATIVA,H R CABRAL DE VASCONCELLOS NETO LTDA,INDÚSTRIA,Servicos de operacao e fornecimento de equipamentos para transporte e elevacao de cargas e pessoas para uso em obras,MICRO EMPRESA,Maceió,8986384000175.0,,4399-1/04,4399104.0,43.0,F,Construcao,Servicos especializados para construcao,True,False,SIM,NÃO ATENDIDA,True
08995670000105,Ceramica Esperanca Ltda,Indústria,4.Micro,"Fabricação de artefatos de cerâmica e barro cozido para uso na construção, exceto azulejos e pisos",Migração,True,False,False,SOMENTE SESI,1,ATIVA,CERAMICA ESPERANCA LTDA,INDÚSTRIA,"Fabricacao de artefatos de ceramica e barro cozido para uso na construcao, exceto azulejos e pisos",MICRO EMPRESA,Matriz de Camaragibe,8995670000105.0,,2342-7/02,2342702.0,23.0,C,Industria de transformacao,Produtos de minerais nao-metalicos,True,False,SIM,NÃO ATENDIDA,True
09002715000158,Centro Automotivo Monam - Ltda,Indústria,4.Micro,Serviços de manutenção e reparação mecânica de veículos automotores,Migração,True,False,False,SOMENTE SESI,1,ATIVA,CENTRO AUTOMOTIVO MONAM - LTDA,INDÚSTRIA,Servicos de manutencao e reparacao mecanica de veiculos automotores,DEMAIS,Maceió,9002715000158.0,,4520-0/01,4520001.0,45.0,G,Comercio e reparacao de veiculos,Comercio e reparacao de veiculos,False,False,NAO,FORA DO ESCOPO SEBRAE,True
09066964000107,Alianca Construcoes Ltda,Industria | Indústria,2.Média,Construção de edifícios,Migração | Proposta,True,True,True,SESI + SENAI,2,ATIVA,ALIANCA CONSTRUCOES LTDA,INDÚSTRIA,Construcao de edificios,PEQUENO PORTE,Maceió,9066964000107.0,9066964000107.0,4120-4/00,4120400.0,41.0,F,Construcao,Construcao de edificios,True,False,SIM,NÃO ATENDIDA,True
09102299000160,Melo & Calheiros Comercio E Servicos Ltda,Não Indústria,4.Micro,"Comércio varejista de cosméticos, produtos de perfumaria e de higiene pessoal",Migração,True,False,False,SOMENTE SESI,1,,,,,,,,,,,,,,,,,,,False
09114805000211,Oceanpact Servicos Maritimos S.a.,Não Indústria,4.Micro,Navegação de apoio marítimo,Proposta,True,False,False,SOMENTE SESI,1,,,,,,,,,,,,,,,,,,,False
09116721000136,J. R. Ribeiro Auto Pecas Ltda,Não Indústria,4.Micro,Comércio a varejo de peças e acessórios novos para veículos automotores,Migração,True,False,False,SOMENTE SESI,1,,,,,,,,,,,,,,,,,,,False
09143357000101,Arafort Piscinas E Materiais De Construcao Ltda,Não Indústria,4.Micro,Comércio varejista de materiais de construção em geral,Migração,True,False,False,SOMENTE SESI,1,,,,,,,,,,,,,,,,,,,False
09158215000100,Ana Maria Da R. Silva Panificacao Ltda,Indústria,4.Micro,FABRICAÇÃO DE PRODUTOS DE PANIFICAÇÃO INDUSTRIAL,Migração,True,False,False,SOMENTE SESI,1,ATIVA,ANA MARIA DA R. SILVA PANIFICACAO LTDA,INDÚSTRIA,Fabricacao de produtos de padaria e confeitaria com predominancia de producao propria,MICRO EMPRESA,Paripueira,9158215000100.0,,1091-1/02,1091102.0,10.0,C,Industria de transformacao,Alimentos,True,False,SIM,NÃO ATENDIDA,True
09167697000164,Cedro Alimentos & Bebidas Ltda,Não Indústria,3.Pequena,Restaurantes e similares,Migração,True,False,False,SOMENTE SESI,1,,,,,,,,,,,,,,,,,,,False
09168566000100,Adrenalina Net Ltda,Indústria,4.Micro,Serviços de comunicação multimídia - SCM,Migração,True,False,False,SOMENTE SESI,1,ATIVA,ADRENALINA NET LTDA,INDÚSTRIA,Provedores de acesso as redes de comunicacoes,PEQUENO PORTE,Palmeira dos Índios,9168566000100.0,,6190-6/01,6190601.0,61.0,J,Informacao e comunicacao,Informacao e comunicacao,False,False,NAO,FORA DO ESCOPO SEBRAE,True
09232993000100,Evandro V Lima Panificacao Ltda.,Industria,4.Micro,FABRICAÇÃO DE PRODUTOS DE PANIFICAÇÃO INDUSTRIAL,Migração,False,True,False,SOMENTE SENAI,1,ATIVA,EVANDRO V LIMA PANIFICACAO LTDA.,INDÚSTRIA,Fabricacao de produtos de padaria e confeitaria com predominancia de producao propria,PEQUENO PORTE,São José da Tapera,,9232993000100.0,1091-1/02,1091102.0,10.0,C,Industria de transformacao,Alimentos,True,False,SIM,NÃO ATENDIDA,True
09259936000106,Servimec Servicos Mecanicos E Eletricos Ltda,Indústria,3.Pequena,Manutenção e reparação de veículos ferroviários,Proposta,True,False,False,SOMENTE SESI,1,ATIVA,SERVIMEC SERVICOS MECANICOS E ELETRICOS LTDA,INDÚSTRIA,Manutencao e reparacao de veiculos ferroviarios,PEQUENO PORTE,Rio Largo,9259936000106.0,,3315-5/00,3315500.0,33.0,C,Industria de transformacao,"Manutencao, reparacao e instalacao de maquinas",True,False,SIM,NÃO ATENDIDA,True
09318807000141,Industria E Comercio De Pedras Jidearts Ltda,Industria | Indústria,4.Micro,"Aparelhamento de placas e execução de trabalhos em mármore, granito, ardósia e outras pedras",Migração,True,True,True,SESI + SENAI,2,ATIVA,INDUSTRIA E COMERCIO DE PEDRAS JIDEARTS LTDA,INDÚSTRIA,"Aparelhamento de placas e execucao de trabalhos em marmore, granito, ardosia e outras pedras",MICRO EMPRESA,Arapiraca,9318807000141.0,9318807000141.0,2391-5/03,2391503.0,23.0,C,Industria de transformacao,Produtos de minerais nao-metalicos,True,False,SIM,NÃO ATENDIDA,True
09338997000169,System 2000 Centro De Idiomas Ltda,Não Indústria,3.Pequena,Ensino de idiomas,Migração,True,False,False,SOMENTE SESI,1,,,,,,,,,,,,,,,,,,,False
09341637000116,Delfos Locacoes Ltda,Não Indústria,4.Micro,"Aluguel de outras máquinas e equipamentos comerciais e industriais não especificados anteriormente, sem operador",Migração,True,False,False,SOMENTE SESI,1,,,,,,,,,,,,,,,,,,,False
09342379000192,Industria De Laticinios Palmeira Dos Indios S/a Ilpisa - Em Recuperacao Judicial,Indústria,2.Média,Preparação do leite,Migração,True,False,False,SOMENTE SESI,1,ATIVA,INDUSTRIA DE LATICINIOS PALMEIRA DOS INDIOS S/A ILPISA - EM RECUPERACAO JUDICIAL,INDÚSTRIA,Preparacao do leite,DEMAIS,Palmeira dos Índios,9342379000192.0,9342379000192.0,1051-1/00,1051100.0,10.0,C,Industria de transformacao,Alimentos,True,False,SIM,NÃO ATENDIDA,True
09344391000217,Hotel Costa Azul S A,Nao Industria,3.Pequena,Hotéis,Proposta,False,True,False,SOMENTE SENAI,1,,,,,,,,,,,,,,,,,,,False
09350655000164,Alves E Siqueira Ltda,Indústria,4.Micro,Instalação e manutenção elétrica,Migração,True,False,False,SOMENTE SESI,1,ATIVA,ALVES E SIQUEIRA LTDA,INDÚSTRIA,Instalacao e manutencao eletrica,MICRO EMPRESA,Maceió,9350655000164.0,,4321-5/00,4321500.0,43.0,F,Construcao,Servicos especializados para construcao,True,False,SIM,NÃO ATENDIDA,True
09352645000168,Cooperativa De Trabalho Dos Fisioterapeutas De Alagoas - Fisiocoop,Não Indústria,4.Micro,Atividades de fisioterapia,Migração,True,False,False,SOMENTE SESI,1,,,,,,,,,,,,,,,,,,,False
09358384000193,Aleplast Comercio De Produtos Descartaveis Ltda,Não Indústria,2.Média,Comércio varejista de outros produtos não especificados anteriormente,Migração,True,False,False,SOMENTE SESI,1,,,,,,,,,,,,,,,,,,,False
09361765000121,Cedro Assessoria E Administracao De Hoteis De Maceio Ltda,Não Indústria,4.Micro,Hotéis,Migração,True,False,False,SOMENTE SESI,1,,,,,,,,,,,,,,,,,,,False
09378950000129,Nsa Distribuidora Ltda,Não Indústria,4.Micro,Comércio atacadista de produtos alimentícios em geral,Migração,True,False,False,SOMENTE SESI,1,,,,,,,,,,,,,,,,,,,False
09411692000135,Engematloc - Terraplenagem E Locacoes Ltda,Industria,3.Pequena,Construção de edifícios,Proposta,False,True,False,SOMENTE SENAI,1,ATIVA,ENGEMATLOC - TERRAPLENAGEM E LOCACOES LTDA,INDÚSTRIA,Construcao de edificios,DEMAIS,Maceió,,9411692000135.0,4120-4/00,4120400.0,41.0,F,Construcao,Construcao de edificios,True,False,SIM,NÃO ATENDIDA,True
09423483000101,Associacao Madre Esperanca,Nao Industria,4.Micro,Atividades de associações de defesa de direitos sociais,Migração,False,True,False,SOMENTE SENAI,1,,,,,,,,,,,,,,,,,,,False
09426272000122,Podium Engenharia Ltda,Indústria,2.Média,Construção de edifícios,Proposta,True,False,False,SOMENTE SESI,1,ATIVA,PODIUM ENGENHARIA LTDA,INDÚSTRIA,Construcao de edificios,PEQUENO PORTE,Maceió,9426272000122.0,,4120-4/00,4120400.0,41.0,F,Construcao,Construcao de edificios,True,False,SIM,NÃO ATENDIDA,True
09428526000141,"Pajucara Editora, Internet E Eventos Ltda",Não Indústria,3.Pequena,"Portais, provedores de conteúdo e outros serviços de informação na internet",Migração,True,False,False,SOMENTE SESI,1,,,,,,,,,,,,,,,,,,,False
09438676000136,Tucci E Pontual Servicos Ltda,Não Indústria,4.Micro,Lavanderias,Migração,True,False,False,SOMENTE SESI,1,,,,,,,,,,,,,,,,,,,False
09473889000107,Trusty Servicos E Comercio Ltda,Indústria,4.Micro,Perfurações e sondagens,Proposta,True,False,False,SOMENTE SESI,1,,,,,,,,,,,,,,,,,,,False
09498666000196,Narayana Provedor De Internet Ltda,Indústria,3.Pequena,Provedores de acesso às redes de comunicações,Migração,True,False,False,SOMENTE SESI,1,ATIVA,NARAYANA PROVEDOR DE INTERNET LTDA,INDÚSTRIA,Servicos de comunicacao multimidia - scm,PEQUENO PORTE,Girau do Ponciano,9498666000196.0,,6110-8/03,6110803.0,61.0,J,Informacao e comunicacao,Informacao e comunicacao,False,False,NAO,FORA DO ESCOPO SEBRAE,True
09511455000146,Sichuan Restaurantes Ltda,Não Indústria,4.Micro,Restaurantes e similares,Migração,True,False,False,SOMENTE SESI,1,,,,,,,,,,,,,,,,,,,False
09520287000155,Adequa Assessoria E Consultoria Em Controle De Qualidade De Alimentos Ltda.,Nao Industria,4.Micro,Treinamento em desenvolvimento profissional e gerencial,Proposta,False,True,False,SOMENTE SENAI,1,,,,,,,,,,,,,,,,,,,False
09555120000120,M. W. Industria E Empreendimentos Ltda,Indústria,2.Média,Moagem e fabricação de produtos de origem vegetal não especificados anteriormente,Migração,True,False,False,SOMENTE SESI,1,ATIVA,M. W. INDUSTRIA E EMPREENDIMENTOS LTDA,INDÚSTRIA,Moagem e fabricacao de produtos de origem vegetal nao especificados anteriormente,DEMAIS,Feliz Deserto,9555120000120.0,,1069-4/00,1069400.0,10.0,C,Industria de transformacao,Alimentos,True,False,SIM,NÃO ATENDIDA,True
09558134000288,Via Ambiental Engenharia E Servicos Ltda,Indústria,1.Grande,Coleta de resíduos não-perigosos,Proposta,True,False,False,SOMENTE SESI,1,ATIVA,VIA AMBIENTAL ENGENHARIA E SERVICOS LTDA,INDÚSTRIA,Coleta de residuos nao perigosos,DEMAIS,Maceió,9558134000288.0,,3811-4/00,3811400.0,38.0,E,"Agua, esgoto e residuos",Coleta e tratamento de residuos,True,False,NAO,FORA DO ESCOPO SEBRAE,True
09571854000100,59 Batalhao De Infantaria Motorizado,Nao Industria,4.Micro,Defesa,Migração,False,True,False,SOMENTE SENAI,1,,,,,,,,,,,,,,,,,,,False
09597651000185,Lyra & Paes Produtos Farmaceuticos Ltda,Não Indústria,4.Micro,"Comércio varejista de produtos farmacêuticos, com manipulação de fórmulas",Migração,True,False,False,SOMENTE SESI,1,,,,,,,,,,,,,,,,,,,False
09597731000130,G Do Nascimento - Pecas,Não Indústria,3.Pequena,Comércio a varejo de peças e acessórios novos para veículos automotores,Migração,True,False,False,SOMENTE SESI,1,,,,,,,,,,,,,,,,,,,False
09601087000127,Loja Do Posto Comercio E Servicos Ltda,Não Indústria,4.Micro,Comércio varejista de ferragens e ferramentas,Migração,True,False,False,SOMENTE SESI,1,,,,,,,,,,,,,,,,,,,False
09601934000153,Gases Do Agreste Comercio E Transporte Ltda,Não Indústria,4.Micro,Transporte rodoviário de produtos perigosos,Migração,True,False,False,SOMENTE SESI,1,,,,,,,,,,,,,,,,,,,False
09622027000190,Aglay M C Viana Panificacao,Indústria,4.Micro,FABRICAÇÃO DE PRODUTOS DE PANIFICAÇÃO INDUSTRIAL,Migração,True,False,False,SOMENTE SESI,1,ATIVA,AGLAY M C VIANA PANIFICACAO,INDÚSTRIA,Fabricacao de produtos de padaria e confeitaria com predominancia de producao propria,MICRO EMPRESA,Penedo,9622027000190.0,,1091-1/02,1091102.0,10.0,C,Industria de transformacao,Alimentos,True,False,SIM,NÃO ATENDIDA,True
09624655000105,Verdi Ambiental Ltda,Indústria,4.Micro,Coleta de resíduos não-perigosos,Migração,True,False,False,SOMENTE SESI,1,ATIVA,VERDI AMBIENTAL LTDA,INDÚSTRIA,Coleta de residuos nao perigosos,MICRO EMPRESA,Maceió,9624655000105.0,,3811-4/00,3811400.0,38.0,E,"Agua, esgoto e residuos",Coleta e tratamento de residuos,True,False,NAO,FORA DO ESCOPO SEBRAE,True
09813009000196,Alvaro Jose Do Monte Vasconcelos,Não Indústria,4.Micro,Criação de frangos para corte,Proposta,True,False,False,SOMENTE SESI,1,,,,,,,,,,,,,,,,,,,False
09814493000178,Carlos Henrique Alves Da Silva,Nao Industria,4.Micro,Comércio a varejo de peças e acessórios novos para veículos automotores,Proposta,False,True,False,SOMENTE SENAI,1,,,,,,,,,,,,,,,,,,,False
10145486000100,Plastmarc Comercio E Industria De Material Plastico Ltda,Industria | Indústria,3.Pequena,Recuperação de materiais plásticos,Proposta,True,True,True,SESI + SENAI,2,ATIVA,PLASTMARC COMERCIO E INDUSTRIA DE MATERIAL PLASTICO LTDA,INDÚSTRIA,Recuperacao de materiais plasticos,PEQUENO PORTE,Maceió,10145486000100.0,10145486000100.0,3832-7/00,3832700.0,38.0,E,"Agua, esgoto e residuos",Coleta e tratamento de residuos,True,False,SIM,NÃO ATENDIDA,True
10198241000140,E F Guedes,Não Indústria,4.Micro,Comércio a varejo de peças e acessórios novos para veículos automotores,Migração,True,False,False,SOMENTE SESI,1,,,,,,,,,,,,,,,,,,,False
10198241000221,E F Guedes,Não Indústria,4.Micro,Comércio a varejo de peças e acessórios novos para veículos automotores,Migração,True,False,False,SOMENTE SESI,1,,,,,,,,,,,,,,,,,,,False
10220039007423,Oeci S.a Em Recuperacao Judicial,Industria,2.Média,Construção de obras-de-arte especiais,Migração,False,True,False,SOMENTE SENAI,1,ATIVA,OECI S.A.,INDÚSTRIA,Construcao de obras de arte especiais,DEMAIS,São José da Tapera,,10220039007423.0,4212-0/00,4212000.0,42.0,F,Construcao,Obras de infraestrutura,True,False,SIM,NÃO ATENDIDA,True
10238512000144,Profiber Telecom Ltda,Indústria,4.Micro,Serviços de comunicação multimídia - SCM,Migração,True,False,False,SOMENTE SESI,1,ATIVA,PROFIBER TELECOM LTDA,INDÚSTRIA,Servicos de comunicacao multimidia - scm,MICRO EMPRESA,Palmeira dos Índios,10238512000144.0,,6110-8/03,6110803.0,61.0,J,Informacao e comunicacao,Informacao e comunicacao,False,False,NAO,FORA DO ESCOPO SEBRAE,True
10299764000183,Lyra & Santos Industria E Comercio De Marmores E Granitos Ltda,Indústria,3.Pequena,"Aparelhamento de placas e execução de trabalhos em mármore, granito, ardósia e outras pedras",Migração,True,False,False,SOMENTE SESI,1,ATIVA,LYRA & SANTOS INDUSTRIA E COMERCIO DE MARMORES E GRANITOS LTDA,INDÚSTRIA,"Aparelhamento de placas e execucao de trabalhos em marmore, granito, ardosia e outras pedras",MICRO EMPRESA,Maceió,10299764000183.0,,2391-5/03,2391503.0,23.0,C,Industria de transformacao,Produtos de minerais nao-metalicos,True,False,SIM,NÃO ATENDIDA,True
10306633000186,P De Carvalho Silva Servicos Ltda,Não Indústria,3.Pequena,Seleção e agenciamento de mão-de-obra,Migração,True,False,False,SOMENTE SESI,1,,,,,,,,,,,,,,,,,,,False
10325863000192,Claudivaldo Bezerra Lima,Indústria,4.Micro,Fabricação de laticínios,Migração,True,False,False,SOMENTE SESI,1,ATIVA,CLAUDIVALDO BEZERRA LIMA,INDÚSTRIA,Fabricacao de laticinios,MICRO EMPRESA,Major Isidoro,10325863000192.0,10325863000192.0,1052-0/00,1052000.0,10.0,C,Industria de transformacao,Alimentos,True,False,SIM,NÃO ATENDIDA,True
10331633000136,Rad - Radiologia Diagnostica Ltda,Não Indústria,4.Micro,Serviços de ressonância magnética,Migração,True,False,False,SOMENTE SESI,1,,,,,,,,,,,,,,,,,,,False
10340747000142,Guerrero Construtora E Empreendimentos Ltda,Industria,3.Pequena,Construção de estações e redes de distribuição de energia elétrica,Proposta,False,True,False,SOMENTE SENAI,1,,,,,,,,,,,,,,,,,,,False
10368560000157,L.a.f. Marketing E Servicos Ltda,Não Indústria,4.Micro,Marketing direto,Migração,True,False,False,SOMENTE SESI,1,,,,,,,,,,,,,,,,,,,False
10412434000152,Emsercol - Empresa Sergipana De Contrucao E Limpeza Ltda,Indústria,2.Média,Construção de edifícios,Proposta,True,False,False,SOMENTE SESI,1,,,,,,,,,,,,,,,,,,,False
10412434000233,Emsercol - Empresa Sergipana De Contrucao E Limpeza Ltda,Indústria,2.Média,Construção de edifícios,Proposta,True,False,False,SOMENTE SESI,1,ATIVA,EMSERCOL - EMPRESA SERGIPANA DE CONTRUCAO E LIMPEZA LTDA,INDÚSTRIA,Construcao de edificios,MICRO EMPRESA,São Miguel dos Campos,10412434000233.0,,4120-4/00,4120400.0,41.0,F,Construcao,Construcao de edificios,True,False,SIM,NÃO ATENDIDA,True
10415021000121,Marta Araujo Sampaio Padilha,Indústria,4.Micro,FABRICAÇÃO DE PRODUTOS DE PANIFICAÇÃO INDUSTRIAL,Migração,True,False,False,SOMENTE SESI,1,ATIVA,MARTA ARAUJO SAMPAIO PADILHA,INDÚSTRIA,Fabricacao de produtos de padaria e confeitaria com predominancia de producao propria,MICRO EMPRESA,Palmeira dos Índios,10415021000121.0,,1091-1/02,1091102.0,10.0,C,Industria de transformacao,Alimentos,True,False,SIM,NÃO ATENDIDA,True
10438518000165,Plasfilm Comercio E Servicos Graficos Ltda,Indústria,4.Micro,Impressão de material para outros usos,Migração,True,False,False,SOMENTE SESI,1,ATIVA,PLASFILM COMERCIO E SERVICOS GRAFICOS LTDA,INDÚSTRIA,Impressao de material para outros usos,MICRO EMPRESA,Maceió,10438518000165.0,,1813-0/99,1813099.0,18.0,C,Industria de transformacao,Impressao e reproducao de gravacoes,True,False,SIM,NÃO ATENDIDA,True
10445683000144,Lucas Vagner Dos Santos Comercio,Não Indústria,4.Micro,Comércio varejista de ferragens e ferramentas,Migração,True,False,False,SOMENTE SESI,1,,,,,,,,,,,,,,,,,,,False
10472933000135,Texas Industrial S/a,Indústria,3.Pequena,"Fabricação de motores e turbinas, peças e acessórios, exceto para aviões e veículos rodoviários",Migração,True,False,False,SOMENTE SESI,1,ATIVA,TEXAS INDUSTRIAL S/A,INDÚSTRIA,"Fabricacao de motores e turbinas, pecas e acessorios, exceto para avioes e veiculos rodoviarios",DEMAIS,Maceió,10472933000135.0,,2811-9/00,2811900.0,28.0,C,Industria de transformacao,Maquinas e equipamentos,True,False,SIM,NÃO ATENDIDA,True
10474868000187,Associacao Dos Proprietarios E/ou Moradores Do Loteamento Residencial Aldeia Do Vale,Não Indústria,4.Micro,Atividades associativas não especificadas anteriormente,Migração,True,False,False,SOMENTE SESI,1,,,,,,,,,,,,,,,,,,,False
10485700000843,M H Servicos Ltda,Indústria,3.Pequena,Fornecimento de alimentos preparados preponderantemente para empresas,Migração,True,False,False,SOMENTE SESI,1,ATIVA,M H SERVICOS LTDA,INDÚSTRIA,Fornecimento de alimentos preparados preponderantemente para empresas,MICRO EMPRESA,Pilar,10485700000843.0,,5620-1/01,5620101.0,56.0,I,Alojamento e alimentacao,Alojamento e alimentacao,False,False,NAO,FORA DO ESCOPO SEBRAE,True
10485700000924,M H Servicos Ltda,Indústria,3.Pequena,Fornecimento de alimentos preparados preponderantemente para empresas,Migração,True,False,False,SOMENTE SESI,1,ATIVA,M H SERVICOS LTDA,INDÚSTRIA,Fornecimento de alimentos preparados preponderantemente para empresas,MICRO EMPRESA,São Miguel dos Campos,10485700000924.0,,5620-1/01,5620101.0,56.0,I,Alojamento e alimentacao,Alojamento e alimentacao,False,False,NAO,FORA DO ESCOPO SEBRAE,True
10485700001068,M H Servicos Ltda,Indústria,4.Micro,Fornecimento de alimentos preparados preponderantemente para empresas,Migração,True,False,False,SOMENTE SESI,1,ATIVA,M H SERVICOS LTDA,INDÚSTRIA,Fornecimento de alimentos preparados preponderantemente para empresas,MICRO EMPRESA,Pilar,10485700001068.0,,5620-1/01,5620101.0,56.0,I,Alojamento e alimentacao,Alojamento e alimentacao,False,False,NAO,FORA DO ESCOPO SEBRAE,True
10485700001220,M H Servicos Ltda,Indústria,4.Micro,Fornecimento de alimentos preparados preponderantemente para empresas,Migração,True,False,False,SOMENTE SESI,1,ATIVA,M H SERVICOS LTDA,INDÚSTRIA,Fornecimento de alimentos preparados preponderantemente para empresas,MICRO EMPRESA,São Miguel dos Campos,10485700001220.0,,5620-1/01,5620101.0,56.0,I,Alojamento e alimentacao,Alojamento e alimentacao,False,False,NAO,FORA DO ESCOPO SEBRAE,True
10494027000131,Lopes E Teixeira Alimentos E Bebidas Ltda,Não Indústria,3.Pequena,Restaurantes e similares,Migração,True,False,False,SOMENTE SESI,1,,,,,,,,,,,,,,,,,,,False
10500326000131,Madeiras Do Brasil Do Agreste Ltda,Não Indústria,3.Pequena,Comércio varejista de madeira e artefatos,Migração,True,False,False,SOMENTE SESI,1,,,,,,,,,,,,,,,,,,,False
10530141000170,Mundau Comercio De Materiais Reciclados Ltda,Não Indústria,3.Pequena,Comércio atacadista de resíduos e sucatas metálicos,Migração,True,False,False,SOMENTE SESI,1,,,,,,,,,,,,,,,,,,,False
10547384000110,Acesso10 Internet Ltda,Indústria,4.Micro,Provedores de acesso às redes de comunicações,Migração,True,False,False,SOMENTE SESI,1,ATIVA,ACESSO10 INTERNET LTDA,INDÚSTRIA,Provedores de acesso as redes de comunicacoes,PEQUENO PORTE,Arapiraca,10547384000110.0,,6190-6/01,6190601.0,61.0,J,Informacao e comunicacao,Informacao e comunicacao,False,False,NAO,FORA DO ESCOPO SEBRAE,True
10581362000177,Araujo & Albuquerque Ltda,Não Indústria,3.Pequena,Comércio varejista de outros produtos não especificados anteriormente,Migração,True,False,False,SOMENTE SESI,1,,,,,,,,,,,,,,,,,,,False
10597121000116,Sheila Marcia Hannequim Demetrio Martins,Indústria,4.Micro,Fornecimento de alimentos preparados preponderantemente para empresas,Migração,True,False,False,SOMENTE SESI,1,ATIVA,SHEILA MARCIA HANNEQUIM DEMETRIO MARTINS,INDÚSTRIA,Fornecimento de alimentos preparados preponderantemente para empresas,MICRO EMPRESA,Maceió,10597121000116.0,,5620-1/01,5620101.0,56.0,I,Alojamento e alimentacao,Alojamento e alimentacao,False,False,NAO,FORA DO ESCOPO SEBRAE,True
10610031000118,Jc Construcoes E Empreendimentos Imobiliarios Ltda - Em Recuperacao Judicial,Indústria,4.Micro,Administração de obras,Migração,True,False,False,SOMENTE SESI,1,ATIVA,JC CONSTRUCOES E EMPREENDIMENTOS IMOBILIARIOS LTDA - EM RECUPERACAO JUDICIAL,INDÚSTRIA,Administracao de obras,PEQUENO PORTE,Maceió,10610031000118.0,,4399-1/01,4399101.0,43.0,F,Construcao,Servicos especializados para construcao,True,False,SIM,NÃO ATENDIDA,True
10616674000179,Builders Loc Locadora E Operadora De Maquinas E Equipamentos Ltda,Industria,4.Micro,Serviços de operação e fornecimento de equipamentos para transporte e elevação de cargas e pessoas para uso em obras,Proposta,False,True,False,SOMENTE SENAI,1,,,,,,,,,,,,,,,,,,,False
10629404000100,Laticinio Renascer Ltda,Indústria,4.Micro,Fabricação de laticínios,Migração,True,False,False,SOMENTE SESI,1,ATIVA,LATICINIO RENASCER LTDA,INDÚSTRIA,Fabricacao de laticinios,PEQUENO PORTE,Cajueiro,10629404000100.0,,1052-0/00,1052000.0,10.0,C,Industria de transformacao,Alimentos,True,False,SIM,NÃO ATENDIDA,True
10655727000160,Messtechnik Industria E Comercio Ltda,Indústria,2.Média,"Fabricação de aparelhos e equipamentos de medida, teste e controle",Proposta,True,False,False,SOMENTE SESI,1,,,,,,,,,,,,,,,,,,,False
10659395000192,Pre-moldados Empresarial Alagoas Ltda,Indústria,4.Micro,"Fabricação de estruturas pré-moldadas de concreto armado, em série e sob encomenda",Migração,True,False,False,SOMENTE SESI,1,ATIVA,PRE-MOLDADOS EMPRESARIAL ALAGOAS LTDA,INDÚSTRIA,"Fabricacao de estruturas pre moldadas de concreto armado, em serie e sob encomenda",PEQUENO PORTE,Maceió,10659395000192.0,,2330-3/01,2330301.0,23.0,C,Industria de transformacao,Produtos de minerais nao-metalicos,True,False,SIM,NÃO ATENDIDA,True
10695076000132,Souza & Souza Ltda,Industria | Indústria,4.Micro,FABRICAÇÃO DE PRODUTOS DE PANIFICAÇÃO INDUSTRIAL,Migração | Proposta,True,True,True,SESI + SENAI,2,ATIVA,SOUZA & SOUZA LTDA,INDÚSTRIA,Fabricacao de produtos de padaria e confeitaria com predominancia de producao propria,MICRO EMPRESA,Maceió,10695076000132.0,10695076000132.0,1091-1/02,1091102.0,10.0,C,Industria de transformacao,Alimentos,True,False,SIM,NÃO ATENDIDA,True
10702260000162,Rotan Pre Moldados E Construcoes Ltda,Industria,3.Pequena,"Obras de urbanização - ruas, praças e calçadas",Proposta,False,True,False,SOMENTE SENAI,1,ATIVA,ROTAN PRE MOLDADOS E CONSTRUCOES LTDA,INDÚSTRIA,"Obras de urbanizacao - ruas, pracas e calcadas",MICRO EMPRESA,Arapiraca,,10702260000162.0,4213-8/00,4213800.0,42.0,F,Construcao,Obras de infraestrutura,True,False,SIM,NÃO ATENDIDA,True
10723930001280,Cyro Cavalcanti Auto Pecas Ltda,Nao Industria,3.Pequena,Comércio por atacado de peças e acessórios novos para veículos automotores,Proposta,False,True,False,SOMENTE SENAI,1,,,,,,,,,,,,,,,,,,,False
10729398000155,W M - Manutencao Industrial Ltda,Indústria,4.Micro,Manutenção e reparação de outras máquinas e equipamentos para usos industriais não especificados anteriormente,Migração,True,False,False,SOMENTE SESI,1,,,,,,,,,,,,,,,,,,,False
10769660000195,Agencia De Fomento De Alagoas S/a.,Não Indústria,3.Pequena,Agências de fomento,Migração,True,False,False,SOMENTE SESI,1,,,,,,,,,,,,,,,,,,,False
10782639000200,Interlandia Limitada,Indústria,2.Média,Fabricação de produtos de limpeza e polimento,Migração,True,False,False,SOMENTE SESI,1,ATIVA,INTERLANDIA LIMITADA,INDÚSTRIA,Fabricacao de produtos de limpeza e polimento,DEMAIS,Marechal Deodoro,10782639000200.0,10782639000200.0,2062-2/00,2062200.0,20.0,C,Industria de transformacao,Produtos quimicos,True,False,SIM,NÃO ATENDIDA,True
10793958000130,Industria E Comercio De Gelo Ltda,Indústria,3.Pequena,Fabricação de gelo comum,Migração,True,False,False,SOMENTE SESI,1,,,,,,,,,,,,,,,,,,,False
10795557000110,Aloisio De Oliveira Silva,Indústria,4.Micro,FABRICAÇÃO DE PRODUTOS DE PANIFICAÇÃO INDUSTRIAL,Migração,True,False,False,SOMENTE SESI,1,,,,,,,,,,,,,,,,,,,False
10803013000152,Industria Grafica Jaragua Ltda,Indústria,4.Micro,Impressão de material para outros usos,Migração,True,False,False,SOMENTE SESI,1,ATIVA,INDUSTRIA GRAFICA JARAGUA LTDA,INDÚSTRIA,Impressao de material para outros usos,MICRO EMPRESA,Maceió,10803013000152.0,,1813-0/99,1813099.0,18.0,C,Industria de transformacao,Impressao e reproducao de gravacoes,True,False,SIM,NÃO ATENDIDA,True
10811586000128,Teto Planejamento E Incorporacoes Ltda,Indústria,3.Pequena,Construção de edifícios,Migração,True,False,False,SOMENTE SESI,1,ATIVA,TETO PLANEJAMENTO E INCORPORACOES LTDA,INDÚSTRIA,Construcao de edificios,DEMAIS,Maceió,10811586000128.0,,4120-4/00,4120400.0,41.0,F,Construcao,Construcao de edificios,True,False,SIM,NÃO ATENDIDA,True
10811677000163,Tambaqui Empreendimentos Hoteleiros Ltda,Não Indústria,3.Pequena,Hotéis,Migração,True,False,False,SOMENTE SESI,1,,,,,,,,,,,,,,,,,,,False
10812501000126,Cooperativa Mista Dos Taxistas De Maceio Ltda,Não Indústria,4.Micro,Outras atividades associativas profissionais,Migração,True,False,False,SOMENTE SESI,1,,,,,,,,,,,,,,,,,,,False
10824654000193,Ceramica Do Agreste Ltda,Indústria,3.Pequena,"Fabricação de artefatos de cerâmica e barro cozido para uso na construção, exceto azulejos e pisos",Migração,True,False,False,SOMENTE SESI,1,ATIVA,CERAMICA DO AGRESTE LTDA,INDÚSTRIA,"Fabricacao de artefatos de ceramica e barro cozido para uso na construcao, exceto azulejos e pisos",PEQUENO PORTE,Atalaia,10824654000193.0,,2342-7/02,2342702.0,23.0,C,Industria de transformacao,Produtos de minerais nao-metalicos,True,False,SIM,NÃO ATENDIDA,True
10825373000155,"Instituto Federal De Educacao, Ciencia E Tecnologia De Alagoas - If/al",Não Indústria,4.Micro,Educação profissional de nível tecnológico,Proposta,True,False,False,SOMENTE SESI,1,,,,,,,,,,,,,,,,,,,False
10825373001127,"Instituto Federal De Educacao, Ciencia E Tecnologia De Alagoas - If/al",Não Indústria,4.Micro,Educação profissional de nível tecnológico,Proposta,True,False,False,SOMENTE SESI,1,,,,,,,,,,,,,,,,,,,False
10831030000101,Ibracon Incorporacoes E Construcoes Ltda,Indústria,4.Micro,Construção de edifícios,Migração,True,False,False,SOMENTE SESI,1,ATIVA,IBRACON INCORPORACOES E CONSTRUCOES LTDA,INDÚSTRIA,Construcao de edificios,DEMAIS,Maceió,10831030000101.0,,4120-4/00,4120400.0,41.0,F,Construcao,Construcao de edificios,True,False,SIM,NÃO ATENDIDA,True
10832008000178,Art Moveis Ind E Comercio Ltda,Indústria,4.Micro,Fabricação de móveis com predominância de madeira,Migração,True,False,False,SOMENTE SESI,1,ATIVA,ART MOVEIS IND E COMERCIO LTDA,INDÚSTRIA,Fabricacao de moveis com predominancia de madeira,MICRO EMPRESA,Rio Largo,10832008000178.0,,3101-2/00,3101200.0,31.0,C,Industria de transformacao,Moveis,True,False,SIM,NÃO ATENDIDA,True
10840082000136,M A Dos Anjos Locacao Impressao E Servico De Informatica Ltda,Não Indústria,4.Micro,Fotocópias,Migração,True,False,False,SOMENTE SESI,1,,,,,,,,,,,,,,,,,,,False
10857039000183,Mss Transportes Ltda,Não Indústria,1.Grande,"Transporte rodoviário de carga, exceto produtos perigosos e mudanças, intermunicipal, interestadual e internacional",Proposta,True,False,False,SOMENTE SESI,1,,,,,,,,,,,,,,,,,,,False
10882812000161,Gonube Tecnologia Ltda,Não Indústria,3.Pequena,"Suporte técnico, manutenção e outros serviços em tecnologia da informação",Proposta,True,False,False,SOMENTE SESI,1,,,,,,,,,,,,,,,,,,,False
10885069000101,Maceio Aviamento Ltda,Não Indústria,4.Micro,Comercio varejista de artigos de armarinho,Migração,True,False,False,SOMENTE SESI,1,,,,,,,,,,,,,,,,,,,False
10887669000109,Kiola Industria E Comercio Ltda,Industria | Indústria,4.Micro,Fabricação de sabões e detergentes sintéticos,Migração | Proposta,True,True,True,SESI + SENAI,2,ATIVA,KIOLA INDUSTRIA E COMERCIO LTDA,INDÚSTRIA,Fabricacao de saboes e detergentes sinteticos,PEQUENO PORTE,Maceió,10887669000109.0,10887669000109.0,2061-4/00,2061400.0,20.0,C,Industria de transformacao,Produtos quimicos,True,False,SIM,NÃO ATENDIDA,True
10887669000281,Kiola Industria E Comercio Ltda,Não Indústria,4.Micro,Comércio varejista de produtos saneantes domissanitários,Migração,True,False,False,SOMENTE SESI,1,,,,,,,,,,,,,,,,,,,False
10896964000113,Elyt Engenharia Eletrica Ltda,Indústria,4.Micro,Instalação e manutenção elétrica,Migração,True,False,False,SOMENTE SESI,1,ATIVA,ELYT ENGENHARIA ELETRICA LTDA,INDÚSTRIA,Instalacao e manutencao eletrica,MICRO EMPRESA,Maceió,10896964000113.0,,4321-5/00,4321500.0,43.0,F,Construcao,Servicos especializados para construcao,True,False,SIM,NÃO ATENDIDA,True
10897687000163,Caoflex Industria E Comercio Ltda,Indústria,3.Pequena,Fabricação de colchões,Migração,True,False,False,SOMENTE SESI,1,ATIVA,CAOFLEX INDUSTRIA E COMERCIO LTDA,INDÚSTRIA,Fabricacao de colchoes,DEMAIS,Maceió,10897687000163.0,10897687000163.0,3104-7/00,3104700.0,31.0,C,Industria de transformacao,Moveis,True,False,SIM,NÃO ATENDIDA,True
10907247000140,Via Granito Comercio De Pedras Ltda,Não Indústria,3.Pequena,Comércio varejista de pedras para revestimento,Migração,True,False,False,SOMENTE SESI,1,,,,,,,,,,,,,,,,,,,False
10918657000196,Leao Nordeste Industria E Comercio De Plasticos Ltda,Industria | Indústria,3.Pequena,Fabricação de artefatos de material plástico para outros usos não especificados anteriormente,Migração | Proposta,True,True,True,SESI + SENAI,2,ATIVA,LEAO NORDESTE INDUSTRIA E COMERCIO DE PLASTICOS LTDA,INDÚSTRIA,Fabricacao de artefatos de material plastico para outros usos nao especificados anteriormente,PEQUENO PORTE,Maceió,10918657000196.0,10918657000196.0,2229-3/99,2229399.0,22.0,C,Industria de transformacao,Borracha e material plastico,True,False,SIM,NÃO ATENDIDA,True
10923803000171,"Audconp - Central De Servicos De Auditoria, Contabilidade E Pericia Ltda",Não Indústria,4.Micro,Atividades de contabilidade,Migração,True,False,False,SOMENTE SESI,1,,,,,,,,,,,,,,,,,,,False
10925899000107,Madeiras Do Brasil Ltda,Nao Industria | Não Indústria,3.Pequena,Comércio varejista de madeira e artefatos,Migração | Proposta,True,True,True,SESI + SENAI,2,,,,,,,,,,,,,,,,,,,False
10929844000175,Consertcar Comercio E Servicos Ltda,Indústria,4.Micro,"Serviços de instalação, manutenção e reparação de acessórios para veículos automotores",Migração,True,False,False,SOMENTE SESI,1,ATIVA,CONSERTCAR COMERCIO E SERVICOS LTDA,INDÚSTRIA,"Servicos de instalacao, manutencao e reparacao de acessorios para veiculos automotores",MICRO EMPRESA,Maceió,10929844000175.0,,4520-0/07,4520007.0,45.0,G,Comercio e reparacao de veiculos,Comercio e reparacao de veiculos,False,False,NAO,FORA DO ESCOPO SEBRAE,True
10950744000120,Doce Momento Comercio De Alimentos Ltda.,Não Indústria,4.Micro,"Lanchonetes, casas de chá, de sucos e similares",Migração,True,False,False,SOMENTE SESI,1,,,,,,,,,,,,,,,,,,,False
11031356000109,Santorini Restaurante Ltda,Não Indústria,3.Pequena,Restaurantes e similares,Migração,True,False,False,SOMENTE SESI,1,,,,,,,,,,,,,,,,,,,False
11050982000142,Secretaria De Estado De Prevencao A Violencia,Nao Industria,3.Pequena,Administração pública em geral,Proposta,False,True,False,SOMENTE SENAI,1,,,,,,,,,,,,,,,,,,,False
11069316000318,Tubos Tigre-ads Do Brasil Limitada,Industria | Indústria,3.Pequena,Fabricação de tubos e acessórios de material plástico para uso na construção,Migração | Proposta,True,True,True,SESI + SENAI,2,ATIVA,TUBOS TIGRE-ADS DO BRASIL LIMITADA,INDÚSTRIA,Fabricacao de tubos e acessorios de material plastico para uso na construcao,DEMAIS,Marechal Deodoro,11069316000318.0,11069316000318.0,2223-4/00,2223400.0,22.0,C,Industria de transformacao,Borracha e material plastico,True,False,SIM,NÃO ATENDIDA,True
11097044000106,M . J. Ferreira Soares Confeccoes,Não Indústria,4.Micro,Comércio varejista de artigos do vestuário e acessórios,Migração,True,False,False,SOMENTE SESI,1,,,,,,,,,,,,,,,,,,,False
11101933000191,Sf Alimentos Ltda,Não Indústria,4.Micro,Comércio varejista de produtos alimentícios em geral ou especializado em produtos alimentícios não especificados anteriormente,Migração,True,False,False,SOMENTE SESI,1,,,,,,,,,,,,,,,,,,,False
11101933000515,Sf Alimentos Ltda,Não Indústria,4.Micro,Comércio varejista de produtos alimentícios em geral ou especializado em produtos alimentícios não especificados anteriormente,Migração,True,False,False,SOMENTE SESI,1,,,,,,,,,,,,,,,,,,,False
11161579000190,High Park Gestao De Estacionamentos Ltda,Não Indústria,3.Pequena,Estacionamento de veículos,Migração,True,False,False,SOMENTE SESI,1,,,,,,,,,,,,,,,,,,,False
11165010000101,J. Francisco Da Silva,Indústria,4.Micro,"Fabricação de cabines, carrocerias e reboques para outros veículos automotores, exceto caminhões e ônibus",Migração,True,False,False,SOMENTE SESI,1,ATIVA,J. FRANCISCO DA SILVA,INDÚSTRIA,"Fabricacao de cabines, carrocerias e reboques para outros veiculos automotores, exceto caminhoes e onibus",PEQUENO PORTE,Arapiraca,11165010000101.0,,2930-1/03,2930103.0,29.0,C,Industria de transformacao,"Veiculos automotores, reboques e carrocerias",True,False,SIM,NÃO ATENDIDA,True
11188176000135,Cms Engenharia E Sistemas De Energia Eletrica Ltda,Não Indústria,3.Pequena,Comércio varejista de material elétrico,Migração,True,False,False,SOMENTE SESI,1,,,,,,,,,,,,,,,,,,,False
11232112000194,A C Lima Barbosa Comercio De Alimentos Ltda,Não Indústria,4.Micro,"Lanchonetes, casas de chá, de sucos e similares",Migração,True,False,False,SOMENTE SESI,1,,,,,,,,,,,,,,,,,,,False
11248065000177,Falcao & Silva Ltda,Indústria,4.Micro,"Aparelhamento de placas e execução de trabalhos em mármore, granito, ardósia e outras pedras",Proposta,True,False,False,SOMENTE SESI,1,ATIVA,FALCAO & SILVA LTDA,INDÚSTRIA,"Aparelhamento de placas e execucao de trabalhos em marmore, granito, ardosia e outras pedras",MICRO EMPRESA,Santana do Ipanema,11248065000177.0,,2391-5/03,2391503.0,23.0,C,Industria de transformacao,Produtos de minerais nao-metalicos,True,False,SIM,NÃO ATENDIDA,True
11355874000188,Infinni Servicos E Comunicacao Visual Ltda,Indústria,3.Pequena,Impressão de material para uso publicitário,Migração,True,False,False,SOMENTE SESI,1,ATIVA,INFINNI SERVICOS E COMUNICACAO VISUAL LTDA,INDÚSTRIA,Impressao de material para uso publicitario,DEMAIS,Maceió,11355874000188.0,,1813-0/01,1813001.0,18.0,C,Industria de transformacao,Impressao e reproducao de gravacoes,True,False,SIM,NÃO ATENDIDA,True
11371363000150,G G P Da Silva  Engmax Engenharia E Servicos,Indústria,4.Micro,"Manutenção e reparação de tanques, reservatórios metálicos e caldeiras, exceto para veículos",Migração,True,False,False,SOMENTE SESI,1,ATIVA,G G P DA SILVA ENGMAX ENGENHARIA E SERVICOS,INDÚSTRIA,"Manutencao e reparacao de tanques, reservatorios metalicos e caldeiras, exceto para veiculos",PEQUENO PORTE,Maceió,11371363000150.0,,3311-2/00,3311200.0,33.0,C,Industria de transformacao,"Manutencao, reparacao e instalacao de maquinas",True,False,SIM,NÃO ATENDIDA,True
11393033000165,Industria E Comercio De Massas Alimenticias Ltda,Indústria,4.Micro,FABRICAÇÃO DE PRODUTOS DE PANIFICAÇÃO INDUSTRIAL,Migração,True,False,False,SOMENTE SESI,1,ATIVA,INDUSTRIA E COMERCIO DE MASSAS ALIMENTICIAS LTDA,INDÚSTRIA,Fabricacao de produtos de padaria e confeitaria com predominancia de producao propria,MICRO EMPRESA,Maceió,11393033000165.0,,1091-1/02,1091102.0,10.0,C,Industria de transformacao,Alimentos,True,False,SIM,NÃO ATENDIDA,True
11421889000105,Mixfarma Comercial Ltda,Nao Industria | Não Indústria,2.Média,Comércio atacadista de medicamentos e drogas de uso humano,Proposta,True,True,True,SESI + SENAI,2,,,,,,,,,,,,,,,,,,,False
11421889000440,Mixfarma Comercial Ltda,Não Indústria,4.Micro,Comércio atacadista de produtos de higiene pessoal,Migração,True,False,False,SOMENTE SESI,1,,,,,,,,,,,,,,,,,,,False
11440164000156,Am Lanchonetes Ltda,Nao Industria,4.Micro,"Lanchonetes, casas de chá, de sucos e similares",Proposta,False,True,False,SOMENTE SENAI,1,,,,,,,,,,,,,,,,,,,False
11460923000142,Eletromecanica De Alagoas Ltda,Indústria,4.Micro,"Manutenção e reparação de geradores, transformadores e motores elétricos",Migração,True,False,False,SOMENTE SESI,1,ATIVA,ELETROMECANICA DE ALAGOAS LTDA,INDÚSTRIA,"Manutencao e reparacao de geradores, transformadores e motores eletricos",PEQUENO PORTE,Maceió,11460923000142.0,,3313-9/01,3313901.0,33.0,C,Industria de transformacao,"Manutencao, reparacao e instalacao de maquinas",True,False,SIM,NÃO ATENDIDA,True
11483295000110,Codaco Confeccao E Dobra De Ferro E Aco Ltda,Industria,4.Micro,Fabricação de outros produtos de metal não especificados anteriormente,Proposta,False,True,False,SOMENTE SENAI,1,ATIVA,CODACO CONFECCAO E DOBRA DE FERRO E ACO LTDA,INDÚSTRIA,Fabricacao de outros produtos de metal nao especificados anteriormente,DEMAIS,Maceió,11483295000110.0,11483295000110.0,2599-3/99,2599399.0,25.0,C,Industria de transformacao,Produtos de metal (exceto maquinas),True,False,SIM,NÃO ATENDIDA,True
11493623000160,Magnetron Industria E Comercio De Componentes Ltda,Industria,2.Média,"Fabricação de material elétrico e eletrônico para veículos automotores, exceto baterias",Proposta,False,True,False,SOMENTE SENAI,1,,,,,,,,,,,,,,,,,,,False
11509676001101,Auto Norte Distribuidora De Pecas Ltda,Não Indústria,3.Pequena,Comércio por atacado de peças e acessórios novos para veículos automotores,Proposta,True,False,False,SOMENTE SESI,1,,,,,,,,,,,,,,,,,,,False
11512944000164,Faab Engenharia Ltda,Industria | Indústria,2.Média,Construção de estações e redes de distribuição de energia elétrica,Proposta,True,True,True,SESI + SENAI,2,,,,,,,,,,,,,,,,,,,False
11544373000140,Dirad - Tomografia E Imagem Ltda.,Não Indústria,4.Micro,Serviços de tomografia,Migração,True,False,False,SOMENTE SESI,1,,,,,,,,,,,,,,,,,,,False
11544802000189,Pca Tecnologia Em Manutencao Preditiva Ltda,Industria | Indústria,4.Micro,"Manutenção e reparação de máquinas, aparelhos e materiais elétricos não especificados anteriormente",Proposta,True,True,True,SESI + SENAI,2,ATIVA,PCA TECNOLOGIA EM MANUTENCAO PREDITIVA LTDA,INDÚSTRIA,"Manutencao e reparacao de maquinas, aparelhos e materiais eletricos nao especificados anteriormente",MICRO EMPRESA,São Miguel dos Campos,11544802000189.0,11544802000189.0,3313-9/99,3313999.0,33.0,C,Industria de transformacao,"Manutencao, reparacao e instalacao de maquinas",True,False,SIM,NÃO ATENDIDA,True
11580144000180,Moop Ambientes Planejados Ltda,Indústria,4.Micro,Fabricação de móveis com predominância de madeira,Proposta,True,False,False,SOMENTE SESI,1,ATIVA,MOOP AMBIENTES PLANEJADOS LTDA,INDÚSTRIA,Fabricacao de moveis com predominancia de madeira,PEQUENO PORTE,Maceió,11580144000180.0,,3101-2/00,3101200.0,31.0,C,Industria de transformacao,Moveis,True,False,SIM,NÃO ATENDIDA,True
11592537000104,Labplus Diagnostica Ltda,Não Indústria,4.Micro,"Comércio atacadista de instrumentos e materiais para uso médico, cirúrgico, hospitalar e de laboratórios",Migração,True,False,False,SOMENTE SESI,1,,,,,,,,,,,,,,,,,,,False
11705404000105,Cenutri - Centro Especializado De Nutricao Ltda.,Nao Industria,3.Pequena,Comércio varejista de artigos médicos e ortopédicos,Proposta,False,True,False,SOMENTE SENAI,1,,,,,,,,,,,,,,,,,,,False
11838337000199,R. P. M. Da Silva Ferreira,Indústria,4.Micro,"Serviços de instalação, manutenção e reparação de acessórios para veículos automotores",Migração,True,False,False,SOMENTE SESI,1,,,,,,,,,,,,,,,,,,,False
11901336000141,W. Pereira De Carvalho,Indústria,4.Micro,"Manutenção e reparação de máquinas, aparelhos e materiais elétricos não especificados anteriormente",Migração,True,False,False,SOMENTE SESI,1,ATIVA,W P DE CARVALHO SANTOS LTDA,INDÚSTRIA,"Manutencao e reparacao de maquinas, aparelhos e materiais eletricos nao especificados anteriormente",PEQUENO PORTE,São Miguel dos Campos,11901336000141.0,,3313-9/99,3313999.0,33.0,C,Industria de transformacao,"Manutencao, reparacao e instalacao de maquinas",True,False,SIM,NÃO ATENDIDA,True
11907140000164,Krona Tubos E Conexoes Do Nordeste Ltda,Industria | Indústria,1.Grande,Fabricação de tubos e acessórios de material plástico para uso na construção,Migração | Proposta,True,True,True,SESI + SENAI,2,ATIVA,KRONA TUBOS E CONEXOES DO NORDESTE LTDA,INDÚSTRIA,Fabricacao de tubos e acessorios de material plastico para uso na construcao,DEMAIS,Marechal Deodoro,11907140000164.0,11907140000164.0,2223-4/00,2223400.0,22.0,C,Industria de transformacao,Borracha e material plastico,True,False,SIM,NÃO ATENDIDA,True
11910387000130,Drogaria Jeane Ltda.,Não Indústria,4.Micro,"Comércio varejista de produtos farmacêuticos, sem manipulação de fórmulas",Migração,True,False,False,SOMENTE SESI,1,,,,,,,,,,,,,,,,,,,False
11917733000101,R2t Telecomunicacoes Ltda,Indústria,3.Pequena,Construção de estações e redes de telecomunicações,Proposta,True,False,False,SOMENTE SESI,1,,,,,,,,,,,,,,,,,,,False
11917733000535,R2t Telecomunicacoes Ltda,Indústria,3.Pequena,Construção de estações e redes de telecomunicações,Migração,True,False,False,SOMENTE SESI,1,ATIVA,R2T TELECOMUNICACOES LTDA,INDÚSTRIA,Construcao de estacoes e redes de telecomunicacoes,DEMAIS,Maceió,11917733000535.0,,4221-9/04,4221904.0,42.0,F,Construcao,Obras de infraestrutura,True,False,SIM,NÃO ATENDIDA,True
11918091000165,Condominio Do Edificio San Marino Residence Service,Não Indústria,3.Pequena,Condomínios prediais,Migração,True,False,False,SOMENTE SESI,1,,,,,,,,,,,,,,,,,,,False
12002804000702,Transbezerra Ltda,Não Indústria,3.Pequena,"Aluguel de outras máquinas e equipamentos comerciais e industriais não especificados anteriormente, sem operador",Proposta,True,False,False,SOMENTE SESI,1,,,,,,,,,,,,,,,,,,,False
12014510000105,Biotech Controle Biologico Ltda,Industria,3.Pequena,Fabricação de defensivos agrícolas,Migração,False,True,False,SOMENTE SENAI,1,ATIVA,BIOTECH CONTROLE BIOLOGICO LTDA,INDÚSTRIA,Fabricacao de defensivos agricolas,PEQUENO PORTE,Maceió,,12014510000105.0,2051-7/00,2051700.0,20.0,C,Industria de transformacao,Produtos quimicos,True,False,SIM,NÃO ATENDIDA,True
12017984000100,Jucineide Marinho Mariano,Indústria,4.Micro,"Confecção, sob medida, de roupas profissionais",Migração,True,False,False,SOMENTE SESI,1,ATIVA,JUCINEIDE MARINHO MARIANO,INDÚSTRIA,"Confeccao, sob medida, de roupas profissionais",MICRO EMPRESA,Arapiraca,12017984000100.0,,1413-4/02,1413402.0,14.0,C,Industria de transformacao,Confeccao de vestuario e acessorios,True,False,SIM,NÃO ATENDIDA,True
12019360000114,Tv Pajucara Ltda,Não Indústria,2.Média,Atividades de televisão aberta,Migração,True,False,False,SOMENTE SESI,1,,,,,,,,,,,,,,,,,,,False
12020066000122,Braf Empreendimentos Hoteleiros Ltda.,Nao Industria | Não Indústria,3.Pequena,Hotéis,Migração | Proposta,True,True,True,SESI + SENAI,2,,,,,,,,,,,,,,,,,,,False
12069166000143,Laticinio Ouro Branco Ltda,Indústria,4.Micro,Fabricação de laticínios,Migração,True,False,False,SOMENTE SESI,1,ATIVA,LATICINIO OURO BRANCO LTDA,INDÚSTRIA,Fabricacao de laticinios,MICRO EMPRESA,Major Isidoro,12069166000143.0,,1052-0/00,1052000.0,10.0,C,Industria de transformacao,Alimentos,True,False,SIM,NÃO ATENDIDA,True
12069177000123,Rm Retifica De Motores Ltda,Não Indústria,4.Micro,Comércio a varejo de peças e acessórios novos para veículos automotores,Migração,True,False,False,SOMENTE SESI,1,,,,,,,,,,,,,,,,,,,False
12086091000109,Centro Das Carnes Ltda,Indústria,4.Micro,Fabricação de produtos de carne,Migração,True,False,False,SOMENTE SESI,1,ATIVA,CENTRO DAS CARNES LTDA,INDÚSTRIA,Fabricacao de produtos de carne,MICRO EMPRESA,Maceió,12086091000109.0,,1013-9/01,1013901.0,10.0,C,Industria de transformacao,Alimentos,True,False,SIM,NÃO ATENDIDA,True
12102741000243,Projetel - Telecomunicacoes E Servicos Ltda,Industria | Indústria,3.Pequena,Manutenção de estações e redes de telecomunicações,Migração | Proposta,True,True,True,SESI + SENAI,2,ATIVA,PROJETEL - TELECOMUNICACOES E SERVICOS LTDA,INDÚSTRIA,Manutencao de estacoes e redes de telecomunicacoes,DEMAIS,Maceió,12102741000243.0,12102741000243.0,4221-9/05,4221905.0,42.0,F,Construcao,Obras de infraestrutura,True,False,SIM,NÃO ATENDIDA,True
12150025000150,Ferro E Costa Ltda,Indústria,4.Micro,FABRICAÇÃO DE PRODUTOS DE PANIFICAÇÃO INDUSTRIAL,Migração,True,False,False,SOMENTE SESI,1,,,,,,,,,,,,,,,,,,,False
12156097000105,Associacao Atletica Banco Do Brasil,Nao Industria,3.Pequena,"Clubes sociais, esportivos e similares",Migração,False,True,False,SOMENTE SENAI,1,,,,,,,,,,,,,,,,,,,False
12157863000156,Instituto Euvaldo Lodi Nucleo Regional De Alagoas,Não Indústria,4.Micro,"Atividades de apoio à educação, exceto caixas escolares",Migração,True,False,False,SOMENTE SESI,1,,,,,,,,,,,,,,,,,,,False
12157871000100,Sindicato Dos Trabalhadores No Comercio De Minerios E Derivados De Petroleo No Estado De Alagoas(inclusive Pesquisas De Minerios),Nao Industria,4.Micro,Atividades de organizações sindicais,Proposta,False,True,False,SOMENTE SENAI,1,,,,,,,,,,,,,,,,,,,False
12159281000109,Clube De Regatas Brasil,Não Indústria,3.Pequena,Produção e promoção de eventos esportivos,Proposta,True,False,False,SOMENTE SESI,1,,,,,,,,,,,,,,,,,,,False
12164854000192,Industria De Cimentos De Alagoas Ltda,Indústria,3.Pequena,Fabricação de cimento,Migração,True,False,False,SOMENTE SESI,1,ATIVA,INDUSTRIA DE CIMENTOS DE ALAGOAS LTDA,INDÚSTRIA,Fabricacao de cimento,DEMAIS,Marechal Deodoro,12164854000192.0,,2320-6/00,2320600.0,23.0,C,Industria de transformacao,Produtos de minerais nao-metalicos,True,False,SIM,NÃO ATENDIDA,True
12164854000354,Industria De Cimentos De Alagoas Ltda,Indústria,4.Micro,Fabricação de cimento,Migração,True,False,False,SOMENTE SESI,1,ATIVA,INDUSTRIA DE CIMENTOS DE ALAGOAS LTDA,INDÚSTRIA,Fabricacao de cimento,DEMAIS,Arapiraca,12164854000354.0,,2320-6/00,2320600.0,23.0,C,Industria de transformacao,Produtos de minerais nao-metalicos,True,False,SIM,NÃO ATENDIDA,True
12186524000106,Tv Gazeta De Alagoas Ltda - Em Recuperacao Judicial,Nao Industria,4.Micro,Atividades de televisão aberta,Migração,False,True,False,SOMENTE SENAI,1,,,,,,,,,,,,,,,,,,,False
12187241000170,Feitosa Irmaos & Cia Ltda,Nao Industria,3.Pequena,Comércio a varejo de peças e acessórios novos para veículos automotores,Proposta,False,True,False,SOMENTE SENAI,1,,,,,,,,,,,,,,,,,,,False
12198693000158,Municipio De Arapiraca,Nao Industria,4.Micro,Administração pública em geral,Migração,False,True,False,SOMENTE SENAI,1,,,,,,,,,,,,,,,,,,,False
12199121000193,Mafrial - Matadouro Frigorifico De Alagoas Ltda,Indústria,2.Média,Frigorífico - abate de bovinos,Migração,True,False,False,SOMENTE SESI,1,ATIVA,MAFRIAL - MATADOURO FRIGORIFICO DE ALAGOAS LTDA,INDÚSTRIA,Frigorifico - abate de bovinos,PEQUENO PORTE,Satuba,12199121000193.0,,1011-2/01,1011201.0,10.0,C,Industria de transformacao,Alimentos,True,False,SIM,NÃO ATENDIDA,True
12200135000180,Municipio De Maceio,Nao Industria,4.Micro,Administração pública em geral,Migração,False,True,False,SOMENTE SENAI,1,,,,,,,,,,,,,,,,,,,False
12200218000179,Secretaria De Estado Da Educacao,Nao Industria,4.Micro,Administração pública em geral,Proposta,False,True,False,SOMENTE SENAI,1,,,,,,,,,,,,,,,,,,,False
12200259000165,Secretaria De Estado Da Saude,Nao Industria,1.Grande,Administração pública em geral,Proposta,False,True,False,SOMENTE SENAI,1,,,,,,,,,,,,,,,,,,,False
12201058000182,M. Do Socorro Da Conceicao,Industria | Indústria,4.Micro,Fabricação de colchões,Proposta,True,True,True,SESI + SENAI,2,ATIVA,M. DO SOCORRO DA CONCEICAO,INDÚSTRIA,Fabricacao de colchoes,PEQUENO PORTE,Arapiraca,12201058000182.0,12201058000182.0,3104-7/00,3104700.0,31.0,C,Industria de transformacao,Moveis,True,False,SIM,NÃO ATENDIDA,True
12203196000109,Federacao Das Associacoes Comerciais Do Estado De Al,Não Indústria,4.Micro,Atividades de associações de defesa de direitos sociais,Migração,True,False,False,SOMENTE SESI,1,,,,,,,,,,,,,,,,,,,False
12207536000161,Municipio De Girau Do Ponciano,Nao Industria,4.Micro,Administração pública em geral,Migração,False,True,False,SOMENTE SENAI,1,,,,,,,,,,,,,,,,,,,False
12213443000140,Industrias Reunidas Coringa Ltda,Indústria,1.Grande,"Fabricação de farinha de milho e derivados, exceto óleos de milho",Proposta,True,False,False,SOMENTE SESI,1,ATIVA,INDUSTRIAS REUNIDAS CORINGA LTDA,INDÚSTRIA,"Fabricacao de farinha de milho e derivados, exceto oleos de milho",DEMAIS,Arapiraca,12213443000140.0,12213443000140.0,1064-3/00,1064300.0,10.0,C,Industria de transformacao,Alimentos,True,False,SIM,NÃO ATENDIDA,True
12217832000224,Industrial Porto Rico S A - Em Recuperacao Judicial,Indústria,1.Grande,Fabricação de açúcar em bruto,Proposta,True,False,False,SOMENTE SESI,1,ATIVA,INDUSTRIAL PORTO RICO S A - EM RECUPERACAO JUDICIAL,INDÚSTRIA,Fabricacao de acucar em bruto,DEMAIS,Campo Alegre,12217832000224.0,12217832000224.0,1071-6/00,1071600.0,10.0,C,Industria de transformacao,Alimentos,True,False,SIM,NÃO ATENDIDA,True
12229415000200,S A Usina Coruripe Acucar E Alcool,Nao Industria | Não Indústria,1.Grande,Cultivo de cana-de-açúcar,Migração | Proposta,True,True,True,SESI + SENAI,2,,,,,,,,,,,,,,,,,,,False
12242350000143,Municipio De Igreja Nova,Nao Industria,4.Micro,Administração pública em geral,Proposta,False,True,False,SOMENTE SENAI,1,,,,,,,,,,,,,,,,,,,False
12250916000189,Municipio De Santana Do Ipanema,Nao Industria,4.Micro,Atividades de associações de defesa de direitos sociais,Migração,False,True,False,SOMENTE SENAI,1,,,,,,,,,,,,,,,,,,,False
12257462000178,Infranet Distribuidora De Tecnologia E Engenharia Ltda,Nao Industria,3.Pequena,Comércio atacadista de material elétrico,Proposta,False,True,False,SOMENTE SENAI,1,,,,,,,,,,,,,,,,,,,False
12264222000109,Municipio De Sao Miguel Dos Campos,Nao Industria | Órgãos Públicos,4.Micro,Administração pública em geral,Migração | Proposta,True,True,True,SESI + SENAI,2,,,,,,,,,,,,,,,,,,,False
12264493000156,Alagoas Vidros Temperados Ltda,Indústria,4.Micro,Fabricação de vidro plano e de segurança,Migração,True,False,False,SOMENTE SESI,1,ATIVA,ALAGOAS VIDROS TEMPERADOS LTDA,INDÚSTRIA,Fabricacao de vidro plano e de seguranca,PEQUENO PORTE,Maceió,12264493000156.0,,2311-7/00,2311700.0,23.0,C,Industria de transformacao,Produtos de minerais nao-metalicos,True,False,SIM,NÃO ATENDIDA,True
12264628000183,Municipio De Campo Alegre,Nao Industria,3.Pequena,Administração pública em geral,Proposta,False,True,False,SOMENTE SENAI,1,,,,,,,,,,,,,,,,,,,False
12268397000186,Hotel Beiriz Ltda,Não Indústria,2.Média,Hotéis,Proposta,True,False,False,SOMENTE SESI,1,,,,,,,,,,,,,,,,,,,False
12272084000100,Equatorial Alagoas Distribuidora De Energia S.a.,Industria,1.Grande,Distribuição de energia elétrica,Migração,False,True,False,SOMENTE SENAI,1,ATIVA,EQUATORIAL ALAGOAS DISTRIBUIDORA DE ENERGIA S.A.,INDÚSTRIA,Distribuicao de energia eletrica,DEMAIS,Maceió,12272084000100.0,12272084000100.0,3514-0/00,3514000.0,35.0,D,Eletricidade e gas,"Eletricidade, gas e outras utilidades",True,False,SIM,NÃO ATENDIDA,True
12275715000136,Utinga Acucar E Etanol S/a,Industria,1.Grande,Fabricação de açúcar em bruto,Proposta,False,True,False,SOMENTE SENAI,1,ATIVA,UTINGA ACUCAR E ETANOL S/A,INDÚSTRIA,Fabricacao de acucar em bruto,DEMAIS,Rio Largo,,12275715000136.0,1071-6/00,1071600.0,10.0,C,Industria de transformacao,Alimentos,True,False,SIM,NÃO ATENDIDA,True
12281871000100,Madeirart Nova Industria E Comercio De Madeiras Ltda,Industria | Indústria,4.Micro,"Fabricação de cabines, carrocerias e reboques para caminhões",Migração | Proposta,True,True,True,SESI + SENAI,2,ATIVA,MADEIRART NOVA INDUSTRIA E COMERCIO DE MADEIRAS LTDA,INDÚSTRIA,"Fabricacao de cabines, carrocerias e reboques para caminhoes",PEQUENO PORTE,Maceió,12281871000100.0,12281871000100.0,2930-1/01,2930101.0,29.0,C,Industria de transformacao,"Veiculos automotores, reboques e carrocerias",True,False,SIM,NÃO ATENDIDA,True
12282034000286,Usina Caete S A,Nao Industria | Não Indústria,1.Grande,Cultivo de cana-de-açúcar,Proposta,True,True,True,SESI + SENAI,2,,,,,,,,,,,,,,,,,,,False
12282034000367,Usina Caete S A,Industria | Indústria,1.Grande,Fabricação de açúcar em bruto,Proposta,True,True,True,SESI + SENAI,2,ATIVA,USINA CAETE S A,INDÚSTRIA,Fabricacao de acucar em bruto,DEMAIS,Igreja Nova,12282034000367.0,12282034000367.0,1071-6/00,1071600.0,10.0,C,Industria de transformacao,Alimentos,True,False,SIM,NÃO ATENDIDA,True
12286944000156,Construtora Humberto Lobo Ltda Em Recuperacao Judicial,Industria,3.Pequena,Construção de edifícios,Proposta,False,True,False,SOMENTE SENAI,1,ATIVA,CONSTRUTORA HUMBERTO LOBO LTDA EM RECUPERACAO JUDICIAL,INDÚSTRIA,Construcao de edificios,DEMAIS,Maceió,,12286944000156.0,4120-4/00,4120400.0,41.0,F,Construcao,Construcao de edificios,True,False,SIM,NÃO ATENDIDA,True
12301511000122,Parque Das Flores Administracao Ltda,Não Indústria,3.Pequena,Serviços de sepultamento,Migração,True,False,False,SOMENTE SESI,1,,,,,,,,,,,,,,,,,,,False
12303541000178,Conselho Regional De Contabilidade De Alagoas,Não Indústria,3.Pequena,Outras atividades associativas profissionais,Migração,True,False,False,SOMENTE SESI,1,,,,,,,,,,,,,,,,,,,False
12303616000110,S. Vieira Da Silva Ltda,Não Indústria,2.Média,Comercio varejista de artigos de armarinho,Migração,True,False,False,SOMENTE SESI,1,,,,,,,,,,,,,,,,,,,False
12303616000544,S. Vieira Da Silva Ltda,Não Indústria,4.Micro,"Lanchonetes, casas de chá, de sucos e similares",Proposta,True,False,False,SOMENTE SESI,1,,,,,,,,,,,,,,,,,,,False
12303616001001,S. Vieira Da Silva Ltda,Não Indústria,3.Pequena,Comercio varejista de artigos de armarinho,Proposta,True,False,False,SOMENTE SESI,1,,,,,,,,,,,,,,,,,,,False
12306031000154,Escola Domestica Maria Imaculada,Não Indústria,3.Pequena,Ensino fundamental,Migração,True,False,False,SOMENTE SESI,1,,,,,,,,,,,,,,,,,,,False
12307187000150,Santa Casa De Misericordia De Maceio,Não Indústria,1.Grande,"Atividades de atendimento hospitalar, exceto pronto-socorro e unidades para atendimento a urgências",Migração,True,False,False,SOMENTE SESI,1,,,,,,,,,,,,,,,,,,,False
12307187000311,Santa Casa De Misericordia De Maceio,Não Indústria,3.Pequena,"Atividades de atendimento hospitalar, exceto pronto-socorro e unidades para atendimento a urgências",Migração,True,False,False,SOMENTE SESI,1,,,,,,,,,,,,,,,,,,,False
12308631000151,Panificacao Menezes Ltda,Indústria,4.Micro,FABRICAÇÃO DE PRODUTOS DE PANIFICAÇÃO INDUSTRIAL,Migração,True,False,False,SOMENTE SESI,1,ATIVA,PANIFICACAO MENEZES LTDA,INDÚSTRIA,Fabricacao de produtos de padaria e confeitaria com predominancia de producao propria,MICRO EMPRESA,Maceió,12308631000151.0,,1091-1/02,1091102.0,10.0,C,Industria de transformacao,Alimentos,True,False,SIM,NÃO ATENDIDA,True
12312799000130,Panificacao Jaragua Ltda,Indústria,4.Micro,FABRICAÇÃO DE PRODUTOS DE PANIFICAÇÃO INDUSTRIAL,Migração,True,False,False,SOMENTE SESI,1,ATIVA,PANIFICACAO JARAGUA LTDA,INDÚSTRIA,Fabricacao de produtos de padaria e confeitaria com predominancia de producao propria,MICRO EMPRESA,Maceió,12312799000130.0,,1091-1/02,1091102.0,10.0,C,Industria de transformacao,Alimentos,True,False,SIM,NÃO ATENDIDA,True
12312799000211,Panificacao Jaragua Ltda,Industria | Indústria,4.Micro,FABRICAÇÃO DE PRODUTOS DE PANIFICAÇÃO INDUSTRIAL,Proposta,True,True,True,SESI + SENAI,2,,,,,,,,,,,,,,,,,,,False
12316295000199,Federacao Das Industrias Do Estado De Alagoas,Não Indústria,4.Micro,Atividades de associações de defesa de direitos sociais,Migração,True,False,False,SOMENTE SESI,1,,,,,,,,,,,,,,,,,,,False
12318184000111,Sindicato Dos Trabalhadores Em Empresas De Telecomunicacoes E Operadores De Mesas Telefonicas (telefonistas Em Geral) No Estado De Alagoas - Sin,Não Indústria,4.Micro,Atividades de organizações sindicais,Migração,True,False,False,SOMENTE SESI,1,,,,,,,,,,,,,,,,,,,False
12318234000160,"Emalub - Equipamentos, Maquinas E Lubrificantes Ltda.",Não Indústria,4.Micro,Comércio varejista de outros produtos não especificados anteriormente,Migração,True,False,False,SOMENTE SESI,1,,,,,,,,,,,,,,,,,,,False
12319067000172,Associacao Comercial De Maceio,Não Indústria,4.Micro,Atividades de associações de defesa de direitos sociais,Migração,True,False,False,SOMENTE SESI,1,,,,,,,,,,,,,,,,,,,False
12332946000134,Municipio De Uniao Dos Palmares,Nao Industria,4.Micro,Administração pública em geral,Proposta,False,True,False,SOMENTE SENAI,1,,,,,,,,,,,,,,,,,,,False
12333753000106,Municipio De Capela,Nao Industria,4.Micro,Administração pública em geral,Proposta,False,True,False,SOMENTE SENAI,1,,,,,,,,,,,,,,,,,,,False
12363594000184,Milton Alves Industria E Comercio Limitada,Industria | Indústria,2.Média,Fabricação de massas alimentícias,Migração | Proposta,True,True,True,SESI + SENAI,2,ATIVA,MILTON ALVES INDUSTRIA E COMERCIO LIMITADA,INDÚSTRIA,Fabricacao de massas alimenticias,DEMAIS,Maceió,12363594000184.0,12363594000184.0,1094-5/00,1094500.0,10.0,C,Industria de transformacao,Alimentos,True,False,SIM,NÃO ATENDIDA,True
12376097000110,D N Vilela Tecnologia,Indústria,4.Micro,Serviços de comunicação multimídia - SCM,Migração,True,False,False,SOMENTE SESI,1,ATIVA,D N VILELA TECNOLOGIA LTDA,INDÚSTRIA,Servicos de comunicacao multimidia - scm,MICRO EMPRESA,Arapiraca,12376097000110.0,,6110-8/03,6110803.0,61.0,J,Informacao e comunicacao,Informacao e comunicacao,False,False,NAO,FORA DO ESCOPO SEBRAE,True
12380887000170,Cilel Comercio E Industria De Lages Ltda,Não Indústria,3.Pequena,"Depósitos de mercadorias para terceiros, exceto armazéns gerais e guarda-móveis",Migração,True,False,False,SOMENTE SESI,1,,,,,,,,,,,,,,,,,,,False
12382008000149,Penedo Agro Industrial S/a - Em Recuperacao Judicial,Indústria,3.Pequena,Fabricação de açúcar em bruto,Proposta,True,False,False,SOMENTE SESI,1,ATIVA,PENEDO AGRO INDUSTRIAL S/A - EM RECUPERACAO JUDICIAL,INDÚSTRIA,Fabricacao de acucar em bruto,DEMAIS,Penedo,12382008000149.0,,1071-6/00,1071600.0,10.0,C,Industria de transformacao,Alimentos,True,False,SIM,NÃO ATENDIDA,True
12387890000115,Industria E Comercio De Bebidas Alagoana Ltda,Indústria,3.Pequena,Fabricação de refrigerantes,Migração,True,False,False,SOMENTE SESI,1,ATIVA,INDUSTRIA E COMERCIO DE BEBIDAS ALAGOANA LTDA,INDÚSTRIA,Fabricacao de refrigerantes,PEQUENO PORTE,Maceió,12387890000115.0,,1122-4/01,1122401.0,11.0,C,Industria de transformacao,Bebidas,True,False,SIM,NÃO ATENDIDA,True
12388278000167,Convem Comercio De Veiculos E Motores Ltda - Em Recuperacao Judicial,Nao Industria | Não Indústria,4.Micro,Comércio a varejo de motocicletas e motonetas novas,Migração | Proposta,True,True,True,SESI + SENAI,2,,,,,,,,,,,,,,,,,,,False
12388278000329,Convem Comercio De Veiculos E Motores Ltda - Em Recuperacao Judicial,Não Indústria,3.Pequena,Comércio a varejo de motocicletas e motonetas novas,Migração,True,False,False,SOMENTE SESI,1,,,,,,,,,,,,,,,,,,,False
12392890000103,Imcrel Irmaos Moreira Extracao Mineral Ltda,Industria,3.Pequena,Extração e britamento de pedras e outros materiais para construção e beneficiamento associado,Proposta,False,True,False,SOMENTE SENAI,1,ATIVA,IMCREL IRMAOS MOREIRA EXTRACAO MINERAL LTDA,INDÚSTRIA,Extracao e britamento de pedras e outros materiais para construcao e beneficiamento associado,DEMAIS,Rio Largo,12392890000103.0,12392890000103.0,0810-0/99,810099.0,8.0,B,Industria extrativa,Extracao de minerais nao-metalicos,True,False,SIM,NÃO ATENDIDA,True
12398749000380,Diocese De Penedo,Não Indústria,4.Micro,Atividades de organizações religiosas,Migração,True,False,False,SOMENTE SESI,1,,,,,,,,,,,,,,,,,,,False
12407474000131,Construtora Penedo Ltda,Industria,4.Micro,Construção de edifícios,Proposta,False,True,False,SOMENTE SENAI,1,ATIVA,CONSTRUTORA PENEDO LTDA,INDÚSTRIA,Construcao de edificios,DEMAIS,Maceió,,12407474000131.0,4120-4/00,4120400.0,41.0,F,Construcao,Construcao de edificios,True,False,SIM,NÃO ATENDIDA,True
12415313000190,Prime Construcoes E Incorporacoes Ltda,Industria | Indústria,2.Média,Construção de edifícios,Migração | Proposta,True,True,True,SESI + SENAI,2,ATIVA,PRIME CONSTRUCOES E INCORPORACOES LTDA,INDÚSTRIA,Construcao de edificios,DEMAIS,Maceió,12415313000190.0,12415313000190.0,4120-4/00,4120400.0,41.0,F,Construcao,Construcao de edificios,True,False,SIM,NÃO ATENDIDA,True
12423997000171,Up Distribuidora De Produtos Descartaveis Ltda,Não Indústria,2.Média,Comércio atacadista de embalagens,Migração,True,False,False,SOMENTE SESI,1,,,,,,,,,,,,,,,,,,,False
12449880000167,Fundacao Universitaria De Desenv De Extensao E Pesquisa,Nao Industria,2.Média,Pesquisa e desenvolvimento experimental em ciências sociais e humanas,Proposta,False,True,False,SOMENTE SENAI,1,,,,,,,,,,,,,,,,,,,False
12476466000147,Ecopar Engenharia Ltda,Industria,2.Média,Construção de edifícios,Proposta,False,True,False,SOMENTE SENAI,1,ATIVA,ECOPAR ENGENHARIA LTDA,INDÚSTRIA,Construcao de edificios,PEQUENO PORTE,Maceió,,12476466000147.0,4120-4/00,4120400.0,41.0,F,Construcao,Construcao de edificios,True,False,SIM,NÃO ATENDIDA,True
12478095000132,Companhia Acucareira Central Sumauma - Em Recuperacao Judicial,Industria,1.Grande,Fabricação de açúcar em bruto,Proposta,False,True,False,SOMENTE SENAI,1,ATIVA,COMPANHIA ACUCAREIRA CENTRAL SUMAUMA - EM RECUPERACAO JUDICIAL,INDÚSTRIA,Fabricacao de acucar em bruto,DEMAIS,Marechal Deodoro,,12478095000132.0,1071-6/00,1071600.0,10.0,C,Industria de transformacao,Alimentos,True,False,SIM,NÃO ATENDIDA,True
12481800000150,Construtora Lins Irmaos Ltda,Industria,4.Micro,Construção de edifícios,Proposta,False,True,False,SOMENTE SENAI,1,ATIVA,CONSTRUTORA LINS IRMAOS LTDA,INDÚSTRIA,Construcao de edificios,DEMAIS,Maceió,,12481800000150.0,4120-4/00,4120400.0,41.0,F,Construcao,Construcao de edificios,True,False,SIM,NÃO ATENDIDA,True
12489837000125,Camara De Dirigentes Lojistas De Arapiraca,Não Indústria,4.Micro,Atividades de organizações associativas patronais e empresariais,Migração,True,False,False,SOMENTE SESI,1,,,,,,,,,,,,,,,,,,,False
12509238000126,Associacao Beneficente De Palmeira Dos Indios,Não Indústria,2.Média,"Atividades de atendimento hospitalar, exceto pronto-socorro e unidades para atendimento a urgências",Migração,True,False,False,SOMENTE SESI,1,,,,,,,,,,,,,,,,,,,False
12513140000142,Ancora Telecom Ltda,Indústria,3.Pequena,Serviços de comunicação multimídia - SCM,Migração,True,False,False,SOMENTE SESI,1,ATIVA,ANCORA TELECOM LTDA,INDÚSTRIA,Servicos de comunicacao multimidia - scm,PEQUENO PORTE,Marechal Deodoro,12513140000142.0,,6110-8/03,6110803.0,61.0,J,Informacao e comunicacao,Informacao e comunicacao,False,False,NAO,FORA DO ESCOPO SEBRAE,True
12517413000127,Servico De Apoio As M E P Empresas De Alagoas-sebrae-al,Não Indústria,3.Pequena,"Atividades de consultoria em gestão empresarial, exceto consultoria técnica específica",Migração,True,False,False,SOMENTE SESI,1,,,,,,,,,,,,,,,,,,,False
12517413000208,Servico De Apoio As M E P Empresas De Alagoas-sebrae-al,Não Indústria,4.Micro,"Atividades de consultoria em gestão empresarial, exceto consultoria técnica específica",Migração,True,False,False,SOMENTE SESI,1,,,,,,,,,,,,,,,,,,,False
12517413000399,Servico De Apoio As M E P Empresas De Alagoas-sebrae-al,Não Indústria,4.Micro,"Atividades de consultoria em gestão empresarial, exceto consultoria técnica específica",Migração,True,False,False,SOMENTE SESI,1,,,,,,,,,,,,,,,,,,,False
12517413000470,Servico De Apoio As M E P Empresas De Alagoas-sebrae-al,Não Indústria,4.Micro,"Atividades de consultoria em gestão empresarial, exceto consultoria técnica específica",Migração,True,False,False,SOMENTE SESI,1,,,,,,,,,,,,,,,,,,,False
12517553000103,Socitec Sociedade Tecnica Em Esquadrias Ltda,Indústria,3.Pequena,Fabricação de esquadrias de metal,Migração,True,False,False,SOMENTE SESI,1,ATIVA,SOCITEC SOCIEDADE TECNICA EM ESQUADRIAS LTDA,INDÚSTRIA,Fabricacao de esquadrias de metal,PEQUENO PORTE,Maceió,12517553000103.0,,2512-8/00,2512800.0,25.0,C,Industria de transformacao,Produtos de metal (exceto maquinas),True,False,SIM,NÃO ATENDIDA,True
12542999000180,Santa Casa De Misericordia De Penedo,Não Indústria,2.Média,"Atividades de atendimento hospitalar, exceto pronto-socorro e unidades para atendimento a urgências",Migração,True,False,False,SOMENTE SESI,1,,,,,,,,,,,,,,,,,,,False
12621462000105,Associacao Das Empresas Do Distrito Industrial Governador Luiz Cavalcante,Não Indústria,4.Micro,Atividades de associações de defesa de direitos sociais,Migração,True,False,False,SOMENTE SESI,1,,,,,,,,,,,,,,,,,,,False
12633133000184,Sulcar Lanternagem E Pintura Ltda,Indústria,4.Micro,Serviços de lanternagem ou funilaria e pintura de veículos automotores,Proposta,True,False,False,SOMENTE SESI,1,ATIVA,SULCAR LANTERNAGEM E PINTURA LTDA,INDÚSTRIA,Servicos de lanternagem ou funilaria e pintura de veiculos automotores,MICRO EMPRESA,Maceió,12633133000184.0,,4520-0/02,4520002.0,45.0,G,Comercio e reparacao de veiculos,Comercio e reparacao de veiculos,False,False,NAO,FORA DO ESCOPO SEBRAE,True
12634325000105,Concretec Industria E Comercio De Pre-moldados Ltda,Industria | Indústria,3.Pequena,"Fabricação de outros artefatos e produtos de concreto, cimento, fibrocimento, gesso e materiais semelhantes",Proposta,True,True,True,SESI + SENAI,2,ATIVA,CONCRETEC INDUSTRIA E COMERCIO DE PRE-MOLDADOS LTDA,INDÚSTRIA,"Fabricacao de outros artefatos e produtos de concreto, cimento, fibrocimento, gesso e materiais semelhantes",PEQUENO PORTE,Maceió,12634325000105.0,12634325000105.0,2330-3/99,2330399.0,23.0,C,Industria de transformacao,Produtos de minerais nao-metalicos,True,False,SIM,NÃO ATENDIDA,True
12683326000140,Hotel Brisa Suites Ltda,Não Indústria,2.Média,Hotéis,Proposta,True,False,False,SOMENTE SESI,1,,,,,,,,,,,,,,,,,,,False
12712261000113,Elba Brito Valenca,Não Indústria,4.Micro,Ensino fundamental,Proposta,True,False,False,SOMENTE SESI,1,,,,,,,,,,,,,,,,,,,False
12718011000190,Central Acucareira Santo Antonio S A,Industria | Indústria,1.Grande,Fabricação de açúcar em bruto,Migração | Proposta,True,True,True,SESI + SENAI,2,ATIVA,CENTRAL ACUCAREIRA SANTO ANTONIO S A,INDÚSTRIA,Fabricacao de acucar em bruto,DEMAIS,São Luís do Quitunde,12718011000190.0,12718011000190.0,1071-6/00,1071600.0,10.0,C,Industria de transformacao,Alimentos,True,False,SIM,NÃO ATENDIDA,True
12718011001081,Central Acucareira Santo Antonio S A,Indústria,1.Grande,Fabricação de açúcar em bruto,Proposta,True,False,False,SOMENTE SESI,1,ATIVA,CENTRAL ACUCAREIRA SANTO ANTONIO S A,INDÚSTRIA,Fabricacao de acucar em bruto,DEMAIS,Matriz de Camaragibe,12718011001081.0,,1071-6/00,1071600.0,10.0,C,Industria de transformacao,Alimentos,True,False,SIM,NÃO ATENDIDA,True
12733937000155,Triunfo Agroindustrial Ltda Em Recuperacao Judicial,Indústria,2.Média,Fabricação de açúcar em bruto,Proposta,True,False,False,SOMENTE SESI,1,ATIVA,TRIUNFO AGROINDUSTRIAL LTDA EM RECUPERACAO JUDICIAL,INDÚSTRIA,Fabricacao de acucar em bruto,DEMAIS,Boca da Mata,12733937000155.0,,1071-6/00,1071600.0,10.0,C,Industria de transformacao,Alimentos,True,False,SIM,NÃO ATENDIDA,True
12737680000100,Santa Casa De Misericordia De Sao Miguel Dos Campos,Não Indústria,1.Grande,"Atividades de atendimento hospitalar, exceto pronto-socorro e unidades para atendimento a urgências",Proposta,True,False,False,SOMENTE SESI,1,,,,,,,,,,,,,,,,,,,False
12771703000100,Givanilson Da Silva Menezes,Industria | Indústria,4.Micro,Fabricação de móveis com predominância de madeira,Proposta,True,True,True,SESI + SENAI,2,ATIVA,GIVANILSON DA SILVA MENEZES,INDÚSTRIA,Fabricacao de moveis com predominancia de madeira,MICRO EMPRESA,Maceió,12771703000100.0,12771703000100.0,3101-2/00,3101200.0,31.0,C,Industria de transformacao,Moveis,True,False,SIM,NÃO ATENDIDA,True
12805698000100,Francisco De Assis Soares Alcantara,Não Indústria,4.Micro,Comércio varejista de artigos do vestuário e acessórios,Migração,True,False,False,SOMENTE SESI,1,,,,,,,,,,,,,,,,,,,False
12835997000189,Panificadora E Lanchonete Primor Ltda,Industria | Indústria,4.Micro,FABRICAÇÃO DE PRODUTOS DE PANIFICAÇÃO INDUSTRIAL,Migração | Proposta,True,True,True,SESI + SENAI,2,ATIVA,PANIFICADORA E LANCHONETE PRIMOR LTDA,INDÚSTRIA,Fabricacao de produtos de padaria e confeitaria com predominancia de producao propria,MICRO EMPRESA,Arapiraca,12835997000189.0,12835997000189.0,1091-1/02,1091102.0,10.0,C,Industria de transformacao,Alimentos,True,False,SIM,NÃO ATENDIDA,True
12841003000137,Ste Instalacoes Eletricas Montagens E Manutencao Ltda,Industria,4.Micro,Instalação e manutenção elétrica,Proposta,False,True,False,SOMENTE SENAI,1,ATIVA,STE INSTALACOES ELETRICAS MONTAGENS E MANUTENCAO LTDA,INDÚSTRIA,Instalacao e manutencao eletrica,MICRO EMPRESA,Maceió,,12841003000137.0,4321-5/00,4321500.0,43.0,F,Construcao,Servicos especializados para construcao,True,False,SIM,NÃO ATENDIDA,True
12847606000146,Megaplast Industria E Comercio De Plastico Ltda,Indústria,4.Micro,Fabricação de artefatos de material plástico para uso pessoal e doméstico,Migração,True,False,False,SOMENTE SESI,1,ATIVA,MEGAPLAST INDUSTRIA E COMERCIO DE PLASTICO LTDA,INDÚSTRIA,Fabricacao de artefatos de material plastico para uso pessoal e domestico,PEQUENO PORTE,Maceió,12847606000146.0,,2229-3/01,2229301.0,22.0,C,Industria de transformacao,Borracha e material plastico,True,False,SIM,NÃO ATENDIDA,True
12945994000106,Construart Ltda,Industria,3.Pequena,Construção de edifícios,Proposta,False,True,False,SOMENTE SENAI,1,ATIVA,CONSTRUART LTDA,INDÚSTRIA,Construcao de edificios,DEMAIS,Maceió,12945994000106.0,12945994000106.0,4120-4/00,4120400.0,41.0,F,Construcao,Construcao de edificios,True,False,SIM,NÃO ATENDIDA,True
12952537000130,Six Propaganda Ltda,Não Indústria,4.Micro,Agências de publicidade,Proposta,True,False,False,SOMENTE SESI,1,,,,,,,,,,,,,,,,,,,False
12954202000151,Associacao Dos Empregados Do Sesi Senai Fiea E Iel,Não Indústria,4.Micro,"Clubes sociais, esportivos e similares",Migração,True,False,False,SOMENTE SESI,1,,,,,,,,,,,,,,,,,,,False
12962817000120,V. L. Da Silva Boutique Ltda,Não Indústria,4.Micro,Comércio varejista de artigos do vestuário e acessórios,Migração,True,False,False,SOMENTE SESI,1,,,,,,,,,,,,,,,,,,,False
12970570000193,Inap - Industria Alimenticia Popular Ltda,Indústria,2.Média,Fabricação de conservas de frutas,Migração,True,False,False,SOMENTE SESI,1,ATIVA,INAP - INDUSTRIA ALIMENTICIA POPULAR LTDA,INDÚSTRIA,Fabricacao de conservas de frutas,DEMAIS,Limoeiro de Anadia,12970570000193.0,,1031-7/00,1031700.0,10.0,C,Industria de transformacao,Alimentos,True,False,SIM,NÃO ATENDIDA,True
12974281000162,Rodogranel Logistica E Servicos Ltda,Não Indústria,4.Micro,"Transporte rodoviário de carga, exceto produtos perigosos e mudanças, intermunicipal, interestadual e internacional",Migração,True,False,False,SOMENTE SESI,1,,,,,,,,,,,,,,,,,,,False
13009550000113,Irmaos Britto Representacoes E Comercio Ltda,Não Indústria,4.Micro,Operações de terminais,Migração,True,False,False,SOMENTE SESI,1,,,,,,,,,,,,,,,,,,,False
13009550000547,Irmaos Britto Representacoes E Comercio Ltda,Não Indústria,3.Pequena,Operações de terminais,Migração,True,False,False,SOMENTE SESI,1,,,,,,,,,,,,,,,,,,,False
13055903000111,Yellow Kite Propaganda E Publicidade Ltda,Não Indústria,3.Pequena,Agências de publicidade,Migração,True,False,False,SOMENTE SESI,1,,,,,,,,,,,,,,,,,,,False
13059313000167,Rm Industria E Comercio Ltda,Industria,4.Micro,"Fabricação de estruturas pré-moldadas de concreto armado, em série e sob encomenda",Proposta,False,True,False,SOMENTE SENAI,1,ATIVA,RM INDUSTRIA E COMERCIO LTDA,INDÚSTRIA,"Fabricacao de estruturas pre moldadas de concreto armado, em serie e sob encomenda",PEQUENO PORTE,Arapiraca,,13059313000167.0,2330-3/01,2330301.0,23.0,C,Industria de transformacao,Produtos de minerais nao-metalicos,True,False,SIM,NÃO ATENDIDA,True
13096105000138,M A Da Silva & Cia Ltda,Não Indústria,4.Micro,Atividades de contabilidade,Migração,True,False,False,SOMENTE SESI,1,,,,,,,,,,,,,,,,,,,False
13154151000227,Frigovale Do Guapore Com. E Ind. De Carnes Ltda,Indústria,2.Média,Frigorífico - abate de bovinos,Migração,True,False,False,SOMENTE SESI,1,ATIVA,FRIGOVALE DO GUAPORE COM. E IND. DE CARNES LTDA,INDÚSTRIA,Frigorifico - abate de bovinos,DEMAIS,Arapiraca,13154151000227.0,,1011-2/01,1011201.0,10.0,C,Industria de transformacao,Alimentos,True,False,SIM,NÃO ATENDIDA,True
13158812000101,I G Da Silva  Ltda,Não Indústria,4.Micro,Atividades de cobrança e informações cadastrais,Migração,True,False,False,SOMENTE SESI,1,,,,,,,,,,,,,,,,,,,False
13256673000159,Smartway Comercio E Servicos Ltda,Indústria,4.Micro,Impressão de material para outros usos,Proposta,True,False,False,SOMENTE SESI,1,,,,,,,,,,,,,,,,,,,False
13328046000186,Comercial Lavinia Ltda,Não Indústria,4.Micro,Comércio varejista de ferragens e ferramentas,Migração,True,False,False,SOMENTE SESI,1,,,,,,,,,,,,,,,,,,,False
13342753000127,Mineracao Barreto Sa,Indústria,2.Média,"Extração de minerais para fabricação de adubos, fertilizantes e outros produtos químicos",Migração,True,False,False,SOMENTE SESI,1,ATIVA,MINERACAO BARRETO SA,INDÚSTRIA,"Extracao de minerais para fabricacao de adubos, fertilizantes e outros produtos quimicos",DEMAIS,Arapiraca,13342753000127.0,13342753000127.0,0891-6/00,891600.0,8.0,B,Industria extrativa,Extracao de minerais nao-metalicos,True,False,SIM,NÃO ATENDIDA,True
13342753000399,Mineracao Barreto Sa,Indústria,4.Micro,"Extração de minerais para fabricação de adubos, fertilizantes e outros produtos químicos",Migração,True,False,False,SOMENTE SESI,1,ATIVA,MINERACAO BARRETO SA,INDÚSTRIA,"Extracao de minerais para fabricacao de adubos, fertilizantes e outros produtos quimicos",DEMAIS,Jaramataia,13342753000399.0,,0891-6/00,891600.0,8.0,B,Industria extrativa,Extracao de minerais nao-metalicos,True,False,SIM,NÃO ATENDIDA,True
13342753000470,Mineracao Barreto Sa,Indústria,3.Pequena,"Extração de minerais para fabricação de adubos, fertilizantes e outros produtos químicos",Migração,True,False,False,SOMENTE SESI,1,ATIVA,MINERACAO BARRETO SA,INDÚSTRIA,"Extracao de minerais para fabricacao de adubos, fertilizantes e outros produtos quimicos",DEMAIS,Belo Monte,13342753000470.0,13342753000470.0,0891-6/00,891600.0,8.0,B,Industria extrativa,Extracao de minerais nao-metalicos,True,False,SIM,NÃO ATENDIDA,True
13363936000129,Damasceno Ferreira E Silva Comercio De Vidros E Forro Ltda,Indústria,4.Micro,Fabricação de esquadrias de metal,Migração,True,False,False,SOMENTE SESI,1,ATIVA,DAMASCENO FERREIRA E SILVA COMERCIO DE VIDROS E FORRO LTDA,INDÚSTRIA,Fabricacao de esquadrias de metal,PEQUENO PORTE,Marechal Deodoro,13363936000129.0,,2512-8/00,2512800.0,25.0,C,Industria de transformacao,Produtos de metal (exceto maquinas),True,False,SIM,NÃO ATENDIDA,True
13551835000181,Valkyria De Barros Rocha Ltda,Não Indústria,4.Micro,"Lanchonetes, casas de chá, de sucos e similares",Migração,True,False,False,SOMENTE SESI,1,,,,,,,,,,,,,,,,,,,False
13591329000116,Duppla Construcoes Ltda,Industria,3.Pequena,Construção de edifícios,Proposta,False,True,False,SOMENTE SENAI,1,ATIVA,DUPPLA CONSTRUCOES LTDA,INDÚSTRIA,Construcao de edificios,DEMAIS,Maceió,,13591329000116.0,4120-4/00,4120400.0,41.0,F,Construcao,Construcao de edificios,True,False,SIM,NÃO ATENDIDA,True
13598663000100,P C Araujo Ltda,Não Indústria,3.Pequena,Restaurantes e similares,Migração,True,False,False,SOMENTE SESI,1,,,,,,,,,,,,,,,,,,,False
13625508000127,T . M . Do Nascimento Morais,Não Indústria,4.Micro,Comércio varejista de artigos do vestuário e acessórios,Migração,True,False,False,SOMENTE SESI,1,,,,,,,,,,,,,,,,,,,False
13647785000130,"Ivc - Alimentos, Bebidas E Logistica Ltda",Indústria,3.Pequena,Fabricação de vinagres,Migração,True,False,False,SOMENTE SESI,1,ATIVA,"IVC - ALIMENTOS, BEBIDAS E LOGISTICA LTDA",INDÚSTRIA,Fabricacao de vinagres,DEMAIS,Arapiraca,13647785000130.0,,1099-6/01,1099601.0,10.0,C,Industria de transformacao,Alimentos,True,False,SIM,NÃO ATENDIDA,True
13711720000379,Clodax Reciclagem Ltda,Industria,4.Micro,Recuperação de materiais plásticos,Proposta,False,True,False,SOMENTE SENAI,1,ATIVA,CLODAX RECICLAGEM LTDA,INDÚSTRIA,Recuperacao de materiais plasticos,DEMAIS,Maceió,,13711720000379.0,3832-7/00,3832700.0,38.0,E,"Agua, esgoto e residuos",Coleta e tratamento de residuos,True,False,SIM,NÃO ATENDIDA,True
13743821000160,J J Balbino Da Silva  Ltda,Indústria,4.Micro,Instalação e manutenção elétrica,Migração,True,False,False,SOMENTE SESI,1,,,,,,,,,,,,,,,,,,,False
13748815000103,Totem Infraestrutura E Construcao Civil Ltda,Industria,4.Micro,Construção de rodovias e ferrovias,Proposta,False,True,False,SOMENTE SENAI,1,ATIVA,TOTEM INFRAESTRUTURA E CONSTRUCAO CIVIL LTDA,INDÚSTRIA,Construcao de rodovias e ferrovias,PEQUENO PORTE,Maceió,,13748815000103.0,4211-1/01,4211101.0,42.0,F,Construcao,Obras de infraestrutura,True,False,SIM,NÃO ATENDIDA,True
13805556000105,Esquadrias Servicos Ltda,Indústria,4.Micro,Fabricação de esquadrias de metal,Migração,True,False,False,SOMENTE SESI,1,ATIVA,ESQUADRIAS SERVICOS LTDA,INDÚSTRIA,Fabricacao de esquadrias de metal,MICRO EMPRESA,Maceió,13805556000105.0,,2512-8/00,2512800.0,25.0,C,Industria de transformacao,Produtos de metal (exceto maquinas),True,False,SIM,NÃO ATENDIDA,True
13808130000288,Bioflex Agroindustrial S.a.,Indústria,3.Pequena,Fabricação de álcool,Migração,True,False,False,SOMENTE SESI,1,ATIVA,BIOFLEX AGROINDUSTRIAL S.A.,INDÚSTRIA,Fabricacao de alcool,DEMAIS,São Miguel dos Campos,13808130000288.0,,1931-4/00,1931400.0,19.0,C,Industria de transformacao,"Coque, derivados de petroleo e biocombustiveis",True,False,SIM,NÃO ATENDIDA,True
13898154000194,Industrial Madeiras Do Brasil Ltda,Industria | Indústria,3.Pequena,Fabricação de esquadrias de madeira e de peças de madeira para instalações industriais e comerciais,Migração | Proposta,True,True,True,SESI + SENAI,2,ATIVA,INDUSTRIAL MADEIRAS DO BRASIL LTDA,INDÚSTRIA,Fabricacao de esquadrias de madeira e de pecas de madeira para instalacoes industriais e comerciais,DEMAIS,Maceió,13898154000194.0,13898154000194.0,1622-6/02,1622602.0,16.0,C,Industria de transformacao,Produtos de madeira,True,False,SIM,NÃO ATENDIDA,True
13930232000190,Pandurata Logistica Ltda,Não Indústria,2.Média,"Transporte rodoviário de carga, exceto produtos perigosos e mudanças, intermunicipal, interestadual e internacional",Proposta,True,False,False,SOMENTE SESI,1,,,,,,,,,,,,,,,,,,,False
13982530000124,Hotel Lua Cheia Ltda,Não Indústria,4.Micro,Outros alojamentos não especificados anteriormente,Migração,True,False,False,SOMENTE SESI,1,,,,,,,,,,,,,,,,,,,False
14085471000154,M C Aquino,Não Indústria,4.Micro,Comércio varejista de medicamentos veterinários,Migração,True,False,False,SOMENTE SESI,1,,,,,,,,,,,,,,,,,,,False
14101244000175,F M Da Silva Oliveira Ltda,Não Indústria,4.Micro,Comercio varejista de artigos de armarinho,Migração,True,False,False,SOMENTE SESI,1,,,,,,,,,,,,,,,,,,,False
14101244000256,F M Da Silva Oliveira Ltda,Não Indústria,4.Micro,Comercio varejista de artigos de armarinho,Migração,True,False,False,SOMENTE SESI,1,,,,,,,,,,,,,,,,,,,False
14101244000337,F M Da Silva Oliveira Ltda,Não Indústria,4.Micro,Comercio varejista de artigos de armarinho,Migração,True,False,False,SOMENTE SESI,1,,,,,,,,,,,,,,,,,,,False
14179637000100,Gisele Ferreira Dos Anjos,Não Indústria,4.Micro,"Comércio varejista de mercadorias em geral, com predominância de produtos alimentícios - minimercados, mercearias e armazéns",Migração,True,False,False,SOMENTE SESI,1,,,,,,,,,,,,,,,,,,,False
14313789000145,Mcz Express Service Ltda,Nao Industria,3.Pequena,"Transporte rodoviário de carga, exceto produtos perigosos e mudanças, intermunicipal, interestadual e internacional",Proposta,False,True,False,SOMENTE SENAI,1,,,,,,,,,,,,,,,,,,,False
14377141000132,Valderley Silva De Oliveira,Não Indústria,4.Micro,Comércio varejista de outros produtos não especificados anteriormente,Migração,True,False,False,SOMENTE SESI,1,,,,,,,,,,,,,,,,,,,False
14417251000180,Plasticos Maceio Industria E Comercio Ltda,Indústria,3.Pequena,Fabricação de embalagens de material plástico,Migração,True,False,False,SOMENTE SESI,1,ATIVA,PLASTICOS MACEIO INDUSTRIA E COMERCIO LTDA,INDÚSTRIA,Fabricacao de embalagens de material plastico,DEMAIS,Maceió,14417251000180.0,,2222-6/00,2222600.0,22.0,C,Industria de transformacao,Borracha e material plastico,True,False,SIM,NÃO ATENDIDA,True
14458115000139,Alexandre Dos Santos Freitas 00250873630,Nao Industria,4.Micro,Promoção de vendas,Proposta,False,True,False,SOMENTE SENAI,1,,,,,,,,,,,,,,,,,,,False
14519421000138,A C Tavares,Industria,4.Micro,Fabricação de chapas e de embalagens de papelão ondulado,Proposta,False,True,False,SOMENTE SENAI,1,ATIVA,A C TAVARES,INDÚSTRIA,Fabricacao de chapas e de embalagens de papelao ondulado,MICRO EMPRESA,Maceió,,14519421000138.0,1733-8/00,1733800.0,17.0,C,Industria de transformacao,"Celulose, papel e produtos de papel",True,False,SIM,NÃO ATENDIDA,True
14554855000179,Unica Engenharia E Empreendimentos Imobiliarios Ltda,Industria,2.Média,Construção de edifícios,Proposta,False,True,False,SOMENTE SENAI,1,ATIVA,UNICA ENGENHARIA E EMPREENDIMENTOS IMOBILIARIOS LTDA,INDÚSTRIA,Construcao de edificios,DEMAIS,Maceió,,14554855000179.0,4120-4/00,4120400.0,41.0,F,Construcao,Construcao de edificios,True,False,SIM,NÃO ATENDIDA,True
14613816000103,J L F F Construcoes E Servicos Ltda,Indústria,4.Micro,Construção de instalações esportivas e recreativas,Migração,True,False,False,SOMENTE SESI,1,,,,,,,,,,,,,,,,,,,False
14658598000115,Alerta Seguranca Do Trabalho Ltda,Nao Industria,4.Micro,Treinamento em desenvolvimento profissional e gerencial,Proposta,False,True,False,SOMENTE SENAI,1,,,,,,,,,,,,,,,,,,,False
14755547000101,Parmegianno Pajucara Restaurante Ltda,Não Indústria,3.Pequena,Restaurantes e similares,Migração,True,False,False,SOMENTE SESI,1,,,,,,,,,,,,,,,,,,,False
14783509000324,E. D. Servicos De Comunicacoes Ltda.,Indústria,3.Pequena,Provedores de acesso às redes de comunicações,Migração,True,False,False,SOMENTE SESI,1,ATIVA,E. D. SERVICOS DE COMUNICACOES LTDA.,INDÚSTRIA,Provedores de acesso as redes de comunicacoes,PEQUENO PORTE,Arapiraca,14783509000324.0,,6190-6/01,6190601.0,61.0,J,Informacao e comunicacao,Informacao e comunicacao,False,False,NAO,FORA DO ESCOPO SEBRAE,True
14793555000142,Cooperativa Dos Agricultores Qualificados -coopaq,Não Indústria,3.Pequena,Atividades de apoio à agricultura não especificadas anteriormente,Migração,True,False,False,SOMENTE SESI,1,,,,,,,,,,,,,,,,,,,False
14798740000120,Acessoline Telecomunicacoes Ltda,Indústria,2.Média,Serviços de comunicação multimídia - SCM,Proposta,True,False,False,SOMENTE SESI,1,,,,,,,,,,,,,,,,,,,False
14840869000159,Lima E Carvalho Ltda,Não Indústria,3.Pequena,Gestão e administração da propriedade imobiliária,Migração,True,False,False,SOMENTE SESI,1,,,,,,,,,,,,,,,,,,,False
14871050000159,Tecpecas De Alagoas Ltda,Indústria,4.Micro,Instalação de máquinas e equipamentos industriais,Migração,True,False,False,SOMENTE SESI,1,ATIVA,TECPECAS DE ALAGOAS LTDA,INDÚSTRIA,Instalacao de maquinas e equipamentos industriais,PEQUENO PORTE,Maceió,14871050000159.0,,3321-0/00,3321000.0,33.0,C,Industria de transformacao,"Manutencao, reparacao e instalacao de maquinas",True,False,SIM,NÃO ATENDIDA,True
14891051000165,Rv Hoteis Ltda,Não Indústria,3.Pequena,Hotéis,Migração,True,False,False,SOMENTE SESI,1,,,,,,,,,,,,,,,,,,,False
14951706000143,Associacao Dos Moradores E Proprietarios De Lotes Do Loteamento Residencial Altaville Residence,Não Indústria,4.Micro,Atividades associativas não especificadas anteriormente,Migração,True,False,False,SOMENTE SESI,1,,,,,,,,,,,,,,,,,,,False
15081543000158,Santa Fe Empreendimentos Imobiliarios E Participacoes Ltda,Não Indústria,4.Micro,Aluguel de imóveis próprios,Migração,True,False,False,SOMENTE SESI,1,,,,,,,,,,,,,,,,,,,False
15113214000141,Comercial Lambu Materiais Hidraulicos Ltda,Não Indústria,4.Micro,Comércio varejista de materiais hidráulicos,Migração,True,False,False,SOMENTE SESI,1,,,,,,,,,,,,,,,,,,,False
15126451001623,Perbras Empresa Brasileira De Perfuracoes Ltda,Indústria,3.Pequena,Atividades de apoio à extração de petróleo e gás natural,Proposta,True,False,False,SOMENTE SESI,1,ATIVA,PERBRAS EMPRESA BRASILEIRA DE PERFURACOES LTDA,INDÚSTRIA,Atividades de apoio a extracao de petroleo e gas natural,DEMAIS,Pilar,15126451001623.0,,0910-6/00,910600.0,9.0,B,Industria extrativa,Atividades de apoio a extracao de minerais,True,False,SIM,NÃO ATENDIDA,True
15222018000105,Jr Da Silva Calhas,Indústria,4.Micro,Produção de artefatos estampados de metal,Migração,True,False,False,SOMENTE SESI,1,ATIVA,JR DA SILVA CALHAS,INDÚSTRIA,Producao de artefatos estampados de metal,MICRO EMPRESA,Arapiraca,15222018000105.0,,2532-2/01,2532201.0,25.0,C,Industria de transformacao,Produtos de metal (exceto maquinas),True,False,SIM,NÃO ATENDIDA,True
15267811000120,"Comercial Graciliano, Confeccoes E Sinalizacao Ltda",Industria | Indústria,4.Micro,Impressão de material para uso publicitário,Proposta,True,True,True,SESI + SENAI,2,ATIVA,"COMERCIAL GRACILIANO, CONFECCOES E SINALIZACAO LTDA",INDÚSTRIA,Impressao de material para uso publicitario,MICRO EMPRESA,Maceió,15267811000120.0,15267811000120.0,1813-0/01,1813001.0,18.0,C,Industria de transformacao,Impressao e reproducao de gravacoes,True,False,SIM,NÃO ATENDIDA,True
15369322000180,"Secretaria Municipal De Desenvolvimento Social, Primeira Infancia E Seguranca Alimentar ( Semdes ) )",Nao Industria,2.Média,Administração pública em geral,Migração,False,True,False,SOMENTE SENAI,1,,,,,,,,,,,,,,,,,,,False
15392907000110,Super Connect Telecom Ltda,Indústria,4.Micro,Provedores de acesso às redes de comunicações,Proposta,True,False,False,SOMENTE SESI,1,ATIVA,SUPER CONNECT TELECOM LTDA,INDÚSTRIA,Provedores de acesso as redes de comunicacoes,PEQUENO PORTE,Olho d'Água das Flores,15392907000110.0,,6190-6/01,6190601.0,61.0,J,Informacao e comunicacao,Informacao e comunicacao,False,False,NAO,FORA DO ESCOPO SEBRAE,True
15401489000180,Agreste Saneamento S.a.,Indústria,3.Pequena,"Captação, tratamento e distribuição de água",Proposta,True,False,False,SOMENTE SESI,1,ATIVA,AGRESTE SANEAMENTO S.A.,INDÚSTRIA,"Captacao, tratamento e distribuicao de agua",DEMAIS,Arapiraca,15401489000180.0,15401489000180.0,3600-6/01,3600601.0,36.0,E,"Agua, esgoto e residuos","Captacao, tratamento e distribuicao de agua",True,False,NAO,FORA DO ESCOPO SEBRAE,True
15580519000163,Ferreira Empreendimentos Turisticos Ltda,Não Indústria,4.Micro,Hotéis,Migração,True,False,False,SOMENTE SESI,1,,,,,,,,,,,,,,,,,,,False
15581636000303,Ciano Solucoes Ambientais Ltda,Indústria,2.Média,Coleta de resíduos não-perigosos,Proposta,True,False,False,SOMENTE SESI,1,ATIVA,CIANO SOLUCOES AMBIENTAIS LTDA,INDÚSTRIA,Coleta de residuos nao perigosos,DEMAIS,Arapiraca,15581636000303.0,,3811-4/00,3811400.0,38.0,E,"Agua, esgoto e residuos",Coleta e tratamento de residuos,True,False,NAO,FORA DO ESCOPO SEBRAE,True
15590007000188,E M Empreendimentos Imobiliarios Ltda,Industria,2.Média,Construção de edifícios,Proposta,False,True,False,SOMENTE SENAI,1,ATIVA,E M EMPREENDIMENTOS IMOBILIARIOS LTDA,INDÚSTRIA,Construcao de edificios,DEMAIS,Maceió,,15590007000188.0,4120-4/00,4120400.0,41.0,F,Construcao,Construcao de edificios,True,False,SIM,NÃO ATENDIDA,True
15613922000141,Java Sorvetes Ltda,Não Indústria,4.Micro,Serviços combinados de escritório e apoio administrativo,Migração,True,False,False,SOMENTE SESI,1,,,,,,,,,,,,,,,,,,,False
15613922000222,Java Industria De Sorvetes Ltda,Não Indústria,4.Micro,"Lanchonetes, casas de chá, de sucos e similares",Migração,True,False,False,SOMENTE SESI,1,,,,,,,,,,,,,,,,,,,False
15614253000122,J. De Almeida Silva,Não Indústria,4.Micro,"Transporte rodoviário coletivo de passageiros, com itinerário fixo, intermunicipal em região metropolitana",Migração,True,False,False,SOMENTE SESI,1,,,,,,,,,,,,,,,,,,,False
15658194000194,Rp2 Comercio De Pecas E Servicos Ltda,Indústria,4.Micro,"Instalação e manutenção de sistemas centrais de ar condicionado, de ventilação e refrigeração",Migração,True,False,False,SOMENTE SESI,1,ATIVA,RP2 COMERCIO DE PECAS E SERVICOS LTDA,INDÚSTRIA,"Instalacao e manutencao de sistemas centrais de ar condicionado, de ventilacao e refrigeracao",MICRO EMPRESA,Maceió,15658194000194.0,,4322-3/02,4322302.0,43.0,F,Construcao,Servicos especializados para construcao,True,False,SIM,NÃO ATENDIDA,True
15738728000192,R. Da Silva Material De Construcoes E Premoldados,Não Indústria,4.Micro,Comércio varejista de materiais de construção em geral,Migração,True,False,False,SOMENTE SESI,1,,,,,,,,,,,,,,,,,,,False
15786418000143,Cpm Industria De Bebidas Ltda,Industria | Indústria,4.Micro,Fabricação de cervejas e chopes,Migração | Proposta,True,True,True,SESI + SENAI,2,ATIVA,CPM INDUSTRIA DE BEBIDAS LTDA,INDÚSTRIA,Fabricacao de cervejas e chopes,PEQUENO PORTE,Maceió,15786418000143.0,15786418000143.0,1113-5/02,1113502.0,11.0,C,Industria de transformacao,Bebidas,True,False,SIM,NÃO ATENDIDA,True
15786439000169,Lemon Industrial Ltda,Indústria,4.Micro,"Confecção de roupas profissionais, exceto sob medida",Migração,True,False,False,SOMENTE SESI,1,ATIVA,LEMON INDUSTRIAL LTDA,INDÚSTRIA,"Confeccao de roupas profissionais, exceto sob medida",PEQUENO PORTE,Maceió,15786439000169.0,,1413-4/01,1413401.0,14.0,C,Industria de transformacao,Confeccao de vestuario e acessorios,True,False,SIM,NÃO ATENDIDA,True
15862219000177,Reato Nucleo De Reabilitacao Ltda,Não Indústria,3.Pequena,Atividades de terapia ocupacional,Migração,True,False,False,SOMENTE SESI,1,,,,,,,,,,,,,,,,,,,False
16527159000107,E. R. Da Costa Silva Mercadinho,Não Indústria,4.Micro,"Comércio varejista de mercadorias em geral, com predominância de produtos alimentícios - minimercados, mercearias e armazéns",Migração,True,False,False,SOMENTE SESI,1,,,,,,,,,,,,,,,,,,,False
16599987000142,Applus Qualitec Servicos De Engenharia Ltda,Industria | Indústria,4.Micro,Serviços de engenharia,Proposta,True,True,True,SESI + SENAI,2,,,,,,,,,,,,,,,,,,,False
16682715000101,Atalaia Mineracao Industria E Comercio Ltda,Industria,3.Pequena,Extração e britamento de pedras e outros materiais para construção e beneficiamento associado,Migração,False,True,False,SOMENTE SENAI,1,ATIVA,ATALAIA MINERACAO INDUSTRIA E COMERCIO LTDA,INDÚSTRIA,Extracao e britamento de pedras e outros materiais para construcao e beneficiamento associado,DEMAIS,Atalaia,,16682715000101.0,0810-0/99,810099.0,8.0,B,Industria extrativa,Extracao de minerais nao-metalicos,True,False,SIM,NÃO ATENDIDA,True
16691563000103,G . Do Amaral Lima Correspondente,Não Indústria,4.Micro,Atividades de cobrança e informações cadastrais,Migração,True,False,False,SOMENTE SESI,1,,,,,,,,,,,,,,,,,,,False
16753841000100,Pousada Vicenza Ltda,Não Indústria,4.Micro,Outros alojamentos não especificados anteriormente,Migração,True,False,False,SOMENTE SESI,1,,,,,,,,,,,,,,,,,,,False
16798006000196,Condominio Do Edificio Residencial Catole,Não Indústria,4.Micro,Condomínios prediais,Migração,True,False,False,SOMENTE SESI,1,,,,,,,,,,,,,,,,,,,False
16811100000138,M A De Magalhaes Confeccoes,Indústria,4.Micro,"Confecção de peças do vestuário, exceto roupas íntimas e as confeccionadas sob medida",Migração,True,False,False,SOMENTE SESI,1,ATIVA,BELINHA MODAS LTDA,INDÚSTRIA,"Confeccao de pecas de vestuario, exceto roupas intimas e as confeccionadas sob medida",MICRO EMPRESA,Palmeira dos Índios,16811100000138.0,,1412-6/01,1412601.0,14.0,C,Industria de transformacao,Confeccao de vestuario e acessorios,True,False,SIM,NÃO ATENDIDA,True
16819228000148,Mandala Promocao E Marketing Ltda,Nao Industria,4.Micro,Marketing direto,Migração,False,True,False,SOMENTE SENAI,1,,,,,,,,,,,,,,,,,,,False
16821729000169,Ronaldo Costa Barroca,Não Indústria,4.Micro,"Criação de aves, exceto galináceos",Migração,True,False,False,SOMENTE SESI,1,,,,,,,,,,,,,,,,,,,False
16912703000126,Aco Lider Ltda,Não Indústria,3.Pequena,Comércio atacadista de ferragens e ferramentas,Proposta,True,False,False,SOMENTE SESI,1,,,,,,,,,,,,,,,,,,,False
16925721000142,Togni  & Togni - Participacoes E Empreendimentos Ltda,Nao Industria,3.Pequena,Holdings de instituições não-financeiras,Migração,False,True,False,SOMENTE SENAI,1,,,,,,,,,,,,,,,,,,,False
16941986000134,H B Alimentos Ltda,Nao Industria,4.Micro,"Lanchonetes, casas de chá, de sucos e similares",Proposta,False,True,False,SOMENTE SENAI,1,,,,,,,,,,,,,,,,,,,False
16941986000215,H B Alimentos Ltda,Nao Industria,4.Micro,"Lanchonetes, casas de chá, de sucos e similares",Proposta,False,True,False,SOMENTE SENAI,1,,,,,,,,,,,,,,,,,,,False
16941986000568,H B Alimentos Ltda,Nao Industria,4.Micro,"Lanchonetes, casas de chá, de sucos e similares",Proposta,False,True,False,SOMENTE SENAI,1,,,,,,,,,,,,,,,,,,,False
16941986000720,H B Alimentos Ltda,Nao Industria,4.Micro,"Lanchonetes, casas de chá, de sucos e similares",Proposta,False,True,False,SOMENTE SENAI,1,,,,,,,,,,,,,,,,,,,False
16941986000991,H B Alimentos Ltda,Nao Industria,4.Micro,"Lanchonetes, casas de chá, de sucos e similares",Proposta,False,True,False,SOMENTE SENAI,1,,,,,,,,,,,,,,,,,,,False
16941986001106,H B Alimentos Ltda,Nao Industria,3.Pequena,"Lanchonetes, casas de chá, de sucos e similares",Proposta,False,True,False,SOMENTE SENAI,1,,,,,,,,,,,,,,,,,,,False
16982376000189,Alagoas Ambiental S/a,Indústria,2.Média,Tratamento e disposição de resíduos não-perigosos,Proposta,True,False,False,SOMENTE SESI,1,ATIVA,ALAGOAS AMBIENTAL S/A,INDÚSTRIA,Tratamento e disposicao de residuos nao perigosos,DEMAIS,Pilar,16982376000189.0,,3821-1/00,3821100.0,38.0,E,"Agua, esgoto e residuos",Coleta e tratamento de residuos,True,False,NAO,FORA DO ESCOPO SEBRAE,True
16982376000260,Alagoas Ambiental S/a,Indústria,3.Pequena,Tratamento e disposição de resíduos não-perigosos,Proposta,True,False,False,SOMENTE SESI,1,ATIVA,ALAGOAS AMBIENTAL S/A,INDÚSTRIA,Tratamento e disposicao de residuos nao perigosos,DEMAIS,Craíbas,16982376000260.0,,3821-1/00,3821100.0,38.0,E,"Agua, esgoto e residuos",Coleta e tratamento de residuos,True,False,NAO,FORA DO ESCOPO SEBRAE,True
16982376000340,Alagoas Ambiental S/a,Indústria,3.Pequena,Tratamento e disposição de resíduos não-perigosos,Proposta,True,False,False,SOMENTE SESI,1,ATIVA,ALAGOAS AMBIENTAL S/A,INDÚSTRIA,Tratamento e disposicao de residuos nao perigosos,DEMAIS,Delmiro Gouveia,16982376000340.0,,3821-1/00,3821100.0,38.0,E,"Agua, esgoto e residuos",Coleta e tratamento de residuos,True,False,NAO,FORA DO ESCOPO SEBRAE,True
16986057000141,Madeiras Do Brasil Via Expressa Ltda.,Não Indústria,4.Micro,Comércio varejista de materiais de construção em geral,Migração,True,False,False,SOMENTE SESI,1,,,,,,,,,,,,,,,,,,,False
17003116000187,Marfim Servicos Instalacao Manutencao E Reparos Ltda,Indústria,4.Micro,Serviços especializados para construção não especificados anteriormente,Migração,True,False,False,SOMENTE SESI,1,ATIVA,MARFIM SERVICOS INSTALACAO MANUTENCAO E REPAROS LTDA,INDÚSTRIA,Servicos especializados para construcao nao especificados anteriormente,PEQUENO PORTE,Maceió,17003116000187.0,,4399-1/99,4399199.0,43.0,F,Construcao,Servicos especializados para construcao,True,False,SIM,NÃO ATENDIDA,True
17017389000180,Lucia Lima Bastos,Indústria,4.Micro,"Fabricação de acessórios do vestuário, exceto para segurança e proteção",Migração,True,False,False,SOMENTE SESI,1,ATIVA,LUCIA LIMA BASTOS,INDÚSTRIA,"Fabricacao de acessorios do vestuario, exceto para seguranca e protecao",MICRO EMPRESA,Maceió,17017389000180.0,,1414-2/00,1414200.0,14.0,C,Industria de transformacao,Confeccao de vestuario e acessorios,True,False,SIM,NÃO ATENDIDA,True
17017499000142,Alexsandra M Dos Santos Ferreira Aguiar Me,Não Indústria,3.Pequena,Educação infantil - pré-escola,Proposta,True,False,False,SOMENTE SESI,1,,,,,,,,,,,,,,,,,,,False
17083095000157,Panetutti Panificacao Ltda,Indústria,3.Pequena,FABRICAÇÃO DE PRODUTOS DE PANIFICAÇÃO INDUSTRIAL,Migração,True,False,False,SOMENTE SESI,1,ATIVA,PANETUTTI PANIFICACAO LTDA,INDÚSTRIA,Fabricacao de produtos de padaria e confeitaria com predominancia de producao propria,PEQUENO PORTE,Maceió,17083095000157.0,,1091-1/02,1091102.0,10.0,C,Industria de transformacao,Alimentos,True,False,SIM,NÃO ATENDIDA,True
17112040000128,Retifica De Motores Pincel Ltda,Indústria,3.Pequena,Recondicionamento e recuperação de motores para veículos automotores,Proposta,True,False,False,SOMENTE SESI,1,ATIVA,RETIFICA DE MOTORES PINCEL LTDA,INDÚSTRIA,Recondicionamento e recuperacao de motores para veiculos automotores,MICRO EMPRESA,Arapiraca,17112040000128.0,,2950-6/00,2950600.0,29.0,C,Industria de transformacao,"Veiculos automotores, reboques e carrocerias",True,False,SIM,NÃO ATENDIDA,True
17127654000183,Myx Lanchonete Ltda,Nao Industria,4.Micro,"Lanchonetes, casas de chá, de sucos e similares",Proposta,False,True,False,SOMENTE SENAI,1,,,,,,,,,,,,,,,,,,,False
17235389000157,Alagoas Onibus Ltda,Nao Industria,3.Pequena,"Comércio a varejo de automóveis, camionetas e utilitários novos",Proposta,False,True,False,SOMENTE SENAI,1,,,,,,,,,,,,,,,,,,,False
17281037000804,Sao Miguel Logistica E Distribuicao Ltda,Não Indústria,3.Pequena,"Comércio atacadista de cerveja, chope e refrigerante",Migração,True,False,False,SOMENTE SESI,1,,,,,,,,,,,,,,,,,,,False
17336019000106,Auto Posto Veloz Ltda,Não Indústria,3.Pequena,Comércio varejista de combustíveis para veículos automotores,Migração,True,False,False,SOMENTE SESI,1,,,,,,,,,,,,,,,,,,,False
17348739000191,Joao Da Silva Barros Laticinios,Não Indústria,4.Micro,Comércio atacadista de leite e laticínios,Migração,True,False,False,SOMENTE SESI,1,,,,,,,,,,,,,,,,,,,False
17414193000120,R J F De Albuquerque Carvalho Ltda,Indústria,4.Micro,"Confecção de roupas profissionais, exceto sob medida",Proposta,True,False,False,SOMENTE SESI,1,ATIVA,R J F DE ALBUQUERQUE CARVALHO LTDA,INDÚSTRIA,"Confeccao de roupas profissionais, exceto sob medida",MICRO EMPRESA,Maceió,17414193000120.0,,1413-4/01,1413401.0,14.0,C,Industria de transformacao,Confeccao de vestuario e acessorios,True,False,SIM,NÃO ATENDIDA,True
17432875000165,Juraci L Da Silva Padaria,Indústria,3.Pequena,FABRICAÇÃO DE PRODUTOS DE PANIFICAÇÃO INDUSTRIAL,Migração,True,False,False,SOMENTE SESI,1,ATIVA,JURACI L DA SILVA PADARIA,INDÚSTRIA,Fabricacao de produtos de padaria e confeitaria com predominancia de producao propria,PEQUENO PORTE,Maceió,17432875000165.0,,1091-1/02,1091102.0,10.0,C,Industria de transformacao,Alimentos,True,False,SIM,NÃO ATENDIDA,True
17532856000100,A. De Gusmao Lyra Neto Ltda,Indústria,4.Micro,Manutenção e reparação de máquinas e aparelhos de refrigeração e ventilação para uso industrial e comercial,Migração,True,False,False,SOMENTE SESI,1,ATIVA,A. DE GUSMAO LYRA NETO LTDA,INDÚSTRIA,Manutencao e reparacao de maquinas e aparelhos de refrigeracao e ventilacao para uso industrial e comercial,PEQUENO PORTE,Maceió,17532856000100.0,,3314-7/07,3314707.0,33.0,C,Industria de transformacao,"Manutencao, reparacao e instalacao de maquinas",True,False,SIM,NÃO ATENDIDA,True
17576754000197,Clinica Medica Integrada Souza Lima S/s Ltda,Não Indústria,4.Micro,Atividade médica ambulatorial restrita a consultas,Migração,True,False,False,SOMENTE SESI,1,,,,,,,,,,,,,,,,,,,False
17597297000117,Metric Usinagem Ltda,Industria | Indústria,3.Pequena,"Fabricação de máquinas e equipamentos para a indústria do plástico, peças e acessórios",Migração | Proposta,True,True,True,SESI + SENAI,2,ATIVA,METRIC USINAGEM LTDA,INDÚSTRIA,"Fabricacao de maquinas e equipamentos para a industria do plastico, pecas e acessorios",PEQUENO PORTE,Maceió,17597297000117.0,17597297000117.0,2866-6/00,2866600.0,28.0,C,Industria de transformacao,Maquinas e equipamentos,True,False,SIM,NÃO ATENDIDA,True
17622147000116,Maceio Autopecas E Servicos Automotivos Ltda,Nao Industria,4.Micro,Comércio a varejo de pneumáticos e câmaras-de-ar,Migração,False,True,False,SOMENTE SENAI,1,,,,,,,,,,,,,,,,,,,False
17633171000150,Geraldo Passos Lima Neto Comercio De Generos Alimenticios Ltda,Indústria,4.Micro,Fabricação de conservas de frutas,Migração,True,False,False,SOMENTE SESI,1,ATIVA,GERALDO PASSOS LIMA NETO COMERCIO DE GENEROS ALIMENTICIOS LTDA,INDÚSTRIA,Fabricacao de conservas de frutas,MICRO EMPRESA,Quebrangulo,17633171000150.0,,1031-7/00,1031700.0,10.0,C,Industria de transformacao,Alimentos,True,False,SIM,NÃO ATENDIDA,True
17756769000137,Sp Fardamentos Ltda,Industria | Indústria,4.Micro,Facção de roupas profissionais,Proposta,True,True,True,SESI + SENAI,2,ATIVA,SP FARDAMENTOS LTDA,INDÚSTRIA,Faccao de roupas profissionais,PEQUENO PORTE,Maceió,17756769000137.0,17756769000137.0,1413-4/03,1413403.0,14.0,C,Industria de transformacao,Confeccao de vestuario e acessorios,True,False,SIM,NÃO ATENDIDA,True
17765953000224,Agreste Lanchonete Ltda,Nao Industria,4.Micro,"Lanchonetes, casas de chá, de sucos e similares",Proposta,False,True,False,SOMENTE SENAI,1,,,,,,,,,,,,,,,,,,,False
17776281000171,Badoc Comunicacao Ltda,Não Indústria,4.Micro,"Edição de cadastros, listas e outros produtos gráficos",Migração,True,False,False,SOMENTE SESI,1,,,,,,,,,,,,,,,,,,,False
17777646000182,Jayme Carneiro Junior,Nao Industria,3.Pequena,Criação de bovinos para leite,Proposta,False,True,False,SOMENTE SENAI,1,,,,,,,,,,,,,,,,,,,False
17900904000176,Edvan Barbosa De Melo,Indústria,4.Micro,FABRICAÇÃO DE PRODUTOS DE PANIFICAÇÃO INDUSTRIAL,Migração,True,False,False,SOMENTE SESI,1,ATIVA,EDVAN BARBOSA DE MELO,INDÚSTRIA,Fabricacao de produtos de padaria e confeitaria com predominancia de producao propria,PEQUENO PORTE,Arapiraca,17900904000176.0,,1091-1/02,1091102.0,10.0,C,Industria de transformacao,Alimentos,True,False,SIM,NÃO ATENDIDA,True
17917137000108,Tudo Limpo Distribuidora De Material De Limpeza E Descartaveis Ltda,Não Indústria,4.Micro,Comércio varejista de produtos saneantes domissanitários,Migração,True,False,False,SOMENTE SESI,1,,,,,,,,,,,,,,,,,,,False
17929081000101,Reginaldo Lyra Da Silva,Indústria,4.Micro,Serviços de comunicação multimídia - SCM,Migração,True,False,False,SOMENTE SESI,1,ATIVA,REGINALDO LYRA DA SILVA,INDÚSTRIA,Servicos de comunicacao multimidia - scm,MICRO EMPRESA,Rio Largo,17929081000101.0,,6110-8/03,6110803.0,61.0,J,Informacao e comunicacao,Informacao e comunicacao,False,False,NAO,FORA DO ESCOPO SEBRAE,True
17958389000185,Combap Terraplenagem Ltda,Indústria,4.Micro,Obras de terraplenagem,Migração,True,False,False,SOMENTE SESI,1,ATIVA,COMBAP TERRAPLENAGEM LTDA,INDÚSTRIA,Obras de terraplenagem,MICRO EMPRESA,Lagoa da Canoa,17958389000185.0,,4313-4/00,4313400.0,43.0,F,Construcao,Servicos especializados para construcao,True,False,SIM,NÃO ATENDIDA,True
17989116000106,Jk Perfumaria E Cosmetico Ltda,Indústria,4.Micro,"Fabricação de cosméticos, produtos de perfumaria e de higiene pessoal",Migração,True,False,False,SOMENTE SESI,1,ATIVA,JK PERFUMARIA E COSMETICO LTDA,INDÚSTRIA,"Fabricacao de cosmeticos, produtos de perfumaria e de higiene pessoal",MICRO EMPRESA,Maceió,17989116000106.0,,2063-1/00,2063100.0,20.0,C,Industria de transformacao,Produtos quimicos,True,False,SIM,NÃO ATENDIDA,True
18015981000106,Andrea Doria Chaves Monteiro,Indústria,3.Pequena,Serviços de manutenção e reparação mecânica de veículos automotores,Migração,True,False,False,SOMENTE SESI,1,ATIVA,ANDREA DORIA CHAVES MONTEIRO,INDÚSTRIA,Servicos de manutencao e reparacao mecanica de veiculos automotores,PEQUENO PORTE,Maceió,18015981000106.0,,4520-0/01,4520001.0,45.0,G,Comercio e reparacao de veiculos,Comercio e reparacao de veiculos,False,False,NAO,FORA DO ESCOPO SEBRAE,True
18035660000173,Serve All Inteligencia Ltda,Indústria,4.Micro,Manutenção e reparação de máquinas e aparelhos de refrigeração e ventilação para uso industrial e comercial,Migração,True,False,False,SOMENTE SESI,1,ATIVA,SERVE ALL INTELIGENCIA LTDA,INDÚSTRIA,Manutencao e reparacao de maquinas e aparelhos de refrigeracao e ventilacao para uso industrial e comercial,PEQUENO PORTE,Maceió,18035660000173.0,,3314-7/07,3314707.0,33.0,C,Industria de transformacao,"Manutencao, reparacao e instalacao de maquinas",True,False,SIM,NÃO ATENDIDA,True
18078551000133,Tecflan Servicos Industriais Ltda,Indústria,4.Micro,Manutenção e reparação de equipamentos e produtos não especificados anteriormente,Migração,True,False,False,SOMENTE SESI,1,,,,,,,,,,,,,,,,,,,False
18098211000174,Qualitmax Industria De Argamassas E Rejuntes Ltda,Indústria,4.Micro,Preparação de massa de concreto e argamassa para construção,Migração,True,False,False,SOMENTE SESI,1,ATIVA,QUALITMAX INDUSTRIA DE ARGAMASSAS E REJUNTES LTDA,INDÚSTRIA,Preparacao de massa de concreto e argamassa para construcao,MICRO EMPRESA,Maceió,18098211000174.0,,2330-3/05,2330305.0,23.0,C,Industria de transformacao,Produtos de minerais nao-metalicos,True,False,SIM,NÃO ATENDIDA,True
18130068000150,Core Ambiental Ltda,Indústria,3.Pequena,Coleta de resíduos não-perigosos,Migração,True,False,False,SOMENTE SESI,1,ATIVA,CORE AMBIENTAL LTDA,INDÚSTRIA,Coleta de residuos nao perigosos,MICRO EMPRESA,Maceió,18130068000150.0,,3811-4/00,3811400.0,38.0,E,"Agua, esgoto e residuos",Coleta e tratamento de residuos,True,False,NAO,FORA DO ESCOPO SEBRAE,True
18144066000110,Le Mix Preparacao De Massa De Concreto Ltda,Industria | Indústria,2.Média,Preparação de massa de concreto e argamassa para construção,Proposta,True,True,True,SESI + SENAI,2,ATIVA,LE MIX PREPARACAO DE MASSA DE CONCRETO LTDA,INDÚSTRIA,Preparacao de massa de concreto e argamassa para construcao,DEMAIS,Marechal Deodoro,18144066000110.0,18144066000110.0,2330-3/05,2330305.0,23.0,C,Industria de transformacao,Produtos de minerais nao-metalicos,True,False,SIM,NÃO ATENDIDA,True
18195069000183,Construtora E Empreendimentos M M Ltda,Industria | Indústria,4.Micro,Construção de edifícios,Migração,True,True,True,SESI + SENAI,2,ATIVA,CONSTRUTORA E EMPREENDIMENTOS M M LTDA,INDÚSTRIA,Construcao de edificios,PEQUENO PORTE,Pilar,18195069000183.0,18195069000183.0,4120-4/00,4120400.0,41.0,F,Construcao,Construcao de edificios,True,False,SIM,NÃO ATENDIDA,True
18205634000146,Vip Sports Ltda,Indústria,4.Micro,"Confecção de peças do vestuário, exceto roupas íntimas e as confeccionadas sob medida",Migração,True,False,False,SOMENTE SESI,1,ATIVA,VIP SPORTS LTDA,INDÚSTRIA,"Confeccao de pecas de vestuario, exceto roupas intimas e as confeccionadas sob medida",MICRO EMPRESA,Murici,18205634000146.0,18205634000146.0,1412-6/01,1412601.0,14.0,C,Industria de transformacao,Confeccao de vestuario e acessorios,True,False,SIM,NÃO ATENDIDA,True
18221849000150,Jacilma Marques De Sousa Pet Shop,Não Indústria,4.Micro,Comércio varejista de animais vivos e de artigos e alimentos para animais de estimação,Migração,True,False,False,SOMENTE SESI,1,,,,,,,,,,,,,,,,,,,False
18311921000130,Alagoas Restaurante Ltda,Não Indústria,4.Micro,Restaurantes e similares,Migração,True,False,False,SOMENTE SESI,1,,,,,,,,,,,,,,,,,,,False
18314058000175,L C Silva Camisaria,Indústria,4.Micro,"Confecção de peças do vestuário, exceto roupas íntimas e as confeccionadas sob medida",Migração,True,False,False,SOMENTE SESI,1,ATIVA,L C SILVA CAMISARIA,INDÚSTRIA,"Confeccao de pecas de vestuario, exceto roupas intimas e as confeccionadas sob medida",PEQUENO PORTE,Maceió,18314058000175.0,,1412-6/01,1412601.0,14.0,C,Industria de transformacao,Confeccao de vestuario e acessorios,True,False,SIM,NÃO ATENDIDA,True
18403814000132,Hotel Refugio Ltda,Não Indústria,4.Micro,Outros alojamentos não especificados anteriormente,Migração,True,False,False,SOMENTE SESI,1,,,,,,,,,,,,,,,,,,,False
18414740000130,Bio Digital Reciclagem De Eletronicos Ltda,Indústria,3.Pequena,Recuperação de sucatas de alumínio,Migração,True,False,False,SOMENTE SESI,1,ATIVA,BIO DIGITAL RECICLAGEM DE ELETRONICOS LTDA,INDÚSTRIA,Recuperacao de sucatas de aluminio,MICRO EMPRESA,Maceió,18414740000130.0,,3831-9/01,3831901.0,38.0,E,"Agua, esgoto e residuos",Coleta e tratamento de residuos,True,False,SIM,NÃO ATENDIDA,True
18427355000127,Tau Consultoria Em Sustentabilidade Ltda,Não Indústria,4.Micro,Pesquisa e desenvolvimento experimental em ciências sociais e humanas,Migração,True,False,False,SOMENTE SESI,1,,,,,,,,,,,,,,,,,,,False
18448770000167,Falcao & Silva Comercio De Materiais De Construcao Ltda,Não Indústria,3.Pequena,Comércio varejista de materiais de construção em geral,Proposta,True,False,False,SOMENTE SESI,1,,,,,,,,,,,,,,,,,,,False
18513216000116,Mega Instalacoes Ltda,Indústria,4.Micro,Instalação de máquinas e equipamentos industriais,Migração,True,False,False,SOMENTE SESI,1,ATIVA,MEGA INSTALACOES LTDA,INDÚSTRIA,Instalacao de maquinas e equipamentos industriais,PEQUENO PORTE,Arapiraca,18513216000116.0,18513216000116.0,3321-0/00,3321000.0,33.0,C,Industria de transformacao,"Manutencao, reparacao e instalacao de maquinas",True,False,SIM,NÃO ATENDIDA,True
18531819000140,Anderson Arraes Delfino Ltda,Indústria,4.Micro,Serviços de manutenção e reparação mecânica de veículos automotores,Proposta,True,False,False,SOMENTE SESI,1,ATIVA,ANDERSON ARRAES DELFINO LTDA,INDÚSTRIA,Servicos de manutencao e reparacao mecanica de veiculos automotores,PEQUENO PORTE,Maceió,18531819000140.0,,4520-0/01,4520001.0,45.0,G,Comercio e reparacao de veiculos,Comercio e reparacao de veiculos,False,False,NAO,FORA DO ESCOPO SEBRAE,True
18548838000180,R R Ferraz Ltda,Indústria,2.Média,Abate de aves,Proposta,True,False,False,SOMENTE SESI,1,ATIVA,R R FERRAZ LTDA,INDÚSTRIA,Abate de aves,PEQUENO PORTE,Santa Luzia do Norte,18548838000180.0,,1012-1/01,1012101.0,10.0,C,Industria de transformacao,Alimentos,True,False,SIM,NÃO ATENDIDA,True
18639497000158,Silvertec Engenharia E Servicos Ltda.,Indústria,4.Micro,Serviços de engenharia,Migração,True,False,False,SOMENTE SESI,1,ATIVA,SILVERTEC ENGENHARIA E SERVICOS LTDA.,INDÚSTRIA,Servicos de engenharia,MICRO EMPRESA,Maceió,18639497000158.0,,7112-0/00,7112000.0,71.0,M,Atividades profissionais e tecnicas,Atividades profissionais e tecnicas,False,False,NAO,FORA DO ESCOPO SEBRAE,True
18675185000108,E-paletes Fabricacao E Comercio Atacadista De Paletes De Madeira Ltda.,Industria | Indústria,3.Pequena,"Fabricação de artefatos diversos de madeira, exceto móveis",Migração | Proposta,True,True,True,SESI + SENAI,2,ATIVA,E-PALETES FABRICACAO E COMERCIO ATACADISTA DE PALETES DE MADEIRA LTDA.,INDÚSTRIA,"Fabricacao de artefatos diversos de madeira, exceto moveis",DEMAIS,Marechal Deodoro,18675185000108.0,18675185000108.0,1629-3/01,1629301.0,16.0,C,Industria de transformacao,Produtos de madeira,True,False,SIM,NÃO ATENDIDA,True
18711452000147,Souza & Figueiredo Comercio De Lubrificantes Ltda,Não Indústria,4.Micro,Comércio atacadista de lubrificantes,Migração,True,False,False,SOMENTE SESI,1,,,,,,,,,,,,,,,,,,,False
18729404000186,Metal Infraestrutura Ltda,Industria,3.Pequena,"Construção de redes de abastecimento de água, coleta de esgoto e construções correlatas, exceto obras de irrigação",Proposta,False,True,False,SOMENTE SENAI,1,ATIVA,METAL INFRAESTRUTURA LTDA,INDÚSTRIA,"Construcao de redes de abastecimento de agua, coleta de esgoto e construcoes correlatas, exceto obras de irrigacao",DEMAIS,Maceió,,18729404000186.0,4222-7/01,4222701.0,42.0,F,Construcao,Obras de infraestrutura,True,False,SIM,NÃO ATENDIDA,True
18748007000151,Ztt Do Brasil Ltda,Industria | Indústria,2.Média,"Fabricação de fios, cabos e condutores elétricos isolados",Migração | Proposta,True,True,True,SESI + SENAI,2,ATIVA,ZTT DO BRASIL LTDA,INDÚSTRIA,"Fabricacao de fios, cabos e condutores eletricos isolados",DEMAIS,Marechal Deodoro,18748007000151.0,18748007000151.0,2733-3/00,2733300.0,27.0,C,Industria de transformacao,"Maquinas, aparelhos e materiais eletricos",True,False,SIM,NÃO ATENDIDA,True
18818196000191,Inove Construcoes Ltda,Indústria,4.Micro,Construção de edifícios,Migração,True,False,False,SOMENTE SESI,1,ATIVA,INOVE CONSTRUCOES LTDA,INDÚSTRIA,Construcao de edificios,PEQUENO PORTE,Maceió,18818196000191.0,,4120-4/00,4120400.0,41.0,F,Construcao,Construcao de edificios,True,False,SIM,NÃO ATENDIDA,True
18842121000146,Caetex Florestal S.a.,Nao Industria | Não Indústria,1.Grande,Cultivo de eucalipto,Proposta,True,True,True,SESI + SENAI,2,,,,,,,,,,,,,,,,,,,False
18855580000164,Life Comercio De Produtos De Nutricao Esportiva E Funcional Ltda,Não Indústria,4.Micro,Comércio varejista de produtos alimentícios em geral ou especializado em produtos alimentícios não especificados anteriormente,Migração,True,False,False,SOMENTE SESI,1,,,,,,,,,,,,,,,,,,,False
18985898000160,Prime Solucoes Industriais Ltda,Indústria,2.Média,Instalação de máquinas e equipamentos industriais,Proposta,True,False,False,SOMENTE SESI,1,,,,,,,,,,,,,,,,,,,False
19197536000177,Sanderly Teles Da Silva,Não Indústria,4.Micro,"Lanchonetes, casas de chá, de sucos e similares",Migração,True,False,False,SOMENTE SESI,1,,,,,,,,,,,,,,,,,,,False
19199106000194,Abrasiva - Especializada Em Tratamento Anti-corrosivo Ltda,Industria,4.Micro,Serviços de tratamento e revestimento em metais,Proposta,False,True,False,SOMENTE SENAI,1,ATIVA,ABRASIVA - ESPECIALIZADA EM TRATAMENTO ANTI-CORROSIVO LTDA,INDÚSTRIA,Servicos de tratamento e revestimento em metais,MICRO EMPRESA,Maceió,,19199106000194.0,2539-0/02,2539002.0,25.0,C,Industria de transformacao,Produtos de metal (exceto maquinas),True,False,SIM,NÃO ATENDIDA,True
19216314000154,Acioli Industria E Comercio De Produtos Descartaveis Ltda,Indústria,3.Pequena,Fabricação de embalagens de material plástico,Migração,True,False,False,SOMENTE SESI,1,ATIVA,ACIOLI INDUSTRIA E COMERCIO DE PRODUTOS DESCARTAVEIS LTDA,INDÚSTRIA,Fabricacao de embalagens de material plastico,PEQUENO PORTE,Maceió,19216314000154.0,,2222-6/00,2222600.0,22.0,C,Industria de transformacao,Borracha e material plastico,True,False,SIM,NÃO ATENDIDA,True
19233110000121,Via Compra Ltda,Não Indústria,4.Micro,Comércio varejista de outros produtos não especificados anteriormente,Migração,True,False,False,SOMENTE SESI,1,,,,,,,,,,,,,,,,,,,False
19273747014797,Barbosa & Marques S A  Em Recuperacao Judicial,Não Indústria,4.Micro,Comércio atacadista de leite e laticínios,Proposta,True,False,False,SOMENTE SESI,1,,,,,,,,,,,,,,,,,,,False
19284040000130,Klin Engenharia E Gestao Ambiental Ltda,Indústria,3.Pequena,Descontaminação e outros serviços de gestão de resíduos,Migração,True,False,False,SOMENTE SESI,1,,,,,,,,,,,,,,,,,,,False
19306147000132,Clinica Medica Otosinus Ltda,Não Indústria,4.Micro,Atividade médica ambulatorial com recursos para realização de exames complementares,Migração,True,False,False,SOMENTE SESI,1,,,,,,,,,,,,,,,,,,,False
19315059000105,Irrigaplant Comercio De Materiais Hidraulicos Ltda,Não Indústria,4.Micro,Comércio varejista de materiais hidráulicos,Migração,True,False,False,SOMENTE SESI,1,,,,,,,,,,,,,,,,,,,False
19388186000126,Barbosa E Fontan Comercio Ltda,Indústria,4.Micro,Fabricação de bijuterias e artefatos semelhantes,Migração,True,False,False,SOMENTE SESI,1,ATIVA,BARBOSA E FONTAN COMERCIO LTDA,INDÚSTRIA,Fabricacao de bijuterias e artefatos semelhantes,MICRO EMPRESA,Maceió,19388186000126.0,,3212-4/00,3212400.0,32.0,C,Industria de transformacao,Produtos diversos,True,False,SIM,NÃO ATENDIDA,True
19420544000130,Secretaria Municipal De Governo E De Subprefeituras ( Segov),Nao Industria,4.Micro,Administração pública em geral,Proposta,False,True,False,SOMENTE SENAI,1,,,,,,,,,,,,,,,,,,,False
19427410000141,Sora Alimentos Ltda,Indústria,4.Micro,Moagem e fabricação de produtos de origem vegetal não especificados anteriormente,Proposta,True,False,False,SOMENTE SESI,1,,,,,,,,,,,,,,,,,,,False
19485388000196,Ultra Servicos De Transportes Ltda,Não Indústria,3.Pequena,"Transporte rodoviário de carga, exceto produtos perigosos e mudanças, intermunicipal, interestadual e internacional",Migração,True,False,False,SOMENTE SESI,1,,,,,,,,,,,,,,,,,,,False
19499296000165,Ultracanudos Industria E Comercio De Plasticos Ltda,Industria,3.Pequena,Fabricação de embalagens de material plástico,Proposta,False,True,False,SOMENTE SENAI,1,ATIVA,ULTRACANUDOS INDUSTRIA E COMERCIO DE PLASTICOS LTDA,INDÚSTRIA,Fabricacao de embalagens de material plastico,PEQUENO PORTE,Maceió,,19499296000165.0,2222-6/00,2222600.0,22.0,C,Industria de transformacao,Borracha e material plastico,True,False,SIM,NÃO ATENDIDA,True
19528581000167,Leonardo Figueiredo Guedes Nogueira,Indústria,3.Pequena,"Aparelhamento de placas e execução de trabalhos em mármore, granito, ardósia e outras pedras",Migração,True,False,False,SOMENTE SESI,1,ATIVA,LEONARDO FIGUEIREDO GUEDES NOGUEIRA,INDÚSTRIA,"Aparelhamento de placas e execucao de trabalhos em marmore, granito, ardosia e outras pedras",PEQUENO PORTE,Maceió,19528581000167.0,,2391-5/03,2391503.0,23.0,C,Industria de transformacao,Produtos de minerais nao-metalicos,True,False,SIM,NÃO ATENDIDA,True
19585028000166,Ethica Servicos De Engenharia E Construcao Ltda,Industria,3.Pequena,Construção de edifícios,Proposta,False,True,False,SOMENTE SENAI,1,ATIVA,ETHICA SERVICOS DE ENGENHARIA E CONSTRUCAO LTDA,INDÚSTRIA,Construcao de edificios,DEMAIS,Maceió,,19585028000166.0,4120-4/00,4120400.0,41.0,F,Construcao,Construcao de edificios,True,False,SIM,NÃO ATENDIDA,True
19598162000100,Aloizio Protazio De Oliveira Fertilizantes Ltda,Não Indústria,4.Micro,"Comércio atacadista de defensivos agrícolas, adubos, fertilizantes e corretivos do solo",Migração,True,False,False,SOMENTE SESI,1,,,,,,,,,,,,,,,,,,,False
19653622000147,Distribuidora Popular De Alimentos Ltda,Não Indústria,3.Pequena,Comércio atacadista de produtos alimentícios em geral,Migração,True,False,False,SOMENTE SESI,1,,,,,,,,,,,,,,,,,,,False
19667297000171,Alagoana Ind. E Com. De Carrocerias Ltda,Não Indústria,4.Micro,Comércio a varejo de peças e acessórios novos para veículos automotores,Migração,True,False,False,SOMENTE SESI,1,,,,,,,,,,,,,,,,,,,False
19682315000194,Carlos Da Silva Catuipe Junior 75884151004,Não Indústria,4.Micro,Treinamento em desenvolvimento profissional e gerencial,Proposta,True,False,False,SOMENTE SESI,1,,,,,,,,,,,,,,,,,,,False
19704303000113,Asp Assessoria Social E Pesquisa Ltda,Nao Industria,3.Pequena,"Atividades de consultoria em gestão empresarial, exceto consultoria técnica específica",Proposta,False,True,False,SOMENTE SENAI,1,,,,,,,,,,,,,,,,,,,False
19730559000103,Freitas Comercio De Artigos Esportivos Ltda,Não Indústria,4.Micro,Comércio varejista de artigos esportivos,Migração,True,False,False,SOMENTE SESI,1,,,,,,,,,,,,,,,,,,,False
19810812000120,Sena & Maia Ltda,Industria,4.Micro,Fabricação de gelo comum,Migração,False,True,False,SOMENTE SENAI,1,ATIVA,SENA & MAIA LTDA,INDÚSTRIA,Fabricacao de gelo comum,MICRO EMPRESA,Maceió,,19810812000120.0,1099-6/04,1099604.0,10.0,C,Industria de transformacao,Alimentos,True,False,SIM,NÃO ATENDIDA,True
19936024000185,Pfm Refeicoes Ltda,Industria | Indústria,3.Pequena,Fornecimento de alimentos preparados preponderantemente para empresas,Migração | Proposta,True,True,True,SESI + SENAI,2,ATIVA,PFM REFEICOES LTDA,INDÚSTRIA,Fornecimento de alimentos preparados preponderantemente para empresas,DEMAIS,Maceió,19936024000185.0,19936024000185.0,5620-1/01,5620101.0,56.0,I,Alojamento e alimentacao,Alojamento e alimentacao,False,False,NAO,FORA DO ESCOPO SEBRAE,True
19936024000428,Pfm Refeicoes Ltda,Indústria,3.Pequena,Fornecimento de alimentos preparados preponderantemente para empresas,Migração,True,False,False,SOMENTE SESI,1,ATIVA,PFM REFEICOES LTDA,INDÚSTRIA,Fornecimento de alimentos preparados preponderantemente para empresas,DEMAIS,Craíbas,19936024000428.0,,5620-1/01,5620101.0,56.0,I,Alojamento e alimentacao,Alojamento e alimentacao,False,False,NAO,FORA DO ESCOPO SEBRAE,True
19950277000103,Industria  Alimenticia Doce Campo Verde Ltda,Indústria,4.Micro,Fabricação de conservas de frutas,Migração,True,False,False,SOMENTE SESI,1,ATIVA,INDUSTRIA ALIMENTICIA DOCE CAMPO VERDE LTDA,INDÚSTRIA,Fabricacao de conservas de frutas,DEMAIS,Arapiraca,19950277000103.0,,1031-7/00,1031700.0,10.0,C,Industria de transformacao,Alimentos,True,False,SIM,NÃO ATENDIDA,True
20058986000168,Sormel Industria De Sorvetes Ltda,Indústria,4.Micro,Fabricação de sorvetes e outros gelados comestíveis,Migração,True,False,False,SOMENTE SESI,1,ATIVA,SORMEL INDUSTRIA DE SORVETES LTDA,INDÚSTRIA,Fabricacao de sorvetes e outros gelados comestiveis,MICRO EMPRESA,Maribondo,20058986000168.0,20058986000168.0,1053-8/00,1053800.0,10.0,C,Industria de transformacao,Alimentos,True,False,SIM,NÃO ATENDIDA,True
20068306000278,Distribuidora De Alimentos Mix Bom Ltda,Nao Industria,3.Pequena,"Comércio varejista de mercadorias em geral, com predominância de produtos alimentícios - supermercados",Proposta,False,True,False,SOMENTE SENAI,1,,,,,,,,,,,,,,,,,,,False
20210296000182,Condominio Residencial Alto Das Alamedas,Não Indústria,4.Micro,Condomínios prediais,Migração,True,False,False,SOMENTE SESI,1,,,,,,,,,,,,,,,,,,,False
20253491000190,J. I. Lima,Não Indústria,4.Micro,Comércio varejista de produtos alimentícios em geral ou especializado em produtos alimentícios não especificados anteriormente,Migração,True,False,False,SOMENTE SESI,1,,,,,,,,,,,,,,,,,,,False
20268976000157,L. Carlos Barboza E Cia Ltda,Não Indústria,4.Micro,Comércio a varejo de peças e acessórios novos para motocicletas e motonetas,Migração,True,False,False,SOMENTE SESI,1,,,,,,,,,,,,,,,,,,,False
20279762000186,Secretaria De Estado De Ressocializacao E Inclusao Social,Nao Industria,4.Micro,Segurança e ordem pública,Migração,False,True,False,SOMENTE SENAI,1,,,,,,,,,,,,,,,,,,,False
20293552000142,Ellca 2 Servicos & Locacoes Ltda,Industria | Indústria,2.Média,Instalação e manutenção elétrica,Proposta,True,True,True,SESI + SENAI,2,,,,,,,,,,,,,,,,,,,False
20409151000105,Wib Provedores De Acesso Ltda,Indústria,4.Micro,Serviços de comunicação multimídia - SCM,Migração,True,False,False,SOMENTE SESI,1,ATIVA,WIB PROVEDORES DE ACESSO LTDA,INDÚSTRIA,Servicos de comunicacao multimidia - scm,PEQUENO PORTE,Batalha,20409151000105.0,,6110-8/03,6110803.0,61.0,J,Informacao e comunicacao,Informacao e comunicacao,False,False,NAO,FORA DO ESCOPO SEBRAE,True
20443702000157,D H F Consultoria E Engenharia Ltda,Indústria,3.Pequena,Serviços de engenharia,Migração,True,False,False,SOMENTE SESI,1,ATIVA,D H F CONSULTORIA E ENGENHARIA LTDA,INDÚSTRIA,Servicos de engenharia,PEQUENO PORTE,Maceió,20443702000157.0,,7112-0/00,7112000.0,71.0,M,Atividades profissionais e tecnicas,Atividades profissionais e tecnicas,False,False,NAO,FORA DO ESCOPO SEBRAE,True
20589243000114,Evolution Comercio Administradora E Servicos Ltda,Não Indústria,3.Pequena,Gestão e administração da propriedade imobiliária,Migração,True,False,False,SOMENTE SESI,1,,,,,,,,,,,,,,,,,,,False
20644507000195,Pousada Martur Ltda,Não Indústria,4.Micro,Outros alojamentos não especificados anteriormente,Migração,True,False,False,SOMENTE SESI,1,,,,,,,,,,,,,,,,,,,False
20645520000169,Fm2c Servicos De Manutencao Ltda,Indústria,3.Pequena,Instalação e manutenção elétrica,Migração,True,False,False,SOMENTE SESI,1,,,,,,,,,,,,,,,,,,,False
20655142000102,J J Lira Panificadora Ltda,Indústria,4.Micro,FABRICAÇÃO DE PRODUTOS DE PANIFICAÇÃO INDUSTRIAL,Migração,True,False,False,SOMENTE SESI,1,ATIVA,J J LIRA PANIFICADORA LTDA,INDÚSTRIA,Fabricacao de produtos de padaria e confeitaria com predominancia de producao propria,PEQUENO PORTE,Arapiraca,20655142000102.0,,1091-1/02,1091102.0,10.0,C,Industria de transformacao,Alimentos,True,False,SIM,NÃO ATENDIDA,True
20664328000110,Central Comercio De Pallet Ltda,Não Indústria,4.Micro,Comércio varejista de madeira e artefatos,Migração,True,False,False,SOMENTE SESI,1,,,,,,,,,,,,,,,,,,,False
20699343000101,M P A Marques De Souza Comercio E Servicos Ltda,Industria | Indústria,4.Micro,"Confecção de roupas profissionais, exceto sob medida",Migração | Proposta,True,True,True,SESI + SENAI,2,ATIVA,M P A MARQUES DE SOUZA COMERCIO E SERVICOS LTDA,INDÚSTRIA,"Confeccao de roupas profissionais, exceto sob medida",MICRO EMPRESA,Maceió,20699343000101.0,20699343000101.0,1413-4/01,1413401.0,14.0,C,Industria de transformacao,Confeccao de vestuario e acessorios,True,False,SIM,NÃO ATENDIDA,True
20701861000104,Panificacao Rio Branco Ltda,Indústria,4.Micro,FABRICAÇÃO DE PRODUTOS DE PANIFICAÇÃO INDUSTRIAL,Migração,True,False,False,SOMENTE SESI,1,ATIVA,PANIFICACAO RIO BRANCO LTDA,INDÚSTRIA,Fabricacao de produtos de padaria e confeitaria com predominancia de producao propria,PEQUENO PORTE,Maceió,20701861000104.0,,1091-1/02,1091102.0,10.0,C,Industria de transformacao,Alimentos,True,False,SIM,NÃO ATENDIDA,True
20725521000113,Boulevard 1089 Apoio Administrativo Ltda,Não Indústria,4.Micro,"Serviços combinados para apoio a edifícios, exceto condomínios prediais",Migração,True,False,False,SOMENTE SESI,1,,,,,,,,,,,,,,,,,,,False
20780676000152,Mirantes Do Jequia Empreendimentos Imobiliarios Ltda.,Indústria,4.Micro,Incorporação de empreendimentos imobiliários,Migração,True,False,False,SOMENTE SESI,1,ATIVA,MIRANTES DO JEQUIA EMPREENDIMENTOS IMOBILIARIOS LTDA.,INDÚSTRIA,Incorporacao de empreendimentos imobiliarios,DEMAIS,Maceió,20780676000152.0,,4110-7/00,4110700.0,41.0,F,Construcao,Construcao de edificios,True,False,SIM,NÃO ATENDIDA,True
20784093000108,Rosilene Pereira Silva,Não Indústria,4.Micro,Comércio varejista de madeira e artefatos,Migração,True,False,False,SOMENTE SESI,1,,,,,,,,,,,,,,,,,,,False
20790997000138,Ana Glaucia Duarte Mendonca,Indústria,4.Micro,Serviços de alinhamento e balanceamento de veículos automotores,Migração,True,False,False,SOMENTE SESI,1,ATIVA,ANA GLAUCIA DUARTE MENDONCA,INDÚSTRIA,Servicos de alinhamento e balanceamento de veiculos automotores,MICRO EMPRESA,Arapiraca,20790997000138.0,,4520-0/04,4520004.0,45.0,G,Comercio e reparacao de veiculos,Comercio e reparacao de veiculos,False,False,NAO,FORA DO ESCOPO SEBRAE,True
20792878000114,Eletroblu Sistemas Eletricos Ltda,Indústria,2.Média,Instalação e manutenção elétrica,Proposta,True,False,False,SOMENTE SESI,1,,,,,,,,,,,,,,,,,,,False
20826927000192,Aguiar E Nascimento Comercio Ltda,Indústria,3.Pequena,FABRICAÇÃO DE PRODUTOS DE PANIFICAÇÃO INDUSTRIAL,Migração,True,False,False,SOMENTE SESI,1,ATIVA,AGUIAR E NASCIMENTO COMERCIO LTDA,INDÚSTRIA,Fabricacao de produtos de padaria e confeitaria com predominancia de producao propria,PEQUENO PORTE,Maceió,20826927000192.0,,1091-1/02,1091102.0,10.0,C,Industria de transformacao,Alimentos,True,False,SIM,NÃO ATENDIDA,True
20997850000113,Incoforte - Industria E Comercio De Fumos Extra Forte Ltda,Industria,4.Micro,Processamento industrial do fumo,Proposta,False,True,False,SOMENTE SENAI,1,ATIVA,INCOFORTE - INDUSTRIA E COMERCIO DE FUMOS EXTRA FORTE LTDA,INDÚSTRIA,Processamento industrial do fumo,DEMAIS,Craíbas,,20997850000113.0,1210-7/00,1210700.0,12.0,C,Industria de transformacao,Produtos do fumo,True,False,SIM,NÃO ATENDIDA,True
20999111000160,Ja Construcoes E Incorporacoes Ltda,Indústria,4.Micro,Construção de edifícios,Proposta,True,False,False,SOMENTE SESI,1,ATIVA,JA CONSTRUCOES E INCORPORACOES LTDA,INDÚSTRIA,Construcao de edificios,PEQUENO PORTE,Santana do Ipanema,20999111000160.0,,4120-4/00,4120400.0,41.0,F,Construcao,Construcao de edificios,True,False,SIM,NÃO ATENDIDA,True
21025561000115,Pedrosa & Fontan Panificacao Ltda,Indústria,4.Micro,FABRICAÇÃO DE PRODUTOS DE PANIFICAÇÃO INDUSTRIAL,Migração,True,False,False,SOMENTE SESI,1,ATIVA,PEDROSA & FONTAN PANIFICACAO LTDA,INDÚSTRIA,Fabricacao de produtos de padaria e confeitaria com predominancia de producao propria,MICRO EMPRESA,Maceió,21025561000115.0,21025561000115.0,1091-1/02,1091102.0,10.0,C,Industria de transformacao,Alimentos,True,False,SIM,NÃO ATENDIDA,True
21025561000204,Pedrosa & Fontan Panificacao Ltda,Indústria,4.Micro,FABRICAÇÃO DE PRODUTOS DE PANIFICAÇÃO INDUSTRIAL,Migração,True,False,False,SOMENTE SESI,1,ATIVA,PEDROSA & FONTAN PANIFICACAO LTDA,INDÚSTRIA,Fabricacao de produtos de padaria e confeitaria com predominancia de producao propria,MICRO EMPRESA,Maceió,21025561000204.0,,1091-1/02,1091102.0,10.0,C,Industria de transformacao,Alimentos,True,False,SIM,NÃO ATENDIDA,True
21050108000169,S & S Restaurante E Pizzaria Ltda,Não Indústria,4.Micro,Restaurantes e similares,Migração,True,False,False,SOMENTE SESI,1,,,,,,,,,,,,,,,,,,,False
21071021000178,Marcenaria Carmel Ltda,Industria | Indústria,4.Micro,Fabricação de móveis com predominância de madeira,Proposta,True,True,True,SESI + SENAI,2,ATIVA,MARCENARIA CARMEL LTDA,INDÚSTRIA,Fabricacao de moveis com predominancia de madeira,MICRO EMPRESA,Maceió,21071021000178.0,21071021000178.0,3101-2/00,3101200.0,31.0,C,Industria de transformacao,Moveis,True,False,SIM,NÃO ATENDIDA,True
21135340000108,H Fernando De Medeiros Pinto,Não Indústria,4.Micro,Hotéis,Migração,True,False,False,SOMENTE SESI,1,,,,,,,,,,,,,,,,,,,False
21142841000103,Reauto Servicos E Comercio De Pecas Para Veiculos Ltda,Não Indústria,4.Micro,Comércio a varejo de peças e acessórios novos para veículos automotores,Migração,True,False,False,SOMENTE SESI,1,,,,,,,,,,,,,,,,,,,False
21169943000112,Neri Coelho Estetica E Beleza Ltda,Não Indústria,4.Micro,Outras atividades de tratamento de beleza,Migração,True,False,False,SOMENTE SESI,1,,,,,,,,,,,,,,,,,,,False
21278824000106,Solo Agropecuaria E Participacoes Ltda,Nao Industria,3.Pequena,Cultivo de cana-de-açúcar,Proposta,False,True,False,SOMENTE SENAI,1,,,,,,,,,,,,,,,,,,,False
21315683000146,Lages E Albuquerque Ltda,Indústria,4.Micro,Fabricação de laticínios,Migração,True,False,False,SOMENTE SESI,1,ATIVA,LAGES ALBUQUERQUE AGROPECUARIA LTDA.,INDÚSTRIA,Fabricacao de laticinios,PEQUENO PORTE,Pilar,21315683000146.0,,1052-0/00,1052000.0,10.0,C,Industria de transformacao,Alimentos,True,False,SIM,NÃO ATENDIDA,True
21316170000150,Sanama - Saneamento Alta Maceio S/a,Indústria,2.Média,Gestão de redes de esgoto,Proposta,True,False,False,SOMENTE SESI,1,ATIVA,SANAMA - SANEAMENTO ALTA MACEIO S/A,INDÚSTRIA,Gestao de redes de esgoto,DEMAIS,Maceió,21316170000150.0,,3701-1/00,3701100.0,37.0,E,"Agua, esgoto e residuos",Esgoto e atividades relacionadas,True,False,NAO,FORA DO ESCOPO SEBRAE,True
21344990000155,Tjm Pre-moldados Ltda,Industria | Indústria,3.Pequena,"Fabricação de estruturas pré-moldadas de concreto armado, em série e sob encomenda",Migração,True,True,True,SESI + SENAI,2,ATIVA,TJM PRE-MOLDADOS LTDA,INDÚSTRIA,"Fabricacao de estruturas pre moldadas de concreto armado, em serie e sob encomenda",PEQUENO PORTE,Rio Largo,21344990000155.0,21344990000155.0,2330-3/01,2330301.0,23.0,C,Industria de transformacao,Produtos de minerais nao-metalicos,True,False,SIM,NÃO ATENDIDA,True
21432103000281,Naturalle Tratamento De Residuos Ltda,Industria,1.Grande,Tratamento e disposição de resíduos não-perigosos,Proposta,False,True,False,SOMENTE SENAI,1,ATIVA,NATURALLE TRATAMENTO DE RESIDUOS LTDA,INDÚSTRIA,Tratamento e disposicao de residuos nao perigosos,DEMAIS,Maceió,21432103000281.0,21432103000281.0,3821-1/00,3821100.0,38.0,E,"Agua, esgoto e residuos",Coleta e tratamento de residuos,True,False,NAO,FORA DO ESCOPO SEBRAE,True
21525643000129,Socitec Servicos Tecnicos Em Instalacoes Ltda,Indústria,3.Pequena,"Instalação de portas, janelas, tetos, divisórias e armários embutidos de qualquer material",Migração,True,False,False,SOMENTE SESI,1,ATIVA,SOCITEC SERVICOS TECNICOS EM INSTALACOES LTDA,INDÚSTRIA,"Instalacao de portas, janelas, tetos, divisorias e armarios embutidos de qualquer material",PEQUENO PORTE,Maceió,21525643000129.0,,4330-4/02,4330402.0,43.0,F,Construcao,Servicos especializados para construcao,True,False,SIM,NÃO ATENDIDA,True
21583852000129,Parmegianno Iate Club Ltda,Não Indústria,3.Pequena,Restaurantes e similares,Migração,True,False,False,SOMENTE SESI,1,,,,,,,,,,,,,,,,,,,False
21603692000132,J P Da Silva Gregorio,Indústria,4.Micro,FABRICAÇÃO DE PRODUTOS DE PANIFICAÇÃO INDUSTRIAL,Migração,True,False,False,SOMENTE SESI,1,ATIVA,J P DA SILVA GREGORIO,INDÚSTRIA,Fabricacao de produtos de padaria e confeitaria com predominancia de producao propria,MICRO EMPRESA,Maceió,21603692000132.0,,1091-1/02,1091102.0,10.0,C,Industria de transformacao,Alimentos,True,False,SIM,NÃO ATENDIDA,True
21652038000119,Azevedo Soares Ind. E Com. De Argamassa Ltda,Industria,3.Pequena,Preparação de massa de concreto e argamassa para construção,Proposta,False,True,False,SOMENTE SENAI,1,ATIVA,AZEVEDO SOARES IND. E COM. DE ARGAMASSA LTDA,INDÚSTRIA,Preparacao de massa de concreto e argamassa para construcao,DEMAIS,Arapiraca,,21652038000119.0,2330-3/05,2330305.0,23.0,C,Industria de transformacao,Produtos de minerais nao-metalicos,True,False,SIM,NÃO ATENDIDA,True
21656926000100,Lucelena Da Rocha Vanderlei,Industria,4.Micro,Fabricação de biscoitos e bolachas,Proposta,False,True,False,SOMENTE SENAI,1,ATIVA,LUCELENA DA ROCHA VANDERLEI,INDÚSTRIA,Fabricacao de biscoitos e bolachas,MICRO EMPRESA,Maragogi,,,1092-9/00,1092900.0,10.0,C,Industria de transformacao,Alimentos,True,False,SIM,NÃO ATENDIDA,True
21675045000136,Antonio Da Silva,Indústria,4.Micro,Instalação e manutenção elétrica,Migração,True,False,False,SOMENTE SESI,1,ATIVA,ANTONIO DA SILVA SERVICOS LTDA,INDÚSTRIA,Instalacao e manutencao eletrica,MICRO EMPRESA,Maceió,21675045000136.0,,4321-5/00,4321500.0,43.0,F,Construcao,Servicos especializados para construcao,True,False,SIM,NÃO ATENDIDA,True
21717134000106,Mak Sorveteria Ltda,Nao Industria,4.Micro,"Lanchonetes, casas de chá, de sucos e similares",Proposta,False,True,False,SOMENTE SENAI,1,,,,,,,,,,,,,,,,,,,False
21849960000109,M4 Pinturas Ltda,Indústria,4.Micro,Serviços de pintura de edifícios em geral,Migração,True,False,False,SOMENTE SESI,1,ATIVA,M4 PINTURAS LTDA,INDÚSTRIA,Servicos de pintura de edificios em geral,MICRO EMPRESA,Maceió,21849960000109.0,,4330-4/04,4330404.0,43.0,F,Construcao,Servicos especializados para construcao,True,False,SIM,NÃO ATENDIDA,True
21870171000141,Daniel De Oliveira Silva,Indústria,4.Micro,"Confecção, sob medida, de roupas profissionais",Migração,True,False,False,SOMENTE SESI,1,ATIVA,DANIEL DE OLIVEIRA SILVA,INDÚSTRIA,"Confeccao, sob medida, de roupas profissionais",MICRO EMPRESA,Arapiraca,21870171000141.0,,1413-4/02,1413402.0,14.0,C,Industria de transformacao,Confeccao de vestuario e acessorios,True,False,SIM,NÃO ATENDIDA,True
21876488000195,E3fix Engenharia Ltda,Indústria,4.Micro,Serviços de engenharia,Migração,True,False,False,SOMENTE SESI,1,ATIVA,E3FIX ENGENHARIA LTDA,INDÚSTRIA,Servicos de engenharia,MICRO EMPRESA,Maceió,21876488000195.0,,7112-0/00,7112000.0,71.0,M,Atividades profissionais e tecnicas,Atividades profissionais e tecnicas,False,False,NAO,FORA DO ESCOPO SEBRAE,True
21935123000194,Annalyce Soares De Melo,Não Indústria,4.Micro,"Comércio varejista de mercadorias em geral, com predominância de produtos alimentícios - minimercados, mercearias e armazéns",Migração,True,False,False,SOMENTE SESI,1,,,,,,,,,,,,,,,,,,,False
22053818000105,Condominio Residencial Mediterraneo Oestes,Não Indústria,4.Micro,Condomínios prediais,Migração,True,False,False,SOMENTE SESI,1,,,,,,,,,,,,,,,,,,,False
22127049000142,G Rodrigues Ramos,Indústria,4.Micro,Instalação e manutenção elétrica,Migração,True,False,False,SOMENTE SESI,1,ATIVA,G RODRIGUES RAMOS LTDA,INDÚSTRIA,Instalacao e manutencao eletrica,MICRO EMPRESA,Arapiraca,22127049000142.0,,4321-5/00,4321500.0,43.0,F,Construcao,Servicos especializados para construcao,True,False,SIM,NÃO ATENDIDA,True
22195075000108,Mundial Granitos E Marmores Ltda,Indústria,4.Micro,"Aparelhamento de placas e execução de trabalhos em mármore, granito, ardósia e outras pedras",Migração,True,False,False,SOMENTE SESI,1,ATIVA,MUNDIAL GRANITOS E MARMORES LTDA,INDÚSTRIA,"Aparelhamento de placas e execucao de trabalhos em marmore, granito, ardosia e outras pedras",MICRO EMPRESA,Maceió,22195075000108.0,22195075000108.0,2391-5/03,2391503.0,23.0,C,Industria de transformacao,Produtos de minerais nao-metalicos,True,False,SIM,NÃO ATENDIDA,True
22213186000108,Pysf Concretos E Argamassas Ltda,Indústria,3.Pequena,Preparação de massa de concreto e argamassa para construção,Migração,True,False,False,SOMENTE SESI,1,ATIVA,PYSF CONCRETOS E ARGAMASSAS LTDA,INDÚSTRIA,Preparacao de massa de concreto e argamassa para construcao,MICRO EMPRESA,Maceió,22213186000108.0,,2330-3/05,2330305.0,23.0,C,Industria de transformacao,Produtos de minerais nao-metalicos,True,False,SIM,NÃO ATENDIDA,True
22318086000138,Ana Maria Soares De Lima,Indústria,4.Micro,Fabricação de laticínios,Migração,True,False,False,SOMENTE SESI,1,ATIVA,ANA MARIA SOARES DE LIMA,INDÚSTRIA,Fabricacao de laticinios,MICRO EMPRESA,Batalha,22318086000138.0,,1052-0/00,1052000.0,10.0,C,Industria de transformacao,Alimentos,True,False,SIM,NÃO ATENDIDA,True
22341335000106,Cruz E Correia Industria De Sorvetes Ltda,Industria | Indústria,4.Micro,Fabricação de sorvetes e outros gelados comestíveis,Migração | Proposta,True,True,True,SESI + SENAI,2,ATIVA,CRUZ E CORREIA INDUSTRIA DE SORVETES LTDA,INDÚSTRIA,Fabricacao de sorvetes e outros gelados comestiveis,PEQUENO PORTE,Maceió,22341335000106.0,22341335000106.0,1053-8/00,1053800.0,10.0,C,Industria de transformacao,Alimentos,True,False,SIM,NÃO ATENDIDA,True
22442829000187,Jeizeanne De Gusmao Gomes Ltda,Não Indústria,4.Micro,Comércio varejista de hortifrutigranjeiros,Migração,True,False,False,SOMENTE SESI,1,,,,,,,,,,,,,,,,,,,False
22476571000130,Evolution Locadora Comercio E Servicos Ltda,Não Indústria,3.Pequena,Gestão e administração da propriedade imobiliária,Migração,True,False,False,SOMENTE SESI,1,,,,,,,,,,,,,,,,,,,False
22503169000105,Marinho Polimeros Ltda,Indústria,4.Micro,Fabricação de resinas termoplásticas,Migração,True,False,False,SOMENTE SESI,1,ATIVA,MARINHO POLIMEROS LTDA,INDÚSTRIA,Fabricacao de resinas termoplasticas,MICRO EMPRESA,Maceió,22503169000105.0,,2031-2/00,2031200.0,20.0,C,Industria de transformacao,Produtos quimicos,True,False,SIM,NÃO ATENDIDA,True
22556184000103,Alessandra Oliveira Dos Santos,Indústria,4.Micro,Serviços de comunicação multimídia - SCM,Migração,True,False,False,SOMENTE SESI,1,ATIVA,JNETCOM TECNOLOGIA LTDA,INDÚSTRIA,Servicos de comunicacao multimidia - scm,PEQUENO PORTE,Maceió,22556184000103.0,,6110-8/03,6110803.0,61.0,J,Informacao e comunicacao,Informacao e comunicacao,False,False,NAO,FORA DO ESCOPO SEBRAE,True
22632851000190,Ganhar Brasil Franchising S/s Ltda,Nao Industria,4.Micro,Treinamento em desenvolvimento profissional e gerencial,Proposta,False,True,False,SOMENTE SENAI,1,,,,,,,,,,,,,,,,,,,False
22648664000102,Vila Materna Ltda,Não Indústria,4.Micro,Outras atividades de serviços pessoais não especificadas anteriormente,Migração,True,False,False,SOMENTE SESI,1,,,,,,,,,,,,,,,,,,,False
22763714000194,Mrs Cerveja Do Nordeste Ltda,Indústria,4.Micro,Fabricação de cervejas e chopes,Migração,True,False,False,SOMENTE SESI,1,ATIVA,MRS CERVEJA DO NORDESTE LTDA,INDÚSTRIA,Fabricacao de cervejas e chopes,PEQUENO PORTE,Murici,22763714000194.0,,1113-5/02,1113502.0,11.0,C,Industria de transformacao,Bebidas,True,False,SIM,NÃO ATENDIDA,True
22779724000118,Kch Comercio De Laticinios Ltda,Industria | Indústria,3.Pequena,Fabricação de laticínios,Migração | Proposta,True,True,True,SESI + SENAI,2,ATIVA,KCH COMERCIO DE LATICINIOS LTDA,INDÚSTRIA,Fabricacao de laticinios,MICRO EMPRESA,Monteirópolis,22779724000118.0,22779724000118.0,1052-0/00,1052000.0,10.0,C,Industria de transformacao,Alimentos,True,False,SIM,NÃO ATENDIDA,True
22821129000101,Zampieri Alugueis Ltda,Não Indústria,4.Micro,Gestão e administração da propriedade imobiliária,Migração,True,False,False,SOMENTE SESI,1,,,,,,,,,,,,,,,,,,,False
22844896000128,S. Paula Guimaraes Amaral,Não Indústria,4.Micro,Atividades de cobrança e informações cadastrais,Migração,True,False,False,SOMENTE SESI,1,,,,,,,,,,,,,,,,,,,False
22862086000102,Panificacao Alvorada Ii Ltda,Industria | Indústria,3.Pequena,FABRICAÇÃO DE PRODUTOS DE PANIFICAÇÃO INDUSTRIAL,Migração | Proposta,True,True,True,SESI + SENAI,2,ATIVA,PANIFICACAO ALVORADA II LTDA,INDÚSTRIA,Fabricacao de produtos de padaria e confeitaria com predominancia de producao propria,MICRO EMPRESA,Maceió,22862086000102.0,22862086000102.0,1091-1/02,1091102.0,10.0,C,Industria de transformacao,Alimentos,True,False,SIM,NÃO ATENDIDA,True
22866960000171,Kod Engenharia Ltda,Indústria,3.Pequena,Serviços de engenharia,Migração,True,False,False,SOMENTE SESI,1,ATIVA,KOD ENGENHARIA LTDA,INDÚSTRIA,Servicos de engenharia,PEQUENO PORTE,Marechal Deodoro,22866960000171.0,,7112-0/00,7112000.0,71.0,M,Atividades profissionais e tecnicas,Atividades profissionais e tecnicas,False,False,NAO,FORA DO ESCOPO SEBRAE,True
22975605000130,R S L Policarpo Contrucoes,Não Indústria,4.Micro,Comércio varejista de materiais de construção em geral,Migração,True,False,False,SOMENTE SESI,1,,,,,,,,,,,,,,,,,,,False
23057444000169,A.s Car Repintura Automotiva Ltda,Indústria,4.Micro,Serviços de lanternagem ou funilaria e pintura de veículos automotores,Migração,True,False,False,SOMENTE SESI,1,ATIVA,A.S CAR REPINTURA AUTOMOTIVA LTDA,INDÚSTRIA,Servicos de lanternagem ou funilaria e pintura de veiculos automotores,PEQUENO PORTE,Maceió,23057444000169.0,,4520-0/02,4520002.0,45.0,G,Comercio e reparacao de veiculos,Comercio e reparacao de veiculos,False,False,NAO,FORA DO ESCOPO SEBRAE,True
23093434000260,Riomar Trading Ltda,Não Indústria,4.Micro,"Comércio atacadista de mercadorias em geral, sem predominância de alimentos ou de insumos agropecuários",Migração,True,False,False,SOMENTE SESI,1,,,,,,,,,,,,,,,,,,,False
23233451000174,A P Cezar & Cia Ltda,Não Indústria,4.Micro,Comércio a varejo de peças e acessórios novos para veículos automotores,Migração,True,False,False,SOMENTE SESI,1,,,,,,,,,,,,,,,,,,,False
23238400000135,Rc Pre-moldados Master Ltda,Indústria,3.Pequena,Fabricação de artefatos de cimento para uso na construção,Migração,True,False,False,SOMENTE SESI,1,ATIVA,RC PRE-MOLDADOS MASTER LTDA,INDÚSTRIA,Fabricacao de artefatos de cimento para uso na construcao,PEQUENO PORTE,Maceió,23238400000135.0,,2330-3/02,2330302.0,23.0,C,Industria de transformacao,Produtos de minerais nao-metalicos,True,False,SIM,NÃO ATENDIDA,True
23275905000170,Bem Estar Nutricao Clinica E Estetica S/s Ltda,Não Indústria,4.Micro,Atividades de profissionais da nutrição,Migração,True,False,False,SOMENTE SESI,1,,,,,,,,,,,,,,,,,,,False
23399809000133,S. A. De Souza Direcoes Hidraulicas,Industria,4.Micro,"Manutenção e reparação de equipamentos hidráulicos e pneumáticos, exceto válvulas",Proposta,False,True,False,SOMENTE SENAI,1,ATIVA,S. A. DE SOUZA DIRECOES HIDRAULICAS,INDÚSTRIA,"Manutencao e reparacao de equipamentos hidraulicos e pneumaticos, exceto valvulas",MICRO EMPRESA,Arapiraca,,23399809000133.0,3314-7/02,3314702.0,33.0,C,Industria de transformacao,"Manutencao, reparacao e instalacao de maquinas",True,False,SIM,NÃO ATENDIDA,True
23452238002016,Dvg Industrial S.a.,Industria | Indústria,3.Pequena,"Fabricação de artefatos de material plástico para uso na construção, exceto tubos e acessórios",Migração | Proposta,True,True,True,SESI + SENAI,2,ATIVA,DVG INDUSTRIAL S.A.,INDÚSTRIA,"Fabricacao de artefatos de material plastico para uso na construcao, exceto tubos e acessorios",DEMAIS,Marechal Deodoro,23452238002016.0,23452238002016.0,2229-3/03,2229303.0,22.0,C,Industria de transformacao,Borracha e material plastico,True,False,SIM,NÃO ATENDIDA,True
23499339000180,Beeva Industria Comercio E Exportacao De Mel E Derivados S/a,Indústria,3.Pequena,Fabricação de outros produtos alimentícios não especificados anteriormente,Migração,True,False,False,SOMENTE SESI,1,,,,,,,,,,,,,,,,,,,False
23524040000138,Braspowertech Solucoes Tecnologicas Ltda,Indústria,4.Micro,"Fabricação de aparelhos e equipamentos de medida, teste e controle",Proposta,True,False,False,SOMENTE SESI,1,,,,,,,,,,,,,,,,,,,False
23571419000107,Jael Engenharia Ltda,Industria,4.Micro,Serviços de engenharia,Proposta,False,True,False,SOMENTE SENAI,1,,,,,,,,,,,,,,,,,,,False
23585778000105,Sbv Solucoes Ambientais Ltda,Industria,2.Média,"Obras portuárias, marítimas e fluviais",Proposta,False,True,False,SOMENTE SENAI,1,,,,,,,,,,,,,,,,,,,False
23619452000151,Maucon Empreendimentos Ltda,Não Indústria,3.Pequena,Hotéis,Migração,True,False,False,SOMENTE SESI,1,,,,,,,,,,,,,,,,,,,False
23693654000143,"Indumaster - Maquinas, Equipamentos E Manutencao Ltda",Industria | Indústria,3.Pequena,"Manutenção e reparação de máquinas e equipamentos para as indústrias de alimentos, bebidas e fumo",Migração | Proposta,True,True,True,SESI + SENAI,2,ATIVA,"INDUMASTER - MAQUINAS, EQUIPAMENTOS E MANUTENCAO LTDA",INDÚSTRIA,"Manutencao e reparacao de maquinas e equipamentos para as industrias de alimentos, bebidas e fumo",MICRO EMPRESA,Limoeiro de Anadia,23693654000143.0,23693654000143.0,3314-7/19,3314719.0,33.0,C,Industria de transformacao,"Manutencao, reparacao e instalacao de maquinas",True,False,SIM,NÃO ATENDIDA,True
23720921000124,Stx Energia Ltda,Indústria,3.Pequena,Serviços de engenharia,Proposta,True,False,False,SOMENTE SESI,1,,,,,,,,,,,,,,,,,,,False
23784607000105,J V P Da Silva,Indústria,4.Micro,Provedores de acesso às redes de comunicações,Migração,True,False,False,SOMENTE SESI,1,ATIVA,J V P DA SILVA,INDÚSTRIA,Provedores de acesso as redes de comunicacoes,MICRO EMPRESA,Maceió,23784607000105.0,,6190-6/01,6190601.0,61.0,J,Informacao e comunicacao,Informacao e comunicacao,False,False,NAO,FORA DO ESCOPO SEBRAE,True
23803052000100,Fortfit Academia Ltda,Não Indústria,4.Micro,Atividades de condicionamento físico,Migração,True,False,False,SOMENTE SESI,1,,,,,,,,,,,,,,,,,,,False
23803052000282,Fortfit Academia Ltda,Não Indústria,4.Micro,Atividades de condicionamento físico,Migração,True,False,False,SOMENTE SESI,1,,,,,,,,,,,,,,,,,,,False
23856827000105,"Pontes, Marinho E Vasconcellos Advogados",Não Indústria,4.Micro,Serviços advocatícios,Migração,True,False,False,SOMENTE SESI,1,,,,,,,,,,,,,,,,,,,False
23878186000181,Centro De Educacao Infantil Bilingue Ltda,Não Indústria,3.Pequena,Ensino de idiomas,Migração,True,False,False,SOMENTE SESI,1,,,,,,,,,,,,,,,,,,,False
23883380000155,Atmmpaes Comercio De Produtos De Nutricao Esportiva E Funcional Ltda,Não Indústria,4.Micro,Comércio varejista de produtos alimentícios em geral ou especializado em produtos alimentícios não especificados anteriormente,Migração,True,False,False,SOMENTE SESI,1,,,,,,,,,,,,,,,,,,,False
23953373000182,Bahia Industria De Subprodutos Animais Ltda,Indústria,3.Pequena,Preparação de subprodutos do abate,Migração,True,False,False,SOMENTE SESI,1,,,,,,,,,,,,,,,,,,,False
24111914000198,Pedro Locacoes Ltda,Não Indústria,4.Micro,"Aluguel de palcos, coberturas e outras estruturas de uso temporário, exceto andaimes",Migração,True,False,False,SOMENTE SESI,1,,,,,,,,,,,,,,,,,,,False
24146840000125,Donna Lai Salgados Ltda,Industria,4.Micro,Fabricação de alimentos e pratos prontos,Migração,False,True,False,SOMENTE SENAI,1,ATIVA,DONNA LAI SALGADOS LTDA,INDÚSTRIA,Fabricacao de alimentos e pratos prontos,MICRO EMPRESA,Maceió,,24146840000125.0,1096-1/00,1096100.0,10.0,C,Industria de transformacao,Alimentos,True,False,SIM,NÃO ATENDIDA,True
24166316000116,Iplac Industria Plastica Caetes Ltda,Indústria,1.Grande,Fabricação de artefatos de material plástico para uso pessoal e doméstico,Migração,True,False,False,SOMENTE SESI,1,ATIVA,IPLAC INDUSTRIA PLASTICA CAETES LTDA,INDÚSTRIA,Fabricacao de artefatos de material plastico para uso pessoal e domestico,DEMAIS,Maceió,24166316000116.0,24166316000116.0,2229-3/01,2229301.0,22.0,C,Industria de transformacao,Borracha e material plastico,True,False,SIM,NÃO ATENDIDA,True
24166316000205,Iplac Industria Plastica Caetes Ltda,Indústria,2.Média,Fabricação de artefatos de material plástico para uso pessoal e doméstico,Migração,True,False,False,SOMENTE SESI,1,ATIVA,IPLAC INDUSTRIA PLASTICA CAETES LTDA,INDÚSTRIA,Fabricacao de artefatos de material plastico para uso pessoal e domestico,DEMAIS,Maceió,24166316000205.0,,2229-3/01,2229301.0,22.0,C,Industria de transformacao,Borracha e material plastico,True,False,SIM,NÃO ATENDIDA,True
24174070000124,Record Planejamento E Construcao Ltda,Industria | Indústria,3.Pequena,Construção de edifícios,Migração | Proposta,True,True,True,SESI + SENAI,2,ATIVA,RECORD PLANEJAMENTO E CONSTRUCAO LTDA,INDÚSTRIA,Construcao de edificios,DEMAIS,Maceió,24174070000124.0,24174070000124.0,4120-4/00,4120400.0,41.0,F,Construcao,Construcao de edificios,True,False,SIM,NÃO ATENDIDA,True
24194249000143,P C Assessoria Empresarial Ltda,Não Indústria,3.Pequena,Seleção e agenciamento de mão-de-obra,Migração,True,False,False,SOMENTE SESI,1,,,,,,,,,,,,,,,,,,,False
24208048000158,Ferbras Ferragens Brasil Ltda,Não Indústria,4.Micro,Comércio varejista de ferragens e ferramentas,Migração,True,False,False,SOMENTE SESI,1,,,,,,,,,,,,,,,,,,,False
24239931000105,Ibratin Nordeste Ltda,Industria | Indústria,3.Pequena,"Fabricação de tintas, vernizes, esmaltes e lacas",Migração | Proposta,True,True,True,SESI + SENAI,2,ATIVA,IBRATIN NORDESTE LTDA,INDÚSTRIA,"Fabricacao de tintas, vernizes, esmaltes e lacas",DEMAIS,Maceió,24239931000105.0,24239931000105.0,2071-1/00,2071100.0,20.0,C,Industria de transformacao,Produtos quimicos,True,False,SIM,NÃO ATENDIDA,True
24244972000190,Condominio Do Edificio Curima,Não Indústria,4.Micro,Condomínios prediais,Migração,True,False,False,SOMENTE SESI,1,,,,,,,,,,,,,,,,,,,False
24245219000119,Condominio Maceio Shopping Center,Nao Industria,2.Média,Condomínios prediais,Proposta,False,True,False,SOMENTE SENAI,1,,,,,,,,,,,,,,,,,,,False
24250342000128,Aplimac Aplicadora Maceio Ltda,Industria,3.Pequena,Serviços de pintura de edifícios em geral,Proposta,False,True,False,SOMENTE SENAI,1,ATIVA,APLIMAC APLICADORA MACEIO LTDA,INDÚSTRIA,Servicos de pintura de edificios em geral,PEQUENO PORTE,Maceió,,24250342000128.0,4330-4/04,4330404.0,43.0,F,Construcao,Servicos especializados para construcao,True,False,SIM,NÃO ATENDIDA,True
24250813000106,Jose Bepe Guedes De Luna,Não Indústria,4.Micro,Outros alojamentos não especificados anteriormente,Migração,True,False,False,SOMENTE SESI,1,,,,,,,,,,,,,,,,,,,False
24251530000170,Tavares E Barros Ltda,Indústria,4.Micro,FABRICAÇÃO DE PRODUTOS DE PANIFICAÇÃO INDUSTRIAL,Migração,True,False,False,SOMENTE SESI,1,ATIVA,TAVARES E BARROS LTDA,INDÚSTRIA,Fabricacao de produtos de padaria e confeitaria com predominancia de producao propria,MICRO EMPRESA,Palmeira dos Índios,24251530000170.0,,1091-1/02,1091102.0,10.0,C,Industria de transformacao,Alimentos,True,False,SIM,NÃO ATENDIDA,True
24252447000116,Teknol Eletronica Industrial Ltda,Industria,3.Pequena,"Manutenção e reparação de máquinas, aparelhos e materiais elétricos não especificados anteriormente",Proposta,False,True,False,SOMENTE SENAI,1,ATIVA,TEKNOL ELETRONICA INDUSTRIAL LTDA,INDÚSTRIA,"Manutencao e reparacao de maquinas, aparelhos e materiais eletricos nao especificados anteriormente",DEMAIS,Pilar,,24252447000116.0,3313-9/99,3313999.0,33.0,C,Industria de transformacao,"Manutencao, reparacao e instalacao de maquinas",True,False,SIM,NÃO ATENDIDA,True
24285302000111,Visgueiro & Magalhaes Ltda,Indústria,4.Micro,Fabricação de estruturas metálicas,Migração,True,False,False,SOMENTE SESI,1,ATIVA,VISGUEIRO & MAGALHAES LTDA,INDÚSTRIA,Fabricacao de estruturas metalicas,PEQUENO PORTE,Maceió,24285302000111.0,24285302000111.0,2511-0/00,2511000.0,25.0,C,Industria de transformacao,Produtos de metal (exceto maquinas),True,False,SIM,NÃO ATENDIDA,True
24307233000108,Panificadora E Lanchonete Rio Branco Ltda,Industria | Indústria,3.Pequena,FABRICAÇÃO DE PRODUTOS DE PADARIA E CONFEITARIA COM PREDOMINÂNCIA DE PRODUÇÃO PRÓPRIA,Migração | Proposta,True,True,True,SESI + SENAI,2,ATIVA,PANIFICADORA E LANCHONETE RIO BRANCO LTDA,INDÚSTRIA,Fabricacao de produtos de panificacao industrial,PEQUENO PORTE,Arapiraca,24307233000108.0,24307233000108.0,1091-1/00,1091100.0,10.0,C,Industria de transformacao,Alimentos,True,False,SIM,NÃO ATENDIDA,True
24312944000162,Cooperativa Mista Radio Tele Taxi De Maceio Ltda,Não Indústria,4.Micro,Outras atividades associativas profissionais,Migração,True,False,False,SOMENTE SESI,1,,,,,,,,,,,,,,,,,,,False
24313827000113,Comlub Comercial De Lubrificantes S.a.,Não Indústria,3.Pequena,Comércio atacadista de lubrificantes,Migração,True,False,False,SOMENTE SESI,1,,,,,,,,,,,,,,,,,,,False
24321382000202,Luna L Nunes Avicola Ltda,Indústria,3.Pequena,Fabricação de alimentos para animais,Migração,True,False,False,SOMENTE SESI,1,ATIVA,LUNA L NUNES AVICOLA LTDA,INDÚSTRIA,Fabricacao de alimentos para animais,DEMAIS,Arapiraca,24321382000202.0,,1066-0/00,1066000.0,10.0,C,Industria de transformacao,Alimentos,True,False,SIM,NÃO ATENDIDA,True
24321382000385,Luna L Nunes Avicola Ltda,Não Indústria,4.Micro,Produção de ovos,Migração,True,False,False,SOMENTE SESI,1,,,,,,,,,,,,,,,,,,,False
24322398000302,Especiarya Industria E Comercio Ltda,Indústria,3.Pequena,FABRICAÇÃO DE PRODUTOS DE PADARIA E CONFEITARIA COM PREDOMINÂNCIA DE PRODUÇÃO PRÓPRIA,Proposta,True,False,False,SOMENTE SESI,1,ATIVA,ESPECIARYA INDUSTRIA E COMERCIO LTDA,INDÚSTRIA,Fabricacao de produtos de panificacao industrial,DEMAIS,Maceió,24322398000302.0,,1091-1/00,1091100.0,10.0,C,Industria de transformacao,Alimentos,True,False,SIM,NÃO ATENDIDA,True
24326589000180,System Tours Viagens E Turismo Ltda,Não Indústria,4.Micro,Agências de viagens,Migração,True,False,False,SOMENTE SESI,1,,,,,,,,,,,,,,,,,,,False
24328700000178,Lares Construcoes Ltda,Industria | Indústria,2.Média,Construção de edifícios,Migração | Proposta,True,True,True,SESI + SENAI,2,ATIVA,LARES CONSTRUCOES LTDA,INDÚSTRIA,Construcao de edificios,DEMAIS,Maceió,24328700000178.0,24328700000178.0,4120-4/00,4120400.0,41.0,F,Construcao,Construcao de edificios,True,False,SIM,NÃO ATENDIDA,True
24341378000117,Toracica Alagoas Servicos Medicos Ltda,Não Indústria,4.Micro,"Atividades de atendimento hospitalar, exceto pronto-socorro e unidades para atendimento a urgências",Migração,True,False,False,SOMENTE SESI,1,,,,,,,,,,,,,,,,,,,False
24353188000110,Ruca Comercio De Alimentos Ltda,Industria,3.Pequena,FABRICAÇÃO DE PRODUTOS DE PANIFICAÇÃO INDUSTRIAL,Proposta,False,True,False,SOMENTE SENAI,1,ATIVA,RUCA COMERCIO DE ALIMENTOS LTDA,INDÚSTRIA,Fabricacao de produtos de padaria e confeitaria com predominancia de producao propria,PEQUENO PORTE,Maceió,,24353188000110.0,1091-1/02,1091102.0,10.0,C,Industria de transformacao,Alimentos,True,False,SIM,NÃO ATENDIDA,True
24408420000170,Multpaes Fabricacao De Paes Ltda,Industria,3.Pequena,FABRICAÇÃO DE PRODUTOS DE PADARIA E CONFEITARIA COM PREDOMINÂNCIA DE PRODUÇÃO PRÓPRIA,Proposta,False,True,False,SOMENTE SENAI,1,ATIVA,MULTPAES FABRICACAO DE PAES LTDA,INDÚSTRIA,Fabricacao de produtos de padaria e confeitaria com predominancia de producao propria,MICRO EMPRESA,Maceió,,24408420000170.0,1091-1/02,1091102.0,10.0,C,Industria de transformacao,Alimentos,True,False,SIM,NÃO ATENDIDA,True
24447770002270,"Teixeira Duarte - Engenharia E Construcoes, S.a.",Industria,1.Grande,Construção de edifícios,Proposta,False,True,False,SOMENTE SENAI,1,ATIVA,"TEIXEIRA DUARTE - ENGENHARIA E CONSTRUCOES, S.A.",INDÚSTRIA,Construcao de edificios,DEMAIS,Maceió,,24447770002270.0,4120-4/00,4120400.0,41.0,F,Construcao,Construcao de edificios,True,False,SIM,NÃO ATENDIDA,True
24463812000131,Condominio Do Edificio Costa Do Sol,Não Indústria,4.Micro,Condomínios prediais,Migração,True,False,False,SOMENTE SESI,1,,,,,,,,,,,,,,,,,,,False
24464315000158,Assoc Dos Servidores Inat Do Fisco Do Estado De Alagoas,Não Indústria,4.Micro,Atividades de associações de defesa de direitos sociais,Migração,True,False,False,SOMENTE SESI,1,,,,,,,,,,,,,,,,,,,False
24467896000181,Ccb Engenharia Ltda,Industria,2.Média,"Construção de redes de abastecimento de água, coleta de esgoto e construções correlatas, exceto obras de irrigação",Proposta,False,True,False,SOMENTE SENAI,1,ATIVA,CCB ENGENHARIA LTDA,INDÚSTRIA,"Construcao de redes de abastecimento de agua, coleta de esgoto e construcoes correlatas, exceto obras de irrigacao",PEQUENO PORTE,Maceió,,24467896000181.0,4222-7/01,4222701.0,42.0,F,Construcao,Obras de infraestrutura,True,False,SIM,NÃO ATENDIDA,True
24468522000180,Hotel Costamar Ltda,Não Indústria,2.Média,Hotéis,Proposta,True,False,False,SOMENTE SESI,1,,,,,,,,,,,,,,,,,,,False
24470023000128,Deniz & Cia Ltda,Indústria,4.Micro,"Confecção, sob medida, de peças do vestuário, exceto roupas íntimas",Migração,True,False,False,SOMENTE SESI,1,ATIVA,DENIZ & CIA LTDA,INDÚSTRIA,"Confeccao, sob medida, de pecas do vestuario, exceto roupas intimas",MICRO EMPRESA,Palmeira dos Índios,24470023000128.0,,1412-6/02,1412602.0,14.0,C,Industria de transformacao,Confeccao de vestuario e acessorios,True,False,SIM,NÃO ATENDIDA,True
24480485000126,Engequip Turbinas A Vapor Ltda,Indústria,4.Micro,"Fabricação de máquinas e equipamentos para uso industrial específico não especificados anteriormente, peças e acessórios",Migração,True,False,False,SOMENTE SESI,1,ATIVA,ENGEQUIP TURBINAS A VAPOR LTDA,INDÚSTRIA,"Fabricacao de maquinas e equipamentos para uso industrial especifico nao especificados anteriormente, pecas e acessorios",PEQUENO PORTE,Maceió,24480485000126.0,,2869-1/00,2869100.0,28.0,C,Industria de transformacao,Maquinas e equipamentos,True,False,SIM,NÃO ATENDIDA,True
24482648000100,Preventiva Car Industrial Ltda,Indústria,4.Micro,Fabricação de equipamentos de transporte não especificados anteriormente,Migração,True,False,False,SOMENTE SESI,1,ATIVA,PREVENTIVA CAR INDUSTRIAL LTDA,INDÚSTRIA,Fabricacao de equipamentos de transporte nao especificados anteriormente,PEQUENO PORTE,Maceió,24482648000100.0,,3099-7/00,3099700.0,30.0,C,Industria de transformacao,Outros equip. de transporte,True,False,SIM,NÃO ATENDIDA,True
24483633000166,Santos E Melo Ltda,Não Indústria,4.Micro,Cabeleireiros,Migração,True,False,False,SOMENTE SESI,1,,,,,,,,,,,,,,,,,,,False
24487886000108,Marmogran Industria E Comercio De Marmores E Granitos Ltda,Indústria,4.Micro,"Aparelhamento de placas e execução de trabalhos em mármore, granito, ardósia e outras pedras",Migração,True,False,False,SOMENTE SESI,1,ATIVA,MARMOGRAN INDUSTRIA E COMERCIO DE MARMORES E GRANITOS LTDA,INDÚSTRIA,"Aparelhamento de placas e execucao de trabalhos em marmore, granito, ardosia e outras pedras",PEQUENO PORTE,Maceió,24487886000108.0,,2391-5/03,2391503.0,23.0,C,Industria de transformacao,Produtos de minerais nao-metalicos,True,False,SIM,NÃO ATENDIDA,True
24506839000164,R V I Comercio E Servicos Industriais Ltda,Industria,4.Micro,Manutenção e reparação de válvulas industriais,Proposta,False,True,False,SOMENTE SENAI,1,ATIVA,R V I COMERCIO E SERVICOS INDUSTRIAIS LTDA,INDÚSTRIA,Manutencao e reparacao de valvulas industriais,PEQUENO PORTE,Maceió,,24506839000164.0,3314-7/03,3314703.0,33.0,C,Industria de transformacao,"Manutencao, reparacao e instalacao de maquinas",True,False,SIM,NÃO ATENDIDA,True
24515392000190,A R Lopes Quintino Ltda,Industria,3.Pequena,Construção de edifícios,Proposta,False,True,False,SOMENTE SENAI,1,ATIVA,A R LOPES QUINTINO LTDA,INDÚSTRIA,Construcao de edificios,DEMAIS,Arapiraca,,24515392000190.0,4120-4/00,4120400.0,41.0,F,Construcao,Construcao de edificios,True,False,SIM,NÃO ATENDIDA,True
24575297000181,J. V. F. Gomes Equipadora,Não Indústria,4.Micro,Comércio a varejo de peças e acessórios novos para veículos automotores,Migração,True,False,False,SOMENTE SESI,1,,,,,,,,,,,,,,,,,,,False
24726921000102,Jose Arnaldo Pinheiro De Souza Ltda,Indústria,4.Micro,Serviços de comunicação multimídia - SCM,Migração,True,False,False,SOMENTE SESI,1,ATIVA,JOSE ARNALDO PINHEIRO DE SOUZA LTDA,INDÚSTRIA,Servicos de comunicacao multimidia - scm,MICRO EMPRESA,Arapiraca,24726921000102.0,,6110-8/03,6110803.0,61.0,J,Informacao e comunicacao,Informacao e comunicacao,False,False,NAO,FORA DO ESCOPO SEBRAE,True
24736262000187,J W P De Gouveia,Indústria,4.Micro,Impressão de material para uso publicitário,Migração,True,False,False,SOMENTE SESI,1,ATIVA,J W P DE GOUVEIA,INDÚSTRIA,Impressao de material para uso publicitario,MICRO EMPRESA,Maceió,24736262000187.0,,1813-0/01,1813001.0,18.0,C,Industria de transformacao,Impressao e reproducao de gravacoes,True,False,SIM,NÃO ATENDIDA,True
24751061000159,T Z Confeccoes Ltda,Indústria,4.Micro,"Confecção de peças do vestuário, exceto roupas íntimas e as confeccionadas sob medida",Migração,True,False,False,SOMENTE SESI,1,ATIVA,T Z CONFECCOES LTDA,INDÚSTRIA,"Confeccao de pecas de vestuario, exceto roupas intimas e as confeccionadas sob medida",MICRO EMPRESA,Maceió,24751061000159.0,,1412-6/01,1412601.0,14.0,C,Industria de transformacao,Confeccao de vestuario e acessorios,True,False,SIM,NÃO ATENDIDA,True
24830240000181,Elizabete Pinheiro Queiroz,Não Indústria,4.Micro,Hotéis,Migração,True,False,False,SOMENTE SESI,1,,,,,,,,,,,,,,,,,,,False
24870569000176,Agronegocio Vasconcelos Ltda,Industria | Indústria,3.Pequena,Preparação do leite,Migração | Proposta,True,True,True,SESI + SENAI,2,ATIVA,AGRONEGOCIO VASCONCELOS LTDA,INDÚSTRIA,Preparacao do leite,DEMAIS,Maceió,24870569000176.0,24870569000176.0,1051-1/00,1051100.0,10.0,C,Industria de transformacao,Alimentos,True,False,SIM,NÃO ATENDIDA,True
24883020000116,Rosilene De Lima Moura,Indústria,2.Média,"Serviços de instalação, manutenção e reparação de acessórios para veículos automotores",Migração,True,False,False,SOMENTE SESI,1,ATIVA,ROSILENE DE LIMA MOURA,INDÚSTRIA,"Servicos de instalacao, manutencao e reparacao de acessorios para veiculos automotores",MICRO EMPRESA,Maceió,24883020000116.0,,4520-0/07,4520007.0,45.0,G,Comercio e reparacao de veiculos,Comercio e reparacao de veiculos,False,False,NAO,FORA DO ESCOPO SEBRAE,True
24937152000183,Laikos Solucoes Em Telecomunicacoes Ltda,Indústria,4.Micro,Serviços de comunicação multimídia - SCM,Migração,True,False,False,SOMENTE SESI,1,ATIVA,LAIKOS SOLUCOES EM TELECOMUNICACOES LTDA,INDÚSTRIA,Servicos de comunicacao multimidia - scm,MICRO EMPRESA,Maragogi,24937152000183.0,,6110-8/03,6110803.0,61.0,J,Informacao e comunicacao,Informacao e comunicacao,False,False,NAO,FORA DO ESCOPO SEBRAE,True
24937152000345,Laikos Solucoes Em Telecomunicacoes Ltda,Indústria,4.Micro,Serviços de comunicação multimídia - SCM,Migração,True,False,False,SOMENTE SESI,1,ATIVA,LAIKOS SOLUCOES EM TELECOMUNICACOES LTDA,INDÚSTRIA,Servicos de comunicacao multimidia - scm,MICRO EMPRESA,Quebrangulo,24937152000345.0,,6110-8/03,6110803.0,61.0,J,Informacao e comunicacao,Informacao e comunicacao,False,False,NAO,FORA DO ESCOPO SEBRAE,True
24987856000160,Brazmarmore Industria E Comercio De Marmores E Granito Ltda,Indústria,3.Pequena,"Aparelhamento de placas e execução de trabalhos em mármore, granito, ardósia e outras pedras",Migração,True,False,False,SOMENTE SESI,1,ATIVA,BRAZMARMORE INDUSTRIA E COMERCIO DE MARMORES E GRANITO LTDA,INDÚSTRIA,"Aparelhamento de placas e execucao de trabalhos em marmore, granito, ardosia e outras pedras",MICRO EMPRESA,Maceió,24987856000160.0,,2391-5/03,2391503.0,23.0,C,Industria de transformacao,Produtos de minerais nao-metalicos,True,False,SIM,NÃO ATENDIDA,True
24987939000150,3m Administracao Ltda,Não Indústria,4.Micro,"Albergues, exceto assistenciais",Migração,True,False,False,SOMENTE SESI,1,,,,,,,,,,,,,,,,,,,False
25060853000140,Ello Condominios Ltda,Não Indústria,3.Pequena,Gestão e administração da propriedade imobiliária,Migração,True,False,False,SOMENTE SESI,1,,,,,,,,,,,,,,,,,,,False
25079321000154,Sacramento E Almeida Ltda,Não Indústria,3.Pequena,Restaurantes e similares,Migração,True,False,False,SOMENTE SESI,1,,,,,,,,,,,,,,,,,,,False
25164354000100,Condominio Riacho Doce Residence Flat,Não Indústria,3.Pequena,Condomínios prediais,Migração,True,False,False,SOMENTE SESI,1,,,,,,,,,,,,,,,,,,,False
25245517000171,Consorcio Construtor Alta Maceio,Industria,3.Pequena,"Construção de redes de abastecimento de água, coleta de esgoto e construções correlatas, exceto obras de irrigação",Proposta,False,True,False,SOMENTE SENAI,1,ATIVA,CONSORCIO CONSTRUTOR ALTA MACEIO,INDÚSTRIA,"Construcao de redes de abastecimento de agua, coleta de esgoto e construcoes correlatas, exceto obras de irrigacao",DEMAIS,Maceió,,25245517000171.0,4222-7/01,4222701.0,42.0,F,Construcao,Obras de infraestrutura,True,False,SIM,NÃO ATENDIDA,True
25288252000199,Rodrigues E Souza Alimentos Ltda,Não Indústria,4.Micro,Restaurantes e similares,Migração,True,False,False,SOMENTE SESI,1,,,,,,,,,,,,,,,,,,,False
25422019000157,Bello Gusto Comercio De Alimentos Ltda,Não Indústria,4.Micro,Restaurantes e similares,Migração,True,False,False,SOMENTE SESI,1,,,,,,,,,,,,,,,,,,,False
25422785000111,Juciara Souza Lima Galvao,Não Indústria,4.Micro,Educação infantil - pré-escola,Migração,True,False,False,SOMENTE SESI,1,,,,,,,,,,,,,,,,,,,False
26058879000116,Ab Industria Metalurgica E Comercio Ltda,Industria,4.Micro,Fabricação de esquadrias de metal,Proposta,False,True,False,SOMENTE SENAI,1,ATIVA,AB INDUSTRIA METALURGICA E COMERCIO LTDA,INDÚSTRIA,Fabricacao de esquadrias de metal,DEMAIS,Maceió,,26058879000116.0,2512-8/00,2512800.0,25.0,C,Industria de transformacao,Produtos de metal (exceto maquinas),True,False,SIM,NÃO ATENDIDA,True
26070970000157,Ycb Sampaio Servicos Ltda,Não Indústria,4.Micro,Carga e descarga,Migração,True,False,False,SOMENTE SESI,1,,,,,,,,,,,,,,,,,,,False
26155529000178,Superpaver Asfaltos Ltda,Indústria,3.Pequena,"Obras de urbanização - ruas, praças e calçadas",Migração,True,False,False,SOMENTE SESI,1,ATIVA,SUPERPAVER ASFALTOS LTDA,INDÚSTRIA,"Obras de urbanizacao - ruas, pracas e calcadas",DEMAIS,Maceió,26155529000178.0,26155529000178.0,4213-8/00,4213800.0,42.0,F,Construcao,Obras de infraestrutura,True,False,SIM,NÃO ATENDIDA,True
26212676000132,Vilela Araujo & Cia Ltda,Não Indústria,4.Micro,Comércio varejista de artigos do vestuário e acessórios,Migração,True,False,False,SOMENTE SESI,1,,,,,,,,,,,,,,,,,,,False
26216761000179,Walmir Valenca Sociedade Individual De Advocacia,Não Indústria,4.Micro,Serviços advocatícios,Migração,True,False,False,SOMENTE SESI,1,,,,,,,,,,,,,,,,,,,False
26238109000155,Prime Servicos Automotivos Ltda,Indústria,4.Micro,Serviços de lanternagem ou funilaria e pintura de veículos automotores,Migração,True,False,False,SOMENTE SESI,1,ATIVA,PRIME SERVICOS AUTOMOTIVOS LTDA,INDÚSTRIA,Servicos de lanternagem ou funilaria e pintura de veiculos automotores,MICRO EMPRESA,Maceió,26238109000155.0,,4520-0/02,4520002.0,45.0,G,Comercio e reparacao de veiculos,Comercio e reparacao de veiculos,False,False,NAO,FORA DO ESCOPO SEBRAE,True
26260065000160,Cacau Matriz & Ecoturismo Ltda,Industria | Indústria,4.Micro,Fabricação de produtos derivados do cacau e de chocolates,Migração | Proposta,True,True,True,SESI + SENAI,2,ATIVA,CACAU MATRIZ & ECOTURISMO LTDA,INDÚSTRIA,Fabricacao de produtos derivados do cacau e de chocolates,MICRO EMPRESA,Matriz de Camaragibe,26260065000160.0,26260065000160.0,1093-7/01,1093701.0,10.0,C,Industria de transformacao,Alimentos,True,False,SIM,NÃO ATENDIDA,True
26372008000172,Marinho & Cia Industria De Plasticos Ltda,Indústria,3.Pequena,"Fabricação de móveis de outros materiais, exceto madeira e metal",Migração,True,False,False,SOMENTE SESI,1,ATIVA,MARINHO & CIA INDUSTRIA DE PLASTICOS LTDA,INDÚSTRIA,"Fabricacao de moveis de outros materiais, exceto madeira e metal",DEMAIS,Maceió,26372008000172.0,,3103-9/00,3103900.0,31.0,C,Industria de transformacao,Moveis,True,False,SIM,NÃO ATENDIDA,True
26389015000187,Data Engenharia Ltda,Indústria,4.Micro,"Manutenção e reparação de geradores, transformadores e motores elétricos",Proposta,True,False,False,SOMENTE SESI,1,,,,,,,,,,,,,,,,,,,False
26391611000100,Hop Bros Cervejaria Ltda,Indústria,4.Micro,Fabricação de cervejas e chopes,Migração,True,False,False,SOMENTE SESI,1,ATIVA,HOP BROS CERVEJARIA LTDA,INDÚSTRIA,Fabricacao de cervejas e chopes,PEQUENO PORTE,Maceió,26391611000100.0,26391611000100.0,1113-5/02,1113502.0,11.0,C,Industria de transformacao,Bebidas,True,False,SIM,NÃO ATENDIDA,True
26405315000102,Locanet Telecomunicacoes Ltda,Indústria,4.Micro,Serviços de comunicação multimídia - SCM,Migração,True,False,False,SOMENTE SESI,1,ATIVA,LOCANET TELECOMUNICACOES LTDA,INDÚSTRIA,Servicos de comunicacao multimidia - scm,MICRO EMPRESA,Arapiraca,26405315000102.0,,6110-8/03,6110803.0,61.0,J,Informacao e comunicacao,Informacao e comunicacao,False,False,NAO,FORA DO ESCOPO SEBRAE,True
26430205000109,Gm Prestadora De Servicos Administrativos A Empresas Ltda,Não Indústria,3.Pequena,Preparação de documentos e serviços especializados de apoio administrativo não especificados anteriormente,Migração,True,False,False,SOMENTE SESI,1,,,,,,,,,,,,,,,,,,,False
26479090000139,Industria De Alimentos Compostela Ltda,Industria,2.Média,Fabricação de conservas de frutas,Proposta,False,True,False,SOMENTE SENAI,1,ATIVA,INDUSTRIA DE ALIMENTOS COMPOSTELA LTDA,INDÚSTRIA,Fabricacao de conservas de frutas,DEMAIS,Arapiraca,,26479090000139.0,1031-7/00,1031700.0,10.0,C,Industria de transformacao,Alimentos,True,False,SIM,NÃO ATENDIDA,True
26491141000148,Autopecas Angelo Falcao Ltda,Não Indústria,4.Micro,Comércio a varejo de peças e acessórios novos para veículos automotores,Migração,True,False,False,SOMENTE SESI,1,,,,,,,,,,,,,,,,,,,False
26536432000105,Maragogi Brisa Hotel Ltda,Não Indústria,2.Média,Hotéis,Proposta,True,False,False,SOMENTE SESI,1,,,,,,,,,,,,,,,,,,,False
26600027000109,L Carlos Gomes  Ltda,Industria,4.Micro,Serviços de manutenção e reparação mecânica de veículos automotores,Migração,False,True,False,SOMENTE SENAI,1,ATIVA,L CARLOS GOMES LTDA,INDÚSTRIA,Servicos de manutencao e reparacao mecanica de veiculos automotores,MICRO EMPRESA,Girau do Ponciano,,26600027000109.0,4520-0/01,4520001.0,45.0,G,Comercio e reparacao de veiculos,Comercio e reparacao de veiculos,False,False,NAO,FORA DO ESCOPO SEBRAE,True
26609733000111,Seabra Engenharia E Projetos Ltda,Industria,3.Pequena,Construção de edifícios,Proposta,False,True,False,SOMENTE SENAI,1,ATIVA,SEABRA ENGENHARIA E PROJETOS LTDA,INDÚSTRIA,Construcao de edificios,PEQUENO PORTE,São Miguel dos Campos,,26609733000111.0,4120-4/00,4120400.0,41.0,F,Construcao,Construcao de edificios,True,False,SIM,NÃO ATENDIDA,True
26616606000140,Gd Finance Ltda,Não Indústria,4.Micro,Corretagem na compra e venda e avaliação de imóveis,Migração,True,False,False,SOMENTE SESI,1,,,,,,,,,,,,,,,,,,,False
26688379000168,Podium Comunicacao Visual Ltda,Industria | Indústria,3.Pequena,Impressão de material para uso publicitário,Migração | Proposta,True,True,True,SESI + SENAI,2,ATIVA,PODIUM COMUNICACAO VISUAL LTDA,INDÚSTRIA,Impressao de material para uso publicitario,PEQUENO PORTE,Maceió,26688379000168.0,26688379000168.0,1813-0/01,1813001.0,18.0,C,Industria de transformacao,Impressao e reproducao de gravacoes,True,False,SIM,NÃO ATENDIDA,True
26736810000102,Geoagro Perfuracoes E Sondagens S.a,Indústria,4.Micro,Perfurações e sondagens,Migração,True,False,False,SOMENTE SESI,1,,,,,,,,,,,,,,,,,,,False
26773483000150,Newplast Industria E Comercio De Embalagens Ltda,Industria | Indústria,2.Média,Fabricação de laminados planos e tubulares de material plástico,Migração | Proposta,True,True,True,SESI + SENAI,2,ATIVA,NEWPLAST INDUSTRIA E COMERCIO DE EMBALAGENS LTDA,INDÚSTRIA,Fabricacao de laminados planos e tubulares de material plastico,DEMAIS,Maceió,26773483000150.0,26773483000150.0,2221-8/00,2221800.0,22.0,C,Industria de transformacao,Borracha e material plastico,True,False,SIM,NÃO ATENDIDA,True
26775107000103,Agencia Erk Ltda,Não Indústria,4.Micro,Agências de publicidade,Migração,True,False,False,SOMENTE SESI,1,,,,,,,,,,,,,,,,,,,False
26777267000183,Tca - Industria De Alimentos Ltda,Indústria,4.Micro,Fabricação de conservas de frutas,Migração,True,False,False,SOMENTE SESI,1,ATIVA,TCA - INDUSTRIA DE ALIMENTOS LTDA,INDÚSTRIA,Fabricacao de conservas de frutas,MICRO EMPRESA,Arapiraca,26777267000183.0,,1031-7/00,1031700.0,10.0,C,Industria de transformacao,Alimentos,True,False,SIM,NÃO ATENDIDA,True
26791836000145,Pacheco Variedades Ltda,Não Indústria,4.Micro,Comercio varejista de artigos de armarinho,Migração,True,False,False,SOMENTE SESI,1,,,,,,,,,,,,,,,,,,,False
26794410000226,Tcl Semp Industria E Comerco De Condicionadores De Ar S.a,Industria,1.Grande,Fabricação de aparelhos e equipamentos de ar condicionado para uso não-industrial,Proposta,False,True,False,SOMENTE SENAI,1,,,,,,,,,,,,,,,,,,,False
26807886000173,Adriano Souza De Santana,Indústria,4.Micro,Serviços de comunicação multimídia - SCM,Migração,True,False,False,SOMENTE SESI,1,ATIVA,ADRIANO SOUZA DE SANTANA,INDÚSTRIA,Servicos de comunicacao multimidia - scm,PEQUENO PORTE,Lagoa da Canoa,26807886000173.0,,6110-8/03,6110803.0,61.0,J,Informacao e comunicacao,Informacao e comunicacao,False,False,NAO,FORA DO ESCOPO SEBRAE,True
26969453000114,Alepack Industria E Comercio Plasticos Ltda,Industria | Indústria,3.Pequena,Fabricação de artefatos de material plástico para uso pessoal e doméstico,Migração | Proposta,True,True,True,SESI + SENAI,2,ATIVA,ALEPACK INDUSTRIA E COMERCIO PLASTICOS LTDA,INDÚSTRIA,Fabricacao de artefatos de material plastico para uso pessoal e domestico,DEMAIS,Rio Largo,26969453000114.0,26969453000114.0,2229-3/01,2229301.0,22.0,C,Industria de transformacao,Borracha e material plastico,True,False,SIM,NÃO ATENDIDA,True
26991157000110,"Bastos Teixeira & Cia Comercio De Importacao, Exportacao E Representacoes Ltda",Não Indústria,4.Micro,"Representantes comerciais e agentes do comércio de madeira, material de construção e ferragens",Migração,True,False,False,SOMENTE SESI,1,,,,,,,,,,,,,,,,,,,False
27023800000184,Interlink Correntes Agroindustrial E Transportadora Ltda,Não Indústria,3.Pequena,Comércio varejista de ferragens e ferramentas,Migração,True,False,False,SOMENTE SESI,1,,,,,,,,,,,,,,,,,,,False
27052087000105,I F De Lima Tecidos,Não Indústria,4.Micro,Comércio varejista de tecidos,Migração,True,False,False,SOMENTE SESI,1,ATIVA,I F DE LIMA CAPOTARIA LTDA,INDÚSTRIA,Servicos de capotaria,MICRO EMPRESA,Maceió,,,4520-0/08,4520008.0,45.0,G,Comercio e reparacao de veiculos,Comercio e reparacao de veiculos,False,False,NAO,FORA DO ESCOPO SEBRAE,True
27056622000198,Guardare Corretora De Seguros Ltda,Não Indústria,4.Micro,"Corretores e agentes de seguros, de planos de previdência complementar e de saúde",Migração,True,False,False,SOMENTE SESI,1,,,,,,,,,,,,,,,,,,,False
27181509000134,Joao Lippo Advogados Associados,Não Indústria,4.Micro,Serviços advocatícios,Migração,True,False,False,SOMENTE SESI,1,,,,,,,,,,,,,,,,,,,False
27191235000164,Ayx Lanchonete Ltda,Nao Industria,4.Micro,"Lanchonetes, casas de chá, de sucos e similares",Proposta,False,True,False,SOMENTE SENAI,1,,,,,,,,,,,,,,,,,,,False
27230297000138,Maria Lecia Dos Santos,Industria | Indústria,4.Micro,FABRICAÇÃO DE PRODUTOS DE PANIFICAÇÃO INDUSTRIAL,Migração | Proposta,True,True,True,SESI + SENAI,2,ATIVA,MARIA LECIA DOS SANTOS,INDÚSTRIA,Fabricacao de produtos de padaria e confeitaria com predominancia de producao propria,MICRO EMPRESA,Delmiro Gouveia,27230297000138.0,27230297000138.0,1091-1/02,1091102.0,10.0,C,Industria de transformacao,Alimentos,True,False,SIM,NÃO ATENDIDA,True
27242125000184,Vergare Engenharia Ltda,Industria,3.Pequena,Serviços de engenharia,Migração,False,True,False,SOMENTE SENAI,1,ATIVA,VERGARE ENGENHARIA LTDA,INDÚSTRIA,Servicos de engenharia,PEQUENO PORTE,Maceió,,27242125000184.0,7112-0/00,7112000.0,71.0,M,Atividades profissionais e tecnicas,Atividades profissionais e tecnicas,False,False,NAO,FORA DO ESCOPO SEBRAE,True
27347894000147,Estofados Bello Ltda,Industria,3.Pequena,Fabricação de móveis com predominância de madeira,Proposta,False,True,False,SOMENTE SENAI,1,ATIVA,ESTOFADOS BELLO LTDA,INDÚSTRIA,Fabricacao de moveis com predominancia de madeira,PEQUENO PORTE,Maceió,,27347894000147.0,3101-2/00,3101200.0,31.0,C,Industria de transformacao,Moveis,True,False,SIM,NÃO ATENDIDA,True
27358066000104,Alirio Alisson Benjamim Alves Ricarte Ceramica Ltda,Indústria,3.Pequena,"Fabricação de artefatos de cerâmica e barro cozido para uso na construção, exceto azulejos e pisos",Migração,True,False,False,SOMENTE SESI,1,,,,,,,,,,,,,,,,,,,False
27446620000105,Byze Comercio E Servicos Ltda,Não Indústria,4.Micro,Comércio a varejo de motocicletas e motonetas novas,Migração,True,False,False,SOMENTE SESI,1,,,,,,,,,,,,,,,,,,,False
27511226000103,J.f. Dos Santos Esportes Ltda,Não Indústria,4.Micro,Comércio varejista de calçados,Migração,True,False,False,SOMENTE SESI,1,,,,,,,,,,,,,,,,,,,False
27654153000109,Fw Alimentacao Ltda,Nao Industria,4.Micro,Restaurantes e similares,Proposta,False,True,False,SOMENTE SENAI,1,,,,,,,,,,,,,,,,,,,False
27747010000141,Instituto Pra Vida,Não Indústria,4.Micro,Atividades de associações de defesa de direitos sociais,Proposta,True,False,False,SOMENTE SESI,1,,,,,,,,,,,,,,,,,,,False
27806530000188,27.806.530 Maria Cleane Barbosa Pereira,Não Indústria,4.Micro,Ensino de arte e cultura não especificado anteriormente,Proposta,True,False,False,SOMENTE SESI,1,,,,,,,,,,,,,,,,,,,False
27854319000130,Casa Da Limpeza Ltda,Não Indústria,4.Micro,Comércio varejista de produtos saneantes domissanitários,Migração,True,False,False,SOMENTE SESI,1,,,,,,,,,,,,,,,,,,,False
27973446000159,Itsnet Telecom Ltda,Indústria,4.Micro,Provedores de acesso às redes de comunicações,Migração,True,False,False,SOMENTE SESI,1,ATIVA,ITSNET TELECOM LTDA,INDÚSTRIA,Provedores de acesso as redes de comunicacoes,MICRO EMPRESA,Arapiraca,27973446000159.0,,6190-6/01,6190601.0,61.0,J,Informacao e comunicacao,Informacao e comunicacao,False,False,NAO,FORA DO ESCOPO SEBRAE,True
28004806000177,Cardan Arapiraca Comercio De Pecas E Servicos Ltda,Não Indústria,4.Micro,Comércio a varejo de peças e acessórios novos para veículos automotores,Migração,True,False,False,SOMENTE SESI,1,,,,,,,,,,,,,,,,,,,False
28017647000145,Led Engenharia E Sinalizacao Ltda,Industria,3.Pequena,Construção de rodovias e ferrovias,Migração,False,True,False,SOMENTE SENAI,1,ATIVA,LED ENGENHARIA E SINALIZACAO LTDA,INDÚSTRIA,Construcao de rodovias e ferrovias,DEMAIS,Maceió,,28017647000145.0,4211-1/01,4211101.0,42.0,F,Construcao,Obras de infraestrutura,True,False,SIM,NÃO ATENDIDA,True
28094708000178,D H S De Albuquerque Pontes,Industria | Indústria,4.Micro,FABRICAÇÃO DE PRODUTOS DE PANIFICAÇÃO INDUSTRIAL,Migração | Proposta,True,True,True,SESI + SENAI,2,ATIVA,D H S DE ALBUQUERQUE PONTES,INDÚSTRIA,Fabricacao de produtos de padaria e confeitaria com predominancia de producao propria,MICRO EMPRESA,Maceió,28094708000178.0,28094708000178.0,1091-1/02,1091102.0,10.0,C,Industria de transformacao,Alimentos,True,False,SIM,NÃO ATENDIDA,True
28154598000192,M De Almeida  Barros Ltda,Indústria,4.Micro,FABRICAÇÃO DE PRODUTOS DE PANIFICAÇÃO INDUSTRIAL,Proposta,True,False,False,SOMENTE SESI,1,ATIVA,M DE ALMEIDA BARROS LTDA,INDÚSTRIA,Fabricacao de produtos de padaria e confeitaria com predominancia de producao propria,MICRO EMPRESA,Maceió,28154598000192.0,,1091-1/02,1091102.0,10.0,C,Industria de transformacao,Alimentos,True,False,SIM,NÃO ATENDIDA,True
28160531000160,Jose Anderson De Oliveira Silva,Indústria,4.Micro,Serviços de comunicação multimídia - SCM,Migração,True,False,False,SOMENTE SESI,1,ATIVA,JOSE ANDERSON DE OLIVEIRA SILVA,INDÚSTRIA,Servicos de comunicacao multimidia - scm,MICRO EMPRESA,Arapiraca,28160531000160.0,,6110-8/03,6110803.0,61.0,J,Informacao e comunicacao,Informacao e comunicacao,False,False,NAO,FORA DO ESCOPO SEBRAE,True
28206503000137,Ecosolar Energia E Solucoes Ltda,Indústria,4.Micro,Instalação e manutenção elétrica,Migração,True,False,False,SOMENTE SESI,1,ATIVA,ECOSOLAR ENERGIA E SOLUCOES LTDA,INDÚSTRIA,Instalacao e manutencao eletrica,PEQUENO PORTE,Maceió,28206503000137.0,,4321-5/00,4321500.0,43.0,F,Construcao,Servicos especializados para construcao,True,False,SIM,NÃO ATENDIDA,True
28333798000102,Ceramica Lider Ltda,Indústria,3.Pequena,"Fabricação de artefatos de cerâmica e barro cozido para uso na construção, exceto azulejos e pisos",Migração,True,False,False,SOMENTE SESI,1,ATIVA,CERAMICA LIDER LTDA,INDÚSTRIA,"Fabricacao de artefatos de ceramica e barro cozido para uso na construcao, exceto azulejos e pisos",MICRO EMPRESA,Porto Calvo,28333798000102.0,,2342-7/02,2342702.0,23.0,C,Industria de transformacao,Produtos de minerais nao-metalicos,True,False,SIM,NÃO ATENDIDA,True
28442909000119,28.442.909 Israel Henrique Da Silva,Não Indústria,4.Micro,Produção teatral,Proposta,True,False,False,SOMENTE SESI,1,,,,,,,,,,,,,,,,,,,False
28450759000195,F T De Souza Fabricacoes E Construcoes,Industria,4.Micro,"Fabricação de artefatos de cerâmica e barro cozido para uso na construção, exceto azulejos e pisos",Proposta,False,True,False,SOMENTE SENAI,1,ATIVA,F T DE SOUZA FABRICACOES E CONSTRUCOES,INDÚSTRIA,"Fabricacao de artefatos de ceramica e barro cozido para uso na construcao, exceto azulejos e pisos",MICRO EMPRESA,Santana do Ipanema,,28450759000195.0,2342-7/02,2342702.0,23.0,C,Industria de transformacao,Produtos de minerais nao-metalicos,True,False,SIM,NÃO ATENDIDA,True
28515756000192,Eletronica Barao De Atalaia Ltda,Não Indústria,4.Micro,"Comércio varejista especializado de peças e acessórios para aparelhos eletroeletrônicos para uso doméstico, exceto informática e comunicação",Migração,True,False,False,SOMENTE SESI,1,,,,,,,,,,,,,,,,,,,False
28620879000193,Impacto Bioenergia Alagoas S.a,Industria | Indústria,2.Média,Geração de energia elétrica,Migração | Proposta,True,True,True,SESI + SENAI,2,ATIVA,IMPACTO BIOENERGIA ALAGOAS S.A,INDÚSTRIA,Geracao de energia eletrica,DEMAIS,Teotônio Vilela,28620879000193.0,28620879000193.0,3511-5/01,3511501.0,35.0,D,Eletricidade e gas,"Eletricidade, gas e outras utilidades",True,False,SIM,NÃO ATENDIDA,True
28663399000100,Hotel Kazullo Ltda,Não Indústria,4.Micro,Outros alojamentos não especificados anteriormente,Migração,True,False,False,SOMENTE SESI,1,,,,,,,,,,,,,,,,,,,False
28726763000133,Madeiras Do Brasil Barro Duro Ltda.,Não Indústria,4.Micro,Comércio varejista de madeira e artefatos,Migração,True,False,False,SOMENTE SESI,1,,,,,,,,,,,,,,,,,,,False
28790078000176,Globomaq - Servicos E Equipamentos Industriais Ltda,Indústria,4.Micro,Manutenção e reparação de outras máquinas e equipamentos para usos industriais não especificados anteriormente,Migração,True,False,False,SOMENTE SESI,1,ATIVA,GLOBOMAQ - SERVICOS E EQUIPAMENTOS INDUSTRIAIS LTDA,INDÚSTRIA,Manutencao e reparacao de outras maquinas e equipamentos para usos industriais nao especificados anteriormente,MICRO EMPRESA,Marechal Deodoro,28790078000176.0,,3314-7/99,3314799.0,33.0,C,Industria de transformacao,"Manutencao, reparacao e instalacao de maquinas",True,False,SIM,NÃO ATENDIDA,True
28791676000160,Maxlab Reagentes E Equipamentos Ltda,Não Indústria,4.Micro,Comércio varejista de artigos médicos e ortopédicos,Migração,True,False,False,SOMENTE SESI,1,,,,,,,,,,,,,,,,,,,False
28839212000186,Adriana Da Silva Santos,Indústria,4.Micro,FABRICAÇÃO DE PRODUTOS DE PANIFICAÇÃO INDUSTRIAL,Migração,True,False,False,SOMENTE SESI,1,ATIVA,ADRIANA DA SILVA SANTOS,INDÚSTRIA,Fabricacao de produtos de padaria e confeitaria com predominancia de producao propria,MICRO EMPRESA,Barra de Santo Antônio,28839212000186.0,,1091-1/02,1091102.0,10.0,C,Industria de transformacao,Alimentos,True,False,SIM,NÃO ATENDIDA,True
28868681000123,P H Pereira Gomes,Indústria,4.Micro,Fabricação de biscoitos e bolachas,Migração,True,False,False,SOMENTE SESI,1,ATIVA,P H PEREIRA GOMES,INDÚSTRIA,Fabricacao de biscoitos e bolachas,MICRO EMPRESA,Arapiraca,28868681000123.0,,1092-9/00,1092900.0,10.0,C,Industria de transformacao,Alimentos,True,False,SIM,NÃO ATENDIDA,True
28923975000100,Karoliny B Cardoso,Não Indústria,4.Micro,Comércio varejista de materiais de construção em geral,Migração,True,False,False,SOMENTE SESI,1,,,,,,,,,,,,,,,,,,,False
28964988000128,Diogo M G Pereira Ltda,Não Indústria,3.Pequena,Restaurantes e similares,Migração,True,False,False,SOMENTE SESI,1,,,,,,,,,,,,,,,,,,,False
28978618000140,Irmaos Costas Ltda,Não Indústria,4.Micro,Comércio varejista de produtos alimentícios em geral ou especializado em produtos alimentícios não especificados anteriormente,Migração,True,False,False,SOMENTE SESI,1,,,,,,,,,,,,,,,,,,,False
28978618000301,Irmaos Costas Ltda,Não Indústria,3.Pequena,Comércio atacadista especializado em outros produtos alimentícios não especificados anteriormente,Migração,True,False,False,SOMENTE SESI,1,,,,,,,,,,,,,,,,,,,False
28978618000492,Irmaos Costas Ltda,Não Indústria,4.Micro,Comércio atacadista especializado em outros produtos alimentícios não especificados anteriormente,Migração,True,False,False,SOMENTE SESI,1,,,,,,,,,,,,,,,,,,,False
29061526000163,Dpmc Comercio De Agua Mineral Ltda,Indústria,3.Pequena,Fabricação de águas envasadas,Migração,True,False,False,SOMENTE SESI,1,ATIVA,DPMC COMERCIO DE AGUA MINERAL LTDA,INDÚSTRIA,Fabricacao de aguas envasadas,DEMAIS,Maceió,29061526000163.0,29061526000163.0,1121-6/00,1121600.0,11.0,C,Industria de transformacao,Bebidas,True,False,SIM,NÃO ATENDIDA,True
29078439000119,Artur Luis Ferreira De Lima Ltda,Indústria,4.Micro,Serviços de comunicação multimídia - SCM,Migração,True,False,False,SOMENTE SESI,1,ATIVA,ARTUR LUIS FERREIRA DE LIMA LTDA,INDÚSTRIA,Servicos de comunicacao multimidia - scm,MICRO EMPRESA,Arapiraca,29078439000119.0,,6110-8/03,6110803.0,61.0,J,Informacao e comunicacao,Informacao e comunicacao,False,False,NAO,FORA DO ESCOPO SEBRAE,True
29112325000148,Weston & Cia Cervejaria Artesanal Ltda,Indústria,4.Micro,Fabricação de cervejas e chopes,Migração,True,False,False,SOMENTE SESI,1,,,,,,,,,,,,,,,,,,,False
29130610000191,Isobloco Industria De Concreto Ltda,Industria | Indústria,4.Micro,Preparação de massa de concreto e argamassa para construção,Migração,True,True,True,SESI + SENAI,2,ATIVA,ISOBLOCO INDUSTRIA DE CONCRETO LTDA,INDÚSTRIA,Preparacao de massa de concreto e argamassa para construcao,PEQUENO PORTE,Marechal Deodoro,29130610000191.0,29130610000191.0,2330-3/05,2330305.0,23.0,C,Industria de transformacao,Produtos de minerais nao-metalicos,True,False,SIM,NÃO ATENDIDA,True
29161215000176,Tph Empreendimentos Hoteleiros Ltda,Não Indústria,3.Pequena,Hotéis,Migração,True,False,False,SOMENTE SESI,1,,,,,,,,,,,,,,,,,,,False
29180818000115,Jm Oliveira & Lopes Educacao Ltda,Não Indústria,3.Pequena,Ensino fundamental,Migração,True,False,False,SOMENTE SESI,1,,,,,,,,,,,,,,,,,,,False
29259315000130,Associacao Dos Proprietarios E/ou Moradores Do Condominio Residencial San Lorenzo,Não Indústria,4.Micro,Atividades associativas não especificadas anteriormente,Migração,True,False,False,SOMENTE SESI,1,,,,,,,,,,,,,,,,,,,False
29325963000147,E C L Almeida,Indústria,4.Micro,FABRICAÇÃO DE PRODUTOS DE PANIFICAÇÃO INDUSTRIAL,Migração,True,False,False,SOMENTE SESI,1,,,,,,,,,,,,,,,,,,,False
29398209000137,Veletrica Distribuidor Import. E Export. Ltda,Nao Industria,3.Pequena,Comércio atacadista de material elétrico,Proposta,False,True,False,SOMENTE SENAI,1,,,,,,,,,,,,,,,,,,,False
29420703000584,Renova Energia E Telecomunicacoes Ltda,Indústria,3.Pequena,Construção de estações e redes de telecomunicações,Proposta,True,False,False,SOMENTE SESI,1,ATIVA,RENOVA ENERGIA E TELECOMUNICACOES LTDA,INDÚSTRIA,Construcao de estacoes e redes de telecomunicacoes,DEMAIS,Maceió,,,4221-9/04,4221904.0,42.0,F,Construcao,Obras de infraestrutura,True,False,SIM,NÃO ATENDIDA,True
29441234000156,Biscoito Mana Ltda,Indústria,3.Pequena,Fabricação de biscoitos e bolachas,Migração,True,False,False,SOMENTE SESI,1,ATIVA,BISCOITO MANA LTDA,INDÚSTRIA,Fabricacao de biscoitos e bolachas,PEQUENO PORTE,Delmiro Gouveia,29441234000156.0,29441234000156.0,1092-9/00,1092900.0,10.0,C,Industria de transformacao,Alimentos,True,False,SIM,NÃO ATENDIDA,True
29500928000117,Aereo Gerenciamento De Projetos Ltda,Não Indústria,4.Micro,"Atividades de consultoria em gestão empresarial, exceto consultoria técnica específica",Migração,True,False,False,SOMENTE SESI,1,,,,,,,,,,,,,,,,,,,False
29514979000106,Artecia Eduardo Damasceno Ferreira Ltda,Não Indústria,4.Micro,Comércio varejista de vidros,Migração,True,False,False,SOMENTE SESI,1,,,,,,,,,,,,,,,,,,,False
29564421000127,L M Silva Falcao Ltda,Não Indústria,4.Micro,Comércio varejista de calçados,Proposta,True,False,False,SOMENTE SESI,1,,,,,,,,,,,,,,,,,,,False
29722597000160,Solaric Energia Fotovoltaica Industria E Servico Ltda,Não Indústria,3.Pequena,Comércio atacadista de material elétrico,Migração,True,False,False,SOMENTE SESI,1,,,,,,,,,,,,,,,,,,,False
29826376000131,T. C. Barbosa Da Silva Hidraulica,Industria | Indústria,4.Micro,"Manutenção e reparação de equipamentos hidráulicos e pneumáticos, exceto válvulas",Migração | Proposta,True,True,True,SESI + SENAI,2,ATIVA,T. C. BARBOSA DA SILVA HIDRAULICA,INDÚSTRIA,"Manutencao e reparacao de equipamentos hidraulicos e pneumaticos, exceto valvulas",MICRO EMPRESA,Arapiraca,29826376000131.0,29826376000131.0,3314-7/02,3314702.0,33.0,C,Industria de transformacao,"Manutencao, reparacao e instalacao de maquinas",True,False,SIM,NÃO ATENDIDA,True
29880800000126,Cicero Fonseca Costa,Industria | Indústria,4.Micro,Fabricação de laticínios,Migração | Proposta,True,True,True,SESI + SENAI,2,ATIVA,CICERO FONSECA COSTA,INDÚSTRIA,Fabricacao de laticinios,PEQUENO PORTE,Major Isidoro,29880800000126.0,29880800000126.0,1052-0/00,1052000.0,10.0,C,Industria de transformacao,Alimentos,True,False,SIM,NÃO ATENDIDA,True
29884632000147,Infotec Consultoria E Planejamento Ltda,Nao Industria,1.Grande,"Atividades de consultoria em gestão empresarial, exceto consultoria técnica específica",Proposta,False,True,False,SOMENTE SENAI,1,,,,,,,,,,,,,,,,,,,False
29919761000123,K W A Industria E Comercio De Metais Ltda,Indústria,2.Média,Fundição de metais não-ferrosos e suas ligas,Migração,True,False,False,SOMENTE SESI,1,ATIVA,K W A INDUSTRIA E COMERCIO DE METAIS LTDA,INDÚSTRIA,Fundicao de metais nao ferrosos e suas ligas,DEMAIS,Marechal Deodoro,29919761000123.0,,2452-1/00,2452100.0,24.0,C,Industria de transformacao,Metalurgia,True,False,SIM,NÃO ATENDIDA,True
30102828000111,Erivaldo Auto Pecas E Servicos Ltda,Não Indústria,4.Micro,Comércio a varejo de peças e acessórios novos para veículos automotores,Migração,True,False,False,SOMENTE SESI,1,,,,,,,,,,,,,,,,,,,False
30158134000104,V. N. Barbosa Lima,Não Indústria,4.Micro,Comércio varejista de móveis,Migração,True,False,False,SOMENTE SESI,1,,,,,,,,,,,,,,,,,,,False
30334493000167,Silvio Feitoza Da Hora,Indústria,4.Micro,Serviços de comunicação multimídia - SCM,Migração,True,False,False,SOMENTE SESI,1,ATIVA,SILVIO FEITOZA DA HORA,INDÚSTRIA,Servicos de comunicacao multimidia - scm,MICRO EMPRESA,Maceió,30334493000167.0,,6110-8/03,6110803.0,61.0,J,Informacao e comunicacao,Informacao e comunicacao,False,False,NAO,FORA DO ESCOPO SEBRAE,True
30351144000153,Rei Dog Zoo Center Ltda,Não Indústria,4.Micro,Comércio varejista de animais vivos e de artigos e alimentos para animais de estimação,Migração,True,False,False,SOMENTE SESI,1,,,,,,,,,,,,,,,,,,,False
30380199000191,Unametal Comercio E Servicos Ltda,Indústria,4.Micro,Serviços de tratamento e revestimento em metais,Migração,True,False,False,SOMENTE SESI,1,ATIVA,UNAMETAL COMERCIO E SERVICOS LTDA,INDÚSTRIA,Servicos de tratamento e revestimento em metais,PEQUENO PORTE,Maceió,30380199000191.0,,2539-0/02,2539002.0,25.0,C,Industria de transformacao,Produtos de metal (exceto maquinas),True,False,SIM,NÃO ATENDIDA,True
30483453000187,Alquimia Industria E Comercio De Capachos Ltda,Industria | Indústria,2.Média,Fabricação de artefatos de material plástico para uso pessoal e doméstico,Migração | Proposta,True,True,True,SESI + SENAI,2,ATIVA,ALQUIMIA INDUSTRIA E COMERCIO DE CAPACHOS LTDA,INDÚSTRIA,Fabricacao de artefatos de material plastico para uso pessoal e domestico,DEMAIS,Marechal Deodoro,30483453000187.0,30483453000187.0,2229-3/01,2229301.0,22.0,C,Industria de transformacao,Borracha e material plastico,True,False,SIM,NÃO ATENDIDA,True
30494698000100,Bobs Palmeira Ltda,Nao Industria,4.Micro,"Lanchonetes, casas de chá, de sucos e similares",Proposta,False,True,False,SOMENTE SENAI,1,,,,,,,,,,,,,,,,,,,False
30553112000130,Thaysa Cavalcante Dos Santos Ltda,Indústria,4.Micro,Serviços de lanternagem ou funilaria e pintura de veículos automotores,Migração,True,False,False,SOMENTE SESI,1,ATIVA,THAYSA CAVALCANTE DOS SANTOS LTDA,INDÚSTRIA,Servicos de lanternagem ou funilaria e pintura de veiculos automotores,PEQUENO PORTE,Maceió,30553112000130.0,,4520-0/02,4520002.0,45.0,G,Comercio e reparacao de veiculos,Comercio e reparacao de veiculos,False,False,NAO,FORA DO ESCOPO SEBRAE,True
30587116000130,Instituto Manda Ver,Não Indústria,4.Micro,Atividades de associações de defesa de direitos sociais,Migração,True,False,False,SOMENTE SESI,1,,,,,,,,,,,,,,,,,,,False
30649147000178,Dr. Anderson Lima De Araujo Ltda,Não Indústria,4.Micro,Atividade médica ambulatorial com recursos para realização de procedimentos cirúrgicos,Migração,True,False,False,SOMENTE SESI,1,,,,,,,,,,,,,,,,,,,False
30700933000152,Rei Dog Pet Company Ltda,Não Indústria,4.Micro,Atividades veterinárias,Migração,True,False,False,SOMENTE SESI,1,,,,,,,,,,,,,,,,,,,False
30855210000122,30.855.210 Selma Maria Arruda Pimentel Manolio,Não Indústria,4.Micro,Ensino de arte e cultura não especificado anteriormente,Proposta,True,False,False,SOMENTE SESI,1,,,,,,,,,,,,,,,,,,,False
30861353000147,Givanildo Pereira Dos Santos,Indústria,4.Micro,Fabricação de móveis com predominância de madeira,Migração,True,False,False,SOMENTE SESI,1,ATIVA,GIVANILDO PEREIRA DOS SANTOS,INDÚSTRIA,Fabricacao de moveis com predominancia de madeira,MICRO EMPRESA,Marechal Deodoro,30861353000147.0,,3101-2/00,3101200.0,31.0,C,Industria de transformacao,Moveis,True,False,SIM,NÃO ATENDIDA,True
30862278000139,Osman Batalha Xavier,Não Indústria,4.Micro,Criação de bovinos para leite,Migração,True,False,False,SOMENTE SESI,1,,,,,,,,,,,,,,,,,,,False
30871646000105,Ortouro Servicos Medicos Ltda,Não Indústria,4.Micro,Atividade médica ambulatorial restrita a consultas,Migração,True,False,False,SOMENTE SESI,1,,,,,,,,,,,,,,,,,,,False
30903679000190,Renovar Solucoes Empresariais Ltda,Não Indústria,4.Micro,"Atividades de intermediação e agenciamento de serviços e negócios em geral, exceto imobiliários",Migração,True,False,False,SOMENTE SESI,1,,,,,,,,,,,,,,,,,,,False
30925826000122,Id Solucoes Digitais Ltda,Não Indústria,4.Micro,"Suporte técnico, manutenção e outros serviços em tecnologia da informação",Migração,True,False,False,SOMENTE SESI,1,,,,,,,,,,,,,,,,,,,False
30984346000132,Distribuidora Klean Ltda,Não Indústria,3.Pequena,"Comércio atacadista de produtos de higiene, limpeza e conservação domiciliar",Migração,True,False,False,SOMENTE SESI,1,,,,,,,,,,,,,,,,,,,False
31005916000168,Alcantara & Oliveira Servicos Especializados Em Preparacao De Documentos Ltda.,Não Indústria,3.Pequena,Preparação de documentos e serviços especializados de apoio administrativo não especificados anteriormente,Migração,True,False,False,SOMENTE SESI,1,,,,,,,,,,,,,,,,,,,False
31035574000129,Eudes Jeronimo & Cia Ltda,Nao Industria,4.Micro,Comércio varejista de vidros,Proposta,False,True,False,SOMENTE SENAI,1,ATIVA,EUDES JERONIMO & CIA LTDA,INDÚSTRIA,Construcao de edificios,DEMAIS,Maceió,,,4120-4/00,4120400.0,41.0,F,Construcao,Construcao de edificios,True,False,SIM,NÃO ATENDIDA,True
31132744000193,Guimaraes & Lima Ltda,Não Indústria,4.Micro,Atividades de cobrança e informações cadastrais,Migração,True,False,False,SOMENTE SESI,1,,,,,,,,,,,,,,,,,,,False
31470634000131,Couto E Lima Ltda,Não Indústria,4.Micro,Atividade médica ambulatorial restrita a consultas,Migração,True,False,False,SOMENTE SESI,1,,,,,,,,,,,,,,,,,,,False
31518231000115,"Instituto De Geriatria, Reabilitacao E Saude Ltda",Não Indústria,4.Micro,Atividade médica ambulatorial restrita a consultas,Migração,True,False,False,SOMENTE SESI,1,,,,,,,,,,,,,,,,,,,False
31534780000183,31.534.780 Diego Cesar Silva Santos,Industria,4.Micro,Instalação e manutenção elétrica,Proposta,False,True,False,SOMENTE SENAI,1,ATIVA,31.534.780 DIEGO CESAR SILVA SANTOS,INDÚSTRIA,Instalacao e manutencao eletrica,PEQUENO PORTE,São Miguel dos Campos,,31534780000183.0,4321-5/00,4321500.0,43.0,F,Construcao,Servicos especializados para construcao,True,False,SIM,NÃO ATENDIDA,True
31749329000426,Sales E Barbosa Ltda,Industria,2.Média,Fabricação de móveis com predominância de madeira,Proposta,False,True,False,SOMENTE SENAI,1,ATIVA,SALES E BARBOSA LTDA,INDÚSTRIA,Fabricacao de moveis com predominancia de madeira,PEQUENO PORTE,Arapiraca,,31749329000426.0,3101-2/00,3101200.0,31.0,C,Industria de transformacao,Moveis,True,False,SIM,NÃO ATENDIDA,True
31750099000172,Engenho Chp Limitada,Industria | Indústria,4.Micro,Fabricação de aguardente de cana-de-açúcar,Migração | Proposta,True,True,True,SESI + SENAI,2,ATIVA,ENGENHO CHP LIMITADA,INDÚSTRIA,Fabricacao de aguardente de cana de acucar,MICRO EMPRESA,Boca da Mata,31750099000172.0,31750099000172.0,1111-9/01,1111901.0,11.0,C,Industria de transformacao,Bebidas,True,False,SIM,NÃO ATENDIDA,True
31820106000165,Reobote Sistemas Ltda,Indústria,4.Micro,Instalações de sistema de prevenção contra incêndio,Migração,True,False,False,SOMENTE SESI,1,,,,,,,,,,,,,,,,,,,False
31895963000124,Super Spring Industria Metalurgica Ltda,Indústria,4.Micro,Fabricação de outros produtos de metal não especificados anteriormente,Proposta,True,False,False,SOMENTE SESI,1,ATIVA,SUPER SPRING INDUSTRIA METALURGICA LTDA,INDÚSTRIA,Fabricacao de outros produtos de metal nao especificados anteriormente,PEQUENO PORTE,Maceió,31895963000124.0,31895963000124.0,2599-3/99,2599399.0,25.0,C,Industria de transformacao,Produtos de metal (exceto maquinas),True,False,SIM,NÃO ATENDIDA,True
31897907000129,Karla Viviane O. De P. Candido,Não Indústria,4.Micro,Atividades de psicologia e psicanálise,Migração,True,False,False,SOMENTE SESI,1,,,,,,,,,,,,,,,,,,,False
31948471000150,Agrobrasil Agroindustrial Cereais E Servicos Ltda,Indústria,4.Micro,Beneficiamento de arroz,Migração,True,False,False,SOMENTE SESI,1,ATIVA,AGROBRASIL AGROINDUSTRIAL CEREAIS E SERVICOS LTDA,INDÚSTRIA,Beneficiamento de arroz,PEQUENO PORTE,Maceió,31948471000150.0,,1061-9/01,1061901.0,10.0,C,Industria de transformacao,Alimentos,True,False,SIM,NÃO ATENDIDA,True
31961681000188,Relampago Comercio E Servicos Ltda,Indústria,4.Micro,Fabricação de produtos de limpeza e polimento,Migração,True,False,False,SOMENTE SESI,1,ATIVA,RELAMPAGO COMERCIO E SERVICOS LTDA,INDÚSTRIA,Fabricacao de produtos de limpeza e polimento,MICRO EMPRESA,Maceió,31961681000188.0,31961681000188.0,2062-2/00,2062200.0,20.0,C,Industria de transformacao,Produtos quimicos,True,False,SIM,NÃO ATENDIDA,True
31996403000166,Mui Nobre Alimentos Ltda,Industria,4.Micro,"Fabricação de especiarias, molhos, temperos e condimentos",Proposta,False,True,False,SOMENTE SENAI,1,ATIVA,MUI NOBRE ALIMENTOS LTDA,INDÚSTRIA,"Fabricacao de especiarias, molhos, temperos e condimentos",PEQUENO PORTE,Santana do Ipanema,,31996403000166.0,1095-3/00,1095300.0,10.0,C,Industria de transformacao,Alimentos,True,False,SIM,NÃO ATENDIDA,True
32020674000144,Fp Engenharia Ltda,Industria,3.Pequena,Obras de terraplenagem,Proposta,False,True,False,SOMENTE SENAI,1,ATIVA,FP ENGENHARIA LTDA,INDÚSTRIA,Obras de terraplenagem,PEQUENO PORTE,Maceió,,32020674000144.0,4313-4/00,4313400.0,43.0,F,Construcao,Servicos especializados para construcao,True,False,SIM,NÃO ATENDIDA,True
32021201000757,Origem Energia S.a,Indústria,2.Média,Extração de petróleo e gás natural,Proposta,True,False,False,SOMENTE SESI,1,ATIVA,ORIGEM ENERGIA S.A,INDÚSTRIA,Extracao de petroleo e gas natural,DEMAIS,São Miguel dos Campos,32021201000757.0,,0600-0/01,600001.0,6.0,B,Industria extrativa,Extracao de petroleo e gas natural,True,False,SIM,NÃO ATENDIDA,True
32021201000919,Origem Energia S.a,Indústria,1.Grande,Produção de gás; processamento de gás natural,Proposta,True,False,False,SOMENTE SESI,1,ATIVA,ORIGEM ENERGIA S.A,INDÚSTRIA,Producao de gas; processamento de gas natural,DEMAIS,Pilar,32021201000919.0,,3520-4/01,3520401.0,35.0,D,Eletricidade e gas,"Eletricidade, gas e outras utilidades",True,False,SIM,NÃO ATENDIDA,True
32041636000178,Associacao Jardins Perucaba,Não Indústria,4.Micro,Atividades associativas não especificadas anteriormente,Migração,True,False,False,SOMENTE SESI,1,,,,,,,,,,,,,,,,,,,False
32319224000157,Am Representacoes Ltda,Não Indústria,4.Micro,"Representantes comerciais e agentes do comércio de madeira, material de construção e ferragens",Migração,True,False,False,SOMENTE SESI,1,,,,,,,,,,,,,,,,,,,False
32355846000130,Chivito's Br Alimentos Ltda,Não Indústria,4.Micro,"Lanchonetes, casas de chá, de sucos e similares",Migração,True,False,False,SOMENTE SESI,1,,,,,,,,,,,,,,,,,,,False
32564136000110,Ma Valdirleide Dos Santos Vieira De Almeida Bebidas,Indústria,4.Micro,"Fabricação de sucos concentrados de frutas, hortaliças e legumes",Migração,True,False,False,SOMENTE SESI,1,ATIVA,Ma VALDIRLEIDE DOS SANTOS VIEIRA DE ALMEIDA BEBIDAS,INDÚSTRIA,"Fabricacao de sucos concentrados de frutas, hortalicas e legumes",MICRO EMPRESA,Maceió,32564136000110.0,32564136000110.0,1033-3/01,1033301.0,10.0,C,Industria de transformacao,Alimentos,True,False,SIM,NÃO ATENDIDA,True
32705707000190,Pchristian Estetica Automotiva Ltda,Indústria,4.Micro,Serviços de lanternagem ou funilaria e pintura de veículos automotores,Migração,True,False,False,SOMENTE SESI,1,ATIVA,PCHRISTIAN ESTETICA AUTOMOTIVA LTDA,INDÚSTRIA,Servicos de lanternagem ou funilaria e pintura de veiculos automotores,MICRO EMPRESA,Maceió,32705707000190.0,,4520-0/02,4520002.0,45.0,G,Comercio e reparacao de veiculos,Comercio e reparacao de veiculos,False,False,NAO,FORA DO ESCOPO SEBRAE,True
32706891000192,Cheiro Da Terra Restaurante Ltda,Não Indústria,3.Pequena,Restaurantes e similares,Migração,True,False,False,SOMENTE SESI,1,,,,,,,,,,,,,,,,,,,False
32725022000105,T.g.lopes Empreendimento Ltda,Industria,4.Micro,Construção de edifícios,Proposta,False,True,False,SOMENTE SENAI,1,ATIVA,T.G.LOPES EMPREENDIMENTO LTDA,INDÚSTRIA,Construcao de edificios,MICRO EMPRESA,Coruripe,,32725022000105.0,4120-4/00,4120400.0,41.0,F,Construcao,Construcao de edificios,True,False,SIM,NÃO ATENDIDA,True
32742424000118,C.mendes Pereira De Souza,Nao Industria,4.Micro,Comércio a varejo de peças e acessórios novos para veículos automotores,Migração,False,True,False,SOMENTE SENAI,1,,,,,,,,,,,,,,,,,,,False
32785284000165,Ep Santos Ltda,Não Indústria,4.Micro,Atividade médica ambulatorial restrita a consultas,Migração,True,False,False,SOMENTE SESI,1,,,,,,,,,,,,,,,,,,,False
32792105000117,Ewersson Assis Dos Santos,Indústria,4.Micro,Fabricação de móveis com predominância de metal,Migração,True,False,False,SOMENTE SESI,1,ATIVA,EWERSSON ASSIS DOS SANTOS,INDÚSTRIA,Fabricacao de moveis com predominancia de metal,MICRO EMPRESA,Arapiraca,32792105000117.0,,3102-1/00,3102100.0,31.0,C,Industria de transformacao,Moveis,True,False,SIM,NÃO ATENDIDA,True
32808669001172,Bomfim Cargas E Encomendas Ltda,Não Indústria,3.Pequena,"Transporte rodoviário de carga, exceto produtos perigosos e mudanças, intermunicipal, interestadual e internacional",Migração,True,False,False,SOMENTE SESI,1,,,,,,,,,,,,,,,,,,,False
32863295000116,M L Da Costa  Ltda,Indústria,4.Micro,Fabricação de esquadrias de metal,Migração,True,False,False,SOMENTE SESI,1,ATIVA,M L DA COSTA LTDA,INDÚSTRIA,Fabricacao de esquadrias de metal,PEQUENO PORTE,Arapiraca,32863295000116.0,,2512-8/00,2512800.0,25.0,C,Industria de transformacao,Produtos de metal (exceto maquinas),True,False,SIM,NÃO ATENDIDA,True
32898143000159,Carvalho E Lobo Lavanderia Ltda,Não Indústria,4.Micro,Lavanderias,Migração,True,False,False,SOMENTE SESI,1,,,,,,,,,,,,,,,,,,,False
33033440003039,Ncr Atleos Brasil Ltda,Não Indústria,2.Média,Reparação e manutenção de computadores e de equipamentos periféricos,Proposta,True,False,False,SOMENTE SESI,1,,,,,,,,,,,,,,,,,,,False
33058882000103,Alysson J F De Oliveira,Indústria,4.Micro,Serviços de comunicação multimídia - SCM,Migração,True,False,False,SOMENTE SESI,1,ATIVA,ALYSSON J F DE OLIVEIRA,INDÚSTRIA,Servicos de comunicacao multimidia - scm,MICRO EMPRESA,Arapiraca,33058882000103.0,,6110-8/03,6110803.0,61.0,J,Informacao e comunicacao,Informacao e comunicacao,False,False,NAO,FORA DO ESCOPO SEBRAE,True
33064262000845,Tigre Ferramentas Para Construcao Civil S.a,Industria,3.Pequena,Fabricação de artefatos de material plástico para outros usos não especificados anteriormente,Proposta,False,True,False,SOMENTE SENAI,1,ATIVA,TIGRE FERRAMENTAS PARA CONSTRUCAO CIVIL S.A,INDÚSTRIA,Fabricacao de artefatos de material plastico para outros usos nao especificados anteriormente,DEMAIS,Marechal Deodoro,,33064262000845.0,2229-3/99,2229399.0,22.0,C,Industria de transformacao,Borracha e material plastico,True,False,SIM,NÃO ATENDIDA,True
33142642000184,F.r. Servicos Automotivos Ltda,Industria,4.Micro,Serviços de manutenção e reparação mecânica de veículos automotores,Proposta,False,True,False,SOMENTE SENAI,1,ATIVA,F.R. SERVICOS AUTOMOTIVOS LTDA,INDÚSTRIA,Servicos de manutencao e reparacao mecanica de veiculos automotores,PEQUENO PORTE,Maceió,,33142642000184.0,4520-0/01,4520001.0,45.0,G,Comercio e reparacao de veiculos,Comercio e reparacao de veiculos,False,False,NAO,FORA DO ESCOPO SEBRAE,True
33173705000160,A. P. Da Silva Perfuracoes De Pocos.,Indústria,4.Micro,Perfuração e construção de poços de água,Migração,True,False,False,SOMENTE SESI,1,ATIVA,A. P. DA SILVA PERFURACOES DE POCOS.,INDÚSTRIA,Perfuracao e construcao de pocos de agua,MICRO EMPRESA,Maceió,33173705000160.0,,4399-1/05,4399105.0,43.0,F,Construcao,Servicos especializados para construcao,True,False,SIM,NÃO ATENDIDA,True
33240746000121,Bc Plast Industria E Comercio Ltda,Industria | Indústria,4.Micro,Fabricação de embalagens de material plástico,Migração | Proposta,True,True,True,SESI + SENAI,2,ATIVA,BC PLAST INDUSTRIA E COMERCIO LTDA,INDÚSTRIA,Fabricacao de embalagens de material plastico,MICRO EMPRESA,Maceió,33240746000121.0,33240746000121.0,2222-6/00,2222600.0,22.0,C,Industria de transformacao,Borracha e material plastico,True,False,SIM,NÃO ATENDIDA,True
33614220000164,Jeremias L Barbosa Granja,Não Indústria,4.Micro,"Criação de aves, exceto galináceos",Migração,True,False,False,SOMENTE SESI,1,,,,,,,,,,,,,,,,,,,False
33623363000132,M Lisboa Brandao Ltda,Nao Industria,4.Micro,Restaurantes e similares,Proposta,False,True,False,SOMENTE SENAI,1,,,,,,,,,,,,,,,,,,,False
33641358000152,Servico Social Da Industria Sesi,Não Indústria,4.Micro,Outras atividades de ensino não especificadas anteriormente,Proposta,True,False,False,SOMENTE SESI,1,,,,,,,,,,,,,,,,,,,False
33660990000143,Sergio Balbino Lira Da Silva,Indústria,4.Micro,FABRICAÇÃO DE PRODUTOS DE PADARIA E CONFEITARIA COM PREDOMINÂNCIA DE PRODUÇÃO PRÓPRIA,Proposta,True,False,False,SOMENTE SESI,1,ATIVA,SERGIO BALBINO LIRA DA SILVA,INDÚSTRIA,Fabricacao de produtos de panificacao industrial,MICRO EMPRESA,Maceió,33660990000143.0,,1091-1/00,1091100.0,10.0,C,Industria de transformacao,Alimentos,True,False,SIM,NÃO ATENDIDA,True
33689828000158,Vitor Ferro Pradines De Mendonca,Indústria,4.Micro,"Recuperação de materiais metálicos, exceto alumínio",Migração,True,False,False,SOMENTE SESI,1,ATIVA,VITOR FERRO PRADINES DE MENDONCA,INDÚSTRIA,"Recuperacao de materiais metalicos, exceto aluminio",MICRO EMPRESA,Rio Largo,33689828000158.0,,3831-9/99,3831999.0,38.0,E,"Agua, esgoto e residuos",Coleta e tratamento de residuos,True,False,SIM,NÃO ATENDIDA,True
33718671000141,A Padaria Comercio De Alimentos E Buffet Ltda,Industria,3.Pequena,FABRICAÇÃO DE PRODUTOS DE PANIFICAÇÃO INDUSTRIAL,Proposta,False,True,False,SOMENTE SENAI,1,ATIVA,A PADARIA COMERCIO DE ALIMENTOS E BUFFET LTDA,INDÚSTRIA,Fabricacao de produtos de padaria e confeitaria com predominancia de producao propria,MICRO EMPRESA,Maceió,,33718671000141.0,1091-1/02,1091102.0,10.0,C,Industria de transformacao,Alimentos,True,False,SIM,NÃO ATENDIDA,True
33841727001203,Tecnosonda S A,Indústria,2.Média,Obras de fundações,Proposta,True,False,False,SOMENTE SESI,1,ATIVA,TECNOSONDA S A,INDÚSTRIA,Obras de fundacoes,DEMAIS,Maceió,33841727001203.0,33841727001203.0,4391-6/00,4391600.0,43.0,F,Construcao,Servicos especializados para construcao,True,False,SIM,NÃO ATENDIDA,True
33978848000149,E & R Administradora Hoteleira E Condominial Ltda,Não Indústria,3.Pequena,Gestão e administração da propriedade imobiliária,Migração,True,False,False,SOMENTE SESI,1,,,,,,,,,,,,,,,,,,,False
34074252000268,Instituto Das Missionarias De N. S. De Fatima Do Brasil,Não Indústria,4.Micro,Atividades de organizações religiosas,Migração,True,False,False,SOMENTE SESI,1,,,,,,,,,,,,,,,,,,,False
34098180000108,Navona Industria E Comercio De Marmores E Granitos Ltda,Industria,4.Micro,"Aparelhamento de placas e execução de trabalhos em mármore, granito, ardósia e outras pedras",Proposta,False,True,False,SOMENTE SENAI,1,ATIVA,NAVONA INDUSTRIA E COMERCIO DE MARMORES E GRANITOS LTDA,INDÚSTRIA,"Aparelhamento de placas e execucao de trabalhos em marmore, granito, ardosia e outras pedras",MICRO EMPRESA,Maceió,,34098180000108.0,2391-5/03,2391503.0,23.0,C,Industria de transformacao,Produtos de minerais nao-metalicos,True,False,SIM,NÃO ATENDIDA,True
34116804000172,Colegio Iep Ltda,Nao Industria,3.Pequena,Educação infantil - pré-escola,Proposta,False,True,False,SOMENTE SENAI,1,,,,,,,,,,,,,,,,,,,False
34186669000301,Origem Energia Alagoas S.a.,Indústria,1.Grande,Extração de petróleo e gás natural,Proposta,True,False,False,SOMENTE SESI,1,,,,,,,,,,,,,,,,,,,False
34186669000565,Origem Energia Alagoas S.a.,Indústria,2.Média,Extração de petróleo e gás natural,Proposta,True,False,False,SOMENTE SESI,1,,,,,,,,,,,,,,,,,,,False
34446436000120,Virtualnet Telecomunicacoes Ltda,Indústria,4.Micro,Serviços de comunicação multimídia - SCM,Migração,True,False,False,SOMENTE SESI,1,ATIVA,VIRTUALNET TELECOMUNICACOES LTDA,INDÚSTRIA,Servicos de comunicacao multimidia - scm,MICRO EMPRESA,Maceió,34446436000120.0,,6110-8/03,6110803.0,61.0,J,Informacao e comunicacao,Informacao e comunicacao,False,False,NAO,FORA DO ESCOPO SEBRAE,True
34566702000159,Escola De Educacao Basica Santa Helena Ltda,Não Indústria,4.Micro,Ensino fundamental,Proposta,True,False,False,SOMENTE SESI,1,,,,,,,,,,,,,,,,,,,False
34567306000146,Nordeste Mais Alimentos Ltda,Indústria,2.Média,Moagem e fabricação de produtos de origem vegetal não especificados anteriormente,Migração,True,False,False,SOMENTE SESI,1,ATIVA,NORDESTE MAIS ALIMENTOS LTDA,INDÚSTRIA,Moagem e fabricacao de produtos de origem vegetal nao especificados anteriormente,DEMAIS,Rio Largo,34567306000146.0,34567306000146.0,1069-4/00,1069400.0,10.0,C,Industria de transformacao,Alimentos,True,False,SIM,NÃO ATENDIDA,True
34607256000183,Dlicias Da Terra Ltda,Nao Industria | Não Indústria,3.Pequena,Comércio varejista de produtos alimentícios em geral ou especializado em produtos alimentícios não especificados anteriormente,Migração | Proposta,True,True,True,SESI + SENAI,2,,,,,,,,,,,,,,,,,,,False
34758007000199,Blue Park Gestao De Estacionamento Ltda,Não Indústria,4.Micro,Estacionamento de veículos,Migração,True,False,False,SOMENTE SESI,1,,,,,,,,,,,,,,,,,,,False
34786603000182,Cavalcante E Silva Mecanica Ltda,Indústria,4.Micro,Serviços de manutenção e reparação mecânica de veículos automotores,Migração,True,False,False,SOMENTE SESI,1,ATIVA,CAVALCANTE E SILVA MECANICA LTDA,INDÚSTRIA,Servicos de manutencao e reparacao mecanica de veiculos automotores,MICRO EMPRESA,Arapiraca,34786603000182.0,,4520-0/01,4520001.0,45.0,G,Comercio e reparacao de veiculos,Comercio e reparacao de veiculos,False,False,NAO,FORA DO ESCOPO SEBRAE,True
34786880000195,Panificacao Casa Portuguesa Ltda,Indústria,3.Pequena,FABRICAÇÃO DE PRODUTOS DE PANIFICAÇÃO INDUSTRIAL,Migração,True,False,False,SOMENTE SESI,1,ATIVA,PANIFICACAO CASA PORTUGUESA LTDA,INDÚSTRIA,Fabricacao de produtos de padaria e confeitaria com predominancia de producao propria,MICRO EMPRESA,Maceió,34786880000195.0,,1091-1/02,1091102.0,10.0,C,Industria de transformacao,Alimentos,True,False,SIM,NÃO ATENDIDA,True
34831679000182,Camelo & Camelo Administracao De Imoveis Ltda,Não Indústria,4.Micro,Gestão e administração da propriedade imobiliária,Migração,True,False,False,SOMENTE SESI,1,,,,,,,,,,,,,,,,,,,False
34895118000147,M B S Costa Damasceno Ltda,Indústria,4.Micro,Fabricação de esquadrias de metal,Migração,True,False,False,SOMENTE SESI,1,,,,,,,,,,,,,,,,,,,False
34975251000103,L L Alves  Ltda,Indústria,4.Micro,Serviços especializados para construção não especificados anteriormente,Proposta,True,False,False,SOMENTE SESI,1,ATIVA,L L ALVES LTDA,INDÚSTRIA,Servicos especializados para construcao nao especificados anteriormente,PEQUENO PORTE,São Miguel dos Campos,34975251000103.0,,4399-1/99,4399199.0,43.0,F,Construcao,Servicos especializados para construcao,True,False,SIM,NÃO ATENDIDA,True
35050445000160,J I De Almeida Comercio Varejista De Moveis Ltda,Não Indústria,4.Micro,Comércio varejista de móveis,Migração,True,False,False,SOMENTE SESI,1,,,,,,,,,,,,,,,,,,,False
35097794000138,Verttice Gerenciamento De Riscos Ltda,Não Indústria,4.Micro,Atividades de monitoramento de sistemas de segurança eletrônico,Migração,True,False,False,SOMENTE SESI,1,,,,,,,,,,,,,,,,,,,False
35129163000153,C M Galpoes Pre-moldados Ltda,Indústria,4.Micro,Fabricação de artefatos de cimento para uso na construção,Migração,True,False,False,SOMENTE SESI,1,ATIVA,MM GALPOES PRE MOLDADOS LTDA,INDÚSTRIA,Fabricacao de artefatos de cimento para uso na construcao,MICRO EMPRESA,Maceió,35129163000153.0,,2330-3/02,2330302.0,23.0,C,Industria de transformacao,Produtos de minerais nao-metalicos,True,False,SIM,NÃO ATENDIDA,True
35167946000121,Ac Prestadora De Servicos Administrativos A Empresas Ltda,Não Indústria,4.Micro,Preparação de documentos e serviços especializados de apoio administrativo não especificados anteriormente,Migração,True,False,False,SOMENTE SESI,1,,,,,,,,,,,,,,,,,,,False
35189044000196,Harcos Empreendimentos Imobiliarios Ltda,Indústria,4.Micro,Incorporação de empreendimentos imobiliários,Migração,True,False,False,SOMENTE SESI,1,ATIVA,HARCOS EMPREENDIMENTOS IMOBILIARIOS LTDA,INDÚSTRIA,Incorporacao de empreendimentos imobiliarios,DEMAIS,Maceió,35189044000196.0,,4110-7/00,4110700.0,41.0,F,Construcao,Construcao de edificios,True,False,SIM,NÃO ATENDIDA,True
35191383000107,Industria Sertaneja Ltda,Indústria,4.Micro,Fabricação de biscoitos e bolachas,Migração,True,False,False,SOMENTE SESI,1,ATIVA,INDUSTRIA SERTANEJA LTDA,INDÚSTRIA,Fabricacao de biscoitos e bolachas,MICRO EMPRESA,Delmiro Gouveia,35191383000107.0,,1092-9/00,1092900.0,10.0,C,Industria de transformacao,Alimentos,True,False,SIM,NÃO ATENDIDA,True
35250695000144,Unidade De Gastroenterologia E Endoscopia De Alagoas,Não Indústria,4.Micro,Serviços de diagnóstico por métodos ópticos - endoscopia e outros exames análogos,Migração,True,False,False,SOMENTE SESI,1,,,,,,,,,,,,,,,,,,,False
35256106000135,Proanalises Laboratorio De Analises Clinicas Ltda,Não Indústria,3.Pequena,Laboratórios clínicos,Migração,True,False,False,SOMENTE SESI,1,,,,,,,,,,,,,,,,,,,False
35292769000105,Fpb Empreendimentos Ltda,Não Indústria,3.Pequena,Gestão e manutenção de cemitérios,Migração,True,False,False,SOMENTE SESI,1,,,,,,,,,,,,,,,,,,,False
35368695000143,Alimenta Ind Com De Massas Finas E Rep Ltda,Indústria,4.Micro,FABRICAÇÃO DE PRODUTOS DE PANIFICAÇÃO INDUSTRIAL,Migração,True,False,False,SOMENTE SESI,1,ATIVA,ALIMENTA IND COM DE MASSAS FINAS E REP LTDA,INDÚSTRIA,Fabricacao de produtos de padaria e confeitaria com predominancia de producao propria,MICRO EMPRESA,Maceió,35368695000143.0,35368695000143.0,1091-1/02,1091102.0,10.0,C,Industria de transformacao,Alimentos,True,False,SIM,NÃO ATENDIDA,True
35371749000120,Encanto Do Tear Ltda,Não Indústria,4.Micro,"Comércio varejista de artigos de tapeçaria, cortinas e persianas",Migração,True,False,False,SOMENTE SESI,1,,,,,,,,,,,,,,,,,,,False
35372432000108,Francisco Roberval Soares Ribeiro,Indústria,3.Pequena,"Confecção, sob medida, de peças do vestuário, exceto roupas íntimas",Migração,True,False,False,SOMENTE SESI,1,ATIVA,FRANCISCO ROBERVAL SOARES RIBEIRO,INDÚSTRIA,"Confeccao, sob medida, de pecas do vestuario, exceto roupas intimas",MICRO EMPRESA,Santana do Ipanema,35372432000108.0,35372432000108.0,1412-6/02,1412602.0,14.0,C,Industria de transformacao,Confeccao de vestuario e acessorios,True,False,SIM,NÃO ATENDIDA,True
35375005000183,Comercial Leticia Ltda,Não Indústria,4.Micro,Comércio varejista de materiais de construção não especificados anteriormente,Migração,True,False,False,SOMENTE SESI,1,,,,,,,,,,,,,,,,,,,False
35375005000264,Comercial Leticia Ltda,Indústria,3.Pequena,"Fabricação de produtos de trefilados de metal, exceto padronizados",Migração,True,False,False,SOMENTE SESI,1,ATIVA,COMERCIAL LETICIA LTDA,INDÚSTRIA,"Fabricacao de produtos de trefilados de metal, exceto padronizados",MICRO EMPRESA,Maceió,35375005000264.0,,2592-6/02,2592602.0,25.0,C,Industria de transformacao,Produtos de metal (exceto maquinas),True,False,SIM,NÃO ATENDIDA,True
35396968000163,Kaline Do Bomfim Lima 02921221446,Não Indústria,4.Micro,"Lanchonetes, casas de chá, de sucos e similares",Migração,True,False,False,SOMENTE SESI,1,,,,,,,,,,,,,,,,,,,False
35398478000287,Plastmar Industria E Comercio De Plasticos Ltda,Industria | Indústria,2.Média,Fabricação de artefatos de material plástico para outros usos não especificados anteriormente,Migração | Proposta,True,True,True,SESI + SENAI,2,ATIVA,PLASTMAR INDUSTRIA E COMERCIO DE PLASTICOS LTDA,INDÚSTRIA,Fabricacao de artefatos de material plastico para outros usos nao especificados anteriormente,DEMAIS,Maceió,35398478000287.0,35398478000287.0,2229-3/99,2229399.0,22.0,C,Industria de transformacao,Borracha e material plastico,True,False,SIM,NÃO ATENDIDA,True
35435586000100,Prevencar Locacoes E Servicos Ltda,Indústria,4.Micro,Serviços de manutenção e reparação mecânica de veículos automotores,Migração,True,False,False,SOMENTE SESI,1,ATIVA,PREVENCAR LOCACOES E SERVICOS LTDA,INDÚSTRIA,Servicos de manutencao e reparacao mecanica de veiculos automotores,MICRO EMPRESA,Maceió,35435586000100.0,,4520-0/01,4520001.0,45.0,G,Comercio e reparacao de veiculos,Comercio e reparacao de veiculos,False,False,NAO,FORA DO ESCOPO SEBRAE,True
35492098000126,Nbg Midia Ltda,Nao Industria,4.Micro,"Agenciamento de espaços para publicidade, exceto em veículos de comunicação",Migração,False,True,False,SOMENTE SENAI,1,,,,,,,,,,,,,,,,,,,False
35518797000106,Construtora Urbanisme Ltda,Industria | Indústria,3.Pequena,Incorporação de empreendimentos imobiliários,Migração | Proposta,True,True,True,SESI + SENAI,2,ATIVA,CONSTRUTORA URBANISME LTDA,INDÚSTRIA,Incorporacao de empreendimentos imobiliarios,PEQUENO PORTE,Arapiraca,35518797000106.0,35518797000106.0,4110-7/00,4110700.0,41.0,F,Construcao,Construcao de edificios,True,False,SIM,NÃO ATENDIDA,True
35536265000193,V De Lira Leandro Educacao,Não Indústria,4.Micro,Educação infantil - pré-escola,Proposta,True,False,False,SOMENTE SESI,1,,,,,,,,,,,,,,,,,,,False
35547843000197,L Das N Fernandes,Não Indústria,4.Micro,Comércio varejista de móveis,Migração,True,False,False,SOMENTE SESI,1,,,,,,,,,,,,,,,,,,,False
35553783000115,Jc Ind. Com. Exp. Imp. E Montagem De Sist. De Energia Solar Ltda,Não Indústria,4.Micro,Comércio varejista de materiais hidráulicos,Migração,True,False,False,SOMENTE SESI,1,,,,,,,,,,,,,,,,,,,False
35558493000164,Gas Service Ltda,Indústria,4.Micro,Serviços de manutenção e reparação mecânica de veículos automotores,Proposta,True,False,False,SOMENTE SESI,1,ATIVA,GAS SERVICE LTDA,INDÚSTRIA,Servicos de manutencao e reparacao mecanica de veiculos automotores,MICRO EMPRESA,Maceió,35558493000164.0,,4520-0/01,4520001.0,45.0,G,Comercio e reparacao de veiculos,Comercio e reparacao de veiculos,False,False,NAO,FORA DO ESCOPO SEBRAE,True
35561844000196,Condominio Do Edf Nautilus,Não Indústria,4.Micro,Condomínios prediais,Migração,True,False,False,SOMENTE SESI,1,,,,,,,,,,,,,,,,,,,False
35562321000164,Fundacao De Amparo A Pesquisa De Alagoas,Nao Industria,3.Pequena,Administração pública em geral,Proposta,False,True,False,SOMENTE SENAI,1,,,,,,,,,,,,,,,,,,,False
35578782000125,Cardiomed Arapiraca Ltda,Não Indústria,4.Micro,Atividade médica ambulatorial com recursos para realização de exames complementares,Migração,True,False,False,SOMENTE SESI,1,,,,,,,,,,,,,,,,,,,False
35631449000132,A Quatro Arquitetura E Construcoes Ltda,Industria,3.Pequena,Construção de edifícios,Proposta,False,True,False,SOMENTE SENAI,1,ATIVA,A QUATRO ARQUITETURA E CONSTRUCOES LTDA,INDÚSTRIA,Construcao de edificios,PEQUENO PORTE,Maceió,35631449000132.0,35631449000132.0,4120-4/00,4120400.0,41.0,F,Construcao,Construcao de edificios,True,False,SIM,NÃO ATENDIDA,True
35635333000171,Edial Empresa Divulgadora Arapiraca Ltda,Não Indústria,4.Micro,Atividades de rádio,Migração,True,False,False,SOMENTE SESI,1,,,,,,,,,,,,,,,,,,,False
35647523000109,Nordex Transportes E Servicos De Logisticas Ltda,Não Indústria,4.Micro,"Transporte rodoviário de carga, exceto produtos perigosos e mudanças, intermunicipal, interestadual e internacional",Migração,True,False,False,SOMENTE SESI,1,,,,,,,,,,,,,,,,,,,False
35647608000197,R.a. Gestao De Ativos Ltda,Nao Industria,3.Pequena,"Serviços de organização de feiras, congressos, exposições e festas",Proposta,False,True,False,SOMENTE SENAI,1,,,,,,,,,,,,,,,,,,,False
35682994000158,K. G. De Oliveira Souza,Industria,4.Micro,Serviços de manutenção e reparação mecânica de veículos automotores,Proposta,False,True,False,SOMENTE SENAI,1,ATIVA,K. G. DE OLIVEIRA SOUZA,INDÚSTRIA,Servicos de manutencao e reparacao mecanica de veiculos automotores,MICRO EMPRESA,Igaci,,35682994000158.0,4520-0/01,4520001.0,45.0,G,Comercio e reparacao de veiculos,Comercio e reparacao de veiculos,False,False,NAO,FORA DO ESCOPO SEBRAE,True
35728310000101,M C Oleos E Lubrificantes Ltda,Não Indústria,3.Pequena,Comércio varejista de lubrificantes,Migração,True,False,False,SOMENTE SESI,1,,,,,,,,,,,,,,,,,,,False
35728880000100,Tecfibra Empreiteira E Revestimentos Anticorrosivos Ltda,Industria | Indústria,2.Média,Manutenção e reparação de outras máquinas e equipamentos para usos industriais não especificados anteriormente,Proposta,True,True,True,SESI + SENAI,2,ATIVA,TECFIBRA EMPREITEIRA E REVESTIMENTOS ANTICORROSIVOS LTDA,INDÚSTRIA,Manutencao e reparacao de outras maquinas e equipamentos para usos industriais nao especificados anteriormente,DEMAIS,Marechal Deodoro,35728880000100.0,35728880000100.0,3314-7/99,3314799.0,33.0,C,Industria de transformacao,"Manutencao, reparacao e instalacao de maquinas",True,False,SIM,NÃO ATENDIDA,True
35734334000173,Condominio Conjunto Residencial Tabuleiro Do Martins I,Não Indústria,4.Micro,Condomínios prediais,Migração,True,False,False,SOMENTE SESI,1,,,,,,,,,,,,,,,,,,,False
35739739000102,Instituto De Cultura Anglo Americana De Arapiraca Ltda,Não Indústria,4.Micro,Ensino de idiomas,Migração,True,False,False,SOMENTE SESI,1,,,,,,,,,,,,,,,,,,,False
35741024000267,Diagnose Centro De Diagnostico Por Imagem Ltda,Não Indústria,2.Média,Serviços de ressonância magnética,Proposta,True,False,False,SOMENTE SESI,1,,,,,,,,,,,,,,,,,,,False
35741370000164,Panificacao Omena Ltda,Indústria,4.Micro,FABRICAÇÃO DE PRODUTOS DE PADARIA E CONFEITARIA COM PREDOMINÂNCIA DE PRODUÇÃO PRÓPRIA,Migração,True,False,False,SOMENTE SESI,1,ATIVA,PANIFICACAO OMENA LTDA,INDÚSTRIA,Fabricacao de produtos de panificacao industrial,MICRO EMPRESA,Maceió,35741370000164.0,,1091-1/00,1091100.0,10.0,C,Industria de transformacao,Alimentos,True,False,SIM,NÃO ATENDIDA,True
35763849000100,Grano Gestao Empresarial Ltda.,Não Indústria,3.Pequena,Serviços combinados de escritório e apoio administrativo,Migração,True,False,False,SOMENTE SESI,1,,,,,,,,,,,,,,,,,,,False
35793336000133,Danilo Gomes Da Silva,Indústria,4.Micro,Serviços de comunicação multimídia - SCM,Migração,True,False,False,SOMENTE SESI,1,ATIVA,DANILO GOMES DA SILVA,INDÚSTRIA,Servicos de comunicacao multimidia - scm,MICRO EMPRESA,Água Branca,35793336000133.0,,6110-8/03,6110803.0,61.0,J,Informacao e comunicacao,Informacao e comunicacao,False,False,NAO,FORA DO ESCOPO SEBRAE,True
35852051000126,Unimar Supermecado Ltda,Não Indústria,4.Micro,"Comércio varejista de mercadorias em geral, com predominância de produtos alimentícios - minimercados, mercearias e armazéns",Migração,True,False,False,SOMENTE SESI,1,,,,,,,,,,,,,,,,,,,False
35956639000120,System Express Ltda,Não Indústria,3.Pequena,Ensino de idiomas,Migração,True,False,False,SOMENTE SESI,1,,,,,,,,,,,,,,,,,,,False
35993367000138,J S Servicos E Manutencao Em Turbinas E Centrifugas Ltda,Indústria,4.Micro,Manutenção e reparação de máquinas motrizes não-elétricas,Migração,True,False,False,SOMENTE SESI,1,ATIVA,J S SERVICOS E MANUTENCAO EM TURBINAS E CENTRIFUGAS LTDA,INDÚSTRIA,Manutencao e reparacao de maquinas motrizes nao eletricas,PEQUENO PORTE,Maceió,35993367000138.0,,3314-7/01,3314701.0,33.0,C,Industria de transformacao,"Manutencao, reparacao e instalacao de maquinas",True,False,SIM,NÃO ATENDIDA,True
36032082000101,Marconorte Energia E Educacao Ltda,Indústria,4.Micro,Instalação e manutenção elétrica,Migração,True,False,False,SOMENTE SESI,1,ATIVA,MARCONORTE ENERGIA E EDUCACAO LTDA,INDÚSTRIA,Instalacao e manutencao eletrica,MICRO EMPRESA,Arapiraca,36032082000101.0,,4321-5/00,4321500.0,43.0,F,Construcao,Servicos especializados para construcao,True,False,SIM,NÃO ATENDIDA,True
36033147000125,Vmn 01 Empreendimentos Imobiliarios Spe Ltda,Indústria,3.Pequena,Construção de edifícios,Migração,True,False,False,SOMENTE SESI,1,ATIVA,VMN 01 EMPREENDIMENTOS IMOBILIARIOS SPE LTDA,INDÚSTRIA,Construcao de edificios,DEMAIS,Maceió,36033147000125.0,36033147000125.0,4120-4/00,4120400.0,41.0,F,Construcao,Construcao de edificios,True,False,SIM,NÃO ATENDIDA,True
36064094000100,Amp Lanchonetes Ltda,Nao Industria,4.Micro,"Lanchonetes, casas de chá, de sucos e similares",Proposta,False,True,False,SOMENTE SENAI,1,,,,,,,,,,,,,,,,,,,False
36069750000167,D Da S C Acioli Comercio E Servicos,Industria,4.Micro,Manutenção e reparação de máquinas e equipamentos para uso geral não especificados anteriormente,Proposta,False,True,False,SOMENTE SENAI,1,ATIVA,ALATECH MED LTDA,INDÚSTRIA,Manutencao e reparacao de aparelhos eletromedicos e eletroterapeuticos e equipamentos de irradiacao,PEQUENO PORTE,Maceió,,36069750000167.0,3312-1/03,3312103.0,33.0,C,Industria de transformacao,"Manutencao, reparacao e instalacao de maquinas",True,False,SIM,NÃO ATENDIDA,True
36075731000143,W.w.l. Hidraulica Equipamentos Ltda,Não Indústria,4.Micro,Comércio varejista de materiais hidráulicos,Migração,True,False,False,SOMENTE SESI,1,,,,,,,,,,,,,,,,,,,False
36078354000104,Frigoprime Cortes Especiais Ltda,Não Indústria,4.Micro,Comércio varejista de carnes - açougues,Proposta,True,False,False,SOMENTE SESI,1,,,,,,,,,,,,,,,,,,,False
36123079000195,Green Plast Industria E Comercio De Embalagens Plasticas Ltda,Indústria,3.Pequena,Fabricação de embalagens de material plástico,Migração,True,False,False,SOMENTE SESI,1,ATIVA,GREEN PLAST INDUSTRIA E COMERCIO DE EMBALAGENS PLASTICAS LTDA,INDÚSTRIA,Fabricacao de embalagens de material plastico,MICRO EMPRESA,Maceió,36123079000195.0,36123079000195.0,2222-6/00,2222600.0,22.0,C,Industria de transformacao,Borracha e material plastico,True,False,SIM,NÃO ATENDIDA,True
36184815000115,Jose Roberto Da Silva Comercio,Indústria,4.Micro,FABRICAÇÃO DE PRODUTOS DE PANIFICAÇÃO INDUSTRIAL,Migração,True,False,False,SOMENTE SESI,1,ATIVA,JOSE ROBERTO DA SILVA COMERCIO LTDA,INDÚSTRIA,Fabricacao de produtos de padaria e confeitaria com predominancia de producao propria,MICRO EMPRESA,Barra de Santo Antônio,36184815000115.0,,1091-1/02,1091102.0,10.0,C,Industria de transformacao,Alimentos,True,False,SIM,NÃO ATENDIDA,True
36308155000137,Hospital Memorial Agape S/a,Não Indústria,2.Média,Atividades de atendimento em pronto-socorro e unidades hospitalares para atendimento a urgências,Migração,True,False,False,SOMENTE SESI,1,,,,,,,,,,,,,,,,,,,False
36329165000159,G Moveis Ltda,Indústria,4.Micro,Fabricação de móveis com predominância de metal,Migração,True,False,False,SOMENTE SESI,1,,,,,,,,,,,,,,,,,,,False
36343070000190,Rico Consultores Imobiliarios Ltda,Não Indústria,4.Micro,Corretagem na compra e venda e avaliação de imóveis,Migração,True,False,False,SOMENTE SESI,1,,,,,,,,,,,,,,,,,,,False
36359686000159,"Le Mix Brasil Preparacao De Massa, Argamassa E Concreto Ltda",Industria | Indústria,2.Média,Preparação de massa de concreto e argamassa para construção,Proposta,True,True,True,SESI + SENAI,2,ATIVA,"LE MIX BRASIL PREPARACAO DE MASSA, ARGAMASSA E CONCRETO LTDA",INDÚSTRIA,Preparacao de massa de concreto e argamassa para construcao,DEMAIS,Maceió,36359686000159.0,36359686000159.0,2330-3/05,2330305.0,23.0,C,Industria de transformacao,Produtos de minerais nao-metalicos,True,False,SIM,NÃO ATENDIDA,True
36359686000230,"Le Mix Brasil Preparacao De Massa, Argamassa E Concreto Ltda",Industria | Indústria,3.Pequena,Preparação de massa de concreto e argamassa para construção,Proposta,True,True,True,SESI + SENAI,2,ATIVA,"LE MIX BRASIL PREPARACAO DE MASSA, ARGAMASSA E CONCRETO LTDA",INDÚSTRIA,Preparacao de massa de concreto e argamassa para construcao,DEMAIS,Arapiraca,36359686000230.0,36359686000230.0,2330-3/05,2330305.0,23.0,C,Industria de transformacao,Produtos de minerais nao-metalicos,True,False,SIM,NÃO ATENDIDA,True
36359686000310,"Le Mix Brasil Preparacao De Massa, Argamassa E Concreto Ltda",Indústria,4.Micro,Preparação de massa de concreto e argamassa para construção,Proposta,True,False,False,SOMENTE SESI,1,ATIVA,"LE MIX BRASIL PREPARACAO DE MASSA, ARGAMASSA E CONCRETO LTDA",INDÚSTRIA,Preparacao de massa de concreto e argamassa para construcao,DEMAIS,Porto de Pedras,36359686000310.0,36359686000310.0,2330-3/05,2330305.0,23.0,C,Industria de transformacao,Produtos de minerais nao-metalicos,True,False,SIM,NÃO ATENDIDA,True
36376728000160,Atitude Promo E Eventos Ltda,Não Indústria,4.Micro,"Serviços de organização de feiras, congressos, exposições e festas",Proposta,True,False,False,SOMENTE SESI,1,,,,,,,,,,,,,,,,,,,False
36381626000132,C R De Camargo Construcoes Ltda,Indústria,4.Micro,Preparação de massa de concreto e argamassa para construção,Proposta,True,False,False,SOMENTE SESI,1,ATIVA,C R DE CAMARGO CONSTRUCOES LTDA,INDÚSTRIA,Preparacao de massa de concreto e argamassa para construcao,MICRO EMPRESA,Joaquim Gomes,,,2330-3/05,2330305.0,23.0,C,Industria de transformacao,Produtos de minerais nao-metalicos,True,False,SIM,NÃO ATENDIDA,True
36401945000162,Jose Acacio Gomes Da Silva,Indústria,4.Micro,"Manutenção e reparação de tanques, reservatórios metálicos e caldeiras, exceto para veículos",Proposta,True,False,False,SOMENTE SESI,1,ATIVA,MAG ENGENHARIA LTDA,INDÚSTRIA,"Manutencao e reparacao de tanques, reservatorios metalicos e caldeiras, exceto para veiculos",MICRO EMPRESA,Teotônio Vilela,36401945000162.0,,3311-2/00,3311200.0,33.0,C,Industria de transformacao,"Manutencao, reparacao e instalacao de maquinas",True,False,SIM,NÃO ATENDIDA,True
36434141000160,Sonhobom Industria E Comercio De Moveis Ltda,Industria,3.Pequena,Fabricação de colchões,Proposta,False,True,False,SOMENTE SENAI,1,ATIVA,SONHOBOM INDUSTRIA E COMERCIO DE MOVEIS LTDA,INDÚSTRIA,Fabricacao de colchoes,PEQUENO PORTE,Rio Largo,,36434141000160.0,3104-7/00,3104700.0,31.0,C,Industria de transformacao,Moveis,True,False,SIM,NÃO ATENDIDA,True
36515800000192,Manoel Sancho Viana Neto,Indústria,4.Micro,Serviços de manutenção e reparação mecânica de veículos automotores,Migração,True,False,False,SOMENTE SESI,1,ATIVA,MANOEL SANCHO VIANA NETO,INDÚSTRIA,Servicos de manutencao e reparacao mecanica de veiculos automotores,MICRO EMPRESA,Maceió,36515800000192.0,,4520-0/01,4520001.0,45.0,G,Comercio e reparacao de veiculos,Comercio e reparacao de veiculos,False,False,NAO,FORA DO ESCOPO SEBRAE,True
36629951000171,B C De Oliveira Lima  Ltda,Não Indústria,4.Micro,"Lanchonetes, casas de chá, de sucos e similares",Migração,True,False,False,SOMENTE SESI,1,,,,,,,,,,,,,,,,,,,False
36634768000164,Equilibrio Vidros Temperados Ltda,Industria,3.Pequena,Fabricação de vidro plano e de segurança,Proposta,False,True,False,SOMENTE SENAI,1,ATIVA,EQUILIBRIO VIDROS TEMPERADOS LTDA,INDÚSTRIA,Fabricacao de vidro plano e de seguranca,PEQUENO PORTE,Maceió,,36634768000164.0,2311-7/00,2311700.0,23.0,C,Industria de transformacao,Produtos de minerais nao-metalicos,True,False,SIM,NÃO ATENDIDA,True
36634906000105,Optmus Consultoria E Servicos Ltda,Nao Industria,3.Pequena,Serviços combinados de escritório e apoio administrativo,Proposta,False,True,False,SOMENTE SENAI,1,,,,,,,,,,,,,,,,,,,False
36862046000167,E Mangabeira Ltda,Industria,3.Pequena,Fabricação de estruturas metálicas,Proposta,False,True,False,SOMENTE SENAI,1,ATIVA,E MANGABEIRA LTDA,INDÚSTRIA,Fabricacao de estruturas metalicas,MICRO EMPRESA,Pilar,,36862046000167.0,2511-0/00,2511000.0,25.0,C,Industria de transformacao,Produtos de metal (exceto maquinas),True,False,SIM,NÃO ATENDIDA,True
36999552000100,"Mg Construcao, Manutencao E Servicos Ltda",Indústria,4.Micro,Instalação e manutenção elétrica,Proposta,True,False,False,SOMENTE SESI,1,,,,,,,,,,,,,,,,,,,False
37157610000103,J N Industria De Premoldados Ltda,Industria,3.Pequena,"Fabricação de estruturas pré-moldadas de concreto armado, em série e sob encomenda",Proposta,False,True,False,SOMENTE SENAI,1,ATIVA,J N INDUSTRIA DE PREMOLDADOS LTDA,INDÚSTRIA,"Fabricacao de estruturas pre moldadas de concreto armado, em serie e sob encomenda",PEQUENO PORTE,Maceió,,37157610000103.0,2330-3/01,2330301.0,23.0,C,Industria de transformacao,Produtos de minerais nao-metalicos,True,False,SIM,NÃO ATENDIDA,True
37225540000183,Tavares E Pedrosa Assistencia De Enfermagem Ltda,Não Indústria,4.Micro,Atividades de enfermagem,Migração,True,False,False,SOMENTE SESI,1,,,,,,,,,,,,,,,,,,,False
37288825000163,Elias J. Da Silva,Indústria,4.Micro,Provedores de acesso às redes de comunicações,Migração,True,False,False,SOMENTE SESI,1,ATIVA,ELIAS J. DA SILVA,INDÚSTRIA,Provedores de acesso as redes de comunicacoes,MICRO EMPRESA,Limoeiro de Anadia,37288825000163.0,,6190-6/01,6190601.0,61.0,J,Informacao e comunicacao,Informacao e comunicacao,False,False,NAO,FORA DO ESCOPO SEBRAE,True
37288984000168,Lavenere Industria E Comercio De Pre-moldados Ltda,Industria,3.Pequena,Fabricação de artefatos de cimento para uso na construção,Proposta,False,True,False,SOMENTE SENAI,1,ATIVA,LAVENERE INDUSTRIA E COMERCIO DE PRE-MOLDADOS LTDA,INDÚSTRIA,Fabricacao de artefatos de cimento para uso na construcao,PEQUENO PORTE,Campo Alegre,,37288984000168.0,2330-3/02,2330302.0,23.0,C,Industria de transformacao,Produtos de minerais nao-metalicos,True,False,SIM,NÃO ATENDIDA,True
37308375000123,Tamp Plast Industria E Comercio De Plastico Ltda,Indústria,3.Pequena,Recuperação de materiais não especificados anteriormente,Proposta,True,False,False,SOMENTE SESI,1,ATIVA,TAMP PLAST INDUSTRIA E COMERCIO DE PLASTICO LTDA,INDÚSTRIA,Recuperacao de materiais nao especificados anteriormente,DEMAIS,Maceió,37308375000123.0,37308375000123.0,3839-4/99,3839499.0,38.0,E,"Agua, esgoto e residuos",Coleta e tratamento de residuos,True,False,SIM,NÃO ATENDIDA,True
37432689000133,Abaco Tecnologia De Informacao Ltda,Não Indústria,2.Média,Desenvolvimento e licenciamento de programas de computador customizáveis,Proposta,True,False,False,SOMENTE SESI,1,,,,,,,,,,,,,,,,,,,False
37546508000108,Premium Fibra Multimidia Ltda,Indústria,4.Micro,Serviços de comunicação multimídia - SCM,Migração,True,False,False,SOMENTE SESI,1,ATIVA,PREMIUM FIBRA MULTIMIDIA LTDA,INDÚSTRIA,Servicos de comunicacao multimidia - scm,MICRO EMPRESA,Maceió,37546508000108.0,,6110-8/03,6110803.0,61.0,J,Informacao e comunicacao,Informacao e comunicacao,False,False,NAO,FORA DO ESCOPO SEBRAE,True
37602529000195,Silvia Regia Pereira De Carvalho,Não Indústria,4.Micro,Comércio varejista de jornais e revistas,Proposta,True,False,False,SOMENTE SESI,1,,,,,,,,,,,,,,,,,,,False
37607277000197,Bx Comercio E Servicos De Bolsas Ltda,Industria | Indústria,4.Micro,"Fabricação de artigos para viagem, bolsas e semelhantes de qualquer material",Migração | Proposta,True,True,True,SESI + SENAI,2,ATIVA,BX COMERCIO E SERVICOS DE BOLSAS LTDA,INDÚSTRIA,"Fabricacao de artigos para viagem, bolsas e semelhantes de qualquer material",PEQUENO PORTE,Maceió,37607277000197.0,37607277000197.0,1521-1/00,1521100.0,15.0,C,Industria de transformacao,"Couros, artefatos e calcados",True,False,SIM,NÃO ATENDIDA,True
37687070000170,Dunortt Paes Artesanais Ltda,Indústria,4.Micro,FABRICAÇÃO DE PRODUTOS DE PANIFICAÇÃO INDUSTRIAL,Proposta,True,False,False,SOMENTE SESI,1,ATIVA,DUNORTT PAES ARTESANAIS LTDA,INDÚSTRIA,Fabricacao de produtos de panificacao industrial,MICRO EMPRESA,Maceió,37687070000170.0,,1091-1/00,1091100.0,10.0,C,Industria de transformacao,Alimentos,True,False,SIM,NÃO ATENDIDA,True
37801431000167,Computare Assessoria Contabil E Empresarial Al Ltda,Não Indústria,4.Micro,Atividades de contabilidade,Migração,True,False,False,SOMENTE SESI,1,,,,,,,,,,,,,,,,,,,False
37888525000115,Atlantida Se Empreendimento Imobiliario Spe Ltda,Industria,3.Pequena,Construção de edifícios,Proposta,False,True,False,SOMENTE SENAI,1,ATIVA,ATLANTIDA SE EMPREENDIMENTO IMOBILIARIO SPE LTDA,INDÚSTRIA,Construcao de edificios,PEQUENO PORTE,Messias,,37888525000115.0,4120-4/00,4120400.0,41.0,F,Construcao,Construcao de edificios,True,False,SIM,NÃO ATENDIDA,True
37999873000160,Cemiterio Reserva Da Paz Ltda,Não Indústria,4.Micro,Serviços de sepultamento,Migração,True,False,False,SOMENTE SESI,1,,,,,,,,,,,,,,,,,,,False
38058413000108,Ello Solucoes Condominiais Ltda,Não Indústria,3.Pequena,Gestão e administração da propriedade imobiliária,Migração,True,False,False,SOMENTE SESI,1,,,,,,,,,,,,,,,,,,,False
38059977000157,Rubi Qualidade E Logistica Ambiental Ltda,Indústria,4.Micro,Coleta de resíduos perigosos,Migração,True,False,False,SOMENTE SESI,1,ATIVA,RUBI QUALIDADE E LOGISTICA AMBIENTAL LTDA,INDÚSTRIA,Coleta de residuos perigosos,MICRO EMPRESA,Maceió,38059977000157.0,,3812-2/00,3812200.0,38.0,E,"Agua, esgoto e residuos",Coleta e tratamento de residuos,True,False,NAO,FORA DO ESCOPO SEBRAE,True
38075121000175,Pharos Residence Empreendimento Imobiliario Spe Ltda,Industria,3.Pequena,Construção de edifícios,Proposta,False,True,False,SOMENTE SENAI,1,ATIVA,PHAROS RESIDENCE EMPREENDIMENTO IMOBILIARIO SPE LTDA,INDÚSTRIA,Construcao de edificios,DEMAIS,Maceió,,38075121000175.0,4120-4/00,4120400.0,41.0,F,Construcao,Construcao de edificios,True,False,SIM,NÃO ATENDIDA,True
38132400000123,Boi Carreiro Ltda,Nao Industria,3.Pequena,Criação de bovinos para corte,Proposta,False,True,False,SOMENTE SENAI,1,,,,,,,,,,,,,,,,,,,False
38162420000147,Bw Plast Industria E Comercio Ltda,Indústria,4.Micro,Fabricação de embalagens de material plástico,Proposta,True,False,False,SOMENTE SESI,1,ATIVA,BW PLAST INDUSTRIA E COMERCIO LTDA,INDÚSTRIA,Fabricacao de embalagens de material plastico,MICRO EMPRESA,Maceió,38162420000147.0,,2222-6/00,2222600.0,22.0,C,Industria de transformacao,Borracha e material plastico,True,False,SIM,NÃO ATENDIDA,True
38240209000103,Lc Engenharia E Empreendimentos Ltda,Industria,3.Pequena,Construção de edifícios,Migração,False,True,False,SOMENTE SENAI,1,ATIVA,LC ENGENHARIA E EMPREENDIMENTOS LTDA,INDÚSTRIA,Construcao de edificios,DEMAIS,Maceió,,38240209000103.0,4120-4/00,4120400.0,41.0,F,Construcao,Construcao de edificios,True,False,SIM,NÃO ATENDIDA,True
38333461000159,Iabs Empresa Social Comercio Ltda,Industria | Indústria,4.Micro,Recuperação de materiais não especificados anteriormente,Migração | Proposta,True,True,True,SESI + SENAI,2,ATIVA,IABS EMPRESA SOCIAL COMERCIO LTDA,INDÚSTRIA,Recuperacao de materiais nao especificados anteriormente,MICRO EMPRESA,Maceió,38333461000159.0,38333461000159.0,3839-4/99,3839499.0,38.0,E,"Agua, esgoto e residuos",Coleta e tratamento de residuos,True,False,SIM,NÃO ATENDIDA,True
38354009000173,Lht Energia Ltda,Industria,2.Média,Instalação e manutenção elétrica,Proposta,False,True,False,SOMENTE SENAI,1,ATIVA,LHT ENERGIA LTDA,INDÚSTRIA,Instalacao e manutencao eletrica,DEMAIS,Maceió,,38354009000173.0,4321-5/00,4321500.0,43.0,F,Construcao,Servicos especializados para construcao,True,False,SIM,NÃO ATENDIDA,True
38449329000107,Rdv Roasters Torrefacao E Escola De Cafes Especiais Ltda,Industria | Indústria,4.Micro,Torrefação e moagem de café,Migração | Proposta,True,True,True,SESI + SENAI,2,ATIVA,RDV ROASTERS TORREFACAO E ESCOLA DE CAFES ESPECIAIS LTDA,INDÚSTRIA,Torrefacao e moagem de cafe,MICRO EMPRESA,Maceió,38449329000107.0,38449329000107.0,1081-3/02,1081302.0,10.0,C,Industria de transformacao,Alimentos,True,False,SIM,NÃO ATENDIDA,True
38497296000170,J L Da Silva Industria E Comercio,Indústria,4.Micro,"Fabricação de especiarias, molhos, temperos e condimentos",Migração,True,False,False,SOMENTE SESI,1,,,,,,,,,,,,,,,,,,,False
38544161000119,A F De Lima Ltda,Indústria,4.Micro,"Fabricação de acessórios do vestuário, exceto para segurança e proteção",Migração,True,False,False,SOMENTE SESI,1,ATIVA,A F DE LIMA LTDA,INDÚSTRIA,"Fabricacao de acessorios do vestuario, exceto para seguranca e protecao",PEQUENO PORTE,Maceió,38544161000119.0,,1414-2/00,1414200.0,14.0,C,Industria de transformacao,Confeccao de vestuario e acessorios,True,False,SIM,NÃO ATENDIDA,True
38732934000190,Plastic Pack Ltda,Indústria,4.Micro,Fabricação de embalagens de material plástico,Migração,True,False,False,SOMENTE SESI,1,ATIVA,PLASTIC PACK LTDA,INDÚSTRIA,Fabricacao de embalagens de material plastico,MICRO EMPRESA,Arapiraca,38732934000190.0,,2222-6/00,2222600.0,22.0,C,Industria de transformacao,Borracha e material plastico,True,False,SIM,NÃO ATENDIDA,True
39237180000165,R Gomes Santos Ltda,Indústria,4.Micro,Serviços de comunicação multimídia - SCM,Migração,True,False,False,SOMENTE SESI,1,ATIVA,R GOMES SANTOS LTDA,INDÚSTRIA,Servicos de comunicacao multimidia - scm,MICRO EMPRESA,Coité do Nóia,39237180000165.0,,6110-8/03,6110803.0,61.0,J,Informacao e comunicacao,Informacao e comunicacao,False,False,NAO,FORA DO ESCOPO SEBRAE,True
39282073000159,Reciclal Servicos E Solucoes Em Mao De Obra Ltda,Não Indústria,4.Micro,Seleção e agenciamento de mão-de-obra,Migração,True,False,False,SOMENTE SESI,1,,,,,,,,,,,,,,,,,,,False
39360633000146,Seeo Engenharia E Consultoria Ltda,Indústria,3.Pequena,Serviços de engenharia,Migração,True,False,False,SOMENTE SESI,1,ATIVA,SEEO ENGENHARIA E CONSULTORIA LTDA,INDÚSTRIA,Servicos de engenharia,PEQUENO PORTE,Maceió,39360633000146.0,,7112-0/00,7112000.0,71.0,M,Atividades profissionais e tecnicas,Atividades profissionais e tecnicas,False,False,NAO,FORA DO ESCOPO SEBRAE,True
39580673000101,Brk Ambiental - Regiao Metropolitana De Maceio S.a.,Industria | Indústria,1.Grande,"Captação, tratamento e distribuição de água",Proposta,True,True,True,SESI + SENAI,2,ATIVA,BRK AMBIENTAL - REGIAO METROPOLITANA DE MACEIO S.A.,INDÚSTRIA,"Captacao, tratamento e distribuicao de agua",DEMAIS,Maceió,39580673000101.0,39580673000101.0,3600-6/01,3600601.0,36.0,E,"Agua, esgoto e residuos","Captacao, tratamento e distribuicao de agua",True,False,NAO,FORA DO ESCOPO SEBRAE,True
39584335000130,Prime Vistorias Automotivas Ltda,Não Indústria,4.Micro,Outras atividades de serviços prestados principalmente às empresas não especificadas anteriormente,Migração,True,False,False,SOMENTE SESI,1,,,,,,,,,,,,,,,,,,,False
39585461000109,Yan Thiago Tavares Santos 09307495459,Não Indústria,4.Micro,"Serviços de organização de feiras, congressos, exposições e festas",Proposta,True,False,False,SOMENTE SESI,1,,,,,,,,,,,,,,,,,,,False
39609914000190,Al Cardans Industria E Comercio De Pecas E Servicos Ltda,Indústria,4.Micro,Fabricação de peças e acessórios para o sistema de direção e suspensão de veículos automotores,Migração,True,False,False,SOMENTE SESI,1,ATIVA,AL CARDANS INDUSTRIA E COMERCIO DE PECAS E SERVICOS LTDA,INDÚSTRIA,Fabricacao de pecas e acessorios para o sistema de direcao e suspensao de veiculos automotores,PEQUENO PORTE,Maceió,39609914000190.0,,2944-1/00,2944100.0,29.0,C,Industria de transformacao,"Veiculos automotores, reboques e carrocerias",True,False,SIM,NÃO ATENDIDA,True
39676924000148,Dario Fernandes Da Silva Telecomunicacoes,Indústria,4.Micro,Serviços de comunicação multimídia - SCM,Migração,True,False,False,SOMENTE SESI,1,ATIVA,DARIO FERNANDES DA SILVA TELECOMUNICACOES,INDÚSTRIA,Servicos de comunicacao multimidia - scm,MICRO EMPRESA,Maceió,39676924000148.0,,6110-8/03,6110803.0,61.0,J,Informacao e comunicacao,Informacao e comunicacao,False,False,NAO,FORA DO ESCOPO SEBRAE,True
39808835000108,Solucao Construcoes E Servicos Ltda,Industria,3.Pequena,Serviços de engenharia,Proposta,False,True,False,SOMENTE SENAI,1,ATIVA,SOLUCAO CONSTRUCOES E SERVICOS LTDA,INDÚSTRIA,Servicos de engenharia,DEMAIS,Maceió,,39808835000108.0,7112-0/00,7112000.0,71.0,M,Atividades profissionais e tecnicas,Atividades profissionais e tecnicas,False,False,NAO,FORA DO ESCOPO SEBRAE,True
39813810000100,Quinas Arquitetura E Engenharia Ltda,Indústria,4.Micro,Construção de edifícios,Migração,True,False,False,SOMENTE SESI,1,ATIVA,QUINAS ARQUITETURA E ENGENHARIA LTDA,INDÚSTRIA,Construcao de edificios,PEQUENO PORTE,Arapiraca,39813810000100.0,,4120-4/00,4120400.0,41.0,F,Construcao,Construcao de edificios,True,False,SIM,NÃO ATENDIDA,True
39821377000147,Rio Branco Administradora Ltda,Não Indústria,3.Pequena,Serviços combinados de escritório e apoio administrativo,Migração,True,False,False,SOMENTE SESI,1,,,,,,,,,,,,,,,,,,,False
39844073000103,Lan Net Ltda,Indústria,4.Micro,Provedores de acesso às redes de comunicações,Migração,True,False,False,SOMENTE SESI,1,ATIVA,LAN NET LTDA,INDÚSTRIA,Provedores de acesso as redes de comunicacoes,MICRO EMPRESA,Santana do Ipanema,39844073000103.0,,6190-6/01,6190601.0,61.0,J,Informacao e comunicacao,Informacao e comunicacao,False,False,NAO,FORA DO ESCOPO SEBRAE,True
39886750000148,R Pontes 01 Empreendimento Imobiliario Spe Ltda,Indústria,2.Média,Incorporação de empreendimentos imobiliários,Proposta,True,False,False,SOMENTE SESI,1,ATIVA,R PONTES 01 EMPREENDIMENTO IMOBILIARIO LTDA,INDÚSTRIA,Incorporacao de empreendimentos imobiliarios,DEMAIS,Maceió,39886750000148.0,39886750000148.0,4110-7/00,4110700.0,41.0,F,Construcao,Construcao de edificios,True,False,SIM,NÃO ATENDIDA,True
39886818000199,R Pontes 02 Empreendimento Imobiliario Spe Ltda,Indústria,3.Pequena,Incorporação de empreendimentos imobiliários,Proposta,True,False,False,SOMENTE SESI,1,ATIVA,R PONTES 02 EMPREENDIMENTO IMOBILIARIO SPE LTDA,INDÚSTRIA,Incorporacao de empreendimentos imobiliarios,DEMAIS,Maceió,39886818000199.0,39886818000199.0,4110-7/00,4110700.0,41.0,F,Construcao,Construcao de edificios,True,False,SIM,NÃO ATENDIDA,True
39965463000123,Coco De Alagoas Ltda,Industria | Indústria,3.Pequena,"Fabricação de sucos de frutas, hortaliças e legumes, exceto concentrados",Migração | Proposta,True,True,True,SESI + SENAI,2,ATIVA,COCO DE ALAGOAS LTDA,INDÚSTRIA,"Fabricacao de sucos de frutas, hortalicas e legumes, exceto concentrados",MICRO EMPRESA,Matriz de Camaragibe,39965463000123.0,39965463000123.0,1033-3/02,1033302.0,10.0,C,Industria de transformacao,Alimentos,True,False,SIM,NÃO ATENDIDA,True
39971284000107,Rx3 Engenharia Ltda,Indústria,4.Micro,Serviços de engenharia,Migração,True,False,False,SOMENTE SESI,1,ATIVA,RX3 ENGENHARIA LTDA,INDÚSTRIA,Servicos de engenharia,MICRO EMPRESA,Maceió,39971284000107.0,,7112-0/00,7112000.0,71.0,M,Atividades profissionais e tecnicas,Atividades profissionais e tecnicas,False,False,NAO,FORA DO ESCOPO SEBRAE,True
40077724000158,Andrea Santos Leopoldino,Indústria,4.Micro,Instalação e manutenção elétrica,Migração,True,False,False,SOMENTE SESI,1,ATIVA,ANDREA SANTOS LEOPOLDINO,INDÚSTRIA,Instalacao e manutencao eletrica,MICRO EMPRESA,Maceió,40077724000158.0,,4321-5/00,4321500.0,43.0,F,Construcao,Servicos especializados para construcao,True,False,SIM,NÃO ATENDIDA,True
40091298000107,Fm 01 Empreendimento Imobiliario Spe Ltda,Indústria,4.Micro,Incorporação de empreendimentos imobiliários,Migração,True,False,False,SOMENTE SESI,1,ATIVA,FM 01 EMPREENDIMENTO IMOBILIARIO SPE LTDA,INDÚSTRIA,Incorporacao de empreendimentos imobiliarios,MICRO EMPRESA,Maceió,40091298000107.0,,4110-7/00,4110700.0,41.0,F,Construcao,Construcao de edificios,True,False,SIM,NÃO ATENDIDA,True
40110376000173,Erivelton Valentim Silva 34885342864,Não Indústria,4.Micro,"Serviços de organização de feiras, congressos, exposições e festas",Proposta,True,False,False,SOMENTE SESI,1,,,,,,,,,,,,,,,,,,,False
40116333000103,Ilha Bela Empreendimento Imobiliario Spe Ltda,Indústria,4.Micro,Incorporação de empreendimentos imobiliários,Migração,True,False,False,SOMENTE SESI,1,ATIVA,ILHA BELA EMPREENDIMENTO IMOBILIARIO SPE LTDA,INDÚSTRIA,Incorporacao de empreendimentos imobiliarios,DEMAIS,Maceió,40116333000103.0,,4110-7/00,4110700.0,41.0,F,Construcao,Construcao de edificios,True,False,SIM,NÃO ATENDIDA,True
40141215000147,Select Servicos Odontologicos Limitada,Não Indústria,4.Micro,Atividade odontológica com recursos para realização de procedimentos cirúrgicos,Migração,True,False,False,SOMENTE SESI,1,,,,,,,,,,,,,,,,,,,False
40168050000105,Dm Sinalizacao Ltda,Indústria,4.Micro,"Fabricação de letras, letreiros e placas de qualquer material, exceto luminosos",Migração,True,False,False,SOMENTE SESI,1,ATIVA,DM SINALIZACAO LTDA,INDÚSTRIA,"Fabricacao de letras, letreiros e placas de qualquer material, exceto luminosos",MICRO EMPRESA,Maceió,40168050000105.0,,3299-0/03,3299003.0,32.0,C,Industria de transformacao,Produtos diversos,True,False,SIM,NÃO ATENDIDA,True
40202622000117,Queiroz E Azevedo Empreendimentos - Ltda,Indústria,3.Pequena,Construção de edifícios,Migração,True,False,False,SOMENTE SESI,1,ATIVA,QUEIROZ E AZEVEDO EMPREENDIMENTOS - LTDA,INDÚSTRIA,Construcao de edificios,DEMAIS,Maceió,40202622000117.0,,4120-4/00,4120400.0,41.0,F,Construcao,Construcao de edificios,True,False,SIM,NÃO ATENDIDA,True
40269650000151,Donena Nutricao Animal Ltda,Indústria,4.Micro,Fabricação de alimentos para animais,Migração,True,False,False,SOMENTE SESI,1,ATIVA,DONENA NUTRICAO ANIMAL LTDA,INDÚSTRIA,Fabricacao de alimentos para animais,MICRO EMPRESA,Taquarana,40269650000151.0,,1066-0/00,1066000.0,10.0,C,Industria de transformacao,Alimentos,True,False,SIM,NÃO ATENDIDA,True
40651434000176,Ailson O. Almeida,Indústria,4.Micro,Provedores de acesso às redes de comunicações,Migração,True,False,False,SOMENTE SESI,1,ATIVA,AILSON O. ALMEIDA,INDÚSTRIA,Provedores de acesso as redes de comunicacoes,MICRO EMPRESA,Arapiraca,40651434000176.0,,6190-6/01,6190601.0,61.0,J,Informacao e comunicacao,Informacao e comunicacao,False,False,NAO,FORA DO ESCOPO SEBRAE,True
40702064000159,Fulo De Mandacaru Comidas Regionais Ltda,Não Indústria,4.Micro,Restaurantes e similares,Migração,True,False,False,SOMENTE SESI,1,,,,,,,,,,,,,,,,,,,False
40719251000145,Arte & Conceito Esquadrias De Aluminio Ltda,Industria,4.Micro,Fabricação de esquadrias de metal,Proposta,False,True,False,SOMENTE SENAI,1,ATIVA,ARTE & CONCEITO ESQUADRIAS DE ALUMINIO LTDA,INDÚSTRIA,Fabricacao de esquadrias de metal,MICRO EMPRESA,Maceió,40719251000145.0,40719251000145.0,2512-8/00,2512800.0,25.0,C,Industria de transformacao,Produtos de metal (exceto maquinas),True,False,SIM,NÃO ATENDIDA,True
40730122000158,Tecnobloco Artefatos De Concreto Ltda,Industria | Indústria,4.Micro,"Fabricação de estruturas pré-moldadas de concreto armado, em série e sob encomenda",Migração,True,True,True,SESI + SENAI,2,ATIVA,TECNOBLOCO ARTEFATOS DE CONCRETO LTDA,INDÚSTRIA,"Fabricacao de estruturas pre moldadas de concreto armado, em serie e sob encomenda",PEQUENO PORTE,Rio Largo,40730122000158.0,40730122000158.0,2330-3/01,2330301.0,23.0,C,Industria de transformacao,Produtos de minerais nao-metalicos,True,False,SIM,NÃO ATENDIDA,True
40843185000110,L H P Goes Construtora Ltda,Industria,4.Micro,Construção de edifícios,Proposta,False,True,False,SOMENTE SENAI,1,ATIVA,L H P GOES CONSTRUTORA LTDA,INDÚSTRIA,Construcao de edificios,MICRO EMPRESA,Feira Grande,,40843185000110.0,4120-4/00,4120400.0,41.0,F,Construcao,Construcao de edificios,True,False,SIM,NÃO ATENDIDA,True
40908832000125,"S G Industria, Comercio E Representacoes De Produtos Alimenticios Ltda",Indústria,4.Micro,Fabricação de outros produtos alimentícios não especificados anteriormente,Migração,True,False,False,SOMENTE SESI,1,ATIVA,"S G INDUSTRIA, COMERCIO E REPRESENTACOES DE PRODUTOS ALIMENTICIOS LTDA",INDÚSTRIA,Fabricacao de outros produtos alimenticios nao especificados anteriormente,DEMAIS,Maceió,40908832000125.0,,1099-6/99,1099699.0,10.0,C,Industria de transformacao,Alimentos,True,False,SIM,NÃO ATENDIDA,True
40911117000141,Ativa Servicos Gerais Ltda,Nao Industria,1.Grande,Fornecimento e gestão de recursos humanos para terceiros,Migração,False,True,False,SOMENTE SENAI,1,,,,,,,,,,,,,,,,,,,False
40914046000130,Fortex Engenharia Ltda,Indústria,3.Pequena,Construção de edifícios,Migração,True,False,False,SOMENTE SESI,1,ATIVA,FORTEX ENGENHARIA LTDA,INDÚSTRIA,Construcao de edificios,DEMAIS,Maceió,40914046000130.0,,4120-4/00,4120400.0,41.0,F,Construcao,Construcao de edificios,True,False,SIM,NÃO ATENDIDA,True
40914875000113,Joyce Vidal M. Lins Ballet Artes & Cia Ltda,Não Indústria,4.Micro,Ensino de dança,Migração,True,False,False,SOMENTE SESI,1,,,,,,,,,,,,,,,,,,,False
40917346000173,Merconplas Industrial De Plasticos Comercio Ltda,Industria | Indústria,2.Média,Fabricação de artefatos de material plástico para uso pessoal e doméstico,Proposta,True,True,True,SESI + SENAI,2,ATIVA,MERCONPLAS INDUSTRIAL DE PLASTICOS COMERCIO LTDA,INDÚSTRIA,Fabricacao de artefatos de material plastico para uso pessoal e domestico,DEMAIS,Arapiraca,40917346000173.0,40917346000173.0,2229-3/01,2229301.0,22.0,C,Industria de transformacao,Borracha e material plastico,True,False,SIM,NÃO ATENDIDA,True
40917908000189,Espaco Industria De Moveis E Esquadrias Ltda,Indústria,4.Micro,Fabricação de esquadrias de madeira e de peças de madeira para instalações industriais e comerciais,Migração,True,False,False,SOMENTE SESI,1,ATIVA,ESPACO INDUSTRIA DE MOVEIS E ESQUADRIAS LTDA,INDÚSTRIA,Fabricacao de esquadrias de madeira e de pecas de madeira para instalacoes industriais e comerciais,MICRO EMPRESA,Maceió,40917908000189.0,,1622-6/02,1622602.0,16.0,C,Industria de transformacao,Produtos de madeira,True,False,SIM,NÃO ATENDIDA,True
40919185000157,Alternativa Ensino Ltda,Não Indústria,3.Pequena,Ensino fundamental,Proposta,True,False,False,SOMENTE SESI,1,,,,,,,,,,,,,,,,,,,False
40921140000117,Auto Pecas Real Ltda,Nao Industria,3.Pequena,Comércio a varejo de peças e acessórios novos para veículos automotores,Proposta,False,True,False,SOMENTE SENAI,1,,,,,,,,,,,,,,,,,,,False
40923831000150,Lopes & Calheiros Ltda,Não Indústria,4.Micro,Comércio varejista de materiais de construção em geral,Migração,True,False,False,SOMENTE SESI,1,,,,,,,,,,,,,,,,,,,False
40924102000622,Katoen Natie Do Brasil Ltda,Não Indústria,2.Média,Carga e descarga,Migração,True,False,False,SOMENTE SESI,1,,,,,,,,,,,,,,,,,,,False
40924227000148,Fundipecas Ltda,Indústria,3.Pequena,Fundição de ferro e aço,Migração,True,False,False,SOMENTE SESI,1,ATIVA,FUNDIPECAS LTDA,INDÚSTRIA,Fundicao de ferro e aco,PEQUENO PORTE,Maceió,40924227000148.0,,2451-2/00,2451200.0,24.0,C,Industria de transformacao,Metalurgia,True,False,SIM,NÃO ATENDIDA,True
40928830000106,M G L R Gomes,Não Indústria,4.Micro,Reparação e manutenção de equipamentos eletroeletrônicos de uso pessoal e doméstico,Migração,True,False,False,SOMENTE SESI,1,,,,,,,,,,,,,,,,,,,False
40954597000128,F M Servicos Ltda,Não Indústria,3.Pequena,Serviços combinados de escritório e apoio administrativo,Migração,True,False,False,SOMENTE SESI,1,,,,,,,,,,,,,,,,,,,False
40970440000196,Souza & Souto Alimentos E Bebidas Ltda,Não Indústria,3.Pequena,Restaurantes e similares,Migração,True,False,False,SOMENTE SESI,1,,,,,,,,,,,,,,,,,,,False
41012181000153,Nordeste Fabricacao De Artefatos Ceramicos Ltda.,Indústria,3.Pequena,"Fabricação de artefatos de cerâmica e barro cozido para uso na construção, exceto azulejos e pisos",Migração,True,False,False,SOMENTE SESI,1,ATIVA,NORDESTE FABRICACAO DE ARTEFATOS CERAMICOS LTDA.,INDÚSTRIA,"Fabricacao de artefatos de ceramica e barro cozido para uso na construcao, exceto azulejos e pisos",PEQUENO PORTE,Passo de Camaragibe,41012181000153.0,,2342-7/02,2342702.0,23.0,C,Industria de transformacao,Produtos de minerais nao-metalicos,True,False,SIM,NÃO ATENDIDA,True
41053365000161,R C Dias Industria Grafica E Editora Ltda,Industria | Indústria,4.Micro,Impressão de material para outros usos,Migração | Proposta,True,True,True,SESI + SENAI,2,ATIVA,R C DIAS INDUSTRIA GRAFICA E EDITORA LTDA,INDÚSTRIA,Impressao de material para outros usos,PEQUENO PORTE,Maceió,41053365000161.0,41053365000161.0,1813-0/99,1813099.0,18.0,C,Industria de transformacao,Impressao e reproducao de gravacoes,True,False,SIM,NÃO ATENDIDA,True
41157967000169,Engenharia De Materiais Ltda,Indústria,1.Grande,Construção de edifícios,Proposta,True,False,False,SOMENTE SESI,1,ATIVA,ENGENHARIA DE MATERIAIS LTDA,INDÚSTRIA,Construcao de edificios,DEMAIS,Maceió,41157967000169.0,41157967000169.0,4120-4/00,4120400.0,41.0,F,Construcao,Construcao de edificios,True,False,SIM,NÃO ATENDIDA,True
41160235000128,Manipular Formula Farmacia De Manipulacao Ltda.,Não Indústria,4.Micro,"Comércio varejista de produtos farmacêuticos, com manipulação de fórmulas",Migração,True,False,False,SOMENTE SESI,1,,,,,,,,,,,,,,,,,,,False
41160680000198,F . P . Construtora Ltda,Industria | Indústria,1.Grande,Obras de terraplenagem,Proposta,True,True,True,SESI + SENAI,2,ATIVA,F . P . CONSTRUTORA LTDA,INDÚSTRIA,Obras de terraplenagem,DEMAIS,Maceió,41160680000198.0,41160680000198.0,4313-4/00,4313400.0,43.0,F,Construcao,Servicos especializados para construcao,True,False,SIM,NÃO ATENDIDA,True
41166745000102,Maruska Fibra De Coco Ltda,Indústria,4.Micro,"Preparação e fiação de fibras têxteis naturais, exceto algodão",Proposta,True,False,False,SOMENTE SESI,1,ATIVA,MARUSKA FIBRA DE COCO LTDA,INDÚSTRIA,"Preparacao e fiacao de fibras texteis naturais, exceto algodao",PEQUENO PORTE,Barra de São Miguel,41166745000102.0,41166745000102.0,1312-0/00,1312000.0,13.0,C,Industria de transformacao,Produtos texteis,True,False,SIM,NÃO ATENDIDA,True
41167347000100,Cony Engenharia Ltda,Industria | Indústria,2.Média,Construção de edifícios,Migração | Proposta,True,True,True,SESI + SENAI,2,ATIVA,CONY ENGENHARIA LTDA,INDÚSTRIA,Construcao de edificios,DEMAIS,Maceió,41167347000100.0,41167347000100.0,4120-4/00,4120400.0,41.0,F,Construcao,Construcao de edificios,True,False,SIM,NÃO ATENDIDA,True
41178237000144,Sorveteria Bali Ltda,Não Indústria,4.Micro,"Lanchonetes, casas de chá, de sucos e similares",Migração,True,False,False,SOMENTE SESI,1,,,,,,,,,,,,,,,,,,,False
41178237000306,Sorveteria Bali Ltda,Não Indústria,4.Micro,"Lanchonetes, casas de chá, de sucos e similares",Migração,True,False,False,SOMENTE SESI,1,,,,,,,,,,,,,,,,,,,False
41183088000101,Pedrosa De Melo & Cia Ltda,Industria | Indústria,3.Pequena,"Confecção de peças do vestuário, exceto roupas íntimas e as confeccionadas sob medida",Migração | Proposta,True,True,True,SESI + SENAI,2,ATIVA,PEDROSA DE MELO & CIA LTDA,INDÚSTRIA,"Confeccao de pecas de vestuario, exceto roupas intimas e as confeccionadas sob medida",PEQUENO PORTE,Arapiraca,41183088000101.0,41183088000101.0,1412-6/01,1412601.0,14.0,C,Industria de transformacao,Confeccao de vestuario e acessorios,True,False,SIM,NÃO ATENDIDA,True
41183708000102,E Rocha Da Silva & Cia Ltda,Não Indústria,3.Pequena,Restaurantes e similares,Migração,True,False,False,SOMENTE SESI,1,,,,,,,,,,,,,,,,,,,False
41186560000160,Leonardo Pereira Lucena,Industria | Indústria,4.Micro,Fabricação de móveis com predominância de madeira,Migração | Proposta,True,True,True,SESI + SENAI,2,ATIVA,LEONARDO PEREIRA LUCENA & CIA LTDA,INDÚSTRIA,Fabricacao de moveis com predominancia de madeira,MICRO EMPRESA,Arapiraca,41186560000160.0,41186560000160.0,3101-2/00,3101200.0,31.0,C,Industria de transformacao,Moveis,True,False,SIM,NÃO ATENDIDA,True
41187766000104,Esquina Brasil Artesanato Ltda,Não Indústria,4.Micro,"Comércio varejista de suvenires, bijuterias e artesanatos",Migração,True,False,False,SOMENTE SESI,1,,,,,,,,,,,,,,,,,,,False
41191677000131,Unimed Palmeira Dos Indios Cooperativa De Trabalho Medico - Em Liquidacao,Não Indústria,3.Pequena,Planos de saúde,Migração,True,False,False,SOMENTE SESI,1,,,,,,,,,,,,,,,,,,,False
41194558000132,Laticinio Galinhas Do Maia Ltda,Indústria,4.Micro,Fabricação de laticínios,Migração,True,False,False,SOMENTE SESI,1,ATIVA,LATICINIO GALINHAS DO MAIA LTDA,INDÚSTRIA,Fabricacao de laticinios,MICRO EMPRESA,Cacimbinhas,41194558000132.0,,1052-0/00,1052000.0,10.0,C,Industria de transformacao,Alimentos,True,False,SIM,NÃO ATENDIDA,True
41200286000136,Trez Participacoes E Engenharia Ltda,Industria,3.Pequena,Construção de edifícios,Proposta,False,True,False,SOMENTE SENAI,1,,,,,,,,,,,,,,,,,,,False
41281917000199,Thaisa Guillou Pedrosa Ltda.,Não Indústria,4.Micro,Comércio atacadista de cereais e leguminosas beneficiados,Migração,True,False,False,SOMENTE SESI,1,,,,,,,,,,,,,,,,,,,False
41349784000145,Evolution Servicos Ltda,Não Indústria,4.Micro,Gestão e administração da propriedade imobiliária,Migração,True,False,False,SOMENTE SESI,1,,,,,,,,,,,,,,,,,,,False
41391511000169,Cavalcanti Farias Ltda,Indústria,3.Pequena,Construção de edifícios,Proposta,True,False,False,SOMENTE SESI,1,ATIVA,CAVALCANTI FARIAS LTDA,INDÚSTRIA,Construcao de edificios,DEMAIS,Maceió,41391511000169.0,,4120-4/00,4120400.0,41.0,F,Construcao,Construcao de edificios,True,False,SIM,NÃO ATENDIDA,True
41406475000160,"Maceio Print Grafica, Sinalizacao E Locacao Ltda",Indústria,3.Pequena,Impressão de material para uso publicitário,Migração,True,False,False,SOMENTE SESI,1,,,,,,,,,,,,,,,,,,,False
41480855000144,Carlos A Dos S Farias Grafica E Editora,Indústria,4.Micro,Impressão de material para outros usos,Migração,True,False,False,SOMENTE SESI,1,ATIVA,CARLOS A DOS S FARIAS GRAFICA E EDITORA,INDÚSTRIA,Impressao de material para outros usos,MICRO EMPRESA,Arapiraca,41480855000144.0,,1813-0/99,1813099.0,18.0,C,Industria de transformacao,Impressao e reproducao de gravacoes,True,False,SIM,NÃO ATENDIDA,True
41483782000144,Panificacao Alvorada Iii Ltda,Industria | Indústria,3.Pequena,FABRICAÇÃO DE PRODUTOS DE PANIFICAÇÃO INDUSTRIAL,Migração,True,True,True,SESI + SENAI,2,ATIVA,PANIFICACAO ALVORADA III LTDA,INDÚSTRIA,Fabricacao de produtos de padaria e confeitaria com predominancia de producao propria,PEQUENO PORTE,Maceió,41483782000144.0,41483782000144.0,1091-1/02,1091102.0,10.0,C,Industria de transformacao,Alimentos,True,False,SIM,NÃO ATENDIDA,True
41568214000146,Receptivo Milagres Do Porto Ltda,Não Indústria,3.Pequena,"Bares e outros estabelecimentos especializados em servir bebidas, sem entretenimento",Migração,True,False,False,SOMENTE SESI,1,,,,,,,,,,,,,,,,,,,False
41629288001540,Transfarrapos Transportes Rodoviarios De Cargas Ltda,Não Indústria,4.Micro,"Transporte rodoviário de carga, exceto produtos perigosos e mudanças, intermunicipal, interestadual e internacional",Migração,True,False,False,SOMENTE SESI,1,,,,,,,,,,,,,,,,,,,False
41635932000198,Mais Vida Saude E Seguranca Ocupacional Ltda,Não Indústria,4.Micro,Serviços de perícia técnica relacionados à segurança do trabalho,Migração,True,False,False,SOMENTE SESI,1,,,,,,,,,,,,,,,,,,,False
41653026000116,Anderson Jeronimo Silva Petiscaria E Pizzaria,Não Indústria,4.Micro,Restaurantes e similares,Migração,True,False,False,SOMENTE SESI,1,,,,,,,,,,,,,,,,,,,False
41796948000182,Nayara Souza Do Nascimento  Ltda,Não Indústria,4.Micro,Outras atividades de tratamento de beleza,Migração,True,False,False,SOMENTE SESI,1,,,,,,,,,,,,,,,,,,,False
41864070000175,Ne Comercio Atacadista Ltda,Nao Industria | Não Indústria,3.Pequena,Comércio atacadista de produtos alimentícios em geral,Migração | Proposta,True,True,True,SESI + SENAI,2,,,,,,,,,,,,,,,,,,,False
41945663000166,Prorrac Servicos Ltda,Indústria,4.Micro,"Serviços de instalação, manutenção e reparação de acessórios para veículos automotores",Migração,True,False,False,SOMENTE SESI,1,ATIVA,PRORRAC SERVICOS LTDA,INDÚSTRIA,"Servicos de instalacao, manutencao e reparacao de acessorios para veiculos automotores",MICRO EMPRESA,Maceió,41945663000166.0,,4520-0/07,4520007.0,45.0,G,Comercio e reparacao de veiculos,Comercio e reparacao de veiculos,False,False,NAO,FORA DO ESCOPO SEBRAE,True
41948207000170,Industria De Laticinios Queiroz Ltda,Industria,4.Micro,Fabricação de laticínios,Proposta,False,True,False,SOMENTE SENAI,1,ATIVA,INDUSTRIA DE LATICINIOS QUEIROZ LTDA,INDÚSTRIA,Fabricacao de laticinios,DEMAIS,Batalha,,41948207000170.0,1052-0/00,1052000.0,10.0,C,Industria de transformacao,Alimentos,True,False,SIM,NÃO ATENDIDA,True
42150391000170,Braskem S.a,Indústria,3.Pequena,Fabricação de produtos petroquímicos básicos,Proposta,True,False,False,SOMENTE SESI,1,,,,,,,,,,,,,,,,,,,False
42150391002033,Braskem S.a,Indústria,4.Micro,Extração de sal-gema,Migração,True,False,False,SOMENTE SESI,1,ATIVA,BRASKEM S.A,INDÚSTRIA,Extracao de sal gema,DEMAIS,Maceió,42150391002033.0,,0892-4/02,892402.0,8.0,B,Industria extrativa,Extracao de minerais nao-metalicos,True,False,SIM,NÃO ATENDIDA,True
42150391002114,Braskem S.a,Industria,2.Média,Fabricação de resinas termoplásticas,Proposta,False,True,False,SOMENTE SENAI,1,ATIVA,BRASKEM S.A,INDÚSTRIA,Fabricacao de resinas termoplasticas,DEMAIS,Marechal Deodoro,,42150391002114.0,2031-2/00,2031200.0,20.0,C,Industria de transformacao,Produtos quimicos,True,False,SIM,NÃO ATENDIDA,True
42374148000136,Lm Telecom Ltda,Não Indústria,3.Pequena,Reparação e manutenção de equipamentos de comunicação,Migração,True,False,False,SOMENTE SESI,1,,,,,,,,,,,,,,,,,,,False
42418771000143,Box Studio Empreendimento Imobiliario Spe Ltda,Indústria,4.Micro,Incorporação de empreendimentos imobiliários,Migração,True,False,False,SOMENTE SESI,1,ATIVA,BOX STUDIO EMPREENDIMENTO IMOBILIARIO SPE LTDA,INDÚSTRIA,Incorporacao de empreendimentos imobiliarios,DEMAIS,Maceió,42418771000143.0,,4110-7/00,4110700.0,41.0,F,Construcao,Construcao de edificios,True,False,SIM,NÃO ATENDIDA,True
42563290000121,Mg Albuquerque Ltda,Indústria,4.Micro,"Fabricação de estruturas pré-moldadas de concreto armado, em série e sob encomenda",Migração,True,False,False,SOMENTE SESI,1,ATIVA,MG ALBUQUERQUE LTDA,INDÚSTRIA,"Fabricacao de estruturas pre moldadas de concreto armado, em serie e sob encomenda",MICRO EMPRESA,Maceió,42563290000121.0,,2330-3/01,2330301.0,23.0,C,Industria de transformacao,Produtos de minerais nao-metalicos,True,False,SIM,NÃO ATENDIDA,True
42564810000200,Origem Energia Infraestrutura Portuaria S.a.,Não Indústria,4.Micro,Administração da infra-estrutura portuária,Proposta,True,False,False,SOMENTE SESI,1,,,,,,,,,,,,,,,,,,,False
42616246000132,Maria Alice Melo Goncalves Azevedo 12169220470,Indústria,4.Micro,FABRICAÇÃO DE PRODUTOS DE PANIFICAÇÃO INDUSTRIAL,Migração,True,False,False,SOMENTE SESI,1,ATIVA,BROWNIE DA MALI LTDA,INDÚSTRIA,Fabricacao de produtos de padaria e confeitaria com predominancia de producao propria,MICRO EMPRESA,Maceió,42616246000132.0,,1091-1/02,1091102.0,10.0,C,Industria de transformacao,Alimentos,True,False,SIM,NÃO ATENDIDA,True
42619562000168,J C Da Silva Ltda,Não Indústria,4.Micro,"Comércio varejista de cal, areia, pedra britada, tijolos e telhas",Migração,True,False,False,SOMENTE SESI,1,,,,,,,,,,,,,,,,,,,False
42620878000170,Aquacapri Empreendimento Imobiliario Spe Ltda,Industria,3.Pequena,Construção de edifícios,Migração,False,True,False,SOMENTE SENAI,1,ATIVA,AQUACAPRI EMPREENDIMENTO IMOBILIARIO SPE LTDA,INDÚSTRIA,Construcao de edificios,DEMAIS,Maceió,,42620878000170.0,4120-4/00,4120400.0,41.0,F,Construcao,Construcao de edificios,True,False,SIM,NÃO ATENDIDA,True
42623135000153,Vertice Servicos De Engenharia E Consultoria Ltda,Industria,4.Micro,Construção de edifícios,Proposta,False,True,False,SOMENTE SENAI,1,ATIVA,VERTICE SERVICOS DE ENGENHARIA E CONSULTORIA LTDA,INDÚSTRIA,Construcao de edificios,DEMAIS,Maceió,,42623135000153.0,4120-4/00,4120400.0,41.0,F,Construcao,Construcao de edificios,True,False,SIM,NÃO ATENDIDA,True
42860886000193,John Fernandes Venancio Ltda,Industria,4.Micro,"Confecção de peças do vestuário, exceto roupas íntimas e as confeccionadas sob medida",Proposta,False,True,False,SOMENTE SENAI,1,ATIVA,JOHN FERNANDES VENANCIO LTDA,INDÚSTRIA,"Confeccao de pecas de vestuario, exceto roupas intimas e as confeccionadas sob medida",MICRO EMPRESA,Maceió,,42860886000193.0,1412-6/01,1412601.0,14.0,C,Industria de transformacao,Confeccao de vestuario e acessorios,True,False,SIM,NÃO ATENDIDA,True
42873193000135,Consorcio Arapiraca-delmiro Gouveia Lote 2,Industria,3.Pequena,Construção de rodovias e ferrovias,Proposta,False,True,False,SOMENTE SENAI,1,ATIVA,CONSORCIO ARAPIRACA-DELMIRO GOUVEIA LOTE 2,INDÚSTRIA,Construcao de rodovias e ferrovias,DEMAIS,Maceió,,42873193000135.0,4211-1/01,4211101.0,42.0,F,Construcao,Obras de infraestrutura,True,False,SIM,NÃO ATENDIDA,True
42908486000100,Consorcio Clc/conserva/f.p.,Industria,2.Média,Construção de rodovias e ferrovias,Proposta,False,True,False,SOMENTE SENAI,1,ATIVA,CONSORCIO CLC/CONSERVA/F.P.,INDÚSTRIA,Construcao de rodovias e ferrovias,DEMAIS,Maceió,,42908486000100.0,4211-1/01,4211101.0,42.0,F,Construcao,Obras de infraestrutura,True,False,SIM,NÃO ATENDIDA,True
43078549000101,R R Comercio E Auto Servicos Ltda,Indústria,4.Micro,Serviços de manutenção e reparação mecânica de veículos automotores,Migração,True,False,False,SOMENTE SESI,1,ATIVA,R R COMERCIO E AUTO SERVICOS LTDA,INDÚSTRIA,Servicos de manutencao e reparacao mecanica de veiculos automotores,MICRO EMPRESA,Arapiraca,43078549000101.0,,4520-0/01,4520001.0,45.0,G,Comercio e reparacao de veiculos,Comercio e reparacao de veiculos,False,False,NAO,FORA DO ESCOPO SEBRAE,True
43091153000102,Spe Maceio Ambiental S/a,Indústria,2.Média,Tratamento e disposição de resíduos não-perigosos,Proposta,True,False,False,SOMENTE SESI,1,ATIVA,SPE MACEIO AMBIENTAL S/A,INDÚSTRIA,Tratamento e disposicao de residuos nao perigosos,DEMAIS,Maceió,43091153000102.0,,3821-1/00,3821100.0,38.0,E,"Agua, esgoto e residuos",Coleta e tratamento de residuos,True,False,NAO,FORA DO ESCOPO SEBRAE,True
43103238000155,Industria De Bebidas Piacava Guassu Ltda.,Industria | Indústria,4.Micro,Fabricação de aguardente de cana-de-açúcar,Proposta,True,True,True,SESI + SENAI,2,ATIVA,INDUSTRIA DE BEBIDAS PIACAVA GUASSU LTDA.,INDÚSTRIA,Fabricacao de aguardente de cana de acucar,PEQUENO PORTE,Piaçabuçu,43103238000155.0,43103238000155.0,1111-9/01,1111901.0,11.0,C,Industria de transformacao,Bebidas,True,False,SIM,NÃO ATENDIDA,True
43232996000173,Taverna Beer Cervejaria Artesanal Ltda,Industria | Indústria,4.Micro,Fabricação de cervejas e chopes,Migração,True,True,True,SESI + SENAI,2,ATIVA,TAVERNA BEER CERVEJARIA ARTESANAL LTDA,INDÚSTRIA,Fabricacao de cervejas e chopes,MICRO EMPRESA,Arapiraca,43232996000173.0,43232996000173.0,1113-5/02,1113502.0,11.0,C,Industria de transformacao,Bebidas,True,False,SIM,NÃO ATENDIDA,True
43249460000160,Warlem Teofilo Alves Ltda,Industria | Indústria,4.Micro,Recuperação de sucatas de alumínio,Migração | Proposta,True,True,True,SESI + SENAI,2,,,,,,,,,,,,,,,,,,,False
43301355000123,Ap De Morais - Ltda,Indústria,4.Micro,"Aparelhamento de placas e execução de trabalhos em mármore, granito, ardósia e outras pedras",Proposta,True,False,False,SOMENTE SESI,1,ATIVA,AP DE MORAIS - LTDA,INDÚSTRIA,"Aparelhamento de placas e execucao de trabalhos em marmore, granito, ardosia e outras pedras",MICRO EMPRESA,Maceió,43301355000123.0,,2391-5/03,2391503.0,23.0,C,Industria de transformacao,Produtos de minerais nao-metalicos,True,False,SIM,NÃO ATENDIDA,True
43337470000158,Nuance Tintas Ltda,Industria | Indústria,4.Micro,"Fabricação de tintas, vernizes, esmaltes e lacas",Migração,True,True,True,SESI + SENAI,2,ATIVA,NUANCE TINTAS LTDA,INDÚSTRIA,"Fabricacao de tintas, vernizes, esmaltes e lacas",MICRO EMPRESA,Delmiro Gouveia,43337470000158.0,43337470000158.0,2071-1/00,2071100.0,20.0,C,Industria de transformacao,Produtos quimicos,True,False,SIM,NÃO ATENDIDA,True
43354807000135,Imagine Criative Ltda,Industria,3.Pequena,Impressão de material para uso publicitário,Proposta,False,True,False,SOMENTE SENAI,1,ATIVA,IMAGINE CRIATIVE LTDA,INDÚSTRIA,Impressao de material para uso publicitario,MICRO EMPRESA,Arapiraca,,43354807000135.0,1813-0/01,1813001.0,18.0,C,Industria de transformacao,Impressao e reproducao de gravacoes,True,False,SIM,NÃO ATENDIDA,True
43378051000164,Md Al Rooftop Construcoes Ltda,Industria,3.Pequena,Incorporação de empreendimentos imobiliários,Proposta,False,True,False,SOMENTE SENAI,1,ATIVA,MD AL ROOFTOP CONSTRUCOES LTDA,INDÚSTRIA,Incorporacao de empreendimentos imobiliarios,DEMAIS,Maceió,,43378051000164.0,4110-7/00,4110700.0,41.0,F,Construcao,Construcao de edificios,True,False,SIM,NÃO ATENDIDA,True
43595969000165,A S Gomes Telecom Ltda,Indústria,4.Micro,Serviços de comunicação multimídia - SCM,Migração,True,False,False,SOMENTE SESI,1,ATIVA,A S GOMES TELECOM LTDA,INDÚSTRIA,Servicos de comunicacao multimidia - scm,MICRO EMPRESA,Maceió,43595969000165.0,,6110-8/03,6110803.0,61.0,J,Informacao e comunicacao,Informacao e comunicacao,False,False,NAO,FORA DO ESCOPO SEBRAE,True
43639775000114,Auto Posto Ultra Ltda,Não Indústria,3.Pequena,Comércio varejista de combustíveis para veículos automotores,Migração,True,False,False,SOMENTE SESI,1,,,,,,,,,,,,,,,,,,,False
43645681000158,Viacao Girauense Transportes E Fretamentos Ltda,Não Indústria,3.Pequena,"Transporte rodoviário coletivo de passageiros, com itinerário fixo, intermunicipal em região metropolitana",Migração,True,False,False,SOMENTE SESI,1,,,,,,,,,,,,,,,,,,,False
43651456000124,Workamusic Producoes Ltda,Não Indústria,4.Micro,Produção musical,Proposta,True,False,False,SOMENTE SESI,1,,,,,,,,,,,,,,,,,,,False
43707005000161,Lcaa Consultoria Ltda,Não Indústria,3.Pequena,Operadores turísticos,Migração,True,False,False,SOMENTE SESI,1,,,,,,,,,,,,,,,,,,,False
43761581000197,Paleteria Alagoana Ltda,Indústria,4.Micro,Fabricação de artefatos de tanoaria e de embalagens de madeira,Migração,True,False,False,SOMENTE SESI,1,ATIVA,PALETERIA ALAGOANA LTDA,INDÚSTRIA,Fabricacao de artefatos de tanoaria e de embalagens de madeira,PEQUENO PORTE,Maceió,43761581000197.0,,1623-4/00,1623400.0,16.0,C,Industria de transformacao,Produtos de madeira,True,False,SIM,NÃO ATENDIDA,True
43773181000100,Moreira Nobre Engenharia Ltda,Indústria,2.Média,Construção de edifícios,Proposta,True,False,False,SOMENTE SESI,1,ATIVA,MOREIRA NOBRE ENGENHARIA LTDA,INDÚSTRIA,Construcao de edificios,MICRO EMPRESA,Maceió,43773181000100.0,,4120-4/00,4120400.0,41.0,F,Construcao,Construcao de edificios,True,False,SIM,NÃO ATENDIDA,True
43796146000106,Citecon Match Spe Ltda,Industria,3.Pequena,Incorporação de empreendimentos imobiliários,Proposta,False,True,False,SOMENTE SENAI,1,ATIVA,CITECON MATCH SPE LTDA,INDÚSTRIA,Incorporacao de empreendimentos imobiliarios,DEMAIS,Maceió,,43796146000106.0,4110-7/00,4110700.0,41.0,F,Construcao,Construcao de edificios,True,False,SIM,NÃO ATENDIDA,True
43802186000105,Aina Do Sacramento Moreira Ltda,Não Indústria,4.Micro,Restaurantes e similares,Migração,True,False,False,SOMENTE SESI,1,,,,,,,,,,,,,,,,,,,False
43836290000110,Santos E Tenorio Telecom Ltda,Não Indústria,4.Micro,"Atividades de intermediação e agenciamento de serviços e negócios em geral, exceto imobiliários",Migração,True,False,False,SOMENTE SESI,1,,,,,,,,,,,,,,,,,,,False
43894935000171,Cardan Alagoas Servicos Ltda,Indústria,4.Micro,Serviços de manutenção e reparação mecânica de veículos automotores,Migração,True,False,False,SOMENTE SESI,1,ATIVA,CARDAN ALAGOAS SERVICOS LTDA,INDÚSTRIA,Servicos de manutencao e reparacao mecanica de veiculos automotores,PEQUENO PORTE,Rio Largo,43894935000171.0,,4520-0/01,4520001.0,45.0,G,Comercio e reparacao de veiculos,Comercio e reparacao de veiculos,False,False,NAO,FORA DO ESCOPO SEBRAE,True
43905483000186,Multicaixas Nordeste Ltda,Indústria,4.Micro,Fabricação de chapas e de embalagens de papelão ondulado,Proposta,True,False,False,SOMENTE SESI,1,ATIVA,MULTICAIXAS NORDESTE LTDA,INDÚSTRIA,Fabricacao de chapas e de embalagens de papelao ondulado,MICRO EMPRESA,Maceió,43905483000186.0,43905483000186.0,1733-8/00,1733800.0,17.0,C,Industria de transformacao,"Celulose, papel e produtos de papel",True,False,SIM,NÃO ATENDIDA,True
43995907000140,Flex Industria E Comercio Ltda,Indústria,4.Micro,Fabricação de fraldas descartáveis,Migração,True,False,False,SOMENTE SESI,1,,,,,,,,,,,,,,,,,,,False
44073180000107,Ana C De O Barros,Indústria,4.Micro,FABRICAÇÃO DE PRODUTOS DE PANIFICAÇÃO INDUSTRIAL,Migração,True,False,False,SOMENTE SESI,1,ATIVA,ANA C DE O BARROS,INDÚSTRIA,Fabricacao de produtos de padaria e confeitaria com predominancia de producao propria,MICRO EMPRESA,Maceió,44073180000107.0,,1091-1/02,1091102.0,10.0,C,Industria de transformacao,Alimentos,True,False,SIM,NÃO ATENDIDA,True
44086279000143,Sheylla Bispo Dos Santos  Ltda,Não Indústria,4.Micro,"Comércio varejista de cosméticos, produtos de perfumaria e de higiene pessoal",Migração,True,False,False,SOMENTE SESI,1,,,,,,,,,,,,,,,,,,,False
44113690000160,Vovo Maze Industria E Comercio Ltda,Indústria,4.Micro,Moagem e fabricação de produtos de origem vegetal não especificados anteriormente,Proposta,True,False,False,SOMENTE SESI,1,ATIVA,VOVO MAZE INDUSTRIA E COMERCIO LTDA,INDÚSTRIA,Moagem e fabricacao de produtos de origem vegetal nao especificados anteriormente,PEQUENO PORTE,Maceió,44113690000160.0,,1069-4/00,1069400.0,10.0,C,Industria de transformacao,Alimentos,True,False,SIM,NÃO ATENDIDA,True
44203148000107,G S A Moveis Planejados Ltda,Não Indústria,4.Micro,Comércio varejista de móveis,Migração,True,False,False,SOMENTE SESI,1,,,,,,,,,,,,,,,,,,,False
44203357000142,Francinaldo De O Souza Ltda,Não Indústria,4.Micro,Comércio atacadista de lubrificantes,Migração,True,False,False,SOMENTE SESI,1,,,,,,,,,,,,,,,,,,,False
44260182000105,44.260.182 Jefferson Delanio Souza Da Silva,Indústria,4.Micro,Instalação e manutenção elétrica,Proposta,True,False,False,SOMENTE SESI,1,ATIVA,44.260.182 JEFFERSON DELANIO SOUZA DA SILVA,INDÚSTRIA,Instalacao e manutencao eletrica,MICRO EMPRESA,Arapiraca,44260182000105.0,,4321-5/00,4321500.0,43.0,F,Construcao,Servicos especializados para construcao,True,False,SIM,NÃO ATENDIDA,True
44426384000184,Consorcio Duplicacao Al-220 Lote 03 Fp-clc-conserva,Industria,3.Pequena,Construção de rodovias e ferrovias,Proposta,False,True,False,SOMENTE SENAI,1,ATIVA,CONSORCIO DUPLICACAO AL-220 LOTE 03 FP-CLC-CONSERVA,INDÚSTRIA,Construcao de rodovias e ferrovias,DEMAIS,Maceió,,44426384000184.0,4211-1/01,4211101.0,42.0,F,Construcao,Obras de infraestrutura,True,False,SIM,NÃO ATENDIDA,True
44446309000185,Mlft Silva Ltda,Indústria,4.Micro,Impressão de material para uso publicitário,Migração,True,False,False,SOMENTE SESI,1,ATIVA,MLFT SILVA LTDA,INDÚSTRIA,Impressao de material para uso publicitario,MICRO EMPRESA,Maceió,44446309000185.0,,1813-0/01,1813001.0,18.0,C,Industria de transformacao,Impressao e reproducao de gravacoes,True,False,SIM,NÃO ATENDIDA,True
44526952000208,Matsubara Hoteis E Turismo Ltda,Nao Industria,4.Micro,Hotéis,Proposta,False,True,False,SOMENTE SENAI,1,,,,,,,,,,,,,,,,,,,False
44575605000186,E R Administradora Condominial Ltda,Não Indústria,3.Pequena,Gestão e administração da propriedade imobiliária,Migração,True,False,False,SOMENTE SESI,1,,,,,,,,,,,,,,,,,,,False
44586624000108,Fluxus Servicos Medicos Ltda,Não Indústria,4.Micro,Atividade médica ambulatorial restrita a consultas,Migração,True,False,False,SOMENTE SESI,1,,,,,,,,,,,,,,,,,,,False
44803999000182,Jose W T D Santos,Industria | Indústria,4.Micro,Construção de edifícios,Proposta,True,True,True,SESI + SENAI,2,ATIVA,JOSE W T D SANTOS,INDÚSTRIA,Construcao de edificios,MICRO EMPRESA,São Miguel dos Campos,44803999000182.0,44803999000182.0,4120-4/00,4120400.0,41.0,F,Construcao,Construcao de edificios,True,False,SIM,NÃO ATENDIDA,True
44835017000134,Industria Rm Ltda,Indústria,3.Pequena,Fabricação de estruturas metálicas,Migração,True,False,False,SOMENTE SESI,1,ATIVA,RM INDUSTRIA DE ACO LTDA,INDÚSTRIA,Fabricacao de estruturas metalicas,PEQUENO PORTE,Arapiraca,44835017000134.0,,2511-0/00,2511000.0,25.0,C,Industria de transformacao,Produtos de metal (exceto maquinas),True,False,SIM,NÃO ATENDIDA,True
44908785000170,G K S Da Silva Comedoria,Não Indústria,4.Micro,"Lanchonetes, casas de chá, de sucos e similares",Migração,True,False,False,SOMENTE SESI,1,,,,,,,,,,,,,,,,,,,False
44992350000157,Verde Ambiental Alagoas S.a.,Industria | Indústria,2.Média,"Captação, tratamento e distribuição de água",Migração | Proposta,True,True,True,SESI + SENAI,2,ATIVA,VERDE AMBIENTAL ALAGOAS S.A.,INDÚSTRIA,"Captacao, tratamento e distribuicao de agua",DEMAIS,União dos Palmares,44992350000157.0,44992350000157.0,3600-6/01,3600601.0,36.0,E,"Agua, esgoto e residuos","Captacao, tratamento e distribuicao de agua",True,False,NAO,FORA DO ESCOPO SEBRAE,True
44992350000238,Verde Ambiental Alagoas S.a.,Industria,3.Pequena,"Captação, tratamento e distribuição de água",Proposta,False,True,False,SOMENTE SENAI,1,ATIVA,VERDE AMBIENTAL ALAGOAS S.A.,INDÚSTRIA,"Captacao, tratamento e distribuicao de agua",DEMAIS,Maceió,44992350000238.0,44992350000238.0,3600-6/01,3600601.0,36.0,E,"Agua, esgoto e residuos","Captacao, tratamento e distribuicao de agua",True,False,NAO,FORA DO ESCOPO SEBRAE,True
45075715000141,Honor Service Ltda,Indústria,3.Pequena,Instalação e manutenção elétrica,Proposta,True,False,False,SOMENTE SESI,1,,,,,,,,,,,,,,,,,,,False
45128005000132,Evolution Servicos Ltda,Não Indústria,2.Média,Gestão e administração da propriedade imobiliária,Migração,True,False,False,SOMENTE SESI,1,,,,,,,,,,,,,,,,,,,False
45157243000176,Rcl Reciclagem Ltda,Indústria,4.Micro,Fabricação de artefatos de material plástico para usos industriais,Migração,True,False,False,SOMENTE SESI,1,ATIVA,RCL RECICLAGEM LTDA,INDÚSTRIA,Fabricacao de artefatos de material plastico para usos industriais,DEMAIS,Maceió,45157243000176.0,,2229-3/02,2229302.0,22.0,C,Industria de transformacao,Borracha e material plastico,True,False,SIM,NÃO ATENDIDA,True
45316850000131,Thermo Maceio Refrigeracao Ltda,Indústria,4.Micro,"Serviços de instalação, manutenção e reparação de acessórios para veículos automotores",Migração,True,False,False,SOMENTE SESI,1,ATIVA,THERMO MACEIO REFRIGERACAO LTDA,INDÚSTRIA,"Servicos de instalacao, manutencao e reparacao de acessorios para veiculos automotores",MICRO EMPRESA,Maceió,45316850000131.0,,4520-0/07,4520007.0,45.0,G,Comercio e reparacao de veiculos,Comercio e reparacao de veiculos,False,False,NAO,FORA DO ESCOPO SEBRAE,True
45359410000161,Consorcio Batalha-olivenca Fp-clc,Industria,3.Pequena,Construção de rodovias e ferrovias,Proposta,False,True,False,SOMENTE SENAI,1,ATIVA,CONSORCIO BATALHA-OLIVENCA FP-CLC,INDÚSTRIA,Construcao de rodovias e ferrovias,DEMAIS,Maceió,,45359410000161.0,4211-1/01,4211101.0,42.0,F,Construcao,Obras de infraestrutura,True,False,SIM,NÃO ATENDIDA,True
45374855000110,H J Industria De Esquadrias Ltda,Indústria,4.Micro,Fabricação de esquadrias de metal,Proposta,True,False,False,SOMENTE SESI,1,ATIVA,H J INDUSTRIA DE ESQUADRIAS LTDA,INDÚSTRIA,Fabricacao de esquadrias de metal,MICRO EMPRESA,Santana do Ipanema,45374855000110.0,,2512-8/00,2512800.0,25.0,C,Industria de transformacao,Produtos de metal (exceto maquinas),True,False,SIM,NÃO ATENDIDA,True
45387544000196,C G M De Carvalho,Não Indústria,4.Micro,"Lanchonetes, casas de chá, de sucos e similares",Migração,True,False,False,SOMENTE SESI,1,,,,,,,,,,,,,,,,,,,False
45410144000154,Eco E Ponto Ltda,Indústria,3.Pequena,Recuperação de materiais não especificados anteriormente,Migração,True,False,False,SOMENTE SESI,1,ATIVA,ECO E PONTO LTDA,INDÚSTRIA,Recuperacao de materiais nao especificados anteriormente,MICRO EMPRESA,Coruripe,45410144000154.0,45410144000154.0,3839-4/99,3839499.0,38.0,E,"Agua, esgoto e residuos",Coleta e tratamento de residuos,True,False,SIM,NÃO ATENDIDA,True
45412531000120,Associacao Dos Proprietarios De Unidades Autonomas Do Futuro Edificio Jardins Maria Luiza,Não Indústria,3.Pequena,Atividades associativas não especificadas anteriormente,Migração,True,False,False,SOMENTE SESI,1,,,,,,,,,,,,,,,,,,,False
45417851000172,Flor De Murici Industria E Comercio De Confeccao Ltda,Indústria,4.Micro,Confecção de roupas íntimas,Migração,True,False,False,SOMENTE SESI,1,ATIVA,FLOR DE MURICI INDUSTRIA E COMERCIO DE CONFECCAO LTDA,INDÚSTRIA,Confeccao de roupas intimas,MICRO EMPRESA,São Miguel dos Campos,45417851000172.0,,1411-8/01,1411801.0,14.0,C,Industria de transformacao,Confeccao de vestuario e acessorios,True,False,SIM,NÃO ATENDIDA,True
45456117000112,Aguas Do Sertao S/a,Industria | Indústria,4.Micro,"Captação, tratamento e distribuição de água",Migração | Proposta,True,True,True,SESI + SENAI,2,ATIVA,AGUAS DO SERTAO S/A,INDÚSTRIA,"Captacao, tratamento e distribuicao de agua",DEMAIS,Penedo,45456117000112.0,45456117000112.0,3600-6/01,3600601.0,36.0,E,"Agua, esgoto e residuos","Captacao, tratamento e distribuicao de agua",True,False,NAO,FORA DO ESCOPO SEBRAE,True
45587682000119,E O De Lucena Junior,Indústria,4.Micro,Serviços de comunicação multimídia - SCM,Migração,True,False,False,SOMENTE SESI,1,ATIVA,E O DE LUCENA JUNIOR,INDÚSTRIA,Servicos de comunicacao multimidia - scm,MICRO EMPRESA,Palmeira dos Índios,45587682000119.0,,6110-8/03,6110803.0,61.0,J,Informacao e comunicacao,Informacao e comunicacao,False,False,NAO,FORA DO ESCOPO SEBRAE,True
45637490000170,Clarity Comercio De Valvulas Tubos E Conexoes Ltda,Não Indústria,4.Micro,Comércio varejista de materiais hidráulicos,Migração,True,False,False,SOMENTE SESI,1,,,,,,,,,,,,,,,,,,,False
45702351000182,J M Da Silva Filho Confeccoes,Indústria,3.Pequena,"Confecção, sob medida, de roupas profissionais",Migração,True,False,False,SOMENTE SESI,1,ATIVA,J M DA SILVA FILHO CONFECCOES,INDÚSTRIA,"Confeccao, sob medida, de roupas profissionais",MICRO EMPRESA,Arapiraca,45702351000182.0,45702351000182.0,1413-4/02,1413402.0,14.0,C,Industria de transformacao,Confeccao de vestuario e acessorios,True,False,SIM,NÃO ATENDIDA,True
45713672000182,Mcz Topografia Engenharia E Aerolevantamentos Ltda,Não Indústria,4.Micro,"Serviços de cartografia, topografia e geodésia",Proposta,True,False,False,SOMENTE SESI,1,,,,,,,,,,,,,,,,,,,False
45819383000162,Md Al Parque Shopping Construcoes Spe Ltda,Industria,4.Micro,Incorporação de empreendimentos imobiliários,Proposta,False,True,False,SOMENTE SENAI,1,ATIVA,MD AL PARQUE SHOPPING CONSTRUCOES SPE LTDA,INDÚSTRIA,Incorporacao de empreendimentos imobiliarios,DEMAIS,Maceió,,45819383000162.0,4110-7/00,4110700.0,41.0,F,Construcao,Construcao de edificios,True,False,SIM,NÃO ATENDIDA,True
45882038000173,Projeto Imobiliario Ita Hoti Spe Ltda.,Não Indústria,2.Média,Compra e venda de imóveis próprios,Proposta,True,False,False,SOMENTE SESI,1,,,,,,,,,,,,,,,,,,,False
45909716000144,Md Al Via Express Construcoes Spe Ltda,Industria,3.Pequena,Incorporação de empreendimentos imobiliários,Proposta,False,True,False,SOMENTE SENAI,1,ATIVA,MD AL VIA EXPRESS CONSTRUCOES SPE LTDA,INDÚSTRIA,Incorporacao de empreendimentos imobiliarios,DEMAIS,Maceió,,45909716000144.0,4110-7/00,4110700.0,41.0,F,Construcao,Construcao de edificios,True,False,SIM,NÃO ATENDIDA,True
46042619000160,Tio Ferreira Ltda,Não Indústria,3.Pequena,"Comércio atacadista de cereais e leguminosas beneficiados, farinhas, amidos e féculas, com atividade de fracionamento e acondicionamento associada",Migração,True,False,False,SOMENTE SESI,1,,,,,,,,,,,,,,,,,,,False
46042619000240,Tio Ferreira Ltda,Não Indústria,3.Pequena,"Comércio atacadista de produtos alimentícios em geral, com atividade de fracionamento e acondicionamento associada",Migração,True,False,False,SOMENTE SESI,1,,,,,,,,,,,,,,,,,,,False
46042619000402,Tio Ferreira Ltda,Não Indústria,3.Pequena,"Comércio atacadista de cereais e leguminosas beneficiados, farinhas, amidos e féculas, com atividade de fracionamento e acondicionamento associada",Migração,True,False,False,SOMENTE SESI,1,,,,,,,,,,,,,,,,,,,False
46189709000188,R Q Regueira Moda Calcadista,Não Indústria,4.Micro,Comércio varejista de calçados,Migração,True,False,False,SOMENTE SESI,1,,,,,,,,,,,,,,,,,,,False
46202280000111,Orlando Lins Clinica Medica Ltda,Não Indústria,4.Micro,Atividade médica ambulatorial restrita a consultas,Migração,True,False,False,SOMENTE SESI,1,,,,,,,,,,,,,,,,,,,False
46337372000109,Associacao Dos Adquirentes De Unidades Autonomas Do Condominio Residencial Ville De France,Nao Industria,2.Média,Atividades associativas não especificadas anteriormente,Proposta,False,True,False,SOMENTE SENAI,1,,,,,,,,,,,,,,,,,,,False
46402809000140,J L V Dos Santos,Não Indústria,4.Micro,Serviço de transporte de passageiros - locação de automóveis com motorista,Proposta,True,False,False,SOMENTE SESI,1,,,,,,,,,,,,,,,,,,,False
46423021000110,Spot Ponta Verde Spe Ltda,Industria | Indústria,3.Pequena,Incorporação de empreendimentos imobiliários,Migração | Proposta,True,True,True,SESI + SENAI,2,ATIVA,SPOT PONTA VERDE SPE LTDA,INDÚSTRIA,Incorporacao de empreendimentos imobiliarios,DEMAIS,Maceió,46423021000110.0,46423021000110.0,4110-7/00,4110700.0,41.0,F,Construcao,Construcao de edificios,True,False,SIM,NÃO ATENDIDA,True
46423543000112,James Pertheson Da S Melo Vidracaria,Não Indústria,4.Micro,Comércio varejista de vidros,Migração,True,False,False,SOMENTE SESI,1,,,,,,,,,,,,,,,,,,,False
46506441000160,46.506.441 Ellyson Dawid Tenorio De Melo,Industria,4.Micro,Instalação e manutenção elétrica,Migração,False,True,False,SOMENTE SENAI,1,ATIVA,46.506.441 ELLYSON DAWID TENORIO DE MELO,INDÚSTRIA,Instalacao e manutencao eletrica,MICRO EMPRESA,Maceió,,46506441000160.0,4321-5/00,4321500.0,43.0,F,Construcao,Servicos especializados para construcao,True,False,SIM,NÃO ATENDIDA,True
46632939000170,M G Dos Santos Pousada E Restaurante,Não Indústria,4.Micro,Restaurantes e similares,Migração,True,False,False,SOMENTE SESI,1,,,,,,,,,,,,,,,,,,,False
46757355000120,Opus Mais Engenharia Ltda,Indústria,4.Micro,Instalação e manutenção elétrica,Migração,True,False,False,SOMENTE SESI,1,ATIVA,OPUS MAIS ENGENHARIA LTDA,INDÚSTRIA,Instalacao e manutencao eletrica,MICRO EMPRESA,Maceió,46757355000120.0,,4321-5/00,4321500.0,43.0,F,Construcao,Servicos especializados para construcao,True,False,SIM,NÃO ATENDIDA,True
46767259000163,El-agro Comercio De Insumos Agricolas Ltda,Indústria,4.Micro,"Preparação e fiação de fibras têxteis naturais, exceto algodão",Proposta,True,False,False,SOMENTE SESI,1,ATIVA,EL-AGRO COMERCIO DE INSUMOS AGRICOLAS LTDA,INDÚSTRIA,"Preparacao e fiacao de fibras texteis naturais, exceto algodao",PEQUENO PORTE,Barra de São Miguel,46767259000163.0,,1312-0/00,1312000.0,13.0,C,Industria de transformacao,Produtos texteis,True,False,SIM,NÃO ATENDIDA,True
46806564000117,Sunset Residence Frances Spe Ltda,Industria,3.Pequena,Incorporação de empreendimentos imobiliários,Proposta,False,True,False,SOMENTE SENAI,1,,,,,,,,,,,,,,,,,,,False
46816463000127,Conect Servicos Industriais Ltda,Industria | Indústria,4.Micro,"Manutenção e reparação de máquinas, aparelhos e materiais elétricos não especificados anteriormente",Proposta,True,True,True,SESI + SENAI,2,ATIVA,CONECT SERVICOS INDUSTRIAIS LTDA,INDÚSTRIA,"Manutencao e reparacao de maquinas, aparelhos e materiais eletricos nao especificados anteriormente",MICRO EMPRESA,Maceió,46816463000127.0,46816463000127.0,3313-9/99,3313999.0,33.0,C,Industria de transformacao,"Manutencao, reparacao e instalacao de maquinas",True,False,SIM,NÃO ATENDIDA,True
46847405000160,Maria Jose De Farias Magalhaes Ltda,Não Indústria,3.Pequena,"Comércio varejista de cosméticos, produtos de perfumaria e de higiene pessoal",Migração,True,False,False,SOMENTE SESI,1,,,,,,,,,,,,,,,,,,,False
46874729000198,Rehabcardio Ltda,Não Indústria,4.Micro,Atividades de fisioterapia,Migração,True,False,False,SOMENTE SESI,1,,,,,,,,,,,,,,,,,,,False
47016991000164,T T Servicos Empresariais Ltda,Não Indústria,3.Pequena,Serviços combinados de escritório e apoio administrativo,Migração,True,False,False,SOMENTE SESI,1,,,,,,,,,,,,,,,,,,,False
47025733000144,W Dos S Gouveia  Ltda,Industria | Indústria,4.Micro,Impressão de material para outros usos,Migração | Proposta,True,True,True,SESI + SENAI,2,ATIVA,W DOS S GOUVEIA LTDA,INDÚSTRIA,Impressao de material para outros usos,PEQUENO PORTE,Maceió,47025733000144.0,47025733000144.0,1813-0/99,1813099.0,18.0,C,Industria de transformacao,Impressao e reproducao de gravacoes,True,False,SIM,NÃO ATENDIDA,True
47028449000121,Consorcio Vias Do Norte 2 Etapa,Indústria,3.Pequena,"Obras de urbanização - ruas, praças e calçadas",Migração,True,False,False,SOMENTE SESI,1,ATIVA,CONSORCIO VIAS DO NORTE 2 ETAPA,INDÚSTRIA,"Obras de urbanizacao - ruas, pracas e calcadas",DEMAIS,Maceió,47028449000121.0,,4213-8/00,4213800.0,42.0,F,Construcao,Obras de infraestrutura,True,False,SIM,NÃO ATENDIDA,True
47069074000148,Metalurgica Louise E Cia Ltda,Industria | Indústria,3.Pequena,"Fabricação de produtos de trefilados de metal, exceto padronizados",Migração | Proposta,True,True,True,SESI + SENAI,2,ATIVA,METALURGICA LOUISE E CIA LTDA,INDÚSTRIA,"Fabricacao de produtos de trefilados de metal, exceto padronizados",PEQUENO PORTE,Maceió,47069074000148.0,47069074000148.0,2592-6/02,2592602.0,25.0,C,Industria de transformacao,Produtos de metal (exceto maquinas),True,False,SIM,NÃO ATENDIDA,True
47074912000171,Grafica Mascarenhas Digital Ltda,Industria,4.Micro,Impressão de material para outros usos,Proposta,False,True,False,SOMENTE SENAI,1,ATIVA,GRAFICA MASCARENHAS DIGITAL LTDA,INDÚSTRIA,Impressao de material para outros usos,PEQUENO PORTE,Maceió,,47074912000171.0,1813-0/99,1813099.0,18.0,C,Industria de transformacao,Impressao e reproducao de gravacoes,True,False,SIM,NÃO ATENDIDA,True
47133502000154,Group Damasceno Ltda,Industria,3.Pequena,Fabricação de biscoitos e bolachas,Proposta,False,True,False,SOMENTE SENAI,1,ATIVA,GROUP DAMASCENO LTDA,INDÚSTRIA,Fabricacao de biscoitos e bolachas,MICRO EMPRESA,Maragogi,,47133502000154.0,1092-9/00,1092900.0,10.0,C,Industria de transformacao,Alimentos,True,False,SIM,NÃO ATENDIDA,True
47298482000171,Mf Forma E Ferragem Ltda,Indústria,4.Micro,"Instalação de portas, janelas, tetos, divisórias e armários embutidos de qualquer material",Migração,True,False,False,SOMENTE SESI,1,ATIVA,MF FORMA E FERRAGEM LTDA,INDÚSTRIA,"Instalacao de portas, janelas, tetos, divisorias e armarios embutidos de qualquer material",MICRO EMPRESA,Maceió,47298482000171.0,,4330-4/02,4330402.0,43.0,F,Construcao,Servicos especializados para construcao,True,False,SIM,NÃO ATENDIDA,True
47334691000123,Passaggio Empreendimentos Turisticos Ltda,Não Indústria,2.Média,Hotéis,Migração,True,False,False,SOMENTE SESI,1,,,,,,,,,,,,,,,,,,,False
47409771000109,Thiago Lins Batista 01140757431,Indústria,4.Micro,"Instalação e manutenção de sistemas centrais de ar condicionado, de ventilação e refrigeração",Migração,True,False,False,SOMENTE SESI,1,,,,,,,,,,,,,,,,,,,False
47440200000129,Cca Comercio De Moveis Ltda,Não Indústria,4.Micro,Comércio varejista de móveis,Migração,True,False,False,SOMENTE SESI,1,,,,,,,,,,,,,,,,,,,False
47454591000130,Instituto Saude Singularis Ltda,Não Indústria,4.Micro,Atividade odontológica com recursos para realização de procedimentos cirúrgicos,Migração,True,False,False,SOMENTE SESI,1,,,,,,,,,,,,,,,,,,,False
47594187000162,Therapie Medical Center Ltda,Não Indústria,4.Micro,Atividade médica ambulatorial com recursos para realização de exames complementares,Migração,True,False,False,SOMENTE SESI,1,,,,,,,,,,,,,,,,,,,False
47660138000180,Morino Moveis Planejados Ltda,Industria | Indústria,4.Micro,Fabricação de móveis com predominância de madeira,Proposta,True,True,True,SESI + SENAI,2,ATIVA,MORINO MOVEIS PLANEJADOS LTDA,INDÚSTRIA,Fabricacao de moveis com predominancia de madeira,PEQUENO PORTE,Maceió,47660138000180.0,47660138000180.0,3101-2/00,3101200.0,31.0,C,Industria de transformacao,Moveis,True,False,SIM,NÃO ATENDIDA,True
47763856000182,Campo Verde Servicos Ltda,Não Indústria,3.Pequena,Serviços combinados de escritório e apoio administrativo,Migração,True,False,False,SOMENTE SESI,1,,,,,,,,,,,,,,,,,,,False
47767426000139,Nova Costa Dourada Envase De Agua Ltda,Industria | Indústria,4.Micro,Fabricação de águas envasadas,Proposta,True,True,True,SESI + SENAI,2,ATIVA,NOVA COSTA DOURADA ENVASE DE AGUA LTDA,INDÚSTRIA,Fabricacao de aguas envasadas,MICRO EMPRESA,Maragogi,47767426000139.0,47767426000139.0,1121-6/00,1121600.0,11.0,C,Industria de transformacao,Bebidas,True,False,SIM,NÃO ATENDIDA,True
47839082000126,"Corte Fabril, Fardamentos Corporativos E Escolares Ltda",Indústria,4.Micro,"Confecção, sob medida, de roupas profissionais",Migração,True,False,False,SOMENTE SESI,1,ATIVA,"CORTE FABRIL, FARDAMENTOS CORPORATIVOS E ESCOLARES LTDA",INDÚSTRIA,"Confeccao, sob medida, de roupas profissionais",MICRO EMPRESA,São Miguel dos Campos,47839082000126.0,,1413-4/02,1413402.0,14.0,C,Industria de transformacao,Confeccao de vestuario e acessorios,True,False,SIM,NÃO ATENDIDA,True
47886861000182,Estelar Industria De Aco Ltda,Indústria,4.Micro,Fabricação de produtos de trefilados de metal padronizados,Migração,True,False,False,SOMENTE SESI,1,ATIVA,ESTELAR INDUSTRIA DE ACO LTDA,INDÚSTRIA,Fabricacao de produtos de trefilados de metal padronizados,DEMAIS,Maceió,47886861000182.0,,2592-6/01,2592601.0,25.0,C,Industria de transformacao,Produtos de metal (exceto maquinas),True,False,SIM,NÃO ATENDIDA,True
47895879000140,Juliano Barbosa Silva,Indústria,4.Micro,Fabricação de laticínios,Migração,True,False,False,SOMENTE SESI,1,ATIVA,JULIANO BARBOSA SILVA,INDÚSTRIA,Fabricacao de laticinios,PEQUENO PORTE,Major Isidoro,47895879000140.0,,1052-0/00,1052000.0,10.0,C,Industria de transformacao,Alimentos,True,False,SIM,NÃO ATENDIDA,True
47911849000180,Cardan Sao Miguel Servicos Ltda,Indústria,4.Micro,Serviços de manutenção e reparação mecânica de veículos automotores,Migração,True,False,False,SOMENTE SESI,1,ATIVA,CARDAN SAO MIGUEL SERVICOS LTDA,INDÚSTRIA,Servicos de manutencao e reparacao mecanica de veiculos automotores,MICRO EMPRESA,São Miguel dos Campos,47911849000180.0,,4520-0/01,4520001.0,45.0,G,Comercio e reparacao de veiculos,Comercio e reparacao de veiculos,False,False,NAO,FORA DO ESCOPO SEBRAE,True
47967706000190,Restaurante Jaragua Ltda,Não Indústria,3.Pequena,Restaurantes e similares,Migração,True,False,False,SOMENTE SESI,1,,,,,,,,,,,,,,,,,,,False
48012237000119,Edificio Genova Spe Ltda,Industria,2.Média,Incorporação de empreendimentos imobiliários,Proposta,False,True,False,SOMENTE SENAI,1,ATIVA,EDIFICIO GENOVA SPE LTDA,INDÚSTRIA,Incorporacao de empreendimentos imobiliarios,DEMAIS,Maceió,,48012237000119.0,4110-7/00,4110700.0,41.0,F,Construcao,Construcao de edificios,True,False,SIM,NÃO ATENDIDA,True
48082971000154,Consorcio Vale Do Paraiba Lote 02 - Fp-clc-conserva,Industria,3.Pequena,Construção de rodovias e ferrovias,Proposta,False,True,False,SOMENTE SENAI,1,ATIVA,CONSORCIO VALE DO PARAIBA LOTE 02 - FP-CLC-CONSERVA,INDÚSTRIA,Construcao de rodovias e ferrovias,DEMAIS,Maceió,,48082971000154.0,4211-1/01,4211101.0,42.0,F,Construcao,Obras de infraestrutura,True,False,SIM,NÃO ATENDIDA,True
48095104000153,Cruz Das Almas Empreendimento Imobiliario Spe Ltda,Industria,3.Pequena,Incorporação de empreendimentos imobiliários,Migração,False,True,False,SOMENTE SENAI,1,ATIVA,CRUZ DAS ALMAS EMPREENDIMENTO IMOBILIARIO SPE LTDA,INDÚSTRIA,Incorporacao de empreendimentos imobiliarios,DEMAIS,Maceió,,48095104000153.0,4110-7/00,4110700.0,41.0,F,Construcao,Construcao de edificios,True,False,SIM,NÃO ATENDIDA,True
48130274000121,Carvalho Assessoria E Servicos Ltda,Não Indústria,3.Pequena,Seleção e agenciamento de mão-de-obra,Migração,True,False,False,SOMENTE SESI,1,,,,,,,,,,,,,,,,,,,False
48196035000174,Posto Satuba Ltda,Não Indústria,4.Micro,Comércio varejista de combustíveis para veículos automotores,Migração,True,False,False,SOMENTE SESI,1,,,,,,,,,,,,,,,,,,,False
48209133000107,Citecon Oceana Empreendimento Spe Ltda,Industria,3.Pequena,Incorporação de empreendimentos imobiliários,Proposta,False,True,False,SOMENTE SENAI,1,ATIVA,CITECON OCEANA EMPREENDIMENTO SPE LTDA,INDÚSTRIA,Incorporacao de empreendimentos imobiliarios,DEMAIS,Maceió,,48209133000107.0,4110-7/00,4110700.0,41.0,F,Construcao,Construcao de edificios,True,False,SIM,NÃO ATENDIDA,True
48244421000194,Tatuamunha 01 Empreendimento Imobiliario Spe Ltda,Industria,2.Média,Incorporação de empreendimentos imobiliários,Proposta,False,True,False,SOMENTE SENAI,1,ATIVA,TATUAMUNHA 01 EMPREENDIMENTO IMOBILIARIO SPE LTDA,INDÚSTRIA,Incorporacao de empreendimentos imobiliarios,DEMAIS,Maceió,,48244421000194.0,4110-7/00,4110700.0,41.0,F,Construcao,Construcao de edificios,True,False,SIM,NÃO ATENDIDA,True
48361535000114,Falcao Construcoes Ltda,Industria,3.Pequena,Construção de edifícios,Proposta,False,True,False,SOMENTE SENAI,1,ATIVA,FALCAO CONSTRUCOES LTDA,INDÚSTRIA,Construcao de edificios,PEQUENO PORTE,Maceió,,48361535000114.0,4120-4/00,4120400.0,41.0,F,Construcao,Construcao de edificios,True,False,SIM,NÃO ATENDIDA,True
48462452000111,Hidrosol Energia Solar Representacao E Servicos Ltda,Industria,4.Micro,Instalação de máquinas e equipamentos industriais,Proposta,False,True,False,SOMENTE SENAI,1,ATIVA,HIDROSOL ENERGIA SOLAR REPRESENTACAO E SERVICOS LTDA,INDÚSTRIA,Instalacao de maquinas e equipamentos industriais,MICRO EMPRESA,Maceió,,48462452000111.0,3321-0/00,3321000.0,33.0,C,Industria de transformacao,"Manutencao, reparacao e instalacao de maquinas",True,False,SIM,NÃO ATENDIDA,True
48512865000163,Czar Concrete Industria Ltda,Indústria,4.Micro,Fabricação de artefatos de cimento para uso na construção,Migração,True,False,False,SOMENTE SESI,1,ATIVA,CZAR CONCRETE INDUSTRIA LTDA,INDÚSTRIA,Fabricacao de artefatos de cimento para uso na construcao,MICRO EMPRESA,Maceió,48512865000163.0,,2330-3/02,2330302.0,23.0,C,Industria de transformacao,Produtos de minerais nao-metalicos,True,False,SIM,NÃO ATENDIDA,True
48684642000183,Adamo Spe 1 Ltda,Nao Industria,2.Média,Compra e venda de imóveis próprios,Proposta,False,True,False,SOMENTE SENAI,1,,,,,,,,,,,,,,,,,,,False
48821494000100,Frango Lider Ltda,Industria | Indústria,4.Micro,Abate de aves,Migração | Proposta,True,True,True,SESI + SENAI,2,ATIVA,FRANGO LIDER LTDA,INDÚSTRIA,Abate de aves,PEQUENO PORTE,Maceió,48821494000100.0,48821494000100.0,1012-1/01,1012101.0,10.0,C,Industria de transformacao,Alimentos,True,False,SIM,NÃO ATENDIDA,True
48825912000129,Ello Servicos Condominiais E Imobiliario Ltda,Não Indústria,3.Pequena,Gestão e administração da propriedade imobiliária,Migração,True,False,False,SOMENTE SESI,1,,,,,,,,,,,,,,,,,,,False
48869153000104,Tanino Bistro & Emporio Ltda,Não Indústria,4.Micro,Restaurantes e similares,Migração,True,False,False,SOMENTE SESI,1,,,,,,,,,,,,,,,,,,,False
48878815000102,Eskrim Industria De Sorvetes Ltda,Indústria,3.Pequena,Fabricação de sorvetes e outros gelados comestíveis,Migração,True,False,False,SOMENTE SESI,1,ATIVA,ESKRIM INDUSTRIA DE SORVETES LTDA,INDÚSTRIA,Fabricacao de sorvetes e outros gelados comestiveis,DEMAIS,Maceió,48878815000102.0,48878815000102.0,1053-8/00,1053800.0,10.0,C,Industria de transformacao,Alimentos,True,False,SIM,NÃO ATENDIDA,True
48905364000147,48.905.364 Paulo Marcos Da Silva,Não Indústria,4.Micro,Restaurantes e similares,Migração,True,False,False,SOMENTE SESI,1,,,,,,,,,,,,,,,,,,,False
48962242000192,Quimica Nordeste De Produtos Ltda,Indústria,3.Pequena,Fabricação de sabões e detergentes sintéticos,Migração,True,False,False,SOMENTE SESI,1,,,,,,,,,,,,,,,,,,,False
48973289000151,Itamar Auto Center Ltda,Indústria,3.Pequena,Serviços de manutenção e reparação mecânica de veículos automotores,Migração,True,False,False,SOMENTE SESI,1,ATIVA,ITAMAR AUTO CENTER LTDA,INDÚSTRIA,Servicos de manutencao e reparacao mecanica de veiculos automotores,PEQUENO PORTE,Arapiraca,48973289000151.0,,4520-0/01,4520001.0,45.0,G,Comercio e reparacao de veiculos,Comercio e reparacao de veiculos,False,False,NAO,FORA DO ESCOPO SEBRAE,True
48975994000198,Consulttymed Servicos Clinicos Ltda,Não Indústria,4.Micro,Atividade médica ambulatorial restrita a consultas,Migração,True,False,False,SOMENTE SESI,1,,,,,,,,,,,,,,,,,,,False
48999978000135,N R Pereira Ltda,Indústria,4.Micro,Fabricação de artefatos de tanoaria e de embalagens de madeira,Migração,True,False,False,SOMENTE SESI,1,ATIVA,N R PEREIRA LTDA,INDÚSTRIA,Fabricacao de artefatos de tanoaria e de embalagens de madeira,MICRO EMPRESA,Maceió,48999978000135.0,,1623-4/00,1623400.0,16.0,C,Industria de transformacao,Produtos de madeira,True,False,SIM,NÃO ATENDIDA,True
49120358000147,Buffet Pinheiro Ltda,Não Indústria,4.Micro,Serviços de alimentação para eventos e recepções - bufê,Migração,True,False,False,SOMENTE SESI,1,,,,,,,,,,,,,,,,,,,False
49120631000133,Associacao Dos Proprietarios De Unidades Autonomas Do Futuro Edificio Botanic View Club Residence,Nao Industria | Não Indústria,2.Média,Atividades associativas não especificadas anteriormente,Proposta,True,True,True,SESI + SENAI,2,,,,,,,,,,,,,,,,,,,False
49138205000127,Fontes Sao Carlos Ltda,Indústria,4.Micro,Fabricação de águas envasadas,Migração,True,False,False,SOMENTE SESI,1,ATIVA,FONTES SAO CARLOS LTDA,INDÚSTRIA,Fabricacao de aguas envasadas,MICRO EMPRESA,Arapiraca,49138205000127.0,,1121-6/00,1121600.0,11.0,C,Industria de transformacao,Bebidas,True,False,SIM,NÃO ATENDIDA,True
49142678000106,"Secretaria De Estado Do Desenvolvimento, Industria, Comercio E Servicos",Nao Industria,2.Média,Administração pública em geral,Proposta,False,True,False,SOMENTE SENAI,1,,,,,,,,,,,,,,,,,,,False
49173847000167,Riviera Empreendimentos Imobiliarios Spe Ltda,Industria,4.Micro,Incorporação de empreendimentos imobiliários,Proposta,False,True,False,SOMENTE SENAI,1,ATIVA,RIVIERA EMPREENDIMENTOS IMOBILIARIOS SPE LTDA,INDÚSTRIA,Incorporacao de empreendimentos imobiliarios,DEMAIS,Maceió,,49173847000167.0,4110-7/00,4110700.0,41.0,F,Construcao,Construcao de edificios,True,False,SIM,NÃO ATENDIDA,True
49204490000137,Masetto Alimentos Ltda,Industria,4.Micro,Fabricação de conservas de frutas,Proposta,False,True,False,SOMENTE SENAI,1,ATIVA,MASETTO ALIMENTOS LTDA,INDÚSTRIA,Fabricacao de conservas de frutas,MICRO EMPRESA,Penedo,,49204490000137.0,1031-7/00,1031700.0,10.0,C,Industria de transformacao,Alimentos,True,False,SIM,NÃO ATENDIDA,True
49274757000162,Janaina Mainara Da Silva Motopecas Ltda,Não Indústria,4.Micro,Comércio a varejo de peças e acessórios novos para motocicletas e motonetas,Migração,True,False,False,SOMENTE SESI,1,,,,,,,,,,,,,,,,,,,False
49329618000199,Sistenge Construcoes E Comercio Ltda,Industria,4.Micro,Construção de edifícios,Proposta,False,True,False,SOMENTE SENAI,1,,,,,,,,,,,,,,,,,,,False
49515673000173,S Graf Ltda,Indústria,4.Micro,Impressão de material para outros usos,Migração,True,False,False,SOMENTE SESI,1,ATIVA,S GRAF LTDA,INDÚSTRIA,Impressao de material para outros usos,MICRO EMPRESA,Maceió,49515673000173.0,49515673000173.0,1813-0/99,1813099.0,18.0,C,Industria de transformacao,Impressao e reproducao de gravacoes,True,False,SIM,NÃO ATENDIDA,True
49571914000100,Panificacao A Casa Portuguesa Ltda,Indústria,4.Micro,FABRICAÇÃO DE PRODUTOS DE PANIFICAÇÃO INDUSTRIAL,Migração,True,False,False,SOMENTE SESI,1,ATIVA,PANIFICACAO A CASA PORTUGUESA LTDA,INDÚSTRIA,Fabricacao de produtos de padaria e confeitaria com predominancia de producao propria,MICRO EMPRESA,Maceió,49571914000100.0,,1091-1/02,1091102.0,10.0,C,Industria de transformacao,Alimentos,True,False,SIM,NÃO ATENDIDA,True
49616500000141,R A Servicos Ltda,Indústria,4.Micro,Recondicionamento e recuperação de motores para veículos automotores,Migração,True,False,False,SOMENTE SESI,1,ATIVA,R A SERVICOS LTDA,INDÚSTRIA,Recondicionamento e recuperacao de motores para veiculos automotores,PEQUENO PORTE,Arapiraca,49616500000141.0,,2950-6/00,2950600.0,29.0,C,Industria de transformacao,"Veiculos automotores, reboques e carrocerias",True,False,SIM,NÃO ATENDIDA,True
49645094000145,Mundo On Telecom Ltda,Indústria,4.Micro,Serviços de comunicação multimídia - SCM,Migração,True,False,False,SOMENTE SESI,1,ATIVA,MUNDO ON TELECOM LTDA,INDÚSTRIA,Servicos de comunicacao multimidia - scm,MICRO EMPRESA,Maceió,49645094000145.0,,6110-8/03,6110803.0,61.0,J,Informacao e comunicacao,Informacao e comunicacao,False,False,NAO,FORA DO ESCOPO SEBRAE,True
49678524000125,Soilymar Ferreira Consultorio Odontologico Ltda,Não Indústria,4.Micro,Atividade odontológica com recursos para realização de procedimentos cirúrgicos,Migração,True,False,False,SOMENTE SESI,1,,,,,,,,,,,,,,,,,,,False
49770750000131,Duo Locacao E Administracao Ltda,Industria,4.Micro,Administração de obras,Proposta,False,True,False,SOMENTE SENAI,1,ATIVA,DUO LOCACAO E ADMINISTRACAO LTDA,INDÚSTRIA,Administracao de obras,MICRO EMPRESA,Maceió,,49770750000131.0,4399-1/01,4399101.0,43.0,F,Construcao,Servicos especializados para construcao,True,False,SIM,NÃO ATENDIDA,True
49781482000153,Eco Green Plasticos Ltda,Indústria,3.Pequena,Fabricação de embalagens de material plástico,Migração,True,False,False,SOMENTE SESI,1,ATIVA,ECO GREEN PLASTICOS LTDA,INDÚSTRIA,Fabricacao de embalagens de material plastico,PEQUENO PORTE,Maceió,49781482000153.0,,2222-6/00,2222600.0,22.0,C,Industria de transformacao,Borracha e material plastico,True,False,SIM,NÃO ATENDIDA,True
49795483000157,Fiah Industria Ltda,Indústria,4.Micro,Fabricação de artefatos têxteis para uso doméstico,Migração,True,False,False,SOMENTE SESI,1,ATIVA,FIAH INDUSTRIA LTDA,INDÚSTRIA,Fabricacao de artefatos texteis para uso domestico,PEQUENO PORTE,São Miguel dos Campos,49795483000157.0,,1351-1/00,1351100.0,13.0,C,Industria de transformacao,Produtos texteis,True,False,SIM,NÃO ATENDIDA,True
49820150000130,Illa Fellicidade Industria De Gelados Ltda,Indústria,4.Micro,Fabricação de sorvetes e outros gelados comestíveis,Migração,True,False,False,SOMENTE SESI,1,ATIVA,ILLA FELLICIDADE INDUSTRIA DE GELADOS LTDA,INDÚSTRIA,Fabricacao de sorvetes e outros gelados comestiveis,DEMAIS,Maceió,49820150000130.0,,1053-8/00,1053800.0,10.0,C,Industria de transformacao,Alimentos,True,False,SIM,NÃO ATENDIDA,True
49837432000140,Magalhaes Consultoria Ltda,Não Indústria,4.Micro,"Atividades de consultoria em gestão empresarial, exceto consultoria técnica específica",Migração,True,False,False,SOMENTE SESI,1,,,,,,,,,,,,,,,,,,,False
49871213006623,Ic Transportes Ltda.,Nao Industria,1.Grande,"Transporte rodoviário de carga, exceto produtos perigosos e mudanças, intermunicipal, interestadual e internacional",Proposta,False,True,False,SOMENTE SENAI,1,,,,,,,,,,,,,,,,,,,False
49930514000135,Sodexo Do Brasil Comercial S.a.,Indústria,1.Grande,Fornecimento de alimentos preparados preponderantemente para empresas,Proposta,True,False,False,SOMENTE SESI,1,,,,,,,,,,,,,,,,,,,False
49946261000198,Consorcio Pavimentacao E Drenagem Ruas De Maceio,Industria,4.Micro,"Obras de urbanização - ruas, praças e calçadas",Proposta,False,True,False,SOMENTE SENAI,1,ATIVA,CONSORCIO PAVIMENTACAO E DRENAGEM RUAS DE MACEIO,INDÚSTRIA,"Obras de urbanizacao - ruas, pracas e calcadas",DEMAIS,Maceió,,49946261000198.0,4213-8/00,4213800.0,42.0,F,Construcao,Obras de infraestrutura,True,False,SIM,NÃO ATENDIDA,True
49996687000156,Dje Engenharia Comercio E Servicos Ltda,Industria,4.Micro,"Fabricação de válvulas, registros e dispositivos semelhantes, peças e acessórios",Migração,False,True,False,SOMENTE SENAI,1,ATIVA,DJE ENGENHARIA COMERCIO E SERVICOS LTDA,INDÚSTRIA,"Fabricacao de valvulas, registros e dispositivos semelhantes, pecas e acessorios",PEQUENO PORTE,Maceió,,49996687000156.0,2813-5/00,2813500.0,28.0,C,Industria de transformacao,Maquinas e equipamentos,True,False,SIM,NÃO ATENDIDA,True
50026997000127,Portal Das Rocas Empreendientos Spe Ltda,Indústria,3.Pequena,Incorporação de empreendimentos imobiliários,Migração,True,False,False,SOMENTE SESI,1,ATIVA,PORTAL DAS ROCAS EMPREENDIENTOS SPE LTDA,INDÚSTRIA,Incorporacao de empreendimentos imobiliarios,DEMAIS,Maceió,50026997000127.0,,4110-7/00,4110700.0,41.0,F,Construcao,Construcao de edificios,True,False,SIM,NÃO ATENDIDA,True
50058390000129,Magic Berry Industria De Gelados Comestiveis Ltda,Industria,4.Micro,Fabricação de sorvetes e outros gelados comestíveis,Proposta,False,True,False,SOMENTE SENAI,1,ATIVA,MAGIC BERRY INDUSTRIA DE GELADOS COMESTIVEIS LTDA,INDÚSTRIA,Fabricacao de sorvetes e outros gelados comestiveis,MICRO EMPRESA,Arapiraca,,50058390000129.0,1053-8/00,1053800.0,10.0,C,Industria de transformacao,Alimentos,True,False,SIM,NÃO ATENDIDA,True
50161226000142,Adriano Tenorio Fernandes Comercio,Não Indústria,4.Micro,Comércio varejista de tecidos,Migração,True,False,False,SOMENTE SESI,1,,,,,,,,,,,,,,,,,,,False
50269736000138,Panetutti Casa De Lanches Ltda,Não Indústria,3.Pequena,Restaurantes e similares,Migração,True,False,False,SOMENTE SESI,1,,,,,,,,,,,,,,,,,,,False
50353891000138,Projeto Imobiliario Isla Spe Ltda,Indústria,3.Pequena,Construção de edifícios,Migração,True,False,False,SOMENTE SESI,1,ATIVA,PROJETO IMOBILIARIO ISLA SPE LTDA,INDÚSTRIA,Construcao de edificios,DEMAIS,Maceió,50353891000138.0,,4120-4/00,4120400.0,41.0,F,Construcao,Construcao de edificios,True,False,SIM,NÃO ATENDIDA,True
50362100000136,So Uniforme E Pijamas Ltda,Industria | Indústria,4.Micro,"Confecção, sob medida, de peças do vestuário, exceto roupas íntimas",Proposta,True,True,True,SESI + SENAI,2,ATIVA,SO UNIFORME E PIJAMAS LTDA,INDÚSTRIA,"Confeccao, sob medida, de pecas do vestuario, exceto roupas intimas",MICRO EMPRESA,Maceió,50362100000136.0,50362100000136.0,1412-6/02,1412602.0,14.0,C,Industria de transformacao,Confeccao de vestuario e acessorios,True,False,SIM,NÃO ATENDIDA,True
50370509000102,Costa Servicos Ltda,Não Indústria,3.Pequena,Seleção e agenciamento de mão-de-obra,Migração,True,False,False,SOMENTE SESI,1,,,,,,,,,,,,,,,,,,,False
50381197000124,F L C Da S Buarque Policlinica,Não Indústria,4.Micro,Atividade médica ambulatorial com recursos para realização de exames complementares,Migração,True,False,False,SOMENTE SESI,1,,,,,,,,,,,,,,,,,,,False
50381212000134,Albuquerque Medicos Associados Ltda,Não Indústria,4.Micro,Atividade médica ambulatorial restrita a consultas,Migração,True,False,False,SOMENTE SESI,1,,,,,,,,,,,,,,,,,,,False
50527176000174,Centro De Estetica Avancado Ltda,Não Indústria,4.Micro,Outras atividades de tratamento de beleza,Migração,True,False,False,SOMENTE SESI,1,,,,,,,,,,,,,,,,,,,False
50567288000744,Sociedade Michelin De Participacoes Indust E Comercio Ltda,Indústria,2.Média,Fabricação de pneumáticos e de câmaras-de-ar,Proposta,True,False,False,SOMENTE SESI,1,,,,,,,,,,,,,,,,,,,False
50583563000128,G D R Gelados Comercio Varejista Ltda,Não Indústria,3.Pequena,Comércio varejista de produtos alimentícios em geral ou especializado em produtos alimentícios não especificados anteriormente,Migração,True,False,False,SOMENTE SESI,1,,,,,,,,,,,,,,,,,,,False
50600889000116,50.600.889 Ana Karina Menezes De Aquino Franca,Não Indústria,4.Micro,Restaurantes e similares,Migração,True,False,False,SOMENTE SESI,1,,,,,,,,,,,,,,,,,,,False
50811328000166,Martta B De Lima Soluster Contabil,Não Indústria,4.Micro,Atividades de contabilidade,Migração,True,False,False,SOMENTE SESI,1,,,,,,,,,,,,,,,,,,,False
50935966000199,Space Gym Ltda,Não Indústria,4.Micro,Atividades de condicionamento físico,Migração,True,False,False,SOMENTE SESI,1,,,,,,,,,,,,,,,,,,,False
50938938000125,F6 Empreendimento Imobiliario Spe Ltda,Industria,3.Pequena,Incorporação de empreendimentos imobiliários,Migração,False,True,False,SOMENTE SENAI,1,ATIVA,F6 EMPREENDIMENTO IMOBILIARIO SPE LTDA,INDÚSTRIA,Incorporacao de empreendimentos imobiliarios,DEMAIS,Maceió,,50938938000125.0,4110-7/00,4110700.0,41.0,F,Construcao,Construcao de edificios,True,False,SIM,NÃO ATENDIDA,True
51022392000120,Ssd Studio Suport Desing E Cia Ltda,Indústria,4.Micro,Fabricação de móveis com predominância de metal,Migração,True,False,False,SOMENTE SESI,1,ATIVA,SSD STUDIO SUPORT DESING E CIA LTDA,INDÚSTRIA,Fabricacao de moveis com predominancia de metal,MICRO EMPRESA,Maceió,51022392000120.0,,3102-1/00,3102100.0,31.0,C,Industria de transformacao,Moveis,True,False,SIM,NÃO ATENDIDA,True
51065322000150,Topfibra Ltda,Indústria,4.Micro,Serviços de comunicação multimídia - SCM,Migração,True,False,False,SOMENTE SESI,1,ATIVA,TOPFIBRA LTDA,INDÚSTRIA,Servicos de comunicacao multimidia - scm,MICRO EMPRESA,Craíbas,51065322000150.0,,6110-8/03,6110803.0,61.0,J,Informacao e comunicacao,Informacao e comunicacao,False,False,NAO,FORA DO ESCOPO SEBRAE,True
51068576000121,Consorcio Pav Vias Do Sao Francisco,Indústria,3.Pequena,"Obras de urbanização - ruas, praças e calçadas",Migração,True,False,False,SOMENTE SESI,1,ATIVA,CONSORCIO PAV VIAS DO SAO FRANCISCO,INDÚSTRIA,"Obras de urbanizacao - ruas, pracas e calcadas",DEMAIS,Maceió,51068576000121.0,,4213-8/00,4213800.0,42.0,F,Construcao,Obras de infraestrutura,True,False,SIM,NÃO ATENDIDA,True
51254937000124,Nordrives Eletronica Industrial Ltda,Industria | Indústria,4.Micro,Manutenção e reparação de outras máquinas e equipamentos para usos industriais não especificados anteriormente,Migração | Proposta,True,True,True,SESI + SENAI,2,ATIVA,NORDRIVES ELETRONICA INDUSTRIAL LTDA,INDÚSTRIA,Manutencao e reparacao de outras maquinas e equipamentos para usos industriais nao especificados anteriormente,MICRO EMPRESA,Maceió,51254937000124.0,51254937000124.0,3314-7/99,3314799.0,33.0,C,Industria de transformacao,"Manutencao, reparacao e instalacao de maquinas",True,False,SIM,NÃO ATENDIDA,True
51298283000130,C L Da Aparecida,Industria,3.Pequena,Instalação de máquinas e equipamentos industriais,Proposta,False,True,False,SOMENTE SENAI,1,ATIVA,C L DA APARECIDA,INDÚSTRIA,Instalacao de maquinas e equipamentos industriais,MICRO EMPRESA,Maceió,,51298283000130.0,3321-0/00,3321000.0,33.0,C,Industria de transformacao,"Manutencao, reparacao e instalacao de maquinas",True,False,SIM,NÃO ATENDIDA,True
51321533000106,Watal Patacho Eco Boutique Residence Spe Ltda,Industria,2.Média,Construção de edifícios,Migração,False,True,False,SOMENTE SENAI,1,ATIVA,WATAL PATACHO ECO BOUTIQUE RESIDENCE SPE LTDA,INDÚSTRIA,Construcao de edificios,DEMAIS,Maceió,,51321533000106.0,4120-4/00,4120400.0,41.0,F,Construcao,Construcao de edificios,True,False,SIM,NÃO ATENDIDA,True
51401276000112,Sanctus Empreendimentos Imobiliarios Ltda,Não Indústria,4.Micro,Gestão e administração da propriedade imobiliária,Migração,True,False,False,SOMENTE SESI,1,,,,,,,,,,,,,,,,,,,False
51533527000112,Atacadista De Fraldas Mundial Ltda,Não Indústria,4.Micro,Comércio atacadista de produtos de higiene pessoal,Migração,True,False,False,SOMENTE SESI,1,,,,,,,,,,,,,,,,,,,False
51554396000150,Beef House Ltda,Não Indústria,4.Micro,Comércio varejista de carnes - açougues,Migração,True,False,False,SOMENTE SESI,1,,,,,,,,,,,,,,,,,,,False
51573010000157,Y T Melo Ltda,Não Indústria,4.Micro,Atividades de cobrança e informações cadastrais,Migração,True,False,False,SOMENTE SESI,1,,,,,,,,,,,,,,,,,,,False
51588175000100,Fernanda Moreira Santos,Não Indústria,4.Micro,Atividades veterinárias,Migração,True,False,False,SOMENTE SESI,1,,,,,,,,,,,,,,,,,,,False
51605820000148,Panfacile Alimentos Ltda,Industria,4.Micro,FABRICAÇÃO DE PRODUTOS DE PADARIA E CONFEITARIA COM PREDOMINÂNCIA DE PRODUÇÃO PRÓPRIA,Proposta,False,True,False,SOMENTE SENAI,1,ATIVA,PANFACILE ALIMENTOS LTDA,INDÚSTRIA,Fabricacao de produtos de panificacao industrial,MICRO EMPRESA,Arapiraca,,51605820000148.0,1091-1/00,1091100.0,10.0,C,Industria de transformacao,Alimentos,True,False,SIM,NÃO ATENDIDA,True
51660007000170,Angiosaude Servicos Medicos Ltda,Não Indústria,4.Micro,Atividade médica ambulatorial com recursos para realização de exames complementares,Migração,True,False,False,SOMENTE SESI,1,,,,,,,,,,,,,,,,,,,False
51714908000106,Caleidoscopio Comercio Ltda,Indústria,4.Micro,Fabricação de bijuterias e artefatos semelhantes,Migração,True,False,False,SOMENTE SESI,1,ATIVA,CALEIDOSCOPIO COMERCIO LTDA,INDÚSTRIA,Fabricacao de bijuterias e artefatos semelhantes,PEQUENO PORTE,Maceió,51714908000106.0,,3212-4/00,3212400.0,32.0,C,Industria de transformacao,Produtos diversos,True,False,SIM,NÃO ATENDIDA,True
51737210000106,Sanuve Engenharia Ltda,Indústria,4.Micro,Serviços de engenharia,Migração,True,False,False,SOMENTE SESI,1,ATIVA,SANUVE ENGENHARIA LTDA,INDÚSTRIA,Servicos de engenharia,PEQUENO PORTE,Taquarana,51737210000106.0,,7112-0/00,7112000.0,71.0,M,Atividades profissionais e tecnicas,Atividades profissionais e tecnicas,False,False,NAO,FORA DO ESCOPO SEBRAE,True
51879879000124,Eny Pneus Auto Service Ltda,Não Indústria,4.Micro,Comércio a varejo de peças e acessórios novos para veículos automotores,Migração,True,False,False,SOMENTE SESI,1,,,,,,,,,,,,,,,,,,,False
51899013000185,Petroworks Do Brasil Ltda.,Indústria,3.Pequena,Perfurações e sondagens,Migração,True,False,False,SOMENTE SESI,1,,,,,,,,,,,,,,,,,,,False
51899405000225,Pratagy Comercio De Alimentos Ltda,Nao Industria,3.Pequena,Restaurantes e similares,Proposta,False,True,False,SOMENTE SENAI,1,,,,,,,,,,,,,,,,,,,False
51899405000497,Pratagy Comercio De Alimentos Ltda,Nao Industria,3.Pequena,Restaurantes e similares,Proposta,False,True,False,SOMENTE SENAI,1,,,,,,,,,,,,,,,,,,,False
51899405000578,Pratagy Comercio De Alimentos Ltda,Nao Industria,3.Pequena,Restaurantes e similares,Proposta,False,True,False,SOMENTE SENAI,1,,,,,,,,,,,,,,,,,,,False
52110730000149,Rma Distribuidora Ltda,Não Indústria,4.Micro,"Comércio atacadista de mercadorias em geral, sem predominância de alimentos ou de insumos agropecuários",Migração,True,False,False,SOMENTE SESI,1,,,,,,,,,,,,,,,,,,,False
52237747000161,Acesso Online Telecom Ltda,Indústria,4.Micro,Serviços de comunicação multimídia - SCM,Migração,True,False,False,SOMENTE SESI,1,ATIVA,ACESSO ONLINE TELECOM LTDA,INDÚSTRIA,Servicos de comunicacao multimidia - scm,MICRO EMPRESA,Maceió,52237747000161.0,,6110-8/03,6110803.0,61.0,J,Informacao e comunicacao,Informacao e comunicacao,False,False,NAO,FORA DO ESCOPO SEBRAE,True
52330340000184,Edificio Empresarial Link Office,Nao Industria,3.Pequena,Condomínios prediais,Proposta,False,True,False,SOMENTE SENAI,1,,,,,,,,,,,,,,,,,,,False
52386063000121,Harcos Corretora De Seguros Ltda,Não Indústria,4.Micro,"Corretores e agentes de seguros, de planos de previdência complementar e de saúde",Migração,True,False,False,SOMENTE SESI,1,,,,,,,,,,,,,,,,,,,False
52535498000190,Capetro Asfaltos Ltda,Industria,3.Pequena,Fabricação de outros produtos químicos não especificados anteriormente,Proposta,False,True,False,SOMENTE SENAI,1,ATIVA,CAPETRO ASFALTOS LTDA,INDÚSTRIA,Fabricacao de outros produtos quimicos nao especificados anteriormente,DEMAIS,Pilar,,52535498000190.0,2099-1/99,2099199.0,20.0,C,Industria de transformacao,Produtos quimicos,True,False,SIM,NÃO ATENDIDA,True
52571738000102,P R V L Firmino Confeccoes,Industria | Indústria,4.Micro,"Confecção de roupas profissionais, exceto sob medida",Proposta,True,True,True,SESI + SENAI,2,ATIVA,P R V L FIRMINO CONFECCOES,INDÚSTRIA,"Confeccao de roupas profissionais, exceto sob medida",MICRO EMPRESA,Maceió,52571738000102.0,52571738000102.0,1413-4/01,1413401.0,14.0,C,Industria de transformacao,Confeccao de vestuario e acessorios,True,False,SIM,NÃO ATENDIDA,True
52618139000105,Legrand Brasil Ltda,Não Indústria,3.Pequena,Serviços combinados de escritório e apoio administrativo,Proposta,True,False,False,SOMENTE SESI,1,,,,,,,,,,,,,,,,,,,False
52650507000194,Ultra Cafe Ltda,Não Indústria,4.Micro,Comércio varejista de mercadorias em lojas de conveniência,Migração,True,False,False,SOMENTE SESI,1,,,,,,,,,,,,,,,,,,,False
52673825000170,Superpaver Asfaltos Industria Ltda,Indústria,3.Pequena,Fabricação de outros produtos de minerais não-metálicos não especificados anteriormente,Migração,True,False,False,SOMENTE SESI,1,ATIVA,SUPERPAVER SOLUCOES EM PAVIMENTOS LTDA,INDÚSTRIA,Fabricacao de outros produtos de minerais nao metalicos nao especificados anteriormente,DEMAIS,Maceió,52673825000170.0,,2399-1/99,2399199.0,23.0,C,Industria de transformacao,Produtos de minerais nao-metalicos,True,False,SIM,NÃO ATENDIDA,True
52682336000185,Famec Auto Center Ltda,Indústria,4.Micro,Serviços de manutenção e reparação mecânica de veículos automotores,Migração,True,False,False,SOMENTE SESI,1,ATIVA,FAMEC AUTO CENTER LTDA,INDÚSTRIA,Servicos de manutencao e reparacao mecanica de veiculos automotores,MICRO EMPRESA,Rio Largo,52682336000185.0,,4520-0/01,4520001.0,45.0,G,Comercio e reparacao de veiculos,Comercio e reparacao de veiculos,False,False,NAO,FORA DO ESCOPO SEBRAE,True
52693780000104,Consorcio Infraestrutura Litoral Norte Maceio.,Industria,2.Média,"Obras de urbanização - ruas, praças e calçadas",Proposta,False,True,False,SOMENTE SENAI,1,ATIVA,CONSORCIO INFRAESTRUTURA LITORAL NORTE MACEIO.,INDÚSTRIA,"Obras de urbanizacao - ruas, pracas e calcadas",DEMAIS,Maceió,,52693780000104.0,4213-8/00,4213800.0,42.0,F,Construcao,Obras de infraestrutura,True,False,SIM,NÃO ATENDIDA,True
52737644000160,E M Duarte Laticinios,Indústria,4.Micro,Fabricação de laticínios,Migração,True,False,False,SOMENTE SESI,1,ATIVA,E M DUARTE LATICINIOS LTDA,INDÚSTRIA,Fabricacao de laticinios,MICRO EMPRESA,São José da Tapera,52737644000160.0,,1052-0/00,1052000.0,10.0,C,Industria de transformacao,Alimentos,True,False,SIM,NÃO ATENDIDA,True
52750389000196,Coutinho Smart Incorporacoes Ltda,Industria,3.Pequena,Construção de edifícios,Proposta,False,True,False,SOMENTE SENAI,1,ATIVA,COUTINHO SMART INCORPORACOES LTDA,INDÚSTRIA,Construcao de edificios,DEMAIS,Maceió,,52750389000196.0,4120-4/00,4120400.0,41.0,F,Construcao,Construcao de edificios,True,False,SIM,NÃO ATENDIDA,True
52763806000135,Spot Ponta Verde Ii Spe Ltda,Industria | Indústria,3.Pequena,Incorporação de empreendimentos imobiliários,Migração | Proposta,True,True,True,SESI + SENAI,2,ATIVA,SPOT PONTA VERDE II SPE LTDA,INDÚSTRIA,Incorporacao de empreendimentos imobiliarios,DEMAIS,Maceió,52763806000135.0,52763806000135.0,4110-7/00,4110700.0,41.0,F,Construcao,Construcao de edificios,True,False,SIM,NÃO ATENDIDA,True
52803309000113,Voe Home Automacao Ltda,Não Indústria,4.Micro,Comércio varejista especializado de eletrodomésticos e equipamentos de áudio e vídeo,Migração,True,False,False,SOMENTE SESI,1,,,,,,,,,,,,,,,,,,,False
52920999000190,Buffet Farol Ltda,Não Indústria,3.Pequena,Serviços de alimentação para eventos e recepções - bufê,Migração,True,False,False,SOMENTE SESI,1,,,,,,,,,,,,,,,,,,,False
52924246000153,Instituto Santa Afra,Não Indústria,4.Micro,Educação infantil - pré-escola,Proposta,True,False,False,SOMENTE SESI,1,,,,,,,,,,,,,,,,,,,False
53062066000172,53.062.066 Ana Gilda Roberto Dos Santos,Industria,4.Micro,Fabricação de alimentos e pratos prontos,Proposta,False,True,False,SOMENTE SENAI,1,ATIVA,ANA GILDA ROBERTO DOS SANTOS,INDÚSTRIA,Fabricacao de alimentos e pratos prontos,MICRO EMPRESA,São Miguel dos Campos,,53062066000172.0,1096-1/00,1096100.0,10.0,C,Industria de transformacao,Alimentos,True,False,SIM,NÃO ATENDIDA,True
53156447000110,A Leonel Da Silva,Industria | Indústria,4.Micro,Outras obras de acabamento da construção,Proposta,True,True,True,SESI + SENAI,2,ATIVA,A LEONEL DA SILVA,INDÚSTRIA,Outras obras de acabamento da construcao,MICRO EMPRESA,Maceió,53156447000110.0,53156447000110.0,4330-4/99,4330499.0,43.0,F,Construcao,Servicos especializados para construcao,True,False,SIM,NÃO ATENDIDA,True
53241657000107,Viver Bem Projeto 05 Empreendimento Imobiliario Spe Ltda,Industria,4.Micro,Incorporação de empreendimentos imobiliários,Migração,False,True,False,SOMENTE SENAI,1,ATIVA,VIVER BEM PROJETO 05 EMPREENDIMENTO IMOBILIARIO SPE LTDA,INDÚSTRIA,Incorporacao de empreendimentos imobiliarios,DEMAIS,Marechal Deodoro,,53241657000107.0,4110-7/00,4110700.0,41.0,F,Construcao,Construcao de edificios,True,False,SIM,NÃO ATENDIDA,True
53243548000129,Alagoana Servicos Automotivos Ltda,Indústria,4.Micro,Serviços de manutenção e reparação mecânica de veículos automotores,Migração,True,False,False,SOMENTE SESI,1,ATIVA,ALAGOANA IND. E COMERCIO DE IMPLEMENTOS LTDA,INDÚSTRIA,Servicos de manutencao e reparacao mecanica de veiculos automotores,MICRO EMPRESA,Maceió,53243548000129.0,,4520-0/01,4520001.0,45.0,G,Comercio e reparacao de veiculos,Comercio e reparacao de veiculos,False,False,NAO,FORA DO ESCOPO SEBRAE,True
53281653000152,Rocha & Maranhao Ltda,Não Indústria,4.Micro,Atividade médica ambulatorial restrita a consultas,Migração,True,False,False,SOMENTE SESI,1,,,,,,,,,,,,,,,,,,,False
53622004000178,53.622.004 Meirilany Pereira Nascimento,Não Indústria,4.Micro,Comércio varejista de tecidos,Migração,True,False,False,SOMENTE SESI,1,,,,,,,,,,,,,,,,,,,False
53689296000166,Marcineiro Eco Boutique Residence Spe Ltda,Industria,3.Pequena,Construção de edifícios,Migração,False,True,False,SOMENTE SENAI,1,ATIVA,MARCINEIRO ECO BOUTIQUE RESIDENCE SPE LTDA,INDÚSTRIA,Construcao de edificios,DEMAIS,Maceió,,53689296000166.0,4120-4/00,4120400.0,41.0,F,Construcao,Construcao de edificios,True,False,SIM,NÃO ATENDIDA,True
53737997000123,Valdir D Da Silva,Industria,4.Micro,Serviços de manutenção e reparação mecânica de veículos automotores,Proposta,False,True,False,SOMENTE SENAI,1,ATIVA,VALDIR D DA SILVA,INDÚSTRIA,Servicos de manutencao e reparacao mecanica de veiculos automotores,MICRO EMPRESA,Maceió,,53737997000123.0,4520-0/01,4520001.0,45.0,G,Comercio e reparacao de veiculos,Comercio e reparacao de veiculos,False,False,NAO,FORA DO ESCOPO SEBRAE,True
53749121000105,Incofibras Ind E Com De Plasticos Ltda,Indústria,4.Micro,"Fabricação de artefatos de material plástico para uso na construção, exceto tubos e acessórios",Migração,True,False,False,SOMENTE SESI,1,ATIVA,INCOFIBRAS IND E COM DE PLASTICOS LTDA,INDÚSTRIA,"Fabricacao de artefatos de material plastico para uso na construcao, exceto tubos e acessorios",MICRO EMPRESA,Arapiraca,53749121000105.0,,2229-3/03,2229303.0,22.0,C,Industria de transformacao,Borracha e material plastico,True,False,SIM,NÃO ATENDIDA,True
53996848000189,New House Frances Spe Ltda,Industria,3.Pequena,Incorporação de empreendimentos imobiliários,Migração,False,True,False,SOMENTE SENAI,1,ATIVA,NEW HOUSE FRANCES SPE LTDA,INDÚSTRIA,Incorporacao de empreendimentos imobiliarios,DEMAIS,Marechal Deodoro,,53996848000189.0,4110-7/00,4110700.0,41.0,F,Construcao,Construcao de edificios,True,False,SIM,NÃO ATENDIDA,True
54004943000111,Lr Mello Colchoes Ltda.,Não Indústria,4.Micro,"Comercio varejista de artigos de cama, mesa e banho",Migração,True,False,False,SOMENTE SESI,1,,,,,,,,,,,,,,,,,,,False
54027801000170,Tgn Empreendimentos Ltda,Nao Industria,3.Pequena,Preparação de documentos e serviços especializados de apoio administrativo não especificados anteriormente,Proposta,False,True,False,SOMENTE SENAI,1,,,,,,,,,,,,,,,,,,,False
54058759000154,"Arte & Conceito Instalacoes, Montagens E Manutencao De Esquadrias De Aluminio Ltda",Indústria,4.Micro,"Instalação de portas, janelas, tetos, divisórias e armários embutidos de qualquer material",Migração,True,False,False,SOMENTE SESI,1,ATIVA,"ARTE & CONCEITO INSTALACOES, MONTAGENS E MANUTENCAO DE ESQUADRIAS DE ALUMINIO LTDA",INDÚSTRIA,"Instalacao de portas, janelas, tetos, divisorias e armarios embutidos de qualquer material",MICRO EMPRESA,Maceió,54058759000154.0,,4330-4/02,4330402.0,43.0,F,Construcao,Servicos especializados para construcao,True,False,SIM,NÃO ATENDIDA,True
54153370000198,Ferreira Araujo Servicos Ltda,Não Indústria,3.Pequena,Serviços combinados de escritório e apoio administrativo,Migração,True,False,False,SOMENTE SESI,1,,,,,,,,,,,,,,,,,,,False
54202484000180,D S Comercio De Eucalipto Ltda,Indústria,4.Micro,"Fabricação de artefatos diversos de madeira, exceto móveis",Migração,True,False,False,SOMENTE SESI,1,,,,,,,,,,,,,,,,,,,False
54209896000142,C B Da Costa Aramoveis Ltda,Indústria,4.Micro,"Fabricação de móveis de outros materiais, exceto madeira e metal",Migração,True,False,False,SOMENTE SESI,1,ATIVA,C B DA COSTA ARAMOVEIS LTDA,INDÚSTRIA,"Fabricacao de moveis de outros materiais, exceto madeira e metal",MICRO EMPRESA,Arapiraca,54209896000142.0,,3103-9/00,3103900.0,31.0,C,Industria de transformacao,Moveis,True,False,SIM,NÃO ATENDIDA,True
54310658000129,Mme Contratacoes Ltda,Indústria,2.Média,Construção de edifícios,Proposta,True,False,False,SOMENTE SESI,1,ATIVA,MME CONTRATACOES LTDA,INDÚSTRIA,Construcao de edificios,MICRO EMPRESA,Maceió,54310658000129.0,,4120-4/00,4120400.0,41.0,F,Construcao,Construcao de edificios,True,False,SIM,NÃO ATENDIDA,True
54347636000133,Alagoana Buffet E Servicos Ltda,Não Indústria,3.Pequena,Serviços combinados de escritório e apoio administrativo,Migração,True,False,False,SOMENTE SESI,1,,,,,,,,,,,,,,,,,,,False
54360360000123,Consorcio Cmeis 12 Unidades,Indústria,2.Média,Construção de edifícios,Migração,True,False,False,SOMENTE SESI,1,ATIVA,CONSORCIO CMEIS 12 UNIDADES,INDÚSTRIA,Construcao de edificios,DEMAIS,Maceió,54360360000123.0,,4120-4/00,4120400.0,41.0,F,Construcao,Construcao de edificios,True,False,SIM,NÃO ATENDIDA,True
54360370000169,Consorcio Cmeis.,Industria | Indústria,2.Média,Construção de edifícios,Migração | Proposta,True,True,True,SESI + SENAI,2,ATIVA,CONSORCIO CMEIS.,INDÚSTRIA,Construcao de edificios,DEMAIS,Maceió,54360370000169.0,54360370000169.0,4120-4/00,4120400.0,41.0,F,Construcao,Construcao de edificios,True,False,SIM,NÃO ATENDIDA,True
54365049000177,Japa Bowl Ltda,Não Indústria,4.Micro,Restaurantes e similares,Migração,True,False,False,SOMENTE SESI,1,,,,,,,,,,,,,,,,,,,False
54409926000164,Consorcio Pmcmv Marechal,Industria | Indústria,2.Média,Construção de edifícios,Migração,True,True,True,SESI + SENAI,2,ATIVA,CONSORCIO PMCMV MARECHAL,INDÚSTRIA,Construcao de edificios,DEMAIS,Maceió,54409926000164.0,54409926000164.0,4120-4/00,4120400.0,41.0,F,Construcao,Construcao de edificios,True,False,SIM,NÃO ATENDIDA,True
54430907000110,Sitges Empreendimento Imobiliario Spe Ltda,Indústria,3.Pequena,Incorporação de empreendimentos imobiliários,Migração,True,False,False,SOMENTE SESI,1,ATIVA,SITGES EMPREENDIMENTO IMOBILIARIO SPE LTDA,INDÚSTRIA,Incorporacao de empreendimentos imobiliarios,DEMAIS,Maceió,54430907000110.0,54430907000110.0,4110-7/00,4110700.0,41.0,F,Construcao,Construcao de edificios,True,False,SIM,NÃO ATENDIDA,True
54467844000176,Isomix Industria De Concretos Especiais Ltda,Indústria,2.Média,Preparação de massa de concreto e argamassa para construção,Migração,True,False,False,SOMENTE SESI,1,ATIVA,ISOMIX INDUSTRIA DE CONCRETOS ESPECIAIS LTDA,INDÚSTRIA,Preparacao de massa de concreto e argamassa para construcao,PEQUENO PORTE,Marechal Deodoro,54467844000176.0,,2330-3/05,2330305.0,23.0,C,Industria de transformacao,Produtos de minerais nao-metalicos,True,False,SIM,NÃO ATENDIDA,True
54474453000189,Panificacao E Comercio A Nascimento E Aguiar Ltda,Indústria,4.Micro,FABRICAÇÃO DE PRODUTOS DE PANIFICAÇÃO INDUSTRIAL,Migração,True,False,False,SOMENTE SESI,1,ATIVA,PANIFICACAO E COMERCIO A NASCIMENTO E AGUIAR LTDA,INDÚSTRIA,Fabricacao de produtos de padaria e confeitaria com predominancia de producao propria,PEQUENO PORTE,Maceió,54474453000189.0,,1091-1/02,1091102.0,10.0,C,Industria de transformacao,Alimentos,True,False,SIM,NÃO ATENDIDA,True
54475254000195,Consorcio Mercados Benedito Bentes E Jacintnho,Indústria,3.Pequena,Construção de edifícios,Migração,True,False,False,SOMENTE SESI,1,ATIVA,CONSORCIO MERCADOS BENEDITO BENTES E JACINTNHO,INDÚSTRIA,Construcao de edificios,DEMAIS,Maceió,,54475254000195.0,4120-4/00,4120400.0,41.0,F,Construcao,Construcao de edificios,True,False,SIM,NÃO ATENDIDA,True
54483766000101,Infinity Net Comunicacoes Ltda,Indústria,4.Micro,Provedores de acesso às redes de comunicações,Migração,True,False,False,SOMENTE SESI,1,ATIVA,INFINITY NET COMUNICACOES LTDA,INDÚSTRIA,Provedores de acesso as redes de comunicacoes,MICRO EMPRESA,Maceió,54483766000101.0,,6190-6/01,6190601.0,61.0,J,Informacao e comunicacao,Informacao e comunicacao,False,False,NAO,FORA DO ESCOPO SEBRAE,True
54502107000167,Projett Edificacoes Ltda,Industria | Indústria,3.Pequena,Fabricação de artefatos de cimento para uso na construção,Migração | Proposta,True,True,True,SESI + SENAI,2,ATIVA,PROJETT GALPOES LTDA,INDÚSTRIA,Fabricacao de artefatos de cimento para uso na construcao,MICRO EMPRESA,Maceió,54502107000167.0,54502107000167.0,2330-3/02,2330302.0,23.0,C,Industria de transformacao,Produtos de minerais nao-metalicos,True,False,SIM,NÃO ATENDIDA,True
54531605000138,Contemporanea Parque Shopping Empreendimento Imobiliario Spe Ltda,Industria,2.Média,Incorporação de empreendimentos imobiliários,Proposta,False,True,False,SOMENTE SENAI,1,ATIVA,CONTEMPORANEA PARQUE SHOPPING EMPREENDIMENTO IMOBILIARIO SPE LTDA,INDÚSTRIA,Incorporacao de empreendimentos imobiliarios,DEMAIS,Maceió,,54531605000138.0,4110-7/00,4110700.0,41.0,F,Construcao,Construcao de edificios,True,False,SIM,NÃO ATENDIDA,True
54787099000142,Croassaria Da Dressa Ltda,Não Indústria,4.Micro,Restaurantes e similares,Migração,True,False,False,SOMENTE SESI,1,,,,,,,,,,,,,,,,,,,False
54841751000160,Reserva Wara Spe Ltda,Industria | Indústria,3.Pequena,Incorporação de empreendimentos imobiliários,Migração | Proposta,True,True,True,SESI + SENAI,2,ATIVA,RESERVA WARA SPE LTDA,INDÚSTRIA,Incorporacao de empreendimentos imobiliarios,DEMAIS,Maceió,54841751000160.0,54841751000160.0,4110-7/00,4110700.0,41.0,F,Construcao,Construcao de edificios,True,False,SIM,NÃO ATENDIDA,True
54845919000105,M E Dos S Silva,Não Indústria,4.Micro,Comércio a varejo de peças e acessórios novos para veículos automotores,Migração,True,False,False,SOMENTE SESI,1,,,,,,,,,,,,,,,,,,,False
54846397000166,Biscoite Parque Shopping Ltda,Nao Industria,4.Micro,"Comércio varejista de doces, balas, bombons e semelhantes",Proposta,False,True,False,SOMENTE SENAI,1,,,,,,,,,,,,,,,,,,,False
54922060000190,A B Gomes Lucena,Não Indústria,4.Micro,Atividade médica ambulatorial restrita a consultas,Migração,True,False,False,SOMENTE SESI,1,,,,,,,,,,,,,,,,,,,False
54991602000187,D F Servicos De Apoio Administrativo Ltda,Não Indústria,3.Pequena,Serviços combinados de escritório e apoio administrativo,Proposta,True,False,False,SOMENTE SESI,1,,,,,,,,,,,,,,,,,,,False
55034633000102,Fb Locacoes E Servicos Ltda,Não Indústria,4.Micro,Outras atividades de prestação de serviços de informação não especificadas anteriormente,Migração,True,False,False,SOMENTE SESI,1,,,,,,,,,,,,,,,,,,,False
55065115000156,Hotel Quatro Coracoes Ltda,Não Indústria,4.Micro,Hotéis,Migração,True,False,False,SOMENTE SESI,1,,,,,,,,,,,,,,,,,,,False
55066699000184,Condominio Pier Norte,Não Indústria,3.Pequena,Condomínios prediais,Proposta,True,False,False,SOMENTE SESI,1,,,,,,,,,,,,,,,,,,,False
55176486000105,55.176.486 Lucas Medeiros Marinho,Não Indústria,4.Micro,Restaurantes e similares,Proposta,True,False,False,SOMENTE SESI,1,,,,,,,,,,,,,,,,,,,False
55187737000157,Ep3 Construcao E Planejamento Ltda,Industria,4.Micro,Serviços de engenharia,Proposta,False,True,False,SOMENTE SENAI,1,ATIVA,EP3 CONSTRUCAO E PLANEJAMENTO LTDA,INDÚSTRIA,Servicos de engenharia,MICRO EMPRESA,Maceió,,55187737000157.0,7112-0/00,7112000.0,71.0,M,Atividades profissionais e tecnicas,Atividades profissionais e tecnicas,False,False,NAO,FORA DO ESCOPO SEBRAE,True
55246486000134,Consorcio Pedcac,Indústria,3.Pequena,Construção de edifícios,Migração,True,False,False,SOMENTE SESI,1,ATIVA,CONSORCIO PEDCAC,INDÚSTRIA,Construcao de edificios,DEMAIS,Maceió,55246486000134.0,,4120-4/00,4120400.0,41.0,F,Construcao,Construcao de edificios,True,False,SIM,NÃO ATENDIDA,True
55297144000143,Narayana Locacoes De Equipamentos Ltda,Não Indústria,4.Micro,Aluguel de máquinas e equipamentos para escritório,Migração,True,False,False,SOMENTE SESI,1,,,,,,,,,,,,,,,,,,,False
55303152000155,Narayana Conexoes De Internet Ltda,Indústria,4.Micro,Provedores de acesso às redes de comunicações,Migração,True,False,False,SOMENTE SESI,1,ATIVA,NARAYANA CONEXOES DE INTERNET LTDA,INDÚSTRIA,Provedores de acesso as redes de comunicacoes,MICRO EMPRESA,Girau do Ponciano,55303152000155.0,,6190-6/01,6190601.0,61.0,J,Informacao e comunicacao,Informacao e comunicacao,False,False,NAO,FORA DO ESCOPO SEBRAE,True
55304253000140,Hora Extra Administrativo Ltda,Não Indústria,4.Micro,Outras atividades de prestação de serviços de informação não especificadas anteriormente,Migração,True,False,False,SOMENTE SESI,1,,,,,,,,,,,,,,,,,,,False
55436580000156,R F F Servicos Administrativos Ltda,Não Indústria,4.Micro,Serviços combinados de escritório e apoio administrativo,Migração,True,False,False,SOMENTE SESI,1,,,,,,,,,,,,,,,,,,,False
55553907000170,Restaurante Cheiro Da Terra Frances Ltda,Não Indústria,3.Pequena,Restaurantes e similares,Migração,True,False,False,SOMENTE SESI,1,,,,,,,,,,,,,,,,,,,False
55611386000160,Condominio Reserva Do Prata Empreendimento Imobiliario Spe Ltda,Indústria,2.Média,Incorporação de empreendimentos imobiliários,Migração,True,False,False,SOMENTE SESI,1,ATIVA,CONDOMINIO RESERVA DO PRATA EMPREENDIMENTO IMOBILIARIO SPE LTDA,INDÚSTRIA,Incorporacao de empreendimentos imobiliarios,DEMAIS,Maceió,55611386000160.0,55611386000160.0,4110-7/00,4110700.0,41.0,F,Construcao,Construcao de edificios,True,False,SIM,NÃO ATENDIDA,True
55617622000155,J C Da Silva Carnes Ltda,Não Indústria,4.Micro,Comércio atacadista de carnes bovinas e suínas e derivados,Migração,True,False,False,SOMENTE SESI,1,,,,,,,,,,,,,,,,,,,False
55699378000117,Consorcio Creches Seduc/al 2024.,Industria,2.Média,Construção de edifícios,Proposta,False,True,False,SOMENTE SENAI,1,ATIVA,CONSORCIO CRECHES SEDUC/AL 2024.,INDÚSTRIA,Construcao de edificios,DEMAIS,Maceió,,55699378000117.0,4120-4/00,4120400.0,41.0,F,Construcao,Construcao de edificios,True,False,SIM,NÃO ATENDIDA,True
55963809000100,Lais Carvalho Lima Jatoba,Não Indústria,4.Micro,Cabeleireiros,Migração,True,False,False,SOMENTE SESI,1,,,,,,,,,,,,,,,,,,,False
56022975000175,Restaurante Fusion Ltda,Não Indústria,3.Pequena,Restaurantes e similares,Migração,True,False,False,SOMENTE SESI,1,,,,,,,,,,,,,,,,,,,False
56083430000179,Mahi Patacho Empreendimento Imobiliario Spe Ltda,Industria,4.Micro,Incorporação de empreendimentos imobiliários,Proposta,False,True,False,SOMENTE SENAI,1,ATIVA,MAHI PATACHO EMPREENDIMENTO IMOBILIARIO SPE LTDA,INDÚSTRIA,Incorporacao de empreendimentos imobiliarios,DEMAIS,Maceió,,56083430000179.0,4110-7/00,4110700.0,41.0,F,Construcao,Construcao de edificios,True,False,SIM,NÃO ATENDIDA,True
56173759000120,Consorcio Educacao Alagoas,Industria,4.Micro,Administração de obras,Proposta,False,True,False,SOMENTE SENAI,1,ATIVA,CONSORCIO EDUCACAO ALAGOAS,INDÚSTRIA,Administracao de obras,DEMAIS,Maceió,,56173759000120.0,4399-1/01,4399101.0,43.0,F,Construcao,Servicos especializados para construcao,True,False,SIM,NÃO ATENDIDA,True
56263534000165,Condominio Reserva Do Bosque Empreendimento Imobiliario Spe Ltda,Industria | Indústria,2.Média,Incorporação de empreendimentos imobiliários,Migração,True,True,True,SESI + SENAI,2,ATIVA,CONDOMINIO RESERVA DO BOSQUE EMPREENDIMENTO IMOBILIARIO SPE LTDA,INDÚSTRIA,Incorporacao de empreendimentos imobiliarios,DEMAIS,Maceió,56263534000165.0,56263534000165.0,4110-7/00,4110700.0,41.0,F,Construcao,Construcao de edificios,True,False,SIM,NÃO ATENDIDA,True
56440114000107,Jaragua Panificacao Ltda,Indústria,3.Pequena,FABRICAÇÃO DE PRODUTOS DE PANIFICAÇÃO INDUSTRIAL,Migração,True,False,False,SOMENTE SESI,1,ATIVA,JARAGUA PANIFICACAO LTDA,INDÚSTRIA,Fabricacao de produtos de padaria e confeitaria com predominancia de producao propria,PEQUENO PORTE,Maceió,56440114000107.0,,1091-1/02,1091102.0,10.0,C,Industria de transformacao,Alimentos,True,False,SIM,NÃO ATENDIDA,True
56443624000138,Consorcio Br-030-ba,Industria,3.Pequena,Construção de rodovias e ferrovias,Proposta,False,True,False,SOMENTE SENAI,1,ATIVA,CONSORCIO BR-030-BA,INDÚSTRIA,Construcao de rodovias e ferrovias,DEMAIS,Maceió,,56443624000138.0,4211-1/01,4211101.0,42.0,F,Construcao,Obras de infraestrutura,True,False,SIM,NÃO ATENDIDA,True
56635815000100,Kasa E Construcao Ltda,Industria | Indústria,4.Micro,Construção de edifícios,Proposta,True,True,True,SESI + SENAI,2,ATIVA,KASA E CONSTRUCAO LTDA,INDÚSTRIA,Construcao de edificios,MICRO EMPRESA,Arapiraca,56635815000100.0,56635815000100.0,4120-4/00,4120400.0,41.0,F,Construcao,Construcao de edificios,True,False,SIM,NÃO ATENDIDA,True
56706119000139,Alpexgas Servicos Ltda,Industria | Indústria,4.Micro,"Instalações hidráulicas, sanitárias e de gás",Proposta,True,True,True,SESI + SENAI,2,ATIVA,ALPEXGAS SERVICOS LTDA,INDÚSTRIA,"Instalacoes hidraulicas, sanitarias e de gas",PEQUENO PORTE,Maceió,56706119000139.0,56706119000139.0,4322-3/01,4322301.0,43.0,F,Construcao,Servicos especializados para construcao,True,False,SIM,NÃO ATENDIDA,True
57061366000198,Patio 3 Empreendimento Imobiliario Spe Ltda,Industria,3.Pequena,Incorporação de empreendimentos imobiliários,Proposta,False,True,False,SOMENTE SENAI,1,ATIVA,PATIO 3 EMPREENDIMENTO IMOBILIARIO SPE LTDA,INDÚSTRIA,Incorporacao de empreendimentos imobiliarios,DEMAIS,Maceió,57061366000198.0,57061366000198.0,4110-7/00,4110700.0,41.0,F,Construcao,Construcao de edificios,True,False,SIM,NÃO ATENDIDA,True
57179215000139,Condominio Reserva Do Cajueiro Empreendimento Imobiliario Spe Ltda,Indústria,2.Média,Incorporação de empreendimentos imobiliários,Migração,True,False,False,SOMENTE SESI,1,ATIVA,CONDOMINIO RESERVA DO CAJUEIRO EMPREENDIMENTO IMOBILIARIO SPE LTDA,INDÚSTRIA,Incorporacao de empreendimentos imobiliarios,DEMAIS,Maceió,57179215000139.0,,4110-7/00,4110700.0,41.0,F,Construcao,Construcao de edificios,True,False,SIM,NÃO ATENDIDA,True
57245460000105,M A Barros Ltda,Indústria,4.Micro,FABRICAÇÃO DE PRODUTOS DE PANIFICAÇÃO INDUSTRIAL,Proposta,True,False,False,SOMENTE SESI,1,ATIVA,M A BARROS LTDA,INDÚSTRIA,Fabricacao de produtos de padaria e confeitaria com predominancia de producao propria,MICRO EMPRESA,Maceió,57245460000105.0,,1091-1/02,1091102.0,10.0,C,Industria de transformacao,Alimentos,True,False,SIM,NÃO ATENDIDA,True
57348178000145,Rlx Comercio De Frutas Ltda,Industria,4.Micro,"Fabricação de sucos de frutas, hortaliças e legumes, exceto concentrados",Proposta,False,True,False,SOMENTE SENAI,1,ATIVA,RLX COMERCIO DE FRUTAS LTDA,INDÚSTRIA,"Fabricacao de sucos de frutas, hortalicas e legumes, exceto concentrados",MICRO EMPRESA,Marechal Deodoro,,57348178000145.0,1033-3/02,1033302.0,10.0,C,Industria de transformacao,Alimentos,True,False,SIM,NÃO ATENDIDA,True
57394985000102,A G Sampaio Confeitaria Ltda.,Indústria,4.Micro,FABRICAÇÃO DE PRODUTOS DE PANIFICAÇÃO INDUSTRIAL,Migração,True,False,False,SOMENTE SESI,1,ATIVA,GALVAO CONFEITARIA LTDA.,INDÚSTRIA,Fabricacao de produtos de padaria e confeitaria com predominancia de producao propria,PEQUENO PORTE,Maceió,57394985000102.0,,1091-1/02,1091102.0,10.0,C,Industria de transformacao,Alimentos,True,False,SIM,NÃO ATENDIDA,True
57467850000111,Cymi Aguas Alagoas S.a.,Indústria,3.Pequena,"Construção de redes de abastecimento de água, coleta de esgoto e construções correlatas, exceto obras de irrigação",Proposta,True,False,False,SOMENTE SESI,1,,,,,,,,,,,,,,,,,,,False
57558651000119,Escola Dom Bosco Maceio Ltda,Não Indústria,4.Micro,Educação infantil - pré-escola,Proposta,True,False,False,SOMENTE SESI,1,,,,,,,,,,,,,,,,,,,False
57645286000180,Bobs Azul Ltda,Nao Industria,4.Micro,"Lanchonetes, casas de chá, de sucos e similares",Proposta,False,True,False,SOMENTE SENAI,1,,,,,,,,,,,,,,,,,,,False
57706135000194,Condominio Reserva Aldeprime Empreendimento Imobiliario Spe Ltda,Industria | Indústria,3.Pequena,Incorporação de empreendimentos imobiliários,Migração | Proposta,True,True,True,SESI + SENAI,2,ATIVA,CONDOMINIO RESERVA ALDEPRIME EMPREENDIMENTO IMOBILIARIO SPE LTDA,INDÚSTRIA,Incorporacao de empreendimentos imobiliarios,DEMAIS,Maceió,57706135000194.0,57706135000194.0,4110-7/00,4110700.0,41.0,F,Construcao,Construcao de edificios,True,False,SIM,NÃO ATENDIDA,True
57727013000184,Ultra Oleo E Jato Comercio E Servicos Automotivos Ltda,Não Indústria,4.Micro,Comércio varejista de lubrificantes,Migração,True,False,False,SOMENTE SESI,1,,,,,,,,,,,,,,,,,,,False
57809328000170,Consorcio Alagoas Br-424-al Lote 2,Industria,2.Média,Construção de rodovias e ferrovias,Proposta,False,True,False,SOMENTE SENAI,1,ATIVA,CONSORCIO ALAGOAS BR-424-AL LOTE 2,INDÚSTRIA,Construcao de rodovias e ferrovias,DEMAIS,Maceió,,57809328000170.0,4211-1/01,4211101.0,42.0,F,Construcao,Obras de infraestrutura,True,False,SIM,NÃO ATENDIDA,True
57876279000199,Tamara Araujo Consultorio Odontologico Ltda,Não Indústria,4.Micro,Atividade odontológica com recursos para realização de procedimentos cirúrgicos,Migração,True,False,False,SOMENTE SESI,1,,,,,,,,,,,,,,,,,,,False
57991098000103,Cavalcante & Rolim Design Spe Ltda,Industria,3.Pequena,Construção de edifícios,Proposta,False,True,False,SOMENTE SENAI,1,ATIVA,CAVALCANTE & ROLIM DESIGN SPE LTDA,INDÚSTRIA,Construcao de edificios,DEMAIS,Maceió,,57991098000103.0,4120-4/00,4120400.0,41.0,F,Construcao,Construcao de edificios,True,False,SIM,NÃO ATENDIDA,True
58012728000113,Claudivaldo B Lima  Ltda,Não Indústria,4.Micro,"Comércio varejista de mercadorias em geral, com predominância de produtos alimentícios - minimercados, mercearias e armazéns",Migração,True,False,False,SOMENTE SESI,1,,,,,,,,,,,,,,,,,,,False
58239912000109,Rx3 Empreendimento Imobiliario Spe Ltda,Indústria,4.Micro,Incorporação de empreendimentos imobiliários,Migração,True,False,False,SOMENTE SESI,1,ATIVA,RX3 EMPREENDIMENTO IMOBILIARIO SPE LTDA,INDÚSTRIA,Incorporacao de empreendimentos imobiliarios,MICRO EMPRESA,Maceió,58239912000109.0,,4110-7/00,4110700.0,41.0,F,Construcao,Construcao de edificios,True,False,SIM,NÃO ATENDIDA,True
58257752000112,Jomec Centro Automotivo Ltda,Indústria,4.Micro,Serviços de manutenção e reparação mecânica de veículos automotores,Migração,True,False,False,SOMENTE SESI,1,ATIVA,JOMEC CENTRO AUTOMOTIVO LTDA,INDÚSTRIA,Servicos de manutencao e reparacao mecanica de veiculos automotores,MICRO EMPRESA,Rio Largo,58257752000112.0,,4520-0/01,4520001.0,45.0,G,Comercio e reparacao de veiculos,Comercio e reparacao de veiculos,False,False,NAO,FORA DO ESCOPO SEBRAE,True
58292666000140,Maceio Plasticouro Al Ltda,Não Indústria,4.Micro,Comércio varejista de tecidos,Migração,True,False,False,SOMENTE SESI,1,,,,,,,,,,,,,,,,,,,False
58304520000178,Frigorifico Jcs Ltda,Indústria,3.Pequena,Fabricação de produtos de carne,Migração,True,False,False,SOMENTE SESI,1,ATIVA,FRIGORIFICO JCS LTDA,INDÚSTRIA,Fabricacao de produtos de carne,PEQUENO PORTE,Maceió,58304520000178.0,,1013-9/01,1013901.0,10.0,C,Industria de transformacao,Alimentos,True,False,SIM,NÃO ATENDIDA,True
58377116000124,Qaab Empreendimento Spe Ltda,Industria | Indústria,3.Pequena,Incorporação de empreendimentos imobiliários,Migração | Proposta,True,True,True,SESI + SENAI,2,ATIVA,QAAB EMPREENDIMENTO SPE LTDA,INDÚSTRIA,Incorporacao de empreendimentos imobiliarios,DEMAIS,Maceió,58377116000124.0,58377116000124.0,4110-7/00,4110700.0,41.0,F,Construcao,Construcao de edificios,True,False,SIM,NÃO ATENDIDA,True
58397792000160,Apoio Atf Consultoria Especializada Ltda,Não Indústria,4.Micro,Serviços combinados de escritório e apoio administrativo,Migração,True,False,False,SOMENTE SESI,1,,,,,,,,,,,,,,,,,,,False
58406719000107,Bsm Ccmp Aurus Empreendimento Imobiliario Spe Ltda,Industria,3.Pequena,Incorporação de empreendimentos imobiliários,Proposta,False,True,False,SOMENTE SENAI,1,ATIVA,BSM CCMP AURUS EMPREENDIMENTO IMOBILIARIO SPE LTDA,INDÚSTRIA,Incorporacao de empreendimentos imobiliarios,DEMAIS,Maceió,,58406719000107.0,4110-7/00,4110700.0,41.0,F,Construcao,Construcao de edificios,True,False,SIM,NÃO ATENDIDA,True
58457553000158,Alvorada Locacao Ltda,Não Indústria,4.Micro,Aluguel de máquinas e equipamentos para escritório,Migração,True,False,False,SOMENTE SESI,1,,,,,,,,,,,,,,,,,,,False
58528303000161,Reserva Aruma Spe Ltda,Industria | Indústria,3.Pequena,Incorporação de empreendimentos imobiliários,Migração | Proposta,True,True,True,SESI + SENAI,2,ATIVA,RESERVA ARUMA SPE LTDA,INDÚSTRIA,Incorporacao de empreendimentos imobiliarios,DEMAIS,Maceió,58528303000161.0,58528303000161.0,4110-7/00,4110700.0,41.0,F,Construcao,Construcao de edificios,True,False,SIM,NÃO ATENDIDA,True
58613414000176,Batista Servicos De Telecomonicacao Ltda,Indústria,4.Micro,Serviços de comunicação multimídia - SCM,Migração,True,False,False,SOMENTE SESI,1,ATIVA,BATISTA SERVICOS DE TELECOMUNICACAO LTDA,INDÚSTRIA,Servicos de comunicacao multimidia - scm,MICRO EMPRESA,Paripueira,58613414000176.0,,6110-8/03,6110803.0,61.0,J,Informacao e comunicacao,Informacao e comunicacao,False,False,NAO,FORA DO ESCOPO SEBRAE,True
59184633000140,Nova Ceramica Ltda,Indústria,4.Micro,"Fabricação de artefatos de cerâmica e barro cozido para uso na construção, exceto azulejos e pisos",Migração,True,False,False,SOMENTE SESI,1,ATIVA,NOVA CERAMICA LTDA,INDÚSTRIA,"Fabricacao de artefatos de ceramica e barro cozido para uso na construcao, exceto azulejos e pisos",MICRO EMPRESA,Porto Calvo,59184633000140.0,,2342-7/02,2342702.0,23.0,C,Industria de transformacao,Produtos de minerais nao-metalicos,True,False,SIM,NÃO ATENDIDA,True
59203583000109,Jms Acessorios Ltda,Não Indústria,4.Micro,Comércio varejista especializado de equipamentos de telefonia e comunicação,Migração,True,False,False,SOMENTE SESI,1,,,,,,,,,,,,,,,,,,,False
59279481000169,Condominio N. Pedrosa Empreendimento Imobiliario Spe Ltda,Indústria,4.Micro,Incorporação de empreendimentos imobiliários,Migração,True,False,False,SOMENTE SESI,1,ATIVA,CONDOMINIO N. PEDROSA EMPREENDIMENTO IMOBILIARIO SPE LTDA,INDÚSTRIA,Incorporacao de empreendimentos imobiliarios,DEMAIS,Maceió,59279481000169.0,,4110-7/00,4110700.0,41.0,F,Construcao,Construcao de edificios,True,False,SIM,NÃO ATENDIDA,True
59322838000144,Aaf Franchising Ltda,Não Indústria,4.Micro,Gestão de ativos intangíveis não-financeiros,Proposta,True,False,False,SOMENTE SESI,1,,,,,,,,,,,,,,,,,,,False
59533948000155,Nordestina Comercio De Alimentos Ltda,Industria | Indústria,4.Micro,Fabricação de outros produtos alimentícios não especificados anteriormente,Migração | Proposta,True,True,True,SESI + SENAI,2,ATIVA,NORDESTINA COMERCIO DE ALIMENTOS LTDA,INDÚSTRIA,Fabricacao de outros produtos alimenticios nao especificados anteriormente,MICRO EMPRESA,Maceió,59533948000155.0,59533948000155.0,1099-6/99,1099699.0,10.0,C,Industria de transformacao,Alimentos,True,False,SIM,NÃO ATENDIDA,True
59667365000117,59.667.365 Messias Jose Dos Santos,Indústria,4.Micro,"Facção de peças do vestuário, exceto roupas íntimas",Proposta,True,False,False,SOMENTE SESI,1,ATIVA,M J DOS SANTOS FARDAMENTOS,INDÚSTRIA,"Faccao de pecas do vestuario, exceto roupas intimas",MICRO EMPRESA,Maceió,,,1412-6/03,1412603.0,14.0,C,Industria de transformacao,Confeccao de vestuario e acessorios,True,False,SIM,NÃO ATENDIDA,True
59691114000178,Britto Macelog Spe. Ltda.,Não Indústria,3.Pequena,Administração da infra-estrutura portuária,Migração,True,False,False,SOMENTE SESI,1,,,,,,,,,,,,,,,,,,,False
59705135000103,Jeanks Toff Ltda,Não Indústria,4.Micro,"Comércio varejista de doces, balas, bombons e semelhantes",Migração,True,False,False,SOMENTE SESI,1,,,,,,,,,,,,,,,,,,,False
60145420000198,Leao E Silva Ltda,Não Indústria,4.Micro,Restaurantes e similares,Migração,True,False,False,SOMENTE SESI,1,,,,,,,,,,,,,,,,,,,False
60321974000107,Pit Stop Comercio Alimenticio Ltda,Industria,4.Micro,FABRICAÇÃO DE PRODUTOS DE PANIFICAÇÃO INDUSTRIAL,Proposta,False,True,False,SOMENTE SENAI,1,ATIVA,PIT STOP COMERCIO ALIMENTICIO LTDA,INDÚSTRIA,Fabricacao de produtos de padaria e confeitaria com predominancia de producao propria,MICRO EMPRESA,Maceió,,60321974000107.0,1091-1/02,1091102.0,10.0,C,Industria de transformacao,Alimentos,True,False,SIM,NÃO ATENDIDA,True
60481718000179,Residencial C. Albuquerque Empreendimento Imobiliario Spe Ltda,Indústria,2.Média,Incorporação de empreendimentos imobiliários,Migração,True,False,False,SOMENTE SESI,1,ATIVA,RESIDENCIAL C. ALBUQUERQUE EMPREENDIMENTO IMOBILIARIO SPE LTDA,INDÚSTRIA,Incorporacao de empreendimentos imobiliarios,DEMAIS,Maceió,60481718000179.0,,4110-7/00,4110700.0,41.0,F,Construcao,Construcao de edificios,True,False,SIM,NÃO ATENDIDA,True
60483869000166,Mestre Cuca Restaurantes Ltda,Não Indústria,3.Pequena,Restaurantes e similares,Migração,True,False,False,SOMENTE SESI,1,,,,,,,,,,,,,,,,,,,False
60574442000173,Ecosolar Servicos Administrativos Ltda,Não Indústria,4.Micro,Serviços combinados de escritório e apoio administrativo,Migração,True,False,False,SOMENTE SESI,1,,,,,,,,,,,,,,,,,,,False
60784666000100,Stc Luna Ltda,Não Indústria,4.Micro,Produção teatral,Proposta,True,False,False,SOMENTE SESI,1,,,,,,,,,,,,,,,,,,,False
60818177000121,Condominio Beach Class Patacho,Nao Industria,3.Pequena,Condomínios prediais,Proposta,False,True,False,SOMENTE SENAI,1,,,,,,,,,,,,,,,,,,,False
61057621000104,Jln Agropecuaria Ltda,Não Indústria,3.Pequena,Criação de bovinos para corte,Proposta,True,False,False,SOMENTE SESI,1,,,,,,,,,,,,,,,,,,,False
61082316000245,Vip Sports Group Industria E Comercio Ltda,Industria,4.Micro,"Confecção de peças do vestuário, exceto roupas íntimas e as confeccionadas sob medida",Proposta,False,True,False,SOMENTE SENAI,1,,,,,,,,,,,,,,,,,,,False
61124250000128,M De Cacia Da Silva Goes  Ltda,Indústria,4.Micro,Fornecimento de alimentos preparados preponderantemente para empresas,Migração,True,False,False,SOMENTE SESI,1,ATIVA,M DE CACIA DA SILVA GOES LTDA,INDÚSTRIA,Fornecimento de alimentos preparados preponderantemente para empresas,MICRO EMPRESA,Palmeira dos Índios,61124250000128.0,,5620-1/01,5620101.0,56.0,I,Alojamento e alimentacao,Alojamento e alimentacao,False,False,NAO,FORA DO ESCOPO SEBRAE,True
61166290000132,C R Da Silva Mega Nicho,Indústria,4.Micro,Fabricação de móveis com predominância de madeira,Migração,True,False,False,SOMENTE SESI,1,ATIVA,C R DA SILVA MEGA NICHO,INDÚSTRIA,Fabricacao de moveis com predominancia de madeira,MICRO EMPRESA,Maceió,61166290000132.0,,3101-2/00,3101200.0,31.0,C,Industria de transformacao,Moveis,True,False,SIM,NÃO ATENDIDA,True
61226455000114,J C Silva Goes De Araujo  Ltda,Não Indústria,4.Micro,Restaurantes e similares,Migração,True,False,False,SOMENTE SESI,1,,,,,,,,,,,,,,,,,,,False
61289423000168,L F Ribeiro Lima Silva Ltda,Indústria,4.Micro,FABRICAÇÃO DE PRODUTOS DE PANIFICAÇÃO INDUSTRIAL,Migração,True,False,False,SOMENTE SESI,1,ATIVA,L F RIBEIRO LIMA SILVA LTDA,INDÚSTRIA,Fabricacao de produtos de padaria e confeitaria com predominancia de producao propria,MICRO EMPRESA,Arapiraca,61289423000168.0,,1091-1/02,1091102.0,10.0,C,Industria de transformacao,Alimentos,True,False,SIM,NÃO ATENDIDA,True
61319829000146,Cleisson Nogueira Dos Santos Ltda,Industria | Indústria,4.Micro,Fabricação de alimentos para animais,Migração | Proposta,True,True,True,SESI + SENAI,2,ATIVA,CLEISSON NOGUEIRA DOS SANTOS LTDA,INDÚSTRIA,Fabricacao de alimentos para animais,MICRO EMPRESA,Teotônio Vilela,61319829000146.0,61319829000146.0,1066-0/00,1066000.0,10.0,C,Industria de transformacao,Alimentos,True,False,SIM,NÃO ATENDIDA,True
61320365000198,Bobs Posto Terra Nossa Ltda,Nao Industria,4.Micro,"Lanchonetes, casas de chá, de sucos e similares",Proposta,False,True,False,SOMENTE SENAI,1,,,,,,,,,,,,,,,,,,,False
61471733000107,Grano Restaurante Ltda.,Nao Industria | Não Indústria,3.Pequena,Restaurantes e similares,Migração | Proposta,True,True,True,SESI + SENAI,2,,,,,,,,,,,,,,,,,,,False
61491058000170,Associacao Comunitaria Amigos De Maribondo,Nao Industria,4.Micro,Atividades de associações de defesa de direitos sociais,Migração,False,True,False,SOMENTE SENAI,1,,,,,,,,,,,,,,,,,,,False
62101633000143,Politecnica Engenharia De Tratamento Termico Ltda,Industria,4.Micro,Serviços de tratamento e revestimento em metais,Proposta,False,True,False,SOMENTE SENAI,1,ATIVA,POLITECNICA ENGENHARIA DE TRATAMENTO TERMICO LTDA,INDÚSTRIA,Servicos de tratamento e revestimento em metais,MICRO EMPRESA,Maceió,,62101633000143.0,2539-0/02,2539002.0,25.0,C,Industria de transformacao,Produtos de metal (exceto maquinas),True,False,SIM,NÃO ATENDIDA,True
62258884014196,Intercement Brasil S.a.,Industria | Indústria,2.Média,Fabricação de cimento,Proposta,True,True,True,SESI + SENAI,2,ATIVA,INTERCEMENT BRASIL S/A - EM RECUPERACAO JUDICIAL,INDÚSTRIA,Fabricacao de cimento,DEMAIS,São Miguel dos Campos,62258884014196.0,62258884014196.0,2320-6/00,2320600.0,23.0,C,Industria de transformacao,Produtos de minerais nao-metalicos,True,False,SIM,NÃO ATENDIDA,True
62361466000170,Ar De Mello Colchoes Ltda.,Não Indústria,4.Micro,Comércio varejista de móveis,Migração,True,False,False,SOMENTE SESI,1,,,,,,,,,,,,,,,,,,,False
62578771000118,Sangu La Sangucheria Peruana Ltda,Não Indústria,4.Micro,"Lanchonetes, casas de chá, de sucos e similares",Migração,True,False,False,SOMENTE SESI,1,,,,,,,,,,,,,,,,,,,False
62582285000173,Hotel Sol Poente Ltda,Não Indústria,3.Pequena,Hotéis,Proposta,True,False,False,SOMENTE SESI,1,,,,,,,,,,,,,,,,,,,False
62590092000164,62.590.092 Wellington Araujo Da Silva,Não Indústria,4.Micro,Promoção de vendas,Migração,True,False,False,SOMENTE SESI,1,,,,,,,,,,,,,,,,,,,False
63184997000105,Arapack Industria E Comercio De Embalagens Plasticas Ltda,Industria | Indústria,4.Micro,Fabricação de embalagens de material plástico,Migração | Proposta,True,True,True,SESI + SENAI,2,ATIVA,ARAPACK INDUSTRIA E COMERCIO DE EMBALAGENS PLASTICAS LTDA,INDÚSTRIA,Fabricacao de embalagens de material plastico,PEQUENO PORTE,Arapiraca,63184997000105.0,63184997000105.0,2222-6/00,2222600.0,22.0,C,Industria de transformacao,Borracha e material plastico,True,False,SIM,NÃO ATENDIDA,True
63477520000100,Condominio Do Edificio Salsa,Nao Industria,2.Média,Condomínios prediais,Proposta,False,True,False,SOMENTE SENAI,1,,,,,,,,,,,,,,,,,,,False
63541698000172,Arthur Autopecas E Servicos Ltda,Não Indústria,4.Micro,Comércio a varejo de peças e acessórios novos para veículos automotores,Migração,True,False,False,SOMENTE SESI,1,,,,,,,,,,,,,,,,,,,False
63631496000111,Delicias Do Cheff Ltda,Nao Industria,4.Micro,Restaurantes e similares,Proposta,False,True,False,SOMENTE SENAI,1,,,,,,,,,,,,,,,,,,,False
63647593000100,Consorcio Nova Sede Ale/al,Industria | Indústria,2.Média,Construção de edifícios,Migração | Proposta,True,True,True,SESI + SENAI,2,ATIVA,CONSORCIO NOVA SEDE ALE/AL,INDÚSTRIA,Construcao de edificios,DEMAIS,Maceió,63647593000100.0,63647593000100.0,4120-4/00,4120400.0,41.0,F,Construcao,Construcao de edificios,True,False,SIM,NÃO ATENDIDA,True
63801373000181,Levipan Ind E Com De Paes Congelados Ltda,Indústria,4.Micro,FABRICAÇÃO DE PRODUTOS DE PADARIA E CONFEITARIA COM PREDOMINÂNCIA DE PRODUÇÃO PRÓPRIA,Migração,True,False,False,SOMENTE SESI,1,ATIVA,LEVIPAN IND E COM DE PAES CONGELADOS LTDA,INDÚSTRIA,Fabricacao de produtos de panificacao industrial,DEMAIS,Arapiraca,63801373000181.0,,1091-1/00,1091100.0,10.0,C,Industria de transformacao,Alimentos,True,False,SIM,NÃO ATENDIDA,True
63907723000199,Jg Extintores Ltda,Nao Industria,4.Micro,Comércio varejista de outros produtos não especificados anteriormente,Proposta,False,True,False,SOMENTE SENAI,1,,,,,,,,,,,,,,,,,,,False
63928110000138,Portax Portas De Enrolar Automaticas Ltda,Indústria,4.Micro,Fabricação de esquadrias de metal,Migração,True,False,False,SOMENTE SESI,1,ATIVA,PORTAX PORTAS DE ENROLAR AUTOMATICAS LTDA,INDÚSTRIA,Fabricacao de esquadrias de metal,MICRO EMPRESA,Arapiraca,63928110000138.0,,2512-8/00,2512800.0,25.0,C,Industria de transformacao,Produtos de metal (exceto maquinas),True,False,SIM,NÃO ATENDIDA,True
64078146000132,Viacao Lider Transportes E Fretamentos Ltda,Não Indústria,4.Micro,"Transporte rodoviário coletivo de passageiros, com itinerário fixo, intermunicipal em região metropolitana",Migração,True,False,False,SOMENTE SESI,1,,,,,,,,,,,,,,,,,,,False
64078567000163,Carol Pasteis Ltda,Industria,4.Micro,Fabricação de alimentos e pratos prontos,Proposta,False,True,False,SOMENTE SENAI,1,ATIVA,CAROL PASTEIS LTDA,INDÚSTRIA,Fabricacao de alimentos e pratos prontos,MICRO EMPRESA,Cajueiro,,64078567000163.0,1096-1/00,1096100.0,10.0,C,Industria de transformacao,Alimentos,True,False,SIM,NÃO ATENDIDA,True
64502210000160,Compre Bem Mais Comercio E Distribuicao De Alimentos Ltda,Não Indústria,3.Pequena,"Comércio varejista de mercadorias em geral, com predominância de produtos alimentícios - minimercados, mercearias e armazéns",Migração,True,False,False,SOMENTE SESI,1,,,,,,,,,,,,,,,,,,,False
64904295001932,Camil Alimentos S.a.,Não Indústria,2.Média,Comércio atacadista de produtos alimentícios em geral,Proposta,True,False,False,SOMENTE SESI,1,,,,,,,,,,,,,,,,,,,False
64904295005920,Camil Alimentos S.a.,Indústria,2.Média,Fabricação de biscoitos e bolachas,Migração,True,False,False,SOMENTE SESI,1,,,,,,,,,,,,,,,,,,,False
65080391000147,M J Panificacao Ltda,Indústria,4.Micro,FABRICAÇÃO DE PRODUTOS DE PANIFICAÇÃO INDUSTRIAL,Proposta,True,False,False,SOMENTE SESI,1,,,,,,,,,,,,,,,,,,,False
65333199000115,Cristo Rei Empreendimentos Ltda,Não Indústria,4.Micro,Aluguel de imóveis próprios,Migração,True,False,False,SOMENTE SESI,1,,,,,,,,,,,,,,,,,,,False
65357066000189,Audion Comercio De Produtos Medicos Ltda,Não Indústria,4.Micro,Comércio varejista de artigos médicos e ortopédicos,Migração,True,False,False,SOMENTE SESI,1,,,,,,,,,,,,,,,,,,,False
65456832000162,Erm Brasil Ltda,Indústria,2.Média,Serviços de engenharia,Proposta,True,False,False,SOMENTE SESI,1,,,,,,,,,,,,,,,,,,,False
65530482000137,M E R C Florencio  Ltda,Não Indústria,4.Micro,Instituições de longa permanência para idosos,Migração,True,False,False,SOMENTE SESI,1,,,,,,,,,,,,,,,,,,,False
65672950000108,Riacho Doce Restaurante Ltda,Não Indústria,4.Micro,Restaurantes e similares,Proposta,True,False,False,SOMENTE SESI,1,,,,,,,,,,,,,,,,,,,False
65780094000104,Martoke Empreendimento Imobiliario Spe Ltda,Nao Industria,3.Pequena,Gestão e administração da propriedade imobiliária,Proposta,False,True,False,SOMENTE SENAI,1,,,,,,,,,,,,,,,,,,,False
66745231000132,Panificacao A Casa Portuguesa Pao E Mais Ltda,Indústria,4.Micro,FABRICAÇÃO DE PRODUTOS DE PANIFICAÇÃO INDUSTRIAL,Migração,True,False,False,SOMENTE SESI,1,,,,,,,,,,,,,,,,,,,False
66799281000100,Dfs Comercio E Industria Ltda,Indústria,3.Pequena,Fabricação de gelo comum,Migração,True,False,False,SOMENTE SESI,1,,,,,,,,,,,,,,,,,,,False
67945071221495,Sapore S.a.,Industria,3.Pequena,Fornecimento de alimentos preparados preponderantemente para empresas,Proposta,False,True,False,SOMENTE SENAI,1,ATIVA,SAPORE S.A.,INDÚSTRIA,Fornecimento de alimentos preparados preponderantemente para empresas,DEMAIS,Maceió,,67945071221495.0,5620-1/01,5620101.0,56.0,I,Alojamento e alimentacao,Alojamento e alimentacao,False,False,NAO,FORA DO ESCOPO SEBRAE,True
68362521000122,Alagoas Rendering Ltda,Indústria,3.Pequena,Preparação de subprodutos do abate,Migração,True,False,False,SOMENTE SESI,1,,,,,,,,,,,,,,,,,,,False
68409605000174,Paraty Ltda,Indústria,2.Média,Fabricação de azulejos e pisos,Migração,True,False,False,SOMENTE SESI,1,,,,,,,,,,,,,,,,,,,False
69943967000456,M J Ramos Bezerra Lins,Industria,4.Micro,Fornecimento de alimentos preparados preponderantemente para empresas,Proposta,False,True,False,SOMENTE SENAI,1,ATIVA,M J RAMOS BEZERRA LINS,INDÚSTRIA,Fornecimento de alimentos preparados preponderantemente para empresas,DEMAIS,Maceió,,69943967000456.0,5620-1/01,5620101.0,56.0,I,Alojamento e alimentacao,Alojamento e alimentacao,False,False,NAO,FORA DO ESCOPO SEBRAE,True
69973477000150,Ortotrauma Servicos Medicos Ltda,Não Indústria,3.Pequena,"Atividades de atendimento hospitalar, exceto pronto-socorro e unidades para atendimento a urgências",Migração,True,False,False,SOMENTE SESI,1,,,,,,,,,,,,,,,,,,,False
69975530000151,Consultar Assist Tec Em Documentacao E Informacao Ltda,Não Indústria,4.Micro,Preparação de documentos e serviços especializados de apoio administrativo não especificados anteriormente,Migração,True,False,False,SOMENTE SESI,1,,,,,,,,,,,,,,,,,,,False
69983484000132,Gas De Alagoas S/a Algas,Indústria,2.Média,Produção de gás; processamento de gás natural,Migração,True,False,False,SOMENTE SESI,1,ATIVA,GAS DE ALAGOAS S/A ALGAS,INDÚSTRIA,Producao de gas; processamento de gas natural,DEMAIS,Maceió,69983484000132.0,,3520-4/01,3520401.0,35.0,D,Eletricidade e gas,"Eletricidade, gas e outras utilidades",True,False,SIM,NÃO ATENDIDA,True
69983856000120,Norvinco Industria De Embalagem Nordeste Ltda,Industria | Indústria,3.Pequena,Fabricação de chapas e de embalagens de papelão ondulado,Migração | Proposta,True,True,True,SESI + SENAI,2,ATIVA,NORVINCO INDUSTRIA DE EMBALAGEM NORDESTE LTDA,INDÚSTRIA,Fabricacao de embalagens de papel,DEMAIS,Maceió,69983856000120.0,69983856000120.0,1731-1/00,1731100.0,17.0,C,Industria de transformacao,"Celulose, papel e produtos de papel",True,False,SIM,NÃO ATENDIDA,True
69987485000155,Escola De Educacao Basica Santa Izabel Ltda,Não Indústria,4.Micro,Educação infantil - pré-escola,Proposta,True,False,False,SOMENTE SESI,1,,,,,,,,,,,,,,,,,,,False
69987980000164,M De Lourdes O Araujo,Não Indústria,4.Micro,Comércio varejista de materiais de construção em geral,Migração,True,False,False,SOMENTE SESI,1,,,,,,,,,,,,,,,,,,,False
69989853000102,Bonanca Construtora E Incorporadora Ltda,Indústria,3.Pequena,Construção de edifícios,Proposta,True,False,False,SOMENTE SESI,1,ATIVA,BONANCA CONSTRUTORA E INCORPORADORA LTDA,INDÚSTRIA,Construcao de edificios,DEMAIS,Maceió,69989853000102.0,69989853000102.0,4120-4/00,4120400.0,41.0,F,Construcao,Construcao de edificios,True,False,SIM,NÃO ATENDIDA,True
69991214000173,Tema Servicos Ltda,Indústria,4.Micro,Atividades de franqueadas e permissionárias do Correio Nacional,Migração,True,False,False,SOMENTE SESI,1,ATIVA,TEMA SERVICOS LTDA,INDÚSTRIA,Atividades de franqueadas do correio nacional,MICRO EMPRESA,Maceió,69991214000173.0,,5310-5/02,5310502.0,53.0,H,Transporte e armazenagem,Transporte e armazenagem,False,False,NAO,FORA DO ESCOPO SEBRAE,True
70003504000140,M J Lopes Da Silva Ltda,Não Indústria,3.Pequena,Ensino fundamental,Migração,True,False,False,SOMENTE SESI,1,,,,,,,,,,,,,,,,,,,False
70005723000169,Nucleo De Prevencao E Diagnostico Do Cancer Ltda,Não Indústria,4.Micro,Laboratórios de anatomia patológica e citológica,Migração,True,False,False,SOMENTE SESI,1,,,,,,,,,,,,,,,,,,,False
70005855000190,Hormoclinica Ltda,Não Indústria,3.Pequena,Laboratórios clínicos,Migração,True,False,False,SOMENTE SESI,1,,,,,,,,,,,,,,,,,,,False
70014030000132,Instituto Da Visao Ltda,Não Indústria,2.Média,"Atividades de atendimento hospitalar, exceto pronto-socorro e unidades para atendimento a urgências",Proposta,True,False,False,SOMENTE SESI,1,,,,,,,,,,,,,,,,,,,False
70014774000157,Engequip Instrumentacao E Controle Ltda,Indústria,3.Pequena,"Fabricação de válvulas, registros e dispositivos semelhantes, peças e acessórios",Migração,True,False,False,SOMENTE SESI,1,ATIVA,ENGEQUIP LTDA,INDÚSTRIA,"Fabricacao de maquinas e equipamentos para as industrias de alimentos, bebidas e fumo, pecas e acessorios",PEQUENO PORTE,Maceió,70014774000157.0,,2862-3/00,2862300.0,28.0,C,Industria de transformacao,Maquinas e equipamentos,True,False,SIM,NÃO ATENDIDA,True
70940994008358,Pandurata Alimentos Ltda,Industria | Indústria,2.Média,Fabricação de biscoitos e bolachas,Proposta,True,True,True,SESI + SENAI,2,ATIVA,PANDURATA ALIMENTOS LTDA,INDÚSTRIA,Fabricacao de biscoitos e bolachas,DEMAIS,Rio Largo,70940994008358.0,70940994008358.0,1092-9/00,1092900.0,10.0,C,Industria de transformacao,Alimentos,True,False,SIM,NÃO ATENDIDA,True
70940994009249,Pandurata Alimentos Ltda,Nao Industria | Não Indústria,3.Pequena,"Comércio atacadista de pães, bolos, biscoitos e similares",Proposta,True,True,True,SESI + SENAI,2,,,,,,,,,,,,,,,,,,,False
75784140000873,Amafil Industria E Comercio De Alimentos Ltda,Indústria,3.Pequena,Fabricação de farinha de mandioca e derivados,Migração,True,False,False,SOMENTE SESI,1,ATIVA,AMAFIL INDUSTRIA E COMERCIO DE ALIMENTOS LTDA,INDÚSTRIA,Fabricacao de farinha de mandioca e derivados,DEMAIS,Teotônio Vilela,75784140000873.0,,1063-5/00,1063500.0,10.0,C,Industria de transformacao,Alimentos,True,False,SIM,NÃO ATENDIDA,True
78391612000140,Ibq - Industrias Quimicas S/a,Indústria,4.Micro,"Fabricação de pólvoras, explosivos e detonantes",Migração,True,False,False,SOMENTE SESI,1,,,,,,,,,,,,,,,,,,,False
78908266001015,Mili S/a,Indústria,3.Pequena,Fabricação de produtos de papel para uso doméstico e higiênico-sanitário não especificados anteriormente,Migração,True,False,False,SOMENTE SESI,1,ATIVA,MILI S/A,INDÚSTRIA,Fabricacao de produtos de papel para uso domestico e higienico sanitario nao especificados anteriormente,DEMAIS,Maceió,78908266001015.0,,1742-7/99,1742799.0,17.0,C,Industria de transformacao,"Celulose, papel e produtos de papel",True,False,SIM,NÃO ATENDIDA,True
79500385000106,Consistem Sistemas Ltda,Indústria,2.Média,Desenvolvimento e licenciamento de programas de computador não-customizáveis,Proposta,True,False,False,SOMENTE SESI,1,,,,,,,,,,,,,,,,,,,False
82945932000171,Parati Industria E Comercio De Alimentos Ltda,Indústria,2.Média,Fabricação de biscoitos e bolachas,Proposta,True,False,False,SOMENTE SESI,1,,,,,,,,,,,,,,,,,,,False
82984287000104,Irmaos Fischer Sa Ind E Com,Indústria,1.Grande,"Fabricação de outros aparelhos eletrodomésticos não especificados anteriormente, peças e acessórios",Proposta,True,False,False,SOMENTE SESI,1,,,,,,,,,,,,,,,,,,,False
83475913004006,Pbg S/a,Industria | Indústria,1.Grande,Fabricação de azulejos e pisos,Migração | Proposta,True,True,True,SESI + SENAI,2,ATIVA,PBG S/A,INDÚSTRIA,Fabricacao de azulejos e pisos,DEMAIS,Marechal Deodoro,83475913004006.0,83475913004006.0,2342-7/01,2342701.0,23.0,C,Industria de transformacao,Produtos de minerais nao-metalicos,True,False,SIM,NÃO ATENDIDA,True
83475913004774,Pbg S/a,Não Indústria,2.Média,Serviços combinados de escritório e apoio administrativo,Migração,True,False,False,SOMENTE SESI,1,,,,,,,,,,,,,,,,,,,False
86894953001561,Bigburger Salvador Lanchonetes Ltda,Nao Industria,4.Micro,"Lanchonetes, casas de chá, de sucos e similares",Proposta,False,True,False,SOMENTE SENAI,1,,,,,,,,,,,,,,,,,,,False
86981966000334,"Esmalglass Do Brasil - Fritas, Esmaltes E Corantes Ceramicos Ltda",Indústria,3.Pequena,"Fabricação de tintas, vernizes, esmaltes e lacas",Proposta,True,False,False,SOMENTE SESI,1,ATIVA,"ESMALGLASS DO BRASIL - FRITAS, ESMALTES E CORANTES CERAMICOS LTDA",INDÚSTRIA,"Fabricacao de tintas, vernizes, esmaltes e lacas",DEMAIS,Marechal Deodoro,86981966000334.0,,2071-1/00,2071100.0,20.0,C,Industria de transformacao,Produtos quimicos,True,False,SIM,NÃO ATENDIDA,True
88301155006905,Moinhos Cruzeiro Do Sul S A,Não Indústria,4.Micro,"Comércio atacadista de farinhas, amidos e féculas",Migração,True,False,False,SOMENTE SESI,1,,,,,,,,,,,,,,,,,,,False
90347840002242,Tk Elevadores Brasil Ltda,Indústria,3.Pequena,"Instalação, manutenção e reparação de elevadores, escadas e esteiras rolantes, exceto de fabricação própria",Proposta,True,False,False,SOMENTE SESI,1,ATIVA,TK ELEVADORES BRASIL LTDA,INDÚSTRIA,"Instalacao, manutencao e reparacao de elevadores, escadas e esteiras rolantes",DEMAIS,Maceió,90347840002242.0,,4329-1/03,4329103.0,43.0,F,Construcao,Servicos especializados para construcao,True,False,SIM,NÃO ATENDIDA,True
92660604014728,Yara Brasil Fertilizantes S/a,Indústria,3.Pequena,"FABRICAÇÃO DE ADUBOS E FERTILIZANTES, EXCETO ORGANOMINERAIS",Proposta,True,False,False,SOMENTE SESI,1,ATIVA,YARA BRASIL FERTILIZANTES S/A,INDÚSTRIA,"Fabricacao de adubos e fertilizantes, exceto organominerais",DEMAIS,Maceió,92660604014728.0,,2013-4/02,2013402.0,20.0,C,Industria de transformacao,Produtos quimicos,True,False,SIM,NÃO ATENDIDA,True
96825575003308,Intermaritima Portos E Logistica S/a,Não Indústria,3.Pequena,Operações de terminais,Migração,True,False,False,SOMENTE SESI,1,,,,,,,,,,,,,,,,,,,False
