CNPJ,Razão Social,Categoria,Porte,CNAE,Origem da Cobertura,TEM_SESI,TEM_SENAI,TEM_SESI_SENAI,STATUS_RELACIONAMENTO,QTD_REGISTROS_BASE
00237471000118,"Melro, Sampaio & Cia Ltda",Não Indústria,4.Micro,Comércio varejista de plantas e flores naturais,Migração,True,False,False,SOMENTE SESI,1
00279531000750,Tupan Construcoes Ltda,Não Indústria,3.Pequena,Comércio atacadista de materiais de construção em geral,Migração,True,False,False,SOMENTE SESI,1
00290431000130,Servicos E Pecas Diesel Arapiraca Ltda,Industria,4.Micro,Serviços de manutenção e reparação mecânica de veículos automotores,Proposta,False,True,False,SOMENTE SENAI,1
00292156000193,Prorede Comercio E Servicos Ltda,Não Indústria,4.Micro,Comércio varejista de materiais de construção não especificados anteriormente,Migração,True,False,False,SOMENTE SESI,1
00298863000197,Farmacia De Manip Derm E Cosmetica Ltda,Não Indústria,4.Micro,"Comércio varejista de produtos farmacêuticos, com manipulação de fórmulas",Migração,True,False,False,SOMENTE SESI,1
00321975000111,Araforros Ind E Comercio De Perfilados Ltda Em Recuperacao Judicial,Industria | Indústria,2.Média,"Fabricação de artefatos de material plástico para uso na construção, exceto tubos e acessórios",Migração | Proposta,True,True,True,SESI + SENAI,2
00360305000104,Caixa Economica Federal,Nao Industria,4.Micro,Caixas econômicas,Proposta,False,True,False,SOMENTE SENAI,1
00361941000150,Albuquerque Engenharia Ltda,Indústria,2.Média,Construção de edifícios,Proposta,True,False,False,SOMENTE SESI,1
00390664000104,Oiticica Industrial E Comercial Ltda,Indústria,3.Pequena,Fabricação de águas envasadas,Migração,True,False,False,SOMENTE SESI,1
00400203000175,Geovane Veiculos Ltda,Não Indústria,4.Micro,"Comércio a varejo de automóveis, camionetas e utilitários usados",Migração,True,False,False,SOMENTE SESI,1
00405481000115,Maria C Do Sacramento Santos Ferragens Ltda,Não Indústria,4.Micro,Comércio varejista de ferragens e ferramentas,Migração,True,False,False,SOMENTE SESI,1
00407844000151,Lourenco Peixoto Neto,Não Indústria,4.Micro,Comércio varejista de plantas e flores naturais,Migração,True,False,False,SOMENTE SESI,1
00421822000146,Kinata Sorvetes Ltda.,Industria | Indústria,3.Pequena,Fabricação de sorvetes e outros gelados comestíveis,Proposta,True,True,True,SESI + SENAI,2
00469393000187,Valmar Servicos Industriais Ltda,Industria,2.Média,Serviços de engenharia,Proposta,False,True,False,SOMENTE SENAI,1
00482915000180,Dorgival Jose Da Silva,Industria | Indústria,4.Micro,Serrarias com desdobramento de madeira em bruto,Migração | Proposta,True,True,True,SESI + SENAI,2
00554672000149,Vera Comercio E Confeccoes Ltda,Indústria,4.Micro,"Confecção de peças do vestuário, exceto roupas íntimas e as confeccionadas sob medida",Migração,True,False,False,SOMENTE SESI,1
00562968000101,Britex Mineracoes Ltda,Indústria,3.Pequena,Extração e britamento de pedras e outros materiais para construção e beneficiamento associado,Migração,True,False,False,SOMENTE SESI,1
00598187000177,Inove Engenharia Termica Ltda,Indústria,3.Pequena,"Instalação e manutenção de sistemas centrais de ar condicionado, de ventilação e refrigeração",Proposta,True,False,False,SOMENTE SESI,1
00673581000122,Tt Comercio De Areia E Brita E Servicos De Solda Ltda,Não Indústria,4.Micro,"Comércio varejista de cal, areia, pedra britada, tijolos e telhas",Migração,True,False,False,SOMENTE SESI,1
00682642000118,Ilumina Instalacoes Ltda,Indústria,3.Pequena,Instalação e manutenção elétrica,Migração,True,False,False,SOMENTE SESI,1
00692703000128,Habitar Investimentos E Incorporacoes Ltda,Indústria,4.Micro,Construção de edifícios,Migração,True,False,False,SOMENTE SESI,1
00719380000119,It Telecomunicacoes Ltda,Indústria,4.Micro,Provedores de acesso às redes de comunicações,Migração,True,False,False,SOMENTE SESI,1
00741946000109,Mineracao Costa Dourada Ltda,Industria | Indústria,3.Pequena,Fabricação de águas envasadas,Migração | Proposta,True,True,True,SESI + SENAI,2
00771260000160,B Silva & Cia Ltda,Indústria,4.Micro,"Fabricação de artigos para viagem, bolsas e semelhantes de qualquer material",Migração,True,False,False,SOMENTE SESI,1
00773296000183,Map Gelo Ltda,Indústria,4.Micro,Fabricação de gelo comum,Migração,True,False,False,SOMENTE SESI,1
00818307000102,J M Delgado Junior,Indústria,4.Micro,Facção de roupas profissionais,Migração,True,False,False,SOMENTE SESI,1
00823434000191,Agricom Agro Industria E Comercio Anadiense Ltda,Indústria,4.Micro,Fabricação de conservas de frutas,Migração,True,False,False,SOMENTE SESI,1
00823434000272,Agricom Agro Industria E Comercio Anadiense Ltda,Não Indústria,4.Micro,Comércio atacadista de produtos alimentícios em geral,Migração,True,False,False,SOMENTE SESI,1
00823434000353,Agricom Agro Industria E Comercio Anadiense Ltda,Não Indústria,4.Micro,Comércio atacadista de produtos alimentícios em geral,Migração,True,False,False,SOMENTE SESI,1
00837546000100,Ceproal - Centro De Ensino Profissionalizante De Alagoas Ltda,Não Indústria,4.Micro,Educação profissional de nível técnico,Proposta,True,False,False,SOMENTE SESI,1
00858237000108,Ind E Comercio De Massas Trigo Ltda,Indústria,3.Pequena,Fabricação de biscoitos e bolachas,Migração,True,False,False,SOMENTE SESI,1
00874154000102,M A Ferreira Veiga,Industria,4.Micro,FABRICAÇÃO DE PRODUTOS DE PADARIA E CONFEITARIA COM PREDOMINÂNCIA DE PRODUÇÃO PRÓPRIA,Proposta,False,True,False,SOMENTE SENAI,1
00887925000104,Grafmarques Industria Editora E Servicos Ltda,Industria,4.Micro,"Impressão de livros, revistas e outras publicações periódicas",Migração,False,True,False,SOMENTE SENAI,1
00930087000104,Prener Engenharia Ltda,Indústria,3.Pequena,Construção de estações e redes de distribuição de energia elétrica,Proposta,True,False,False,SOMENTE SESI,1
00961032000153,Multbox Esquadrias De Aluminio Ltda,Indústria,3.Pequena,Fabricação de esquadrias de metal,Migração,True,False,False,SOMENTE SESI,1
00969924000109,F.t.lindoso & Cia. Ltda,Não Indústria,4.Micro,Atividades de condicionamento físico,Migração,True,False,False,SOMENTE SESI,1
00987872000195,Leonia Peixoto Cavalcante,Não Indústria,4.Micro,"Lanchonetes, casas de chá, de sucos e similares",Migração,True,False,False,SOMENTE SESI,1
01014074000140,Adilson Ferreira Dos Anjos,Não Indústria,4.Micro,Comércio varejista de materiais de construção em geral,Migração,True,False,False,SOMENTE SESI,1
01106583000100,Sacramento E Moreira Ltda,Não Indústria,3.Pequena,Restaurantes e similares,Migração,True,False,False,SOMENTE SESI,1
01129810000105,Fundo Municipal De Educacao,Nao Industria | Não Indústria,4.Micro,Atividades de associações de defesa de direitos sociais,Migração | Proposta,True,True,True,SESI + SENAI,2
01177442000170,Avante Energia E Servicos Ltda,Nao Industria,4.Micro,Outras atividades de prestação de serviços de informação não especificadas anteriormente,Proposta,False,True,False,SOMENTE SENAI,1
01182834000128,Reis & Gomes Ltda,Não Indústria,4.Micro,Comércio varejista especializado de eletrodomésticos e equipamentos de áudio e vídeo,Migração,True,False,False,SOMENTE SESI,1
01232050000167,Iranildo Barbosa De Farias,Indústria,4.Micro,"Fabricação de letras, letreiros e placas de qualquer material, exceto luminosos",Migração,True,False,False,SOMENTE SESI,1
01243011000165,Grafica E Editora Poligraf Ltda,Indústria,3.Pequena,"Impressão de livros, revistas e outras publicações periódicas",Migração,True,False,False,SOMENTE SESI,1
01247474000103,Ana M.borges Utiama,Não Indústria,4.Micro,Atividades de podologia,Migração,True,False,False,SOMENTE SESI,1
01285165000462,O Borrachao Ltda,Nao Industria,4.Micro,Comércio varejista de outros produtos não especificados anteriormente,Migração,False,True,False,SOMENTE SENAI,1
01301040000136,Grafpel Ind Grafica Ltda,Indústria,4.Micro,Impressão de material para outros usos,Migração,True,False,False,SOMENTE SESI,1
01334368000159,Ultraplast Ind.e Com.de Sacolas Plasticas Ltda,Indústria,2.Média,Fabricação de artefatos de material plástico para outros usos não especificados anteriormente,Migração,True,False,False,SOMENTE SESI,1
01336881000189,Armario Quarto E Cozinha Ind. E Com. Ltda,Industria | Indústria,4.Micro,Fabricação de móveis com predominância de madeira,Migração | Proposta,True,True,True,SESI + SENAI,2
01357555000158,Amazonas Industria E Comercio De Alimentos Ltda,Indústria,4.Micro,Fabricação de outros produtos alimentícios não especificados anteriormente,Migração,True,False,False,SOMENTE SESI,1
01413951000155,Ferplas Industria De Artefatos De Arame Ltda,Industria,3.Pequena,Fabricação de outros produtos de metal não especificados anteriormente,Proposta,False,True,False,SOMENTE SENAI,1
01454407000151,Cardiodinamica Ltda,Não Indústria,2.Média,Atividades de atendimento em pronto-socorro e unidades hospitalares para atendimento a urgências,Proposta,True,False,False,SOMENTE SESI,1
01528374000147,Engie Solucoes De Operacao E Manutencao Ltda.,Indústria,1.Grande,Serviços de engenharia,Proposta,True,False,False,SOMENTE SESI,1
01551272002005,Asa Industria E Comercio Ltda,Nao Industria,3.Pequena,Comércio atacadista de produtos alimentícios em geral,Proposta,False,True,False,SOMENTE SENAI,1
01563491000141,Brisamar Pousada Ltda,Não Indústria,4.Micro,Outros alojamentos não especificados anteriormente,Migração,True,False,False,SOMENTE SESI,1
01584452000120,Kifrios Comercio E Industria De Frios Ltda,Indústria,3.Pequena,Fabricação de gelo comum,Migração,True,False,False,SOMENTE SESI,1
01596670000185,Jose Sergio Silva Morais,Indústria,4.Micro,Fabricação de laticínios,Migração,True,False,False,SOMENTE SESI,1
01611866000525,P J Refeicoes Coletivas Ltda,Indústria,3.Pequena,Fornecimento de alimentos preparados preponderantemente para empresas,Migração,True,False,False,SOMENTE SESI,1
01611866001092,P J Refeicoes Coletivas Ltda,Indústria,3.Pequena,Fornecimento de alimentos preparados preponderantemente para empresas,Migração,True,False,False,SOMENTE SESI,1
01637593000164,Enord Engenharia Ltda,Industria | Indústria,1.Grande,Construção de edifícios,Migração,True,True,True,SESI + SENAI,2
01637895000132,Votorantim Cimentos S.a.,Indústria,1.Grande,Fabricação de cimento,Proposta,True,False,False,SOMENTE SESI,1
01656786000162,Grafimar Ltda,Não Indústria,4.Micro,"Edição integrada à impressão de cadastros, listas e outros produtos gráficos",Migração,True,False,False,SOMENTE SESI,1
01670186000159,Gildete M. Dos Santos Silva Restaurante,Não Indústria,4.Micro,Restaurantes e similares,Migração,True,False,False,SOMENTE SESI,1
01707112000140,Cooperativa Dos Medicos Da Santa Casa De Maceio,Não Indústria,3.Pequena,Atividades de profissionais da área de saúde não especificadas anteriormente,Migração,True,False,False,SOMENTE SESI,1
01707112000301,Cooperativa Dos Medicos Da Santa Casa De Maceio,Não Indústria,4.Micro,Atividades de profissionais da área de saúde não especificadas anteriormente,Migração,True,False,False,SOMENTE SESI,1
01728967000157,Pao Da Arte Comercio E Industria Ltda,Indústria,4.Micro,FABRICAÇÃO DE PRODUTOS DE PANIFICAÇÃO INDUSTRIAL,Migração,True,False,False,SOMENTE SESI,1
01744683000154,Maceoleo Ltda,Não Indústria,4.Micro,Comércio varejista de lubrificantes,Migração,True,False,False,SOMENTE SESI,1
01758073000100,Auricelia Maria De Rezende,Indústria,4.Micro,"Confecção de peças do vestuário, exceto roupas íntimas e as confeccionadas sob medida",Migração,True,False,False,SOMENTE SESI,1
01771408000120,Jorge Pereira Da Rocha Neto,Não Indústria,4.Micro,"Aluguel de palcos, coberturas e outras estruturas de uso temporário, exceto andaimes",Migração,True,False,False,SOMENTE SESI,1
01774021000127,Vulcap - Vulcanizacao Arapiraca Ltda,Indústria,4.Micro,Fabricação de pneumáticos e de câmaras-de-ar,Migração,True,False,False,SOMENTE SESI,1
01774589000148,Mestre Cuca Restaurante Ltda,Não Indústria,3.Pequena,Restaurantes e similares,Migração,True,False,False,SOMENTE SESI,1
01788792000173,Carmem Lucia De Souza Feitosa,Industria | Indústria,4.Micro,"Fabricação de móveis de outros materiais, exceto madeira e metal",Migração | Proposta,True,True,True,SESI + SENAI,2
01832386000160,Tecserv - Comercio E Servicos Ltda,Não Indústria,4.Micro,Aluguel de máquinas e equipamentos para escritório,Migração,True,False,False,SOMENTE SESI,1
01839841000150,Gelbanise Oliveira De Almeida,Não Indústria,4.Micro,Comércio varejista de bicicletas e triciclos; peças e acessórios,Migração,True,False,False,SOMENTE SESI,1
01864858000167,Dilab- Diagnostico Laboratorial S/s Ltda,Nao Industria,4.Micro,Laboratórios clínicos,Proposta,False,True,False,SOMENTE SENAI,1
01868460000107,Condominio Residencial Aquarius,Não Indústria,4.Micro,Condomínios prediais,Migração,True,False,False,SOMENTE SESI,1
01899414000167,Mecbrun-industria E Comercio Ltda,Indústria,3.Pequena,Fabricação de obras de caldeiraria pesada,Migração,True,False,False,SOMENTE SESI,1
01908548000105,Buffet Izabel Pinheiro Ltda,Não Indústria,4.Micro,Serviços de alimentação para eventos e recepções - bufê,Migração,True,False,False,SOMENTE SESI,1
01974371000218,Risoterm Isolantes Termicos Ltda,Industria,3.Pequena,Outras obras de instalações em construções não especificadas anteriormente,Proposta,False,True,False,SOMENTE SENAI,1
02040502000171,Edivaldo Araujo,Não Indústria,4.Micro,Comércio varejista de materiais de construção em geral,Migração,True,False,False,SOMENTE SESI,1
02072980000163,Proenge Construcoes Ltda,Indústria,4.Micro,Construção de edifícios,Migração,True,False,False,SOMENTE SESI,1
02112625000170,Unigraf Ltda,Indústria,4.Micro,Impressão de material para outros usos,Migração,True,False,False,SOMENTE SESI,1
02143828000124,Lima & Antunes Ltda,Indústria,3.Pequena,Fabricação de laticínios,Migração,True,False,False,SOMENTE SESI,1
02177802000105,Gm Auto Capas Al Ltda,Indústria,4.Micro,SERVIÇOS DE CAPOTARIA,Migração,True,False,False,SOMENTE SESI,1
02180731000191,Casa Para Velhice Luiza De Marillac,Não Indústria,3.Pequena,Atividades de associações de defesa de direitos sociais,Migração,True,False,False,SOMENTE SESI,1
02181391000113,Avlys Confeccoes Ltda,Indústria,4.Micro,"Confecção de roupas profissionais, exceto sob medida",Migração,True,False,False,SOMENTE SESI,1
02285556000105,Mario Calheiros De Lima & Cia Ltda,Não Indústria,4.Micro,Apicultura,Migração,True,False,False,SOMENTE SESI,1
02297239000109,Distribuidora Comercial E Industrial Rio Branco Ltda,Não Indústria,4.Micro,Comércio atacadista de cereais e leguminosas beneficiados,Migração,True,False,False,SOMENTE SESI,1
02301846000197,Transmares Corretora De Seguros Ltda,Não Indústria,4.Micro,"Corretores e agentes de seguros, de planos de previdência complementar e de saúde",Migração,True,False,False,SOMENTE SESI,1
02321947000120,"C D I - Centro De Imagem, Diagnostico E Tratamento Ltda",Não Indústria,4.Micro,Serviços de ressonância magnética,Migração,True,False,False,SOMENTE SESI,1
02327768000108,E L Rocha Dedetizadora,Não Indústria,3.Pequena,Imunização e controle de pragas urbanas,Migração,True,False,False,SOMENTE SESI,1
02329713000129,Timac Agro Industria E Comercio De Fertilizantes Ltda,Não Indústria,2.Média,"Comércio atacadista de defensivos agrícolas, adubos, fertilizantes e corretivos do solo",Proposta,True,False,False,SOMENTE SESI,1
02359689000170,Sk Infraestrutura Ltda,Industria,4.Micro,"Obras portuárias, marítimas e fluviais",Proposta,False,True,False,SOMENTE SENAI,1
02413246000110,C E O Guanabens,Indústria,3.Pequena,Fabricação de sabões e detergentes sintéticos,Migração,True,False,False,SOMENTE SESI,1
02417115001698,Sgs Geosol Laboratorios Ltda,Não Indústria,4.Micro,Testes e análises técnicas,Migração,True,False,False,SOMENTE SESI,1
02423864000141,"Arquitec - Arquitetura, Engenharia E Construcao Ltda Em Recuperacao Judicial",Industria,3.Pequena,Construção de edifícios,Proposta,False,True,False,SOMENTE SENAI,1
02481605000177,Conselho Regional De Quimica Da Xvii Regiao,Órgãos Públicos,4.Micro,Administração pública em geral,Migração,True,False,False,SOMENTE SESI,1
02527858000134,Plastec Industria E Comercio Ltda,Indústria,3.Pequena,Fabricação de artefatos de material plástico para uso pessoal e doméstico,Migração,True,False,False,SOMENTE SESI,1
02573575000129,A. Maria Brasil Martins,Não Indústria,4.Micro,Restaurantes e similares,Migração,True,False,False,SOMENTE SESI,1
02586873000153,Casel Servicos De Eletricidade Ltda,Industria,4.Micro,Construção de edifícios,Proposta,False,True,False,SOMENTE SENAI,1
02597092000164,Santana & Sacramento Ltda,Indústria,4.Micro,Impressão de material para outros usos,Migração,True,False,False,SOMENTE SESI,1
02644422000125,Marcogram Comercio De Marmores E Granitos Ltda,Não Indústria,4.Micro,Comércio varejista de materiais de construção não especificados anteriormente,Migração,True,False,False,SOMENTE SESI,1
02668961000102,Condomnio Casa Da Industria,Não Indústria,4.Micro,Condomínios prediais,Migração,True,False,False,SOMENTE SESI,1
02688725000140,Agreste Engenharia Servicos E Locacoes Ltda,Indústria,4.Micro,Instalação e manutenção elétrica,Migração,True,False,False,SOMENTE SESI,1
02709449006009,Petrobras Transporte S.a - Transpetro,Indústria,3.Pequena,Transporte dutoviário,Proposta,True,False,False,SOMENTE SESI,1
02751862000181,Solo Incorporacoes Ltda,Indústria,4.Micro,Construção de edifícios,Migração,True,False,False,SOMENTE SESI,1
02765607000198,J M R Fontan Ltda,Indústria,4.Micro,Fabricação de bijuterias e artefatos semelhantes,Migração,True,False,False,SOMENTE SESI,1
02789569000103,Eugenio Costa De Souza,Não Indústria,4.Micro,Comércio varejista de artigos do vestuário e acessórios,Migração,True,False,False,SOMENTE SESI,1
02805820003100,Enerflex Brasil Energia Ltda,Industria,4.Micro,Atividades de apoio à extração de petróleo e gás natural,Proposta,False,True,False,SOMENTE SENAI,1
02833384000159,M N M Amaral,Indústria,4.Micro,Fabricação de laticínios,Migração,True,False,False,SOMENTE SESI,1
02857954002437,Amara Net Zero Brasil Ltda,Não Indústria,3.Pequena,"Depósitos de mercadorias para terceiros, exceto armazéns gerais e guarda-móveis",Proposta,True,False,False,SOMENTE SESI,1
02865907000149,M T Florencio Fernandes & Cia Ltda,Não Indústria,4.Micro,Comércio varejista de artigos do vestuário e acessórios,Migração,True,False,False,SOMENTE SESI,1
02867678000100,Nip Global Ltda,Industria | Indústria,2.Média,Serviços de engenharia,Proposta,True,True,True,SESI + SENAI,2
02890163000112,Andre Luis De Almeda Silva Promocoes E Assessoria Ltda,Não Indústria,4.Micro,"Serviços de organização de feiras, congressos, exposições e festas",Proposta,True,False,False,SOMENTE SESI,1
02914460000312,Seara Alimentos Ltda,Não Indústria,1.Grande,Serviços combinados de escritório e apoio administrativo,Proposta,True,False,False,SOMENTE SESI,1
02914806000110,Fazenda Campinas Ltda.,Indústria,4.Micro,Incorporação de empreendimentos imobiliários,Proposta,True,False,False,SOMENTE SESI,1
02949016000413,Control Construcoes S.a,Indústria,1.Grande,Instalação e manutenção elétrica,Proposta,True,False,False,SOMENTE SESI,1
02949016002114,Control Construcoes S.a,Industria | Indústria,1.Grande,Instalação e manutenção elétrica,Proposta,True,True,True,SESI + SENAI,2
02949016002203,Control Construcoes S.a,Industria,2.Média,Instalação e manutenção elétrica,Proposta,False,True,False,SOMENTE SENAI,1
02949016002467,Control Construcoes S.a,Industria,2.Média,Instalação e manutenção elétrica,Proposta,False,True,False,SOMENTE SENAI,1
02949016002548,Control Construcoes S.a,Industria,3.Pequena,Instalação e manutenção elétrica,Proposta,False,True,False,SOMENTE SENAI,1
02970438000128,Clinica De Cirurgia Plastica Dr. Fernando Lins Ltda,Não Indústria,4.Micro,Atividade médica ambulatorial com recursos para realização de procedimentos cirúrgicos,Migração,True,False,False,SOMENTE SESI,1
02995661000120,Cunegundes Nascimento Soares Neto,Não Indústria,4.Micro,"Comércio varejista de mercadorias em geral, com predominância de produtos alimentícios - minimercados, mercearias e armazéns",Migração,True,False,False,SOMENTE SESI,1
03022327000152,Rosangela Araujo Brandao Nascimento,Indústria,4.Micro,Fornecimento de alimentos preparados preponderantemente para empresas,Migração,True,False,False,SOMENTE SESI,1
03028774000119,F. M. S. L.. Coretora De Seguros Ltda,Não Indústria,4.Micro,Outras atividades de prestação de serviços de informação não especificadas anteriormente,Migração,True,False,False,SOMENTE SESI,1
03032961000176,Rosangela Claudino Cardoso,Indústria,4.Micro,"Fabricação de artigos do vestuário, produzidos em malharias e tricotagens, exceto meias",Migração,True,False,False,SOMENTE SESI,1
03178923000126,Versan Empreendimentos Limitada,Não Indústria,3.Pequena,Gestão e manutenção de cemitérios,Migração,True,False,False,SOMENTE SESI,1
03246173000182,Biscoito Caseiro D' Licia Ltda,Indústria,3.Pequena,Fabricação de biscoitos e bolachas,Migração,True,False,False,SOMENTE SESI,1
03252709000172,Santos & Carvalho Ltda,Não Indústria,4.Micro,"Representantes comerciais e agentes do comércio de madeira, material de construção e ferragens",Migração,True,False,False,SOMENTE SESI,1
03279056000115,Cabecal - Calcario De Cabeceiras Mineracao Ltda,Industria,4.Micro,"Extração de minerais para fabricação de adubos, fertilizantes e outros produtos químicos",Proposta,False,True,False,SOMENTE SENAI,1
03360646000178,Samplas Industria E Comercio De Plasticos Ltda.,Indústria,3.Pequena,Fabricação de artefatos de material plástico para outros usos não especificados anteriormente,Migração,True,False,False,SOMENTE SESI,1
03360646000330,Samplas Industria E Comercio De Plasticos Ltda.,Não Indústria,4.Micro,Comércio varejista de outros artigos de uso doméstico não especificados anteriormente,Migração,True,False,False,SOMENTE SESI,1
03396460000179,Industria Parisom Ltda,Indústria,4.Micro,"Fabricação de artigos para viagem, bolsas e semelhantes de qualquer material",Migração,True,False,False,SOMENTE SESI,1
03405567000136,L. B. Comercio De Alimentos Ltda,Não Indústria,4.Micro,"Lanchonetes, casas de chá, de sucos e similares",Migração,True,False,False,SOMENTE SESI,1
03418733000139,Igramal Industria De Granitos E Marmores Ltda,Indústria,3.Pequena,"Aparelhamento de placas e execução de trabalhos em mármore, granito, ardósia e outras pedras",Migração,True,False,False,SOMENTE SESI,1
03470536000169,Energia Empreendimentos Ltda,Industria,3.Pequena,Construção de edifícios,Proposta,False,True,False,SOMENTE SENAI,1
03507618000130,N S Racoes Ltda,Não Indústria,4.Micro,Comércio varejista de animais vivos e de artigos e alimentos para animais de estimação,Migração,True,False,False,SOMENTE SESI,1
03513308000129,Dekor Art Comercial Ltda,Indústria,4.Micro,"Aparelhamento de placas e execução de trabalhos em mármore, granito, ardósia e outras pedras",Migração,True,False,False,SOMENTE SESI,1
03624362000141,Cooperativa Educacional De Maceio,Nao Industria,3.Pequena,Atividades de associações de defesa de direitos sociais,Proposta,False,True,False,SOMENTE SENAI,1
03636036001630,Asa Branca Indl. Coml. E Importadora Ltda,Indústria,4.Micro,"Preservação de peixes, crustáceos e moluscos",Migração,True,False,False,SOMENTE SESI,1
03641462000186,Igreja Em Arapiraca,Não Indústria,4.Micro,Atividades de organizações religiosas,Proposta,True,False,False,SOMENTE SESI,1
03657005000180,Industria E Comercio De Agua Mineral Anadiense Ltda,Indústria,4.Micro,Fabricação de águas envasadas,Migração,True,False,False,SOMENTE SESI,1
03692424000152,Servico Nacional De Aprendizagem Comercial - Senac,Não Indústria,1.Grande,Outras atividades de ensino não especificadas anteriormente,Migração,True,False,False,SOMENTE SESI,1
03692424000403,Servico Nacional De Aprendizagem Comercial - Senac,Não Indústria,3.Pequena,Outras atividades de ensino não especificadas anteriormente,Migração,True,False,False,SOMENTE SESI,1
03692424000667,Servico Nacional De Aprendizagem Comercial - Senac,Não Indústria,3.Pequena,Outras atividades de ensino não especificadas anteriormente,Migração,True,False,False,SOMENTE SESI,1
03692424000900,Servico Nacional De Aprendizagem Comercial - Senac,Não Indústria,4.Micro,Outras atividades de ensino não especificadas anteriormente,Migração,True,False,False,SOMENTE SESI,1
03692424001124,Servico Nacional De Aprendizagem Comercial - Senac,Não Indústria,3.Pequena,Outras atividades de ensino não especificadas anteriormente,Migração,True,False,False,SOMENTE SESI,1
03692424001205,Servico Nacional De Aprendizagem Comercial - Senac,Não Indústria,4.Micro,Outras atividades de ensino não especificadas anteriormente,Migração,True,False,False,SOMENTE SESI,1
03692424001477,Servico Nacional De Aprendizagem Comercial - Senac,Não Indústria,3.Pequena,Outras atividades de ensino não especificadas anteriormente,Migração,True,False,False,SOMENTE SESI,1
03692424001558,Servico Nacional De Aprendizagem Comercial - Senac,Não Indústria,4.Micro,Outras atividades de ensino não especificadas anteriormente,Migração,True,False,False,SOMENTE SESI,1
03698620000568,Green4t Solucoes Ti Ltda,Industria,3.Pequena,Outras obras de instalações em construções não especificadas anteriormente,Proposta,False,True,False,SOMENTE SENAI,1
03722728000115,Engenharq Ltda,Industria | Indústria,1.Grande,Construção de edifícios,Migração | Proposta,True,True,True,SESI + SENAI,2
03746272000123,Sian Engenharia Ltda,Industria | Indústria,3.Pequena,Construção de edifícios,Migração | Proposta,True,True,True,SESI + SENAI,2
03767250000140,Hidrametal Ltda,Indústria,3.Pequena,"Fabricação de equipamentos hidráulicos e pneumáticos, peças e acessórios, exceto válvulas",Migração,True,False,False,SOMENTE SESI,1
03773834000128,"Servico Social Da Industria, Departamento Regional De Minas Gerais (sesi / Drmg)",Não Indústria,4.Micro,Outras atividades de ensino não especificadas anteriormente,Proposta,True,False,False,SOMENTE SESI,1
03798336000130,Servico Social Da Industria - Sesi,Não Indústria,2.Média,Outras atividades de ensino não especificadas anteriormente,Migração,True,False,False,SOMENTE SESI,1
03798336000210,Servico Social Da Industria - Sesi,Nao Industria,3.Pequena,Outras atividades de ensino não especificadas anteriormente,Proposta,False,True,False,SOMENTE SENAI,1
03798336000806,Servico Social Da Industria - Sesi,Nao Industria,3.Pequena,Outras atividades de ensino não especificadas anteriormente,Proposta,False,True,False,SOMENTE SENAI,1
03798336000997,Servico Social Da Industria - Sesi,Nao Industria,3.Pequena,Outras atividades de ensino não especificadas anteriormente,Proposta,False,True,False,SOMENTE SENAI,1
03798361000113,Servico Nacional De Aprendizagem Industrial,Não Indústria,2.Média,Outras atividades de ensino não especificadas anteriormente,Migração,True,False,False,SOMENTE SESI,1
03798361000202,Servico Nacional De Aprendizagem Industrial,Não Indústria,3.Pequena,Outras atividades de ensino não especificadas anteriormente,Proposta,True,False,False,SOMENTE SESI,1
03814734000100,Magenta Grafica E Editora Ltda,Indústria,4.Micro,Impressão de material para outros usos,Migração,True,False,False,SOMENTE SESI,1
03859544000100,Malta & Malta Ltda,Não Indústria,4.Micro,Atividade médica ambulatorial com recursos para realização de exames complementares,Migração,True,False,False,SOMENTE SESI,1
03866223000124,Medradius Clinica De Medicina Nuclear E Radiologia De Maceio Ltda,Nao Industria | Não Indústria,2.Média,"Serviços de diagnóstico por imagem com uso de radiação ionizante, exceto tomografia",Migração | Proposta,True,True,True,SESI + SENAI,2
03866223000205,Medradius Clinica De Medicina Nuclear E Radiologia De Maceio Ltda,Não Indústria,2.Média,"Serviços de diagnóstico por imagem com uso de radiação ionizante, exceto tomografia",Migração,True,False,False,SOMENTE SESI,1
03866223000477,Medradius Clinica De Medicina Nuclear E Radiologia De Maceio Ltda,Não Indústria,2.Média,"Serviços de diagnóstico por imagem com uso de radiação ionizante, exceto tomografia",Migração,True,False,False,SOMENTE SESI,1
03887992000109,Cam Clinica De Anestesiologia De Maceio Ltda.,Não Indústria,4.Micro,Atividade médica ambulatorial restrita a consultas,Migração,True,False,False,SOMENTE SESI,1
03894943000101,Colegio Sagrada Familia Ltda,Não Indústria,4.Micro,Ensino fundamental,Proposta,True,False,False,SOMENTE SESI,1
03910880000121,Maucon Construcoes Ltda,Industria,3.Pequena,Construção de edifícios,Proposta,False,True,False,SOMENTE SENAI,1
03921745000181,Jbr Pneus Comercio E Servicos Ltda,Indústria,3.Pequena,Serviços de borracharia para veículos automotores,Migração,True,False,False,SOMENTE SESI,1
03949951000108,Uniao Brasil Transportes Ltda,Não Indústria,3.Pequena,"Transporte rodoviário de carga, exceto produtos perigosos e mudanças, intermunicipal, interestadual e internacional",Migração,True,False,False,SOMENTE SESI,1
03951809000510,Petrosynergy Ltda,Indústria,3.Pequena,Extração de petróleo e gás natural,Proposta,True,False,False,SOMENTE SESI,1
03965700000109,Cooperativa De Trabalho Dos Produtores Do Bonifacio Ltda,Indústria,3.Pequena,"Fabricação de farinha de milho e derivados, exceto óleos de milho",Migração,True,False,False,SOMENTE SESI,1
03975548000145,Hidroenergia Engenharia E Automacao Ltda,Indústria,4.Micro,Fabricação de aparelhos e equipamentos para distribuição e controle de energia elétrica,Proposta,True,False,False,SOMENTE SESI,1
04012882000166,Acquapocos - Perfuracao De Pocos De Agua Ltda,Indústria,2.Média,Perfuração e construção de poços de água,Migração,True,False,False,SOMENTE SESI,1
04157373000121,Sindicato Das Industrias Graficas Do Estado De Alagoas,Não Indústria,4.Micro,Atividades de organizações sindicais,Migração,True,False,False,SOMENTE SESI,1
04224419000188,N B Dos Santos Aluminios,Indústria,4.Micro,Fabricação de artigos de metal para uso doméstico e pessoal,Migração,True,False,False,SOMENTE SESI,1
04267678000196,Escola De Educacao Basica Educar E Construir Ltda,Não Indústria,3.Pequena,Ensino fundamental,Migração,True,False,False,SOMENTE SESI,1
04287461000148,Unicon Construcoes Ltda,Industria,4.Micro,Construção de edifícios,Proposta,False,True,False,SOMENTE SENAI,1
04287896000192,Ronaldo De Oliveira Silva & Cia Ltda,Industria,3.Pequena,"Fabricação de outros artefatos e produtos de concreto, cimento, fibrocimento, gesso e materiais semelhantes",Migração,False,True,False,SOMENTE SENAI,1
04307530000138,Lessa & Moura Contabilidade E Consultoria Empresarial S/s,Não Indústria,4.Micro,Atividades de contabilidade,Migração,True,False,False,SOMENTE SESI,1
04342459000124,Sesc-administracao Regional No Estado De Alagoas,Não Indústria,2.Média,Serviços de assistência social sem alojamento,Migração,True,False,False,SOMENTE SESI,1
04342459000205,Sesc-administracao Regional No Estado De Alagoas,Não Indústria,3.Pequena,Serviços de assistência social sem alojamento,Migração,True,False,False,SOMENTE SESI,1
04342459000396,Sesc-administracao Regional No Estado De Alagoas,Não Indústria,3.Pequena,Serviços de assistência social sem alojamento,Migração,True,False,False,SOMENTE SESI,1
04342459000477,Sesc-administracao Regional No Estado De Alagoas,Não Indústria,4.Micro,Serviços de assistência social sem alojamento,Migração,True,False,False,SOMENTE SESI,1
04342459000558,Sesc-administracao Regional No Estado De Alagoas,Não Indústria,4.Micro,Serviços de assistência social sem alojamento,Migração,True,False,False,SOMENTE SESI,1
04342459000639,Sesc-administracao Regional No Estado De Alagoas,Não Indústria,3.Pequena,Serviços de assistência social sem alojamento,Migração,True,False,False,SOMENTE SESI,1
04342459000710,Sesc-administracao Regional No Estado De Alagoas,Não Indústria,3.Pequena,Serviços de assistência social sem alojamento,Migração,True,False,False,SOMENTE SESI,1
04342949000120,Acessorios Mineirao Pecas E Servicos Ltda,Nao Industria,3.Pequena,Comércio a varejo de peças e acessórios novos para veículos automotores,Migração,False,True,False,SOMENTE SENAI,1
04396985000177,Previparq Ltda,Não Indústria,2.Média,Serviços de funerárias,Migração,True,False,False,SOMENTE SESI,1
04396985000410,Previparq Ltda,Não Indústria,4.Micro,Serviços de funerárias,Migração,True,False,False,SOMENTE SESI,1
04396985000681,Previparq Ltda,Não Indústria,3.Pequena,Serviços de funerárias,Migração,True,False,False,SOMENTE SESI,1
04396985000762,Previparq Ltda,Não Indústria,3.Pequena,Serviços de funerárias,Migração,True,False,False,SOMENTE SESI,1
04401310000179,Teccel - Tecnologia Da Construcao Civil E Eletrica Ltda,Industria,2.Média,Construção de estações e redes de distribuição de energia elétrica,Proposta,False,True,False,SOMENTE SENAI,1
04408182000195,"Clenio Pacheco Franco, Advogados E Consultores Juridicos",Não Indústria,4.Micro,Serviços advocatícios,Migração,True,False,False,SOMENTE SESI,1
04426278000186,Agropecuaria Industrial Alba Ltda,Industria,4.Micro,Fabricação de laticínios,Proposta,False,True,False,SOMENTE SENAI,1
04433402000130,Colegio Santissimo Senhor Ltda,Não Indústria,3.Pequena,Ensino médio,Migração,True,False,False,SOMENTE SESI,1
04454766000105,Elias Nunes De Oliveira,Não Indústria,4.Micro,Comércio varejista de ferragens e ferramentas,Migração,True,False,False,SOMENTE SESI,1
04493020000100,Concrenorte - Concreto Do Nordeste Ltda.,Industria | Indústria,3.Pequena,Fabricação de artefatos de cimento para uso na construção,Migração,True,True,True,SESI + SENAI,2
04522379000665,Qualicoco Ltda,Industria,2.Média,Fabricação de conservas de frutas,Proposta,False,True,False,SOMENTE SENAI,1
04532525000129,Eletrocomp Ltda,Não Indústria,4.Micro,Comércio varejista especializado de eletrodomésticos e equipamentos de áudio e vídeo,Migração,True,False,False,SOMENTE SESI,1
04540885000172,Lara De Araujo Amorim,Não Indústria,4.Micro,Reparação e manutenção de outros objetos e equipamentos pessoais e domésticos não especificados anteriormente,Migração,True,False,False,SOMENTE SESI,1
04583137000177,Solida Engenharia Ltda,Industria,1.Grande,Construção de edifícios,Migração,False,True,False,SOMENTE SENAI,1
04590305000151,Construtora Mogno Ltda,Industria,3.Pequena,Construção de edifícios,Proposta,False,True,False,SOMENTE SENAI,1
04601397010271,Brisanet Servicos De Telecomunicacoes S.a.,Industria,3.Pequena,Serviços de comunicação multimídia - SCM,Proposta,False,True,False,SOMENTE SENAI,1
04606375000150,Restaurante E Cachacaria Divina Gula Ltda,Não Indústria,3.Pequena,Restaurantes e similares,Migração,True,False,False,SOMENTE SESI,1
04638833000133,E2ps Engenharia E Equipamentos Industriais Ltda,Indústria,2.Média,"Fabricação de máquinas e equipamentos para as indústrias de alimentos, bebidas e fumo, peças e acessórios",Proposta,True,False,False,SOMENTE SESI,1
04663874000180,Ensima Solucoes Ambientais E Tecnologicas Ltda,Indústria,4.Micro,Serviços de engenharia,Migração,True,False,False,SOMENTE SESI,1
04667933000198,Campos Engenharia Ltda,Industria,4.Micro,Obras de terraplenagem,Proposta,False,True,False,SOMENTE SENAI,1
04735910000173,Sociedade Cunha & Madureira Ltda,Não Indústria,4.Micro,"Comércio varejista de produtos farmacêuticos, com manipulação de fórmulas",Migração,True,False,False,SOMENTE SESI,1
04735910000254,Sociedade Cunha & Madureira Ltda,Não Indústria,4.Micro,"Comércio varejista de produtos farmacêuticos, com manipulação de fórmulas",Migração,True,False,False,SOMENTE SESI,1
04735910000335,Sociedade Cunha & Madureira Ltda,Não Indústria,4.Micro,"Comércio varejista de produtos farmacêuticos, com manipulação de fórmulas",Migração,True,False,False,SOMENTE SESI,1
04735910000416,Sociedade Cunha & Madureira Ltda,Não Indústria,4.Micro,"Comércio varejista de produtos farmacêuticos, com manipulação de fórmulas",Migração,True,False,False,SOMENTE SESI,1
04735979000105,Omena E Lima Ltda,Indústria,4.Micro,FABRICAÇÃO DE PRODUTOS DE PADARIA E CONFEITARIA COM PREDOMINÂNCIA DE PRODUÇÃO PRÓPRIA,Migração,True,False,False,SOMENTE SESI,1
04736001000150,Living Locacoes Ltda.,Nao Industria,3.Pequena,"Aluguel de móveis, utensílios e aparelhos de uso doméstico e pessoal; instrumentos musicais",Proposta,False,True,False,SOMENTE SENAI,1
04767762000179,Mercadao Das Miudezas E Papelaria Ltda,Não Indústria,4.Micro,Comercio varejista de artigos de armarinho,Migração,True,False,False,SOMENTE SESI,1
04769851000154,Erivaldo Da Costa,Indústria,4.Micro,Fabricação de outros produtos de metal não especificados anteriormente,Migração,True,False,False,SOMENTE SESI,1
04789378000177,Terral Corretora E Intermediacao De Negocios Ltda,Não Indústria,4.Micro,"Corretores e agentes de seguros, de planos de previdência complementar e de saúde",Migração,True,False,False,SOMENTE SESI,1
04790656000106,Abreu & Silva Distribuidor Ltda.,Não Indústria,3.Pequena,Comércio atacadista de materiais de construção em geral,Migração,True,False,False,SOMENTE SESI,1
04821392000100,Weldservice Ltda,Industria,3.Pequena,"SERVIÇOS DE USINAGEM, TORNEARIA E SOLDA",Proposta,False,True,False,SOMENTE SENAI,1
04834392000145,Brascar Locadora Ltda,Nao Industria,3.Pequena,Locação de automóveis sem condutor,Proposta,False,True,False,SOMENTE SENAI,1
04869169000214,Fertial-fertilizantes De Alagoas Ltda,Indústria,2.Média,"FABRICAÇÃO DE ADUBOS E FERTILIZANTES, EXCETO ORGANOMINERAIS",Proposta,True,False,False,SOMENTE SESI,1
04874651000161,Maria Das Gracas B. Santos,Não Indústria,4.Micro,Comércio varejista de artigos do vestuário e acessórios,Migração,True,False,False,SOMENTE SESI,1
04918610000120,Sao Luiz Industria E Comercio De Alimentos Ltda,Indústria,3.Pequena,FABRICAÇÃO DE PRODUTOS DE PANIFICAÇÃO INDUSTRIAL,Migração,True,False,False,SOMENTE SESI,1
04928281000106,Mervil - Mercantil Vieira Ltda,Não Indústria,1.Grande,Comércio atacadista de produtos alimentícios em geral,Proposta,True,False,False,SOMENTE SESI,1
05012368000193,Elg Pedestais Ltda,Não Indústria,3.Pequena,Comércio atacadista especializado em outros produtos intermediários não especificados anteriormente,Proposta,True,False,False,SOMENTE SESI,1
05042855000107,Aluisio Luis Dos Santos  Ltda,Não Indústria,3.Pequena,Comércio atacadista de produtos alimentícios em geral,Migração,True,False,False,SOMENTE SESI,1
05097317000101,Fazenda Timbauba Industria E Comercio Ltda,Indústria,3.Pequena,Fabricação de laticínios,Migração,True,False,False,SOMENTE SESI,1
05132476000108,Proteica Alimentos Limitada,Indústria,3.Pequena,Fabricação de alimentos para animais,Migração,True,False,False,SOMENTE SESI,1
05154589000449,Oliveira E Nobre Supermercado Ltda,Não Indústria,2.Média,"Comércio varejista de mercadorias em geral, com predominância de produtos alimentícios - supermercados",Proposta,True,False,False,SOMENTE SESI,1
05158542000291,Central Acucareira Usina Santa Maria S/a - Em Recuperacao Judicial,Indústria,1.Grande,Fabricação de açúcar em bruto,Proposta,True,False,False,SOMENTE SESI,1
05204509000170,Joplas Industrial Ltda,Industria,3.Pequena,Fabricação de laminados planos e tubulares de material plástico,Proposta,False,True,False,SOMENTE SENAI,1
05208211002505,In Haus Industrial E Servicos De Logistica S/a,Industria,2.Média,"Instalação e manutenção de sistemas centrais de ar condicionado, de ventilação e refrigeração",Migração,False,True,False,SOMENTE SENAI,1
05211421000185,Unipocos E Usinagem Ltda,Indústria,4.Micro,Perfuração e construção de poços de água,Proposta,True,False,False,SOMENTE SESI,1
05232382000100,Aguas Minerais Do Nordeste Ltda,Indústria,2.Média,Extração de outros minerais não-metálicos não especificados anteriormente,Migração,True,False,False,SOMENTE SESI,1
05325467000206,D A L Comercio Ltda,Não Indústria,4.Micro,"Comércio varejista de produtos farmacêuticos, sem manipulação de fórmulas",Proposta,True,False,False,SOMENTE SESI,1
05382505000181,"Art-nor Aratrop Nordeste Industrial, Comercial, Importadora E Exportadora Ltda.",Indústria,4.Micro,Fabricação de aditivos de uso industrial,Migração,True,False,False,SOMENTE SESI,1
05383352000197,Celso Luiz Vidal De Negreiros Piatti,Industria | Indústria,4.Micro,"Confecção, sob medida, de peças do vestuário, exceto roupas íntimas",Proposta,True,True,True,SESI + SENAI,2
05415557000107,L P Magicel Corretora E Administradora De Seguros Ltda,Não Indústria,2.Média,"Corretores e agentes de seguros, de planos de previdência complementar e de saúde",Proposta,True,False,False,SOMENTE SESI,1
05417572000194,Ww Industria Mecanica Ltda,Indústria,4.Micro,"Fabricação de motores e turbinas, peças e acessórios, exceto para aviões e veículos rodoviários",Migração,True,False,False,SOMENTE SESI,1
05419173000162,Luci Pereira Dos Santos,Não Indústria,4.Micro,Comércio atacadista de produtos alimentícios em geral,Migração,True,False,False,SOMENTE SESI,1
05439866000117,R W Alves,Industria,4.Micro,FABRICAÇÃO DE PRODUTOS DE PANIFICAÇÃO INDUSTRIAL,Migração,False,True,False,SOMENTE SENAI,1
05439911000133,Usitec Servicos E Comercio Ltda,Industria | Indústria,4.Micro,"SERVIÇOS DE USINAGEM, TORNEARIA E SOLDA",Migração | Proposta,True,True,True,SESI + SENAI,2
05467621000101,Wedical Industria E Comercio Ltda,Indústria,4.Micro,"Fabricação de cosméticos, produtos de perfumaria e de higiene pessoal",Migração,True,False,False,SOMENTE SESI,1
05481218000129,Nascimento & Falcao Ltda,Não Indústria,4.Micro,Comércio varejista de ferragens e ferramentas,Migração,True,False,False,SOMENTE SESI,1
05502102000129,Centro De Seguranca Veicular Ltda,Não Indústria,4.Micro,Testes e análises técnicas,Migração,True,False,False,SOMENTE SESI,1
05515590000109,Agropecuaria Novo Horizonte Ltda,Industria,4.Micro,Fabricação de laticínios,Proposta,False,True,False,SOMENTE SENAI,1
05539303000109,Sorvetes Kinata Ltda,Industria | Indústria,4.Micro,Fabricação de sorvetes e outros gelados comestíveis,Proposta,True,True,True,SESI + SENAI,2
05550193000178,Usiman Servicos & Engenharia Ltda,Indústria,4.Micro,Fabricação de estruturas metálicas,Migração,True,False,False,SOMENTE SESI,1
05559112000109,Nova Harcos Corretora De Seguros Ltda,Não Indústria,3.Pequena,"Corretores e agentes de seguros, de planos de previdência complementar e de saúde",Migração,True,False,False,SOMENTE SESI,1
05582326000198,Elo Engenharia Ltda,Industria | Indústria,4.Micro,Construção de edifícios,Migração | Proposta,True,True,True,SESI + SENAI,2
05605339000135,Claudoval Barbosa De Melo-panificacao,Indústria,4.Micro,FABRICAÇÃO DE PRODUTOS DE PANIFICAÇÃO INDUSTRIAL,Migração,True,False,False,SOMENTE SESI,1
05607666000126,Noel Nivaldo De Souza Moveis,Indústria,4.Micro,Fabricação de móveis com predominância de madeira,Migração,True,False,False,SOMENTE SESI,1
05612717000108,Energy Engenharia Ltda,Industria | Indústria,2.Média,Serviços de engenharia,Proposta,True,True,True,SESI + SENAI,2
05612717000450,Energy Engenharia Ltda,Industria,3.Pequena,"Fabricação de estruturas pré-moldadas de concreto armado, em série e sob encomenda",Migração,False,True,False,SOMENTE SENAI,1
05623256000179,Inside Sistemas Ltda,Indústria,2.Média,Desenvolvimento e licenciamento de programas de computador não-customizáveis,Proposta,True,False,False,SOMENTE SESI,1
05680391000156,Fsf Tecnologia S.a.,Industria | Indústria,2.Média,Serviços de comunicação multimídia - SCM,Proposta,True,True,True,SESI + SENAI,2
05693271000193,Panificacao Padre Cicero Ltda,Indústria,4.Micro,FABRICAÇÃO DE PRODUTOS DE PADARIA E CONFEITARIA COM PREDOMINÂNCIA DE PRODUÇÃO PRÓPRIA,Migração,True,False,False,SOMENTE SESI,1
05727414000130,Ana Maria Da Rocha Dos Santos,Indústria,4.Micro,FABRICAÇÃO DE PRODUTOS DE PANIFICAÇÃO INDUSTRIAL,Migração,True,False,False,SOMENTE SESI,1
05771122000103,Am Incorporacoes E Administracoes Ltda,Não Indústria,4.Micro,Serviços de sepultamento,Migração,True,False,False,SOMENTE SESI,1
05862270000125,Cape Aguas Nordeste Industria E Comercio Ltda,Indústria,3.Pequena,Fabricação de outros produtos químicos não especificados anteriormente,Migração,True,False,False,SOMENTE SESI,1
05863009000140,Synergia - Consultoria Urbana E Social Ltda.,Nao Industria,2.Média,Pesquisa e desenvolvimento experimental em ciências sociais e humanas,Proposta,False,True,False,SOMENTE SENAI,1
05873960000180,L S Moveis Ltda,Indústria,4.Micro,Fabricação de móveis com predominância de madeira,Migração,True,False,False,SOMENTE SESI,1
05898710000102,Ana Cristina Dos Santos Costa,Não Indústria,4.Micro,"Comércio varejista de suvenires, bijuterias e artesanatos",Migração,True,False,False,SOMENTE SESI,1
05900886000143,Escola Padre Pierre Vigne Ltda,Não Indústria,3.Pequena,Ensino fundamental,Migração,True,False,False,SOMENTE SESI,1
05902038000254,Iabs - Instituto Brasileiro De Desenvolvimento E Sustentabilidade,Não Indústria,4.Micro,Atividades de associações de defesa de direitos sociais,Migração,True,False,False,SOMENTE SESI,1
05913401000156,Acender Engenharia Ltda Em Recuperacao Judicial,Industria,2.Média,Instalação e manutenção elétrica,Proposta,False,True,False,SOMENTE SENAI,1
05925056000170,I. M. Da Silva Industria,Industria | Indústria,4.Micro,"Fabricação de especiarias, molhos, temperos e condimentos",Migração | Proposta,True,True,True,SESI + SENAI,2
05954139000198,Clinica De Cardiologia Avancada Ltda,Não Indústria,3.Pequena,Atividade médica ambulatorial com recursos para realização de exames complementares,Migração,True,False,False,SOMENTE SESI,1
05954139000279,Clinica De Cardiologia Avancada Ltda,Não Indústria,4.Micro,Atividade médica ambulatorial com recursos para realização de exames complementares,Migração,True,False,False,SOMENTE SESI,1
05957520000100,Karina F. Da S. C. De Aquino,Não Indústria,4.Micro,Comércio varejista de outros produtos não especificados anteriormente,Migração,True,False,False,SOMENTE SESI,1
05966389000148,L F M W Cartisano,Não Indústria,4.Micro,Comércio varejista de tintas e materiais para pintura,Migração,True,False,False,SOMENTE SESI,1
05972996000110,P D J A De Carvalho  Ltda,Indústria,4.Micro,"Confecção de roupas profissionais, exceto sob medida",Migração,True,False,False,SOMENTE SESI,1
05977510000137,Mineradora Aldebaran Ltda,Indústria,3.Pequena,Fabricação de águas envasadas,Migração,True,False,False,SOMENTE SESI,1
05996028000144,Varejao Dos Doces Ltda,Não Indústria,3.Pequena,"Comércio varejista de doces, balas, bombons e semelhantes",Migração,True,False,False,SOMENTE SESI,1
05996028000306,Varejao Dos Doces Ltda,Não Indústria,3.Pequena,"Comércio atacadista de chocolates, confeitos, balas, bombons e semelhantes",Migração,True,False,False,SOMENTE SESI,1
06007841000107,Brandao E Torres Construcoes Ltda.,Industria | Indústria,2.Média,Construção de edifícios,Migração,True,True,True,SESI + SENAI,2
06009273000183,Memorial Parque De Maceio Ltda,Não Indústria,3.Pequena,Gestão e manutenção de cemitérios,Migração,True,False,False,SOMENTE SESI,1
06034228000189,Plataforma Engenharia Ltda,Industria,2.Média,Construção de edifícios,Migração,False,True,False,SOMENTE SENAI,1
06043133000121,Gentil Aurelio Rodrigues,Indústria,4.Micro,Obras de acabamento em gesso e estuque,Proposta,True,False,False,SOMENTE SESI,1
06121325000109,Serquip Tratamentos Residuos Al Ltda,Indústria,3.Pequena,Coleta de resíduos não-perigosos,Proposta,True,False,False,SOMENTE SESI,1
06143647000159,Techplast Industria E Comercio De Plasticos Ltda,Indústria,3.Pequena,Fabricação de artefatos de material plástico para uso pessoal e doméstico,Proposta,True,False,False,SOMENTE SESI,1
06143647000230,Techplast Industria E Comercio De Plasticos Ltda,Industria | Indústria,2.Média,Recuperação de materiais não especificados anteriormente,Migração | Proposta,True,True,True,SESI + SENAI,2
06145615000192,Kaizen Industria E Comercio De Cosmeticos Ltda,Indústria,4.Micro,"Fabricação de cosméticos, produtos de perfumaria e de higiene pessoal",Migração,True,False,False,SOMENTE SESI,1
06161119000122,Q. Vieira Da Conceicao,Indústria,4.Micro,"Confecção, sob medida, de roupas profissionais",Migração,True,False,False,SOMENTE SESI,1
06171493000451,Mslog - Servicos De Logistica E Transporte Ltda,Nao Industria,3.Pequena,Organização logística do transporte de carga,Proposta,False,True,False,SOMENTE SENAI,1
06173511000191,Retrofit Engenharia De Servicos Ltda,Industria,3.Pequena,Construção de edifícios,Proposta,False,True,False,SOMENTE SENAI,1
06190387000172,Erisvaldo Luis Neto Ltda,Industria | Indústria,4.Micro,Fabricação de laticínios,Migração | Proposta,True,True,True,SESI + SENAI,2
06197766000194,H A Menezes Santos,Não Indústria,4.Micro,Comércio a varejo de peças e acessórios novos para veículos automotores,Migração,True,False,False,SOMENTE SESI,1
06204078000104,J S Oliveira Tropical Ltda,Indústria,3.Pequena,FABRICAÇÃO DE PRODUTOS DE PADARIA E CONFEITARIA COM PREDOMINÂNCIA DE PRODUÇÃO PRÓPRIA,Migração,True,False,False,SOMENTE SESI,1
06209606000118,Triunfo Pedras Ltda,Industria | Indústria,3.Pequena,Extração e britamento de pedras e outros materiais para construção e beneficiamento associado,Proposta,True,True,True,SESI + SENAI,2
06210697000101,K C A De Melo & Cia Ltda,Não Indústria,4.Micro,Atividades de monitoramento de sistemas de segurança eletrônico,Migração,True,False,False,SOMENTE SESI,1
06227963000109,Auto Viacao Mae Do Salvador Ltda,Não Indústria,4.Micro,"Transporte rodoviário coletivo de passageiros, com itinerário fixo, municipal",Migração,True,False,False,SOMENTE SESI,1
06228417000192,Madebras Atacado De Madeiras Ltda,Não Indústria,3.Pequena,Comércio atacadista de materiais de construção em geral,Migração,True,False,False,SOMENTE SESI,1
06248248000152,Sabalanga Produtos Agropecuarios Ltda,Nao Industria,2.Média,Criação de frangos para corte,Proposta,False,True,False,SOMENTE SENAI,1
06304474000103,Moura E Moura Servicos Medicos Ltda,Não Indústria,4.Micro,"Serviços de diagnóstico por registro gráfico - ECG, EEG e outros exames análogos",Migração,True,False,False,SOMENTE SESI,1
06325812000193,Frio Maximo Comercio De Pecas E Servicos Ltda,Indústria,4.Micro,"Serviços de instalação, manutenção e reparação de acessórios para veículos automotores",Migração,True,False,False,SOMENTE SESI,1
06326419000114,Acquaplan Tecnologia E Consultoria Ambiental Ltda,Não Indústria,4.Micro,"Outras atividades profissionais, científicas e técnicas não especificadas anteriormente",Proposta,True,False,False,SOMENTE SESI,1
06351389000104,Naturalia Aguas Minerais Ltda,Industria | Indústria,4.Micro,Fabricação de águas envasadas,Migração | Proposta,True,True,True,SESI + SENAI,2
06371307000185,Harcos Comercio E Servicos Ltda,Não Indústria,4.Micro,Promoção de vendas,Migração,True,False,False,SOMENTE SESI,1
06371307000347,Harcos Comercio E Servicos Ltda,Não Indústria,4.Micro,Promoção de vendas,Migração,True,False,False,SOMENTE SESI,1
06371307000509,Harcos Comercio E Servicos Ltda,Não Indústria,4.Micro,Promoção de vendas,Migração,True,False,False,SOMENTE SESI,1
06371307000690,Harcos Comercio E Servicos Ltda,Não Indústria,4.Micro,"Atividades de intermediação e agenciamento de serviços e negócios em geral, exceto imobiliários",Migração,True,False,False,SOMENTE SESI,1
06371307000770,Harcos Comercio E Servicos Ltda,Não Indústria,4.Micro,"Atividades de intermediação e agenciamento de serviços e negócios em geral, exceto imobiliários",Migração,True,False,False,SOMENTE SESI,1
06371307000851,Harcos Comercio E Servicos Ltda,Não Indústria,4.Micro,Promoção de vendas,Migração,True,False,False,SOMENTE SESI,1
06371307001580,Harcos Comercio E Servicos Ltda,Não Indústria,4.Micro,Promoção de vendas,Migração,True,False,False,SOMENTE SESI,1
06371307001742,Harcos Comercio E Servicos Ltda,Não Indústria,4.Micro,Promoção de vendas,Migração,True,False,False,SOMENTE SESI,1
06371307001823,Harcos Comercio E Servicos Ltda,Não Indústria,4.Micro,Promoção de vendas,Migração,True,False,False,SOMENTE SESI,1
06371307001904,Harcos Comercio E Servicos Ltda,Não Indústria,4.Micro,Promoção de vendas,Migração,True,False,False,SOMENTE SESI,1
06371325000167,Masterop Operadora Turistica Ltda,Não Indústria,3.Pequena,Agências de viagens,Migração,True,False,False,SOMENTE SESI,1
06372095000150,W.l.monteiro,Não Indústria,4.Micro,"Comércio atacadista de combustíveis de origem vegetal, exceto álcool carburante",Migração,True,False,False,SOMENTE SESI,1
06698221000161,Tempermac Vidros Temperados De Maceio Ltda,Industria,3.Pequena,Fabricação de vidro plano e de segurança,Proposta,False,True,False,SOMENTE SENAI,1
06931419000143,Escola Pequenos Brilhantes Ltda,Não Indústria,4.Micro,Ensino fundamental,Migração,True,False,False,SOMENTE SESI,1
06937784000165,Solidez Engenharia Ltda,Industria,2.Média,Construção de edifícios,Proposta,False,True,False,SOMENTE SENAI,1
06943858000176,Contemporanea Arquitetura E Construcoes Ltda,Industria,3.Pequena,Construção de edifícios,Proposta,False,True,False,SOMENTE SENAI,1
06964752000159,P3 Engenharia Eletrica Ltda,Indústria,2.Média,Serviços de engenharia,Proposta,True,False,False,SOMENTE SESI,1
06980064001073,Nacional Gas Butano Distribuidora Ltda,Nao Industria,3.Pequena,Comércio varejista de gás liqüefeito de petróleo (GLP),Proposta,False,True,False,SOMENTE SENAI,1
07036026000139,Igreja Batista El Shadday De Arapiraca,Não Indústria,4.Micro,Atividades de organizações religiosas,Migração,True,False,False,SOMENTE SESI,1
07042588000195,Bomfim & Jatoba Advogados Associados,Não Indústria,4.Micro,Serviços advocatícios,Migração,True,False,False,SOMENTE SESI,1
07051560000114,Cemi - Com. De Equipamentos E Manutencao Em Informatica Ltda,Não Indústria,4.Micro,Recarga de cartuchos para equipamentos de informática,Migração,True,False,False,SOMENTE SESI,1
07103225000112,Empresa Brasileira De Construcao Ltda,Industria,3.Pequena,Construção de edifícios,Proposta,False,True,False,SOMENTE SENAI,1
07111432000380,Ceramica Capelli Ltda,Industria,3.Pequena,"Fabricação de artefatos de cerâmica e barro cozido para uso na construção, exceto azulejos e pisos",Proposta,False,True,False,SOMENTE SENAI,1
07119626000160,Bdo Rcs Gestao Empresarial Ltda,Não Indústria,4.Micro,"Atividades de consultoria em gestão empresarial, exceto consultoria técnica específica",Proposta,True,False,False,SOMENTE SESI,1
07149307000521,Confeccoes Nobrega Ltda,Indústria,4.Micro,"Confecção de peças do vestuário, exceto roupas íntimas e as confeccionadas sob medida",Migração,True,False,False,SOMENTE SESI,1
07196033005590,Norsa Refrigerantes S.a,Indústria,1.Grande,Fabricação de refrigerantes,Proposta,True,False,False,SOMENTE SESI,1
07246670000131,S. C. Do Carmo Confeccoes,Industria | Indústria,3.Pequena,Confecção de roupas íntimas,Migração | Proposta,True,True,True,SESI + SENAI,2
07250211000121,Panificacao Jeronimo Ltda,Industria | Indústria,3.Pequena,FABRICAÇÃO DE PRODUTOS DE PANIFICAÇÃO INDUSTRIAL,Proposta,True,True,True,SESI + SENAI,2
07256880000100,Germano Regueira Advogados,Não Indústria,4.Micro,Serviços advocatícios,Migração,True,False,False,SOMENTE SESI,1
07302129000101,J. C. Da Silva & Silva Ltda,Não Indústria,3.Pequena,Serviços combinados de escritório e apoio administrativo,Migração,True,False,False,SOMENTE SESI,1
07326239000103,C H Sampaio,Não Indústria,4.Micro,Comércio varejista de calçados,Migração,True,False,False,SOMENTE SESI,1
07337276000109,Shl-servicos De Hospedagens Ltda,Não Indústria,2.Média,Hotéis,Proposta,True,False,False,SOMENTE SESI,1
07355891000148,Almar Pesquisa E Desenvolvimento Experimental Em Ciencias Fisicas E Naturais Ltda,Não Indústria,4.Micro,Pesquisa e desenvolvimento experimental em ciências físicas e naturais,Migração,True,False,False,SOMENTE SESI,1
07389665000188,F C K Construcoes E Incorporacoes Ltda,Indústria,4.Micro,Construção de edifícios,Migração,True,False,False,SOMENTE SESI,1
07431747000143,Comferral Comercio De Ferragens Ltda,Nao Industria,4.Micro,Comércio atacadista de ferragens e ferramentas,Proposta,False,True,False,SOMENTE SENAI,1
07471959000154,Escola De Educacao Basica Millenium Ltda,Não Indústria,4.Micro,Ensino fundamental,Proposta,True,False,False,SOMENTE SESI,1
07472625000103,Reciclal Industria E Comercio De Metais Ltda,Não Indústria,4.Micro,Comércio atacadista de resíduos e sucatas metálicos,Migração,True,False,False,SOMENTE SESI,1
07478417000103,Metro Engenharia E Consultoria Ltda,Industria,1.Grande,Construção de edifícios,Migração,False,True,False,SOMENTE SENAI,1
07480558000160,Clinilar Home Care Ltda,Não Indústria,4.Micro,Atividades de fornecimento de infra-estrutura de apoio e assistência a paciente no domicílio,Migração,True,False,False,SOMENTE SESI,1
07502493000107,Art Moveis Ltda,Industria | Indústria,4.Micro,Fabricação de móveis com predominância de madeira,Migração | Proposta,True,True,True,SESI + SENAI,2
07509781000193,Mult Construcoes Ltda,Indústria,3.Pequena,Administração de obras,Migração,True,False,False,SOMENTE SESI,1
07510298000129,"Unipesca-producao, Industria & Comercio De Pescados Ltda",Indústria,4.Micro,"Fabricação de conservas de peixes, crustáceos e moluscos",Migração,True,False,False,SOMENTE SESI,1
07522191004430,Rip Servicos Industriais Ltda,Industria | Indústria,2.Média,Outras obras de engenharia civil não especificadas anteriormente,Proposta,True,True,True,SESI + SENAI,2
07524928000114,Constru Servicos De Telecomunicacoes Ltda,Indústria,3.Pequena,Construção de estações e redes de telecomunicações,Migração,True,False,False,SOMENTE SESI,1
07648847000126,Arraes Comercio De Pecas E Servicos Automotivos Ltda,Não Indústria,4.Micro,Comércio a varejo de peças e acessórios novos para veículos automotores,Migração,True,False,False,SOMENTE SESI,1
07670835000106,J D Da Silva Servicos,Indústria,4.Micro,Obras de alvenaria,Migração,True,False,False,SOMENTE SESI,1
07675759000113,G M Dos Santos Panificacao,Indústria,4.Micro,FABRICAÇÃO DE PRODUTOS DE PANIFICAÇÃO INDUSTRIAL,Migração,True,False,False,SOMENTE SESI,1
07678205000170,Empretec Construcoes Ltda,Indústria,4.Micro,Construção de edifícios,Proposta,True,False,False,SOMENTE SESI,1
07771407000161,Comercial Popular Ltda,Não Indústria,3.Pequena,"Comércio varejista de mercadorias em geral, com predominância de produtos alimentícios - supermercados",Migração,True,False,False,SOMENTE SESI,1
07811608000145,Sol Salinas Hotelaria E Servicos Ltda.,Nao Industria,2.Média,Hotéis,Proposta,False,True,False,SOMENTE SENAI,1
07849197000187,Diniz & Rocha Ltda,Não Indústria,4.Micro,"Lanchonetes, casas de chá, de sucos e similares",Migração,True,False,False,SOMENTE SESI,1
07849197000349,Diniz & Rocha Ltda,Não Indústria,4.Micro,"Lanchonetes, casas de chá, de sucos e similares",Migração,True,False,False,SOMENTE SESI,1
07868323000140,Macro Empreendimentos Ltda,Industria,4.Micro,Preparação de canteiro e limpeza de terreno,Proposta,False,True,False,SOMENTE SENAI,1
07982350000140,Silva E Simiao Ltda,Não Indústria,4.Micro,Comércio varejista de materiais de construção em geral,Migração,True,False,False,SOMENTE SESI,1
08013954000140,Padrao Uniformes Industria E Comercio De Confeccoes De Roupas Ltda,Indústria,4.Micro,Confecção de roupas íntimas,Migração,True,False,False,SOMENTE SESI,1
08014225000109,Albatroz Industria E Comercio De Confeccoes De Roupas Ltda,Indústria,4.Micro,Confecção de roupas íntimas,Migração,True,False,False,SOMENTE SESI,1
08049154000856,M3 Tecnologia Ltda,Industria,4.Micro,Outras atividades de telecomunicações não especificadas anteriormente,Proposta,False,True,False,SOMENTE SENAI,1
08075562000106,Pousada Sonho Meu Ltda,Não Indústria,4.Micro,Hotéis,Migração,True,False,False,SOMENTE SESI,1
08092429000168,Pinheiro Empreendimentos Turisticos Ltda,Não Indústria,4.Micro,Hotéis,Migração,True,False,False,SOMENTE SESI,1
08099802000102,Jose Afonso Dos Anjos,Não Indústria,4.Micro,Comércio varejista de equipamentos para escritório,Migração,True,False,False,SOMENTE SESI,1
08172791000149,Bento E Bispo Teleinformatica Ltda,Indústria,4.Micro,Serviços de comunicação multimídia - SCM,Migração,True,False,False,SOMENTE SESI,1
08183359000153,Prodiet Nutricao Clinica S.a,Indústria,2.Média,Fabricação de outros produtos alimentícios não especificados anteriormente,Proposta,True,False,False,SOMENTE SESI,1
08188552000187,Intimos Industria E Comercio De Confeccoes De Roupas Ltda,Indústria,4.Micro,Confecção de roupas íntimas,Migração,True,False,False,SOMENTE SESI,1
08282818000156,Alfa Empreendimentos E Participacoes S.a,Não Indústria,3.Pequena,Holdings de instituições não-financeiras,Proposta,True,False,False,SOMENTE SESI,1
08295507000121,Tecelagem Alagoana Ltda,Indústria,4.Micro,Fabricação de artefatos de tapeçaria,Migração,True,False,False,SOMENTE SESI,1
08295518000101,P Castro Refrigeracao Ltda,Industria,4.Micro,"Instalação e manutenção de sistemas centrais de ar condicionado, de ventilação e refrigeração",Proposta,False,True,False,SOMENTE SENAI,1
08295547000173,Wagner Cabral Empreendimentos Ltda.,Indústria,2.Média,Incorporação de empreendimentos imobiliários,Migração,True,False,False,SOMENTE SESI,1
08342516000126,Sabor De Minas Comercio Ltda,Não Indústria,4.Micro,Restaurantes e similares,Migração,True,False,False,SOMENTE SESI,1
08343492000120,Mrv Engenharia E Participacoes Sa,Industria,1.Grande,Incorporação de empreendimentos imobiliários,Proposta,False,True,False,SOMENTE SENAI,1
08343492011164,Mrv Engenharia E Participacoes Sa,Industria,2.Média,Incorporação de empreendimentos imobiliários,Proposta,False,True,False,SOMENTE SENAI,1
08364485000295,Nova Empreendimentos Hoteleiros Ltda,Não Indústria,3.Pequena,Hotéis,Migração,True,False,False,SOMENTE SESI,1
08401328000121,Centro Pedagogico Ensinar E Construir Ltda,Não Indústria,3.Pequena,Ensino fundamental,Migração,True,False,False,SOMENTE SESI,1
08413825000140,Pimentel Lopes Engenharia E Arquitetura Ltda,Indústria,3.Pequena,Serviços de engenharia,Migração,True,False,False,SOMENTE SESI,1
08414691000181,Verissimo E Holanda Ltda,Nao Industria,3.Pequena,"Aluguel de máquinas e equipamentos para construção sem operador, exceto andaimes",Migração,False,True,False,SOMENTE SENAI,1
08435257000188,Hidro Solo Industria E Comercio Ltda,Indústria,3.Pequena,"Fabricação de equipamentos para irrigação agrícola, peças e acessórios",Migração,True,False,False,SOMENTE SESI,1
08441909000197,Elvio Omena De Lima,Indústria,4.Micro,FABRICAÇÃO DE PRODUTOS DE PADARIA E CONFEITARIA COM PREDOMINÂNCIA DE PRODUÇÃO PRÓPRIA,Migração,True,False,False,SOMENTE SESI,1
08445132000139,V2 Construcoes Ltda,Indústria,2.Média,Construção de edifícios,Migração,True,False,False,SOMENTE SESI,1
08446312000135,P R A De Carvalho,Indústria,4.Micro,"Confecção de roupas profissionais, exceto sob medida",Proposta,True,False,False,SOMENTE SESI,1
08465020000140,J. F. Cavalcante Panificacao,Indústria,4.Micro,FABRICAÇÃO DE PRODUTOS DE PANIFICAÇÃO INDUSTRIAL,Migração,True,False,False,SOMENTE SESI,1
08467115000100,Companhia Estadual De Distribuicao De Energia Eletrica - Ceee-d,Indústria,3.Pequena,Distribuição de energia elétrica,Proposta,True,False,False,SOMENTE SESI,1
08474125000165,Aderaldo Teixeira Neves,Não Indústria,4.Micro,"Comércio varejista de mercadorias em geral, com predominância de produtos alimentícios - minimercados, mercearias e armazéns",Migração,True,False,False,SOMENTE SESI,1
08478265000101,Construtora Camelo Ltda,Indústria,3.Pequena,Construção de edifícios,Migração,True,False,False,SOMENTE SESI,1
08488348000181,Serpecas Alagoas Implementos Rodoviarios Ltda,Industria,4.Micro,"Fabricação de cabines, carrocerias e reboques para caminhões",Proposta,False,True,False,SOMENTE SENAI,1
08507416000102,Tmk Servicos E Montagens Ltda,Indústria,4.Micro,Construção de estações e redes de distribuição de energia elétrica,Proposta,True,False,False,SOMENTE SESI,1
08509161000117,Terra Nossa Construcoes E Incorporacoes Ltda,Indústria,4.Micro,Construção de edifícios,Migração,True,False,False,SOMENTE SESI,1
08511719000107,Frut S Industria E Comercio De Gelados De Alagoas Ltda,Industria | Indústria,2.Média,Fabricação de sorvetes e outros gelados comestíveis,Migração,True,True,True,SESI + SENAI,2
08513910000180,Armazem Comercio E Imp De Material De Construcao Ltda,Não Indústria,3.Pequena,Comércio varejista de materiais de construção em geral,Migração,True,False,False,SOMENTE SESI,1
08531946000196,Eme's Cargas Aereas Ltda,Não Indústria,4.Micro,"Transporte rodoviário de carga, exceto produtos perigosos e mudanças, municipal",Migração,True,False,False,SOMENTE SESI,1
08611923000191,Irmaos Torres Ltda,Industria | Indústria,4.Micro,FABRICAÇÃO DE PRODUTOS DE PANIFICAÇÃO INDUSTRIAL,Migração | Proposta,True,True,True,SESI + SENAI,2
08614679000110,Real Arapiraca Viacao Ltda,Não Indústria,3.Pequena,"Transporte rodoviário coletivo de passageiros, com itinerário fixo, municipal",Migração,True,False,False,SOMENTE SESI,1
08616161000116,Panificacao Santa Fernanda Ltda,Indústria,4.Micro,FABRICAÇÃO DE PRODUTOS DE PANIFICAÇÃO INDUSTRIAL,Migração,True,False,False,SOMENTE SESI,1
08618746000175,Centro Educacional Santa Terezinha Ltda,Nao Industria,3.Pequena,Ensino fundamental,Proposta,False,True,False,SOMENTE SENAI,1
08623589000196,J Jakson P Da Silva,Não Indústria,4.Micro,Apicultura,Migração,True,False,False,SOMENTE SESI,1
08629693000198,Associacao Do Pessoal Da Caixa Economica Federal,Não Indústria,4.Micro,"Clubes sociais, esportivos e similares",Migração,True,False,False,SOMENTE SESI,1
08650571000183,Mineracao Vale Verde Do Brasil Ltda.,Industria | Indústria,2.Média,Extração de minério de metais preciosos,Migração,True,True,True,SESI + SENAI,2
08656732000146,G De Almeida Oliveira,Industria | Indústria,4.Micro,"Fabricação de artefatos diversos de madeira, exceto móveis",Migração | Proposta,True,True,True,SESI + SENAI,2
08661067000189,Organicos Ambiental Consultoria Auditoria E Servicos Ltda,Não Indústria,4.Micro,Testes e análises técnicas,Migração,True,False,False,SOMENTE SESI,1
08680499000137,Map Industria E Comercio De Condimentos E Plasticos Ltda,Indústria,4.Micro,Fabricação de vinagres,Migração,True,False,False,SOMENTE SESI,1
08695037000193,Gold Cafes Ltda,Industria | Indústria,4.Micro,Torrefação e moagem de café,Migração | Proposta,True,True,True,SESI + SENAI,2
08726496000197,Engeko Engenharia E Construcao Ltda,Industria,3.Pequena,Construção de edifícios,Proposta,False,True,False,SOMENTE SENAI,1
08729141000151,"Pena Distribuidora, Importacao E Exportacao Ltda",Não Indústria,2.Média,Comércio atacadista de produtos alimentícios em geral,Migração,True,False,False,SOMENTE SESI,1
08789800000145,Cad Solucoes Em Engenharia Ltda,Industria,3.Pequena,Instalação e manutenção elétrica,Proposta,False,True,False,SOMENTE SENAI,1
08805492000102,Frigohard Refrigeracao E Servicos Ltda,Indústria,4.Micro,Fabricação de gelo comum,Migração,True,False,False,SOMENTE SESI,1
08840071000104,Av Gestao Empresarial Ltda,Não Indústria,3.Pequena,"Atividades de consultoria em gestão empresarial, exceto consultoria técnica específica",Migração,True,False,False,SOMENTE SESI,1
08840340000132,Replast Industria E Comercio Ltda,Indústria,2.Média,Fabricação de embalagens de material plástico,Migração,True,False,False,SOMENTE SESI,1
08850788000137,A C Locadora De Transportes Ltda,Não Indústria,3.Pequena,Operadores turísticos,Migração,True,False,False,SOMENTE SESI,1
08862530000150,Tigre Materiais E Solucoes Para Construcao Ltda.,Indústria,1.Grande,Fabricação de tubos e acessórios de material plástico para uso na construção,Proposta,True,False,False,SOMENTE SESI,1
08898820000154,Assistence Engenharia Ltda,Industria,3.Pequena,Construção de edifícios,Proposta,False,True,False,SOMENTE SENAI,1
08900689000112,J.r.feyh & Cia Ltda,Industria,3.Pequena,Construção de estações e redes de distribuição de energia elétrica,Proposta,False,True,False,SOMENTE SENAI,1
08911577000167,Cbe - Companhia Brasileira De Esquadrias Ltda,Indústria,4.Micro,Fabricação de esquadrias de madeira e de peças de madeira para instalações industriais e comerciais,Migração,True,False,False,SOMENTE SESI,1
08917765000100,Coisa De Casa Magazine Ltda,Não Indústria,4.Micro,Comércio varejista de outros artigos de uso doméstico não especificados anteriormente,Migração,True,False,False,SOMENTE SESI,1
08923450000168,Congregacao Das Irmas Franciscanas De Santo Antonio,Não Indústria,4.Micro,Atividades de associações de defesa de direitos sociais,Migração,True,False,False,SOMENTE SESI,1
08943210000125,Silvano Lazaro Da Silva Ltda,Industria | Indústria,4.Micro,Fabricação de sorvetes e outros gelados comestíveis,Migração,True,True,True,SESI + SENAI,2
08962155000110,Nordeste Moveis Ltda,Industria,3.Pequena,Fabricação de móveis com predominância de madeira,Proposta,False,True,False,SOMENTE SENAI,1
08973574000158,Cordial Sociedade Beneficente Do Coracao De Alagoas,Não Indústria,3.Pequena,Atividades associativas não especificadas anteriormente,Migração,True,False,False,SOMENTE SESI,1
08986384000175,H R Cabral De Vasconcellos Neto  Ltda,Indústria,4.Micro,Serviços de operação e fornecimento de equipamentos para transporte e elevação de cargas e pessoas para uso em obras,Migração,True,False,False,SOMENTE SESI,1
08995670000105,Ceramica Esperanca Ltda,Indústria,4.Micro,"Fabricação de artefatos de cerâmica e barro cozido para uso na construção, exceto azulejos e pisos",Migração,True,False,False,SOMENTE SESI,1
09002715000158,Centro Automotivo Monam - Ltda,Indústria,4.Micro,Serviços de manutenção e reparação mecânica de veículos automotores,Migração,True,False,False,SOMENTE SESI,1
09066964000107,Alianca Construcoes Ltda,Industria | Indústria,2.Média,Construção de edifícios,Migração | Proposta,True,True,True,SESI + SENAI,2
09102299000160,Melo & Calheiros Comercio E Servicos Ltda,Não Indústria,4.Micro,"Comércio varejista de cosméticos, produtos de perfumaria e de higiene pessoal",Migração,True,False,False,SOMENTE SESI,1
09114805000211,Oceanpact Servicos Maritimos S.a.,Não Indústria,4.Micro,Navegação de apoio marítimo,Proposta,True,False,False,SOMENTE SESI,1
09116721000136,J. R. Ribeiro Auto Pecas Ltda,Não Indústria,4.Micro,Comércio a varejo de peças e acessórios novos para veículos automotores,Migração,True,False,False,SOMENTE SESI,1
09143357000101,Arafort Piscinas E Materiais De Construcao Ltda,Não Indústria,4.Micro,Comércio varejista de materiais de construção em geral,Migração,True,False,False,SOMENTE SESI,1
09158215000100,Ana Maria Da R. Silva Panificacao Ltda,Indústria,4.Micro,FABRICAÇÃO DE PRODUTOS DE PANIFICAÇÃO INDUSTRIAL,Migração,True,False,False,SOMENTE SESI,1
09167697000164,Cedro Alimentos & Bebidas Ltda,Não Indústria,3.Pequena,Restaurantes e similares,Migração,True,False,False,SOMENTE SESI,1
09168566000100,Adrenalina Net Ltda,Indústria,4.Micro,Serviços de comunicação multimídia - SCM,Migração,True,False,False,SOMENTE SESI,1
09232993000100,Evandro V Lima Panificacao Ltda.,Industria,4.Micro,FABRICAÇÃO DE PRODUTOS DE PANIFICAÇÃO INDUSTRIAL,Migração,False,True,False,SOMENTE SENAI,1
09259936000106,Servimec Servicos Mecanicos E Eletricos Ltda,Indústria,3.Pequena,Manutenção e reparação de veículos ferroviários,Proposta,True,False,False,SOMENTE SESI,1
09318807000141,Industria E Comercio De Pedras Jidearts Ltda,Industria | Indústria,4.Micro,"Aparelhamento de placas e execução de trabalhos em mármore, granito, ardósia e outras pedras",Migração,True,True,True,SESI + SENAI,2
09338997000169,System 2000 Centro De Idiomas Ltda,Não Indústria,3.Pequena,Ensino de idiomas,Migração,True,False,False,SOMENTE SESI,1
09341637000116,Delfos Locacoes Ltda,Não Indústria,4.Micro,"Aluguel de outras máquinas e equipamentos comerciais e industriais não especificados anteriormente, sem operador",Migração,True,False,False,SOMENTE SESI,1
09342379000192,Industria De Laticinios Palmeira Dos Indios S/a Ilpisa - Em Recuperacao Judicial,Indústria,2.Média,Preparação do leite,Migração,True,False,False,SOMENTE SESI,1
09344391000217,Hotel Costa Azul S A,Nao Industria,3.Pequena,Hotéis,Proposta,False,True,False,SOMENTE SENAI,1
09350655000164,Alves E Siqueira Ltda,Indústria,4.Micro,Instalação e manutenção elétrica,Migração,True,False,False,SOMENTE SESI,1
09352645000168,Cooperativa De Trabalho Dos Fisioterapeutas De Alagoas - Fisiocoop,Não Indústria,4.Micro,Atividades de fisioterapia,Migração,True,False,False,SOMENTE SESI,1
09358384000193,Aleplast Comercio De Produtos Descartaveis Ltda,Não Indústria,2.Média,Comércio varejista de outros produtos não especificados anteriormente,Migração,True,False,False,SOMENTE SESI,1
09361765000121,Cedro Assessoria E Administracao De Hoteis De Maceio Ltda,Não Indústria,4.Micro,Hotéis,Migração,True,False,False,SOMENTE SESI,1
09378950000129,Nsa Distribuidora Ltda,Não Indústria,4.Micro,Comércio atacadista de produtos alimentícios em geral,Migração,True,False,False,SOMENTE SESI,1
09411692000135,Engematloc - Terraplenagem E Locacoes Ltda,Industria,3.Pequena,Construção de edifícios,Proposta,False,True,False,SOMENTE SENAI,1
09423483000101,Associacao Madre Esperanca,Nao Industria,4.Micro,Atividades de associações de defesa de direitos sociais,Migração,False,True,False,SOMENTE SENAI,1
09426272000122,Podium Engenharia Ltda,Indústria,2.Média,Construção de edifícios,Proposta,True,False,False,SOMENTE SESI,1
09428526000141,"Pajucara Editora, Internet E Eventos Ltda",Não Indústria,3.Pequena,"Portais, provedores de conteúdo e outros serviços de informação na internet",Migração,True,False,False,SOMENTE SESI,1
09438676000136,Tucci E Pontual Servicos Ltda,Não Indústria,4.Micro,Lavanderias,Migração,True,False,False,SOMENTE SESI,1
09473889000107,Trusty Servicos E Comercio Ltda,Indústria,4.Micro,Perfurações e sondagens,Proposta,True,False,False,SOMENTE SESI,1
09498666000196,Narayana Provedor De Internet Ltda,Indústria,3.Pequena,Provedores de acesso às redes de comunicações,Migração,True,False,False,SOMENTE SESI,1
09511455000146,Sichuan Restaurantes Ltda,Não Indústria,4.Micro,Restaurantes e similares,Migração,True,False,False,SOMENTE SESI,1
09520287000155,Adequa Assessoria E Consultoria Em Controle De Qualidade De Alimentos Ltda.,Nao Industria,4.Micro,Treinamento em desenvolvimento profissional e gerencial,Proposta,False,True,False,SOMENTE SENAI,1
09555120000120,M. W. Industria E Empreendimentos Ltda,Indústria,2.Média,Moagem e fabricação de produtos de origem vegetal não especificados anteriormente,Migração,True,False,False,SOMENTE SESI,1
09558134000288,Via Ambiental Engenharia E Servicos Ltda,Indústria,1.Grande,Coleta de resíduos não-perigosos,Proposta,True,False,False,SOMENTE SESI,1
09571854000100,59 Batalhao De Infantaria Motorizado,Nao Industria,4.Micro,Defesa,Migração,False,True,False,SOMENTE SENAI,1
09597651000185,Lyra & Paes Produtos Farmaceuticos Ltda,Não Indústria,4.Micro,"Comércio varejista de produtos farmacêuticos, com manipulação de fórmulas",Migração,True,False,False,SOMENTE SESI,1
09597731000130,G Do Nascimento - Pecas,Não Indústria,3.Pequena,Comércio a varejo de peças e acessórios novos para veículos automotores,Migração,True,False,False,SOMENTE SESI,1
09601087000127,Loja Do Posto Comercio E Servicos Ltda,Não Indústria,4.Micro,Comércio varejista de ferragens e ferramentas,Migração,True,False,False,SOMENTE SESI,1
09601934000153,Gases Do Agreste Comercio E Transporte Ltda,Não Indústria,4.Micro,Transporte rodoviário de produtos perigosos,Migração,True,False,False,SOMENTE SESI,1
09622027000190,Aglay M C Viana Panificacao,Indústria,4.Micro,FABRICAÇÃO DE PRODUTOS DE PANIFICAÇÃO INDUSTRIAL,Migração,True,False,False,SOMENTE SESI,1
09624655000105,Verdi Ambiental Ltda,Indústria,4.Micro,Coleta de resíduos não-perigosos,Migração,True,False,False,SOMENTE SESI,1
09813009000196,Alvaro Jose Do Monte Vasconcelos,Não Indústria,4.Micro,Criação de frangos para corte,Proposta,True,False,False,SOMENTE SESI,1
09814493000178,Carlos Henrique Alves Da Silva,Nao Industria,4.Micro,Comércio a varejo de peças e acessórios novos para veículos automotores,Proposta,False,True,False,SOMENTE SENAI,1
10145486000100,Plastmarc Comercio E Industria De Material Plastico Ltda,Industria | Indústria,3.Pequena,Recuperação de materiais plásticos,Proposta,True,True,True,SESI + SENAI,2
10198241000140,E F Guedes,Não Indústria,4.Micro,Comércio a varejo de peças e acessórios novos para veículos automotores,Migração,True,False,False,SOMENTE SESI,1
10198241000221,E F Guedes,Não Indústria,4.Micro,Comércio a varejo de peças e acessórios novos para veículos automotores,Migração,True,False,False,SOMENTE SESI,1
10220039007423,Oeci S.a Em Recuperacao Judicial,Industria,2.Média,Construção de obras-de-arte especiais,Migração,False,True,False,SOMENTE SENAI,1
10238512000144,Profiber Telecom Ltda,Indústria,4.Micro,Serviços de comunicação multimídia - SCM,Migração,True,False,False,SOMENTE SESI,1
10299764000183,Lyra & Santos Industria E Comercio De Marmores E Granitos Ltda,Indústria,3.Pequena,"Aparelhamento de placas e execução de trabalhos em mármore, granito, ardósia e outras pedras",Migração,True,False,False,SOMENTE SESI,1
10306633000186,P De Carvalho Silva Servicos Ltda,Não Indústria,3.Pequena,Seleção e agenciamento de mão-de-obra,Migração,True,False,False,SOMENTE SESI,1
10325863000192,Claudivaldo Bezerra Lima,Indústria,4.Micro,Fabricação de laticínios,Migração,True,False,False,SOMENTE SESI,1
10331633000136,Rad - Radiologia Diagnostica Ltda,Não Indústria,4.Micro,Serviços de ressonância magnética,Migração,True,False,False,SOMENTE SESI,1
10340747000142,Guerrero Construtora E Empreendimentos Ltda,Industria,3.Pequena,Construção de estações e redes de distribuição de energia elétrica,Proposta,False,True,False,SOMENTE SENAI,1
10368560000157,L.a.f. Marketing E Servicos Ltda,Não Indústria,4.Micro,Marketing direto,Migração,True,False,False,SOMENTE SESI,1
10412434000152,Emsercol - Empresa Sergipana De Contrucao E Limpeza Ltda,Indústria,2.Média,Construção de edifícios,Proposta,True,False,False,SOMENTE SESI,1
10412434000233,Emsercol - Empresa Sergipana De Contrucao E Limpeza Ltda,Indústria,2.Média,Construção de edifícios,Proposta,True,False,False,SOMENTE SESI,1
10415021000121,Marta Araujo Sampaio Padilha,Indústria,4.Micro,FABRICAÇÃO DE PRODUTOS DE PANIFICAÇÃO INDUSTRIAL,Migração,True,False,False,SOMENTE SESI,1
10438518000165,Plasfilm Comercio E Servicos Graficos Ltda,Indústria,4.Micro,Impressão de material para outros usos,Migração,True,False,False,SOMENTE SESI,1
10445683000144,Lucas Vagner Dos Santos Comercio,Não Indústria,4.Micro,Comércio varejista de ferragens e ferramentas,Migração,True,False,False,SOMENTE SESI,1
10472933000135,Texas Industrial S/a,Indústria,3.Pequena,"Fabricação de motores e turbinas, peças e acessórios, exceto para aviões e veículos rodoviários",Migração,True,False,False,SOMENTE SESI,1
10474868000187,Associacao Dos Proprietarios E/ou Moradores Do Loteamento Residencial Aldeia Do Vale,Não Indústria,4.Micro,Atividades associativas não especificadas anteriormente,Migração,True,False,False,SOMENTE SESI,1
10485700000843,M H Servicos Ltda,Indústria,3.Pequena,Fornecimento de alimentos preparados preponderantemente para empresas,Migração,True,False,False,SOMENTE SESI,1
10485700000924,M H Servicos Ltda,Indústria,3.Pequena,Fornecimento de alimentos preparados preponderantemente para empresas,Migração,True,False,False,SOMENTE SESI,1
10485700001068,M H Servicos Ltda,Indústria,4.Micro,Fornecimento de alimentos preparados preponderantemente para empresas,Migração,True,False,False,SOMENTE SESI,1
10485700001220,M H Servicos Ltda,Indústria,4.Micro,Fornecimento de alimentos preparados preponderantemente para empresas,Migração,True,False,False,SOMENTE SESI,1
10494027000131,Lopes E Teixeira Alimentos E Bebidas Ltda,Não Indústria,3.Pequena,Restaurantes e similares,Migração,True,False,False,SOMENTE SESI,1
10500326000131,Madeiras Do Brasil Do Agreste Ltda,Não Indústria,3.Pequena,Comércio varejista de madeira e artefatos,Migração,True,False,False,SOMENTE SESI,1
10530141000170,Mundau Comercio De Materiais Reciclados Ltda,Não Indústria,3.Pequena,Comércio atacadista de resíduos e sucatas metálicos,Migração,True,False,False,SOMENTE SESI,1
10547384000110,Acesso10 Internet Ltda,Indústria,4.Micro,Provedores de acesso às redes de comunicações,Migração,True,False,False,SOMENTE SESI,1
10581362000177,Araujo & Albuquerque Ltda,Não Indústria,3.Pequena,Comércio varejista de outros produtos não especificados anteriormente,Migração,True,False,False,SOMENTE SESI,1
10597121000116,Sheila Marcia Hannequim Demetrio Martins,Indústria,4.Micro,Fornecimento de alimentos preparados preponderantemente para empresas,Migração,True,False,False,SOMENTE SESI,1
10610031000118,Jc Construcoes E Empreendimentos Imobiliarios Ltda - Em Recuperacao Judicial,Indústria,4.Micro,Administração de obras,Migração,True,False,False,SOMENTE SESI,1
10616674000179,Builders Loc Locadora E Operadora De Maquinas E Equipamentos Ltda,Industria,4.Micro,Serviços de operação e fornecimento de equipamentos para transporte e elevação de cargas e pessoas para uso em obras,Proposta,False,True,False,SOMENTE SENAI,1
10629404000100,Laticinio Renascer Ltda,Indústria,4.Micro,Fabricação de laticínios,Migração,True,False,False,SOMENTE SESI,1
10655727000160,Messtechnik Industria E Comercio Ltda,Indústria,2.Média,"Fabricação de aparelhos e equipamentos de medida, teste e controle",Proposta,True,False,False,SOMENTE SESI,1
10659395000192,Pre-moldados Empresarial Alagoas Ltda,Indústria,4.Micro,"Fabricação de estruturas pré-moldadas de concreto armado, em série e sob encomenda",Migração,True,False,False,SOMENTE SESI,1
10695076000132,Souza & Souza Ltda,Industria | Indústria,4.Micro,FABRICAÇÃO DE PRODUTOS DE PANIFICAÇÃO INDUSTRIAL,Migração | Proposta,True,True,True,SESI + SENAI,2
10702260000162,Rotan Pre Moldados E Construcoes Ltda,Industria,3.Pequena,"Obras de urbanização - ruas, praças e calçadas",Proposta,False,True,False,SOMENTE SENAI,1
10723930001280,Cyro Cavalcanti Auto Pecas Ltda,Nao Industria,3.Pequena,Comércio por atacado de peças e acessórios novos para veículos automotores,Proposta,False,True,False,SOMENTE SENAI,1
10729398000155,W M - Manutencao Industrial Ltda,Indústria,4.Micro,Manutenção e reparação de outras máquinas e equipamentos para usos industriais não especificados anteriormente,Migração,True,False,False,SOMENTE SESI,1
10769660000195,Agencia De Fomento De Alagoas S/a.,Não Indústria,3.Pequena,Agências de fomento,Migração,True,False,False,SOMENTE SESI,1
10782639000200,Interlandia Limitada,Indústria,2.Média,Fabricação de produtos de limpeza e polimento,Migração,True,False,False,SOMENTE SESI,1
10793958000130,Industria E Comercio De Gelo Ltda,Indústria,3.Pequena,Fabricação de gelo comum,Migração,True,False,False,SOMENTE SESI,1
10795557000110,Aloisio De Oliveira Silva,Indústria,4.Micro,FABRICAÇÃO DE PRODUTOS DE PANIFICAÇÃO INDUSTRIAL,Migração,True,False,False,SOMENTE SESI,1
10803013000152,Industria Grafica Jaragua Ltda,Indústria,4.Micro,Impressão de material para outros usos,Migração,True,False,False,SOMENTE SESI,1
10811586000128,Teto Planejamento E Incorporacoes Ltda,Indústria,3.Pequena,Construção de edifícios,Migração,True,False,False,SOMENTE SESI,1
10811677000163,Tambaqui Empreendimentos Hoteleiros Ltda,Não Indústria,3.Pequena,Hotéis,Migração,True,False,False,SOMENTE SESI,1
10812501000126,Cooperativa Mista Dos Taxistas De Maceio Ltda,Não Indústria,4.Micro,Outras atividades associativas profissionais,Migração,True,False,False,SOMENTE SESI,1
10824654000193,Ceramica Do Agreste Ltda,Indústria,3.Pequena,"Fabricação de artefatos de cerâmica e barro cozido para uso na construção, exceto azulejos e pisos",Migração,True,False,False,SOMENTE SESI,1
10825373000155,"Instituto Federal De Educacao, Ciencia E Tecnologia De Alagoas - If/al",Não Indústria,4.Micro,Educação profissional de nível tecnológico,Proposta,True,False,False,SOMENTE SESI,1
10825373001127,"Instituto Federal De Educacao, Ciencia E Tecnologia De Alagoas - If/al",Não Indústria,4.Micro,Educação profissional de nível tecnológico,Proposta,True,False,False,SOMENTE SESI,1
10831030000101,Ibracon Incorporacoes E Construcoes Ltda,Indústria,4.Micro,Construção de edifícios,Migração,True,False,False,SOMENTE SESI,1
10832008000178,Art Moveis Ind E Comercio Ltda,Indústria,4.Micro,Fabricação de móveis com predominância de madeira,Migração,True,False,False,SOMENTE SESI,1
10840082000136,M A Dos Anjos Locacao Impressao E Servico De Informatica Ltda,Não Indústria,4.Micro,Fotocópias,Migração,True,False,False,SOMENTE SESI,1
10857039000183,Mss Transportes Ltda,Não Indústria,1.Grande,"Transporte rodoviário de carga, exceto produtos perigosos e mudanças, intermunicipal, interestadual e internacional",Proposta,True,False,False,SOMENTE SESI,1
10882812000161,Gonube Tecnologia Ltda,Não Indústria,3.Pequena,"Suporte técnico, manutenção e outros serviços em tecnologia da informação",Proposta,True,False,False,SOMENTE SESI,1
10885069000101,Maceio Aviamento Ltda,Não Indústria,4.Micro,Comercio varejista de artigos de armarinho,Migração,True,False,False,SOMENTE SESI,1
10887669000109,Kiola Industria E Comercio Ltda,Industria | Indústria,4.Micro,Fabricação de sabões e detergentes sintéticos,Migração | Proposta,True,True,True,SESI + SENAI,2
10887669000281,Kiola Industria E Comercio Ltda,Não Indústria,4.Micro,Comércio varejista de produtos saneantes domissanitários,Migração,True,False,False,SOMENTE SESI,1
10896964000113,Elyt Engenharia Eletrica Ltda,Indústria,4.Micro,Instalação e manutenção elétrica,Migração,True,False,False,SOMENTE SESI,1
10897687000163,Caoflex Industria E Comercio Ltda,Indústria,3.Pequena,Fabricação de colchões,Migração,True,False,False,SOMENTE SESI,1
10907247000140,Via Granito Comercio De Pedras Ltda,Não Indústria,3.Pequena,Comércio varejista de pedras para revestimento,Migração,True,False,False,SOMENTE SESI,1
10918657000196,Leao Nordeste Industria E Comercio De Plasticos Ltda,Industria | Indústria,3.Pequena,Fabricação de artefatos de material plástico para outros usos não especificados anteriormente,Migração | Proposta,True,True,True,SESI + SENAI,2
10923803000171,"Audconp - Central De Servicos De Auditoria, Contabilidade E Pericia Ltda",Não Indústria,4.Micro,Atividades de contabilidade,Migração,True,False,False,SOMENTE SESI,1
10925899000107,Madeiras Do Brasil Ltda,Nao Industria | Não Indústria,3.Pequena,Comércio varejista de madeira e artefatos,Migração | Proposta,True,True,True,SESI + SENAI,2
10929844000175,Consertcar Comercio E Servicos Ltda,Indústria,4.Micro,"Serviços de instalação, manutenção e reparação de acessórios para veículos automotores",Migração,True,False,False,SOMENTE SESI,1
10950744000120,Doce Momento Comercio De Alimentos Ltda.,Não Indústria,4.Micro,"Lanchonetes, casas de chá, de sucos e similares",Migração,True,False,False,SOMENTE SESI,1
11031356000109,Santorini Restaurante Ltda,Não Indústria,3.Pequena,Restaurantes e similares,Migração,True,False,False,SOMENTE SESI,1
11050982000142,Secretaria De Estado De Prevencao A Violencia,Nao Industria,3.Pequena,Administração pública em geral,Proposta,False,True,False,SOMENTE SENAI,1
11069316000318,Tubos Tigre-ads Do Brasil Limitada,Industria | Indústria,3.Pequena,Fabricação de tubos e acessórios de material plástico para uso na construção,Migração | Proposta,True,True,True,SESI + SENAI,2
11097044000106,M . J. Ferreira Soares Confeccoes,Não Indústria,4.Micro,Comércio varejista de artigos do vestuário e acessórios,Migração,True,False,False,SOMENTE SESI,1
11101933000191,Sf Alimentos Ltda,Não Indústria,4.Micro,Comércio varejista de produtos alimentícios em geral ou especializado em produtos alimentícios não especificados anteriormente,Migração,True,False,False,SOMENTE SESI,1
11101933000515,Sf Alimentos Ltda,Não Indústria,4.Micro,Comércio varejista de produtos alimentícios em geral ou especializado em produtos alimentícios não especificados anteriormente,Migração,True,False,False,SOMENTE SESI,1
11161579000190,High Park Gestao De Estacionamentos Ltda,Não Indústria,3.Pequena,Estacionamento de veículos,Migração,True,False,False,SOMENTE SESI,1
11165010000101,J. Francisco Da Silva,Indústria,4.Micro,"Fabricação de cabines, carrocerias e reboques para outros veículos automotores, exceto caminhões e ônibus",Migração,True,False,False,SOMENTE SESI,1
11188176000135,Cms Engenharia E Sistemas De Energia Eletrica Ltda,Não Indústria,3.Pequena,Comércio varejista de material elétrico,Migração,True,False,False,SOMENTE SESI,1
11232112000194,A C Lima Barbosa Comercio De Alimentos Ltda,Não Indústria,4.Micro,"Lanchonetes, casas de chá, de sucos e similares",Migração,True,False,False,SOMENTE SESI,1
11248065000177,Falcao & Silva Ltda,Indústria,4.Micro,"Aparelhamento de placas e execução de trabalhos em mármore, granito, ardósia e outras pedras",Proposta,True,False,False,SOMENTE SESI,1
11355874000188,Infinni Servicos E Comunicacao Visual Ltda,Indústria,3.Pequena,Impressão de material para uso publicitário,Migração,True,False,False,SOMENTE SESI,1
11371363000150,G G P Da Silva  Engmax Engenharia E Servicos,Indústria,4.Micro,"Manutenção e reparação de tanques, reservatórios metálicos e caldeiras, exceto para veículos",Migração,True,False,False,SOMENTE SESI,1
11393033000165,Industria E Comercio De Massas Alimenticias Ltda,Indústria,4.Micro,FABRICAÇÃO DE PRODUTOS DE PANIFICAÇÃO INDUSTRIAL,Migração,True,False,False,SOMENTE SESI,1
11421889000105,Mixfarma Comercial Ltda,Nao Industria | Não Indústria,2.Média,Comércio atacadista de medicamentos e drogas de uso humano,Proposta,True,True,True,SESI + SENAI,2
11421889000440,Mixfarma Comercial Ltda,Não Indústria,4.Micro,Comércio atacadista de produtos de higiene pessoal,Migração,True,False,False,SOMENTE SESI,1
11440164000156,Am Lanchonetes Ltda,Nao Industria,4.Micro,"Lanchonetes, casas de chá, de sucos e similares",Proposta,False,True,False,SOMENTE SENAI,1
11460923000142,Eletromecanica De Alagoas Ltda,Indústria,4.Micro,"Manutenção e reparação de geradores, transformadores e motores elétricos",Migração,True,False,False,SOMENTE SESI,1
11483295000110,Codaco Confeccao E Dobra De Ferro E Aco Ltda,Industria,4.Micro,Fabricação de outros produtos de metal não especificados anteriormente,Proposta,False,True,False,SOMENTE SENAI,1
11493623000160,Magnetron Industria E Comercio De Componentes Ltda,Industria,2.Média,"Fabricação de material elétrico e eletrônico para veículos automotores, exceto baterias",Proposta,False,True,False,SOMENTE SENAI,1
11509676001101,Auto Norte Distribuidora De Pecas Ltda,Não Indústria,3.Pequena,Comércio por atacado de peças e acessórios novos para veículos automotores,Proposta,True,False,False,SOMENTE SESI,1
11512944000164,Faab Engenharia Ltda,Industria | Indústria,2.Média,Construção de estações e redes de distribuição de energia elétrica,Proposta,True,True,True,SESI + SENAI,2
11544373000140,Dirad - Tomografia E Imagem Ltda.,Não Indústria,4.Micro,Serviços de tomografia,Migração,True,False,False,SOMENTE SESI,1
11544802000189,Pca Tecnologia Em Manutencao Preditiva Ltda,Industria | Indústria,4.Micro,"Manutenção e reparação de máquinas, aparelhos e materiais elétricos não especificados anteriormente",Proposta,True,True,True,SESI + SENAI,2
11580144000180,Moop Ambientes Planejados Ltda,Indústria,4.Micro,Fabricação de móveis com predominância de madeira,Proposta,True,False,False,SOMENTE SESI,1
11592537000104,Labplus Diagnostica Ltda,Não Indústria,4.Micro,"Comércio atacadista de instrumentos e materiais para uso médico, cirúrgico, hospitalar e de laboratórios",Migração,True,False,False,SOMENTE SESI,1
11705404000105,Cenutri - Centro Especializado De Nutricao Ltda.,Nao Industria,3.Pequena,Comércio varejista de artigos médicos e ortopédicos,Proposta,False,True,False,SOMENTE SENAI,1
11838337000199,R. P. M. Da Silva Ferreira,Indústria,4.Micro,"Serviços de instalação, manutenção e reparação de acessórios para veículos automotores",Migração,True,False,False,SOMENTE SESI,1
11901336000141,W. Pereira De Carvalho,Indústria,4.Micro,"Manutenção e reparação de máquinas, aparelhos e materiais elétricos não especificados anteriormente",Migração,True,False,False,SOMENTE SESI,1
11907140000164,Krona Tubos E Conexoes Do Nordeste Ltda,Industria | Indústria,1.Grande,Fabricação de tubos e acessórios de material plástico para uso na construção,Migração | Proposta,True,True,True,SESI + SENAI,2
11910387000130,Drogaria Jeane Ltda.,Não Indústria,4.Micro,"Comércio varejista de produtos farmacêuticos, sem manipulação de fórmulas",Migração,True,False,False,SOMENTE SESI,1
11917733000101,R2t Telecomunicacoes Ltda,Indústria,3.Pequena,Construção de estações e redes de telecomunicações,Proposta,True,False,False,SOMENTE SESI,1
11917733000535,R2t Telecomunicacoes Ltda,Indústria,3.Pequena,Construção de estações e redes de telecomunicações,Migração,True,False,False,SOMENTE SESI,1
11918091000165,Condominio Do Edificio San Marino Residence Service,Não Indústria,3.Pequena,Condomínios prediais,Migração,True,False,False,SOMENTE SESI,1
12002804000702,Transbezerra Ltda,Não Indústria,3.Pequena,"Aluguel de outras máquinas e equipamentos comerciais e industriais não especificados anteriormente, sem operador",Proposta,True,False,False,SOMENTE SESI,1
12014510000105,Biotech Controle Biologico Ltda,Industria,3.Pequena,Fabricação de defensivos agrícolas,Migração,False,True,False,SOMENTE SENAI,1
12017984000100,Jucineide Marinho Mariano,Indústria,4.Micro,"Confecção, sob medida, de roupas profissionais",Migração,True,False,False,SOMENTE SESI,1
12019360000114,Tv Pajucara Ltda,Não Indústria,2.Média,Atividades de televisão aberta,Migração,True,False,False,SOMENTE SESI,1
12020066000122,Braf Empreendimentos Hoteleiros Ltda.,Nao Industria | Não Indústria,3.Pequena,Hotéis,Migração | Proposta,True,True,True,SESI + SENAI,2
12069166000143,Laticinio Ouro Branco Ltda,Indústria,4.Micro,Fabricação de laticínios,Migração,True,False,False,SOMENTE SESI,1
12069177000123,Rm Retifica De Motores Ltda,Não Indústria,4.Micro,Comércio a varejo de peças e acessórios novos para veículos automotores,Migração,True,False,False,SOMENTE SESI,1
12086091000109,Centro Das Carnes Ltda,Indústria,4.Micro,Fabricação de produtos de carne,Migração,True,False,False,SOMENTE SESI,1
12102741000243,Projetel - Telecomunicacoes E Servicos Ltda,Industria | Indústria,3.Pequena,Manutenção de estações e redes de telecomunicações,Migração | Proposta,True,True,True,SESI + SENAI,2
12150025000150,Ferro E Costa Ltda,Indústria,4.Micro,FABRICAÇÃO DE PRODUTOS DE PANIFICAÇÃO INDUSTRIAL,Migração,True,False,False,SOMENTE SESI,1
12156097000105,Associacao Atletica Banco Do Brasil,Nao Industria,3.Pequena,"Clubes sociais, esportivos e similares",Migração,False,True,False,SOMENTE SENAI,1
12157863000156,Instituto Euvaldo Lodi Nucleo Regional De Alagoas,Não Indústria,4.Micro,"Atividades de apoio à educação, exceto caixas escolares",Migração,True,False,False,SOMENTE SESI,1
12157871000100,Sindicato Dos Trabalhadores No Comercio De Minerios E Derivados De Petroleo No Estado De Alagoas(inclusive Pesquisas De Minerios),Nao Industria,4.Micro,Atividades de organizações sindicais,Proposta,False,True,False,SOMENTE SENAI,1
12159281000109,Clube De Regatas Brasil,Não Indústria,3.Pequena,Produção e promoção de eventos esportivos,Proposta,True,False,False,SOMENTE SESI,1
12164854000192,Industria De Cimentos De Alagoas Ltda,Indústria,3.Pequena,Fabricação de cimento,Migração,True,False,False,SOMENTE SESI,1
12164854000354,Industria De Cimentos De Alagoas Ltda,Indústria,4.Micro,Fabricação de cimento,Migração,True,False,False,SOMENTE SESI,1
12186524000106,Tv Gazeta De Alagoas Ltda - Em Recuperacao Judicial,Nao Industria,4.Micro,Atividades de televisão aberta,Migração,False,True,False,SOMENTE SENAI,1
12187241000170,Feitosa Irmaos & Cia Ltda,Nao Industria,3.Pequena,Comércio a varejo de peças e acessórios novos para veículos automotores,Proposta,False,True,False,SOMENTE SENAI,1
12198693000158,Municipio De Arapiraca,Nao Industria,4.Micro,Administração pública em geral,Migração,False,True,False,SOMENTE SENAI,1
12199121000193,Mafrial - Matadouro Frigorifico De Alagoas Ltda,Indústria,2.Média,Frigorífico - abate de bovinos,Migração,True,False,False,SOMENTE SESI,1
12200135000180,Municipio De Maceio,Nao Industria,4.Micro,Administração pública em geral,Migração,False,True,False,SOMENTE SENAI,1
12200218000179,Secretaria De Estado Da Educacao,Nao Industria,4.Micro,Administração pública em geral,Proposta,False,True,False,SOMENTE SENAI,1
12200259000165,Secretaria De Estado Da Saude,Nao Industria,1.Grande,Administração pública em geral,Proposta,False,True,False,SOMENTE SENAI,1
12201058000182,M. Do Socorro Da Conceicao,Industria | Indústria,4.Micro,Fabricação de colchões,Proposta,True,True,True,SESI + SENAI,2
12203196000109,Federacao Das Associacoes Comerciais Do Estado De Al,Não Indústria,4.Micro,Atividades de associações de defesa de direitos sociais,Migração,True,False,False,SOMENTE SESI,1
12207536000161,Municipio De Girau Do Ponciano,Nao Industria,4.Micro,Administração pública em geral,Migração,False,True,False,SOMENTE SENAI,1
12213443000140,Industrias Reunidas Coringa Ltda,Indústria,1.Grande,"Fabricação de farinha de milho e derivados, exceto óleos de milho",Proposta,True,False,False,SOMENTE SESI,1
12217832000224,Industrial Porto Rico S A - Em Recuperacao Judicial,Indústria,1.Grande,Fabricação de açúcar em bruto,Proposta,True,False,False,SOMENTE SESI,1
12229415000200,S A Usina Coruripe Acucar E Alcool,Nao Industria | Não Indústria,1.Grande,Cultivo de cana-de-açúcar,Migração | Proposta,True,True,True,SESI + SENAI,2
12242350000143,Municipio De Igreja Nova,Nao Industria,4.Micro,Administração pública em geral,Proposta,False,True,False,SOMENTE SENAI,1
12250916000189,Municipio De Santana Do Ipanema,Nao Industria,4.Micro,Atividades de associações de defesa de direitos sociais,Migração,False,True,False,SOMENTE SENAI,1
12257462000178,Infranet Distribuidora De Tecnologia E Engenharia Ltda,Nao Industria,3.Pequena,Comércio atacadista de material elétrico,Proposta,False,True,False,SOMENTE SENAI,1
12264222000109,Municipio De Sao Miguel Dos Campos,Nao Industria | Órgãos Públicos,4.Micro,Administração pública em geral,Migração | Proposta,True,True,True,SESI + SENAI,2
12264493000156,Alagoas Vidros Temperados Ltda,Indústria,4.Micro,Fabricação de vidro plano e de segurança,Migração,True,False,False,SOMENTE SESI,1
12264628000183,Municipio De Campo Alegre,Nao Industria,3.Pequena,Administração pública em geral,Proposta,False,True,False,SOMENTE SENAI,1
12268397000186,Hotel Beiriz Ltda,Não Indústria,2.Média,Hotéis,Proposta,True,False,False,SOMENTE SESI,1
12272084000100,Equatorial Alagoas Distribuidora De Energia S.a.,Industria,1.Grande,Distribuição de energia elétrica,Migração,False,True,False,SOMENTE SENAI,1
12275715000136,Utinga Acucar E Etanol S/a,Industria,1.Grande,Fabricação de açúcar em bruto,Proposta,False,True,False,SOMENTE SENAI,1
12281871000100,Madeirart Nova Industria E Comercio De Madeiras Ltda,Industria | Indústria,4.Micro,"Fabricação de cabines, carrocerias e reboques para caminhões",Migração | Proposta,True,True,True,SESI + SENAI,2
12282034000286,Usina Caete S A,Nao Industria | Não Indústria,1.Grande,Cultivo de cana-de-açúcar,Proposta,True,True,True,SESI + SENAI,2
12282034000367,Usina Caete S A,Industria | Indústria,1.Grande,Fabricação de açúcar em bruto,Proposta,True,True,True,SESI + SENAI,2
12286944000156,Construtora Humberto Lobo Ltda Em Recuperacao Judicial,Industria,3.Pequena,Construção de edifícios,Proposta,False,True,False,SOMENTE SENAI,1
12301511000122,Parque Das Flores Administracao Ltda,Não Indústria,3.Pequena,Serviços de sepultamento,Migração,True,False,False,SOMENTE SESI,1
12303541000178,Conselho Regional De Contabilidade De Alagoas,Não Indústria,3.Pequena,Outras atividades associativas profissionais,Migração,True,False,False,SOMENTE SESI,1
12303616000110,S. Vieira Da Silva Ltda,Não Indústria,2.Média,Comercio varejista de artigos de armarinho,Migração,True,False,False,SOMENTE SESI,1
12303616000544,S. Vieira Da Silva Ltda,Não Indústria,4.Micro,"Lanchonetes, casas de chá, de sucos e similares",Proposta,True,False,False,SOMENTE SESI,1
12303616001001,S. Vieira Da Silva Ltda,Não Indústria,3.Pequena,Comercio varejista de artigos de armarinho,Proposta,True,False,False,SOMENTE SESI,1
12306031000154,Escola Domestica Maria Imaculada,Não Indústria,3.Pequena,Ensino fundamental,Migração,True,False,False,SOMENTE SESI,1
12307187000150,Santa Casa De Misericordia De Maceio,Não Indústria,1.Grande,"Atividades de atendimento hospitalar, exceto pronto-socorro e unidades para atendimento a urgências",Migração,True,False,False,SOMENTE SESI,1
12307187000311,Santa Casa De Misericordia De Maceio,Não Indústria,3.Pequena,"Atividades de atendimento hospitalar, exceto pronto-socorro e unidades para atendimento a urgências",Migração,True,False,False,SOMENTE SESI,1
12308631000151,Panificacao Menezes Ltda,Indústria,4.Micro,FABRICAÇÃO DE PRODUTOS DE PANIFICAÇÃO INDUSTRIAL,Migração,True,False,False,SOMENTE SESI,1
12312799000130,Panificacao Jaragua Ltda,Indústria,4.Micro,FABRICAÇÃO DE PRODUTOS DE PANIFICAÇÃO INDUSTRIAL,Migração,True,False,False,SOMENTE SESI,1
12312799000211,Panificacao Jaragua Ltda,Industria | Indústria,4.Micro,FABRICAÇÃO DE PRODUTOS DE PANIFICAÇÃO INDUSTRIAL,Proposta,True,True,True,SESI + SENAI,2
12316295000199,Federacao Das Industrias Do Estado De Alagoas,Não Indústria,4.Micro,Atividades de associações de defesa de direitos sociais,Migração,True,False,False,SOMENTE SESI,1
12318184000111,Sindicato Dos Trabalhadores Em Empresas De Telecomunicacoes E Operadores De Mesas Telefonicas (telefonistas Em Geral) No Estado De Alagoas - Sin,Não Indústria,4.Micro,Atividades de organizações sindicais,Migração,True,False,False,SOMENTE SESI,1
12318234000160,"Emalub - Equipamentos, Maquinas E Lubrificantes Ltda.",Não Indústria,4.Micro,Comércio varejista de outros produtos não especificados anteriormente,Migração,True,False,False,SOMENTE SESI,1
12319067000172,Associacao Comercial De Maceio,Não Indústria,4.Micro,Atividades de associações de defesa de direitos sociais,Migração,True,False,False,SOMENTE SESI,1
12332946000134,Municipio De Uniao Dos Palmares,Nao Industria,4.Micro,Administração pública em geral,Proposta,False,True,False,SOMENTE SENAI,1
12333753000106,Municipio De Capela,Nao Industria,4.Micro,Administração pública em geral,Proposta,False,True,False,SOMENTE SENAI,1
12363594000184,Milton Alves Industria E Comercio Limitada,Industria | Indústria,2.Média,Fabricação de massas alimentícias,Migração | Proposta,True,True,True,SESI + SENAI,2
12376097000110,D N Vilela Tecnologia,Indústria,4.Micro,Serviços de comunicação multimídia - SCM,Migração,True,False,False,SOMENTE SESI,1
12380887000170,Cilel Comercio E Industria De Lages Ltda,Não Indústria,3.Pequena,"Depósitos de mercadorias para terceiros, exceto armazéns gerais e guarda-móveis",Migração,True,False,False,SOMENTE SESI,1
12382008000149,Penedo Agro Industrial S/a - Em Recuperacao Judicial,Indústria,3.Pequena,Fabricação de açúcar em bruto,Proposta,True,False,False,SOMENTE SESI,1
12387890000115,Industria E Comercio De Bebidas Alagoana Ltda,Indústria,3.Pequena,Fabricação de refrigerantes,Migração,True,False,False,SOMENTE SESI,1
12388278000167,Convem Comercio De Veiculos E Motores Ltda - Em Recuperacao Judicial,Nao Industria | Não Indústria,4.Micro,Comércio a varejo de motocicletas e motonetas novas,Migração | Proposta,True,True,True,SESI + SENAI,2
12388278000329,Convem Comercio De Veiculos E Motores Ltda - Em Recuperacao Judicial,Não Indústria,3.Pequena,Comércio a varejo de motocicletas e motonetas novas,Migração,True,False,False,SOMENTE SESI,1
12392890000103,Imcrel Irmaos Moreira Extracao Mineral Ltda,Industria,3.Pequena,Extração e britamento de pedras e outros materiais para construção e beneficiamento associado,Proposta,False,True,False,SOMENTE SENAI,1
12398749000380,Diocese De Penedo,Não Indústria,4.Micro,Atividades de organizações religiosas,Migração,True,False,False,SOMENTE SESI,1
12407474000131,Construtora Penedo Ltda,Industria,4.Micro,Construção de edifícios,Proposta,False,True,False,SOMENTE SENAI,1
12415313000190,Prime Construcoes E Incorporacoes Ltda,Industria | Indústria,2.Média,Construção de edifícios,Migração | Proposta,True,True,True,SESI + SENAI,2
12423997000171,Up Distribuidora De Produtos Descartaveis Ltda,Não Indústria,2.Média,Comércio atacadista de embalagens,Migração,True,False,False,SOMENTE SESI,1
12449880000167,Fundacao Universitaria De Desenv De Extensao E Pesquisa,Nao Industria,2.Média,Pesquisa e desenvolvimento experimental em ciências sociais e humanas,Proposta,False,True,False,SOMENTE SENAI,1
12476466000147,Ecopar Engenharia Ltda,Industria,2.Média,Construção de edifícios,Proposta,False,True,False,SOMENTE SENAI,1
12478095000132,Companhia Acucareira Central Sumauma - Em Recuperacao Judicial,Industria,1.Grande,Fabricação de açúcar em bruto,Proposta,False,True,False,SOMENTE SENAI,1
12481800000150,Construtora Lins Irmaos Ltda,Industria,4.Micro,Construção de edifícios,Proposta,False,True,False,SOMENTE SENAI,1
12489837000125,Camara De Dirigentes Lojistas De Arapiraca,Não Indústria,4.Micro,Atividades de organizações associativas patronais e empresariais,Migração,True,False,False,SOMENTE SESI,1
12509238000126,Associacao Beneficente De Palmeira Dos Indios,Não Indústria,2.Média,"Atividades de atendimento hospitalar, exceto pronto-socorro e unidades para atendimento a urgências",Migração,True,False,False,SOMENTE SESI,1
12513140000142,Ancora Telecom Ltda,Indústria,3.Pequena,Serviços de comunicação multimídia - SCM,Migração,True,False,False,SOMENTE SESI,1
12517413000127,Servico De Apoio As M E P Empresas De Alagoas-sebrae-al,Não Indústria,3.Pequena,"Atividades de consultoria em gestão empresarial, exceto consultoria técnica específica",Migração,True,False,False,SOMENTE SESI,1
12517413000208,Servico De Apoio As M E P Empresas De Alagoas-sebrae-al,Não Indústria,4.Micro,"Atividades de consultoria em gestão empresarial, exceto consultoria técnica específica",Migração,True,False,False,SOMENTE SESI,1
12517413000399,Servico De Apoio As M E P Empresas De Alagoas-sebrae-al,Não Indústria,4.Micro,"Atividades de consultoria em gestão empresarial, exceto consultoria técnica específica",Migração,True,False,False,SOMENTE SESI,1
12517413000470,Servico De Apoio As M E P Empresas De Alagoas-sebrae-al,Não Indústria,4.Micro,"Atividades de consultoria em gestão empresarial, exceto consultoria técnica específica",Migração,True,False,False,SOMENTE SESI,1
12517553000103,Socitec Sociedade Tecnica Em Esquadrias Ltda,Indústria,3.Pequena,Fabricação de esquadrias de metal,Migração,True,False,False,SOMENTE SESI,1
12542999000180,Santa Casa De Misericordia De Penedo,Não Indústria,2.Média,"Atividades de atendimento hospitalar, exceto pronto-socorro e unidades para atendimento a urgências",Migração,True,False,False,SOMENTE SESI,1
12621462000105,Associacao Das Empresas Do Distrito Industrial Governador Luiz Cavalcante,Não Indústria,4.Micro,Atividades de associações de defesa de direitos sociais,Migração,True,False,False,SOMENTE SESI,1
12633133000184,Sulcar Lanternagem E Pintura Ltda,Indústria,4.Micro,Serviços de lanternagem ou funilaria e pintura de veículos automotores,Proposta,True,False,False,SOMENTE SESI,1
12634325000105,Concretec Industria E Comercio De Pre-moldados Ltda,Industria | Indústria,3.Pequena,"Fabricação de outros artefatos e produtos de concreto, cimento, fibrocimento, gesso e materiais semelhantes",Proposta,True,True,True,SESI + SENAI,2
12683326000140,Hotel Brisa Suites Ltda,Não Indústria,2.Média,Hotéis,Proposta,True,False,False,SOMENTE SESI,1
12712261000113,Elba Brito Valenca,Não Indústria,4.Micro,Ensino fundamental,Proposta,True,False,False,SOMENTE SESI,1
12718011000190,Central Acucareira Santo Antonio S A,Industria | Indústria,1.Grande,Fabricação de açúcar em bruto,Migração | Proposta,True,True,True,SESI + SENAI,2
12718011001081,Central Acucareira Santo Antonio S A,Indústria,1.Grande,Fabricação de açúcar em bruto,Proposta,True,False,False,SOMENTE SESI,1
12733937000155,Triunfo Agroindustrial Ltda Em Recuperacao Judicial,Indústria,2.Média,Fabricação de açúcar em bruto,Proposta,True,False,False,SOMENTE SESI,1
12737680000100,Santa Casa De Misericordia De Sao Miguel Dos Campos,Não Indústria,1.Grande,"Atividades de atendimento hospitalar, exceto pronto-socorro e unidades para atendimento a urgências",Proposta,True,False,False,SOMENTE SESI,1
12771703000100,Givanilson Da Silva Menezes,Industria | Indústria,4.Micro,Fabricação de móveis com predominância de madeira,Proposta,True,True,True,SESI + SENAI,2
12805698000100,Francisco De Assis Soares Alcantara,Não Indústria,4.Micro,Comércio varejista de artigos do vestuário e acessórios,Migração,True,False,False,SOMENTE SESI,1
12835997000189,Panificadora E Lanchonete Primor Ltda,Industria | Indústria,4.Micro,FABRICAÇÃO DE PRODUTOS DE PANIFICAÇÃO INDUSTRIAL,Migração | Proposta,True,True,True,SESI + SENAI,2
12841003000137,Ste Instalacoes Eletricas Montagens E Manutencao Ltda,Industria,4.Micro,Instalação e manutenção elétrica,Proposta,False,True,False,SOMENTE SENAI,1
12847606000146,Megaplast Industria E Comercio De Plastico Ltda,Indústria,4.Micro,Fabricação de artefatos de material plástico para uso pessoal e doméstico,Migração,True,False,False,SOMENTE SESI,1
12945994000106,Construart Ltda,Industria,3.Pequena,Construção de edifícios,Proposta,False,True,False,SOMENTE SENAI,1
12952537000130,Six Propaganda Ltda,Não Indústria,4.Micro,Agências de publicidade,Proposta,True,False,False,SOMENTE SESI,1
12954202000151,Associacao Dos Empregados Do Sesi Senai Fiea E Iel,Não Indústria,4.Micro,"Clubes sociais, esportivos e similares",Migração,True,False,False,SOMENTE SESI,1
12962817000120,V. L. Da Silva Boutique Ltda,Não Indústria,4.Micro,Comércio varejista de artigos do vestuário e acessórios,Migração,True,False,False,SOMENTE SESI,1
12970570000193,Inap - Industria Alimenticia Popular Ltda,Indústria,2.Média,Fabricação de conservas de frutas,Migração,True,False,False,SOMENTE SESI,1
12974281000162,Rodogranel Logistica E Servicos Ltda,Não Indústria,4.Micro,"Transporte rodoviário de carga, exceto produtos perigosos e mudanças, intermunicipal, interestadual e internacional",Migração,True,False,False,SOMENTE SESI,1
13009550000113,Irmaos Britto Representacoes E Comercio Ltda,Não Indústria,4.Micro,Operações de terminais,Migração,True,False,False,SOMENTE SESI,1
13009550000547,Irmaos Britto Representacoes E Comercio Ltda,Não Indústria,3.Pequena,Operações de terminais,Migração,True,False,False,SOMENTE SESI,1
13055903000111,Yellow Kite Propaganda E Publicidade Ltda,Não Indústria,3.Pequena,Agências de publicidade,Migração,True,False,False,SOMENTE SESI,1
13059313000167,Rm Industria E Comercio Ltda,Industria,4.Micro,"Fabricação de estruturas pré-moldadas de concreto armado, em série e sob encomenda",Proposta,False,True,False,SOMENTE SENAI,1
13096105000138,M A Da Silva & Cia Ltda,Não Indústria,4.Micro,Atividades de contabilidade,Migração,True,False,False,SOMENTE SESI,1
13154151000227,Frigovale Do Guapore Com. E Ind. De Carnes Ltda,Indústria,2.Média,Frigorífico - abate de bovinos,Migração,True,False,False,SOMENTE SESI,1
13158812000101,I G Da Silva  Ltda,Não Indústria,4.Micro,Atividades de cobrança e informações cadastrais,Migração,True,False,False,SOMENTE SESI,1
13256673000159,Smartway Comercio E Servicos Ltda,Indústria,4.Micro,Impressão de material para outros usos,Proposta,True,False,False,SOMENTE SESI,1
13328046000186,Comercial Lavinia Ltda,Não Indústria,4.Micro,Comércio varejista de ferragens e ferramentas,Migração,True,False,False,SOMENTE SESI,1
13342753000127,Mineracao Barreto Sa,Indústria,2.Média,"Extração de minerais para fabricação de adubos, fertilizantes e outros produtos químicos",Migração,True,False,False,SOMENTE SESI,1
13342753000399,Mineracao Barreto Sa,Indústria,4.Micro,"Extração de minerais para fabricação de adubos, fertilizantes e outros produtos químicos",Migração,True,False,False,SOMENTE SESI,1
13342753000470,Mineracao Barreto Sa,Indústria,3.Pequena,"Extração de minerais para fabricação de adubos, fertilizantes e outros produtos químicos",Migração,True,False,False,SOMENTE SESI,1
13363936000129,Damasceno Ferreira E Silva Comercio De Vidros E Forro Ltda,Indústria,4.Micro,Fabricação de esquadrias de metal,Migração,True,False,False,SOMENTE SESI,1
13551835000181,Valkyria De Barros Rocha Ltda,Não Indústria,4.Micro,"Lanchonetes, casas de chá, de sucos e similares",Migração,True,False,False,SOMENTE SESI,1
13591329000116,Duppla Construcoes Ltda,Industria,3.Pequena,Construção de edifícios,Proposta,False,True,False,SOMENTE SENAI,1
13598663000100,P C Araujo Ltda,Não Indústria,3.Pequena,Restaurantes e similares,Migração,True,False,False,SOMENTE SESI,1
13625508000127,T . M . Do Nascimento Morais,Não Indústria,4.Micro,Comércio varejista de artigos do vestuário e acessórios,Migração,True,False,False,SOMENTE SESI,1
13647785000130,"Ivc - Alimentos, Bebidas E Logistica Ltda",Indústria,3.Pequena,Fabricação de vinagres,Migração,True,False,False,SOMENTE SESI,1
13711720000379,Clodax Reciclagem Ltda,Industria,4.Micro,Recuperação de materiais plásticos,Proposta,False,True,False,SOMENTE SENAI,1
13743821000160,J J Balbino Da Silva  Ltda,Indústria,4.Micro,Instalação e manutenção elétrica,Migração,True,False,False,SOMENTE SESI,1
13748815000103,Totem Infraestrutura E Construcao Civil Ltda,Industria,4.Micro,Construção de rodovias e ferrovias,Proposta,False,True,False,SOMENTE SENAI,1
13805556000105,Esquadrias Servicos Ltda,Indústria,4.Micro,Fabricação de esquadrias de metal,Migração,True,False,False,SOMENTE SESI,1
13808130000288,Bioflex Agroindustrial S.a.,Indústria,3.Pequena,Fabricação de álcool,Migração,True,False,False,SOMENTE SESI,1
13898154000194,Industrial Madeiras Do Brasil Ltda,Industria | Indústria,3.Pequena,Fabricação de esquadrias de madeira e de peças de madeira para instalações industriais e comerciais,Migração | Proposta,True,True,True,SESI + SENAI,2
13930232000190,Pandurata Logistica Ltda,Não Indústria,2.Média,"Transporte rodoviário de carga, exceto produtos perigosos e mudanças, intermunicipal, interestadual e internacional",Proposta,True,False,False,SOMENTE SESI,1
13982530000124,Hotel Lua Cheia Ltda,Não Indústria,4.Micro,Outros alojamentos não especificados anteriormente,Migração,True,False,False,SOMENTE SESI,1
14085471000154,M C Aquino,Não Indústria,4.Micro,Comércio varejista de medicamentos veterinários,Migração,True,False,False,SOMENTE SESI,1
14101244000175,F M Da Silva Oliveira Ltda,Não Indústria,4.Micro,Comercio varejista de artigos de armarinho,Migração,True,False,False,SOMENTE SESI,1
14101244000256,F M Da Silva Oliveira Ltda,Não Indústria,4.Micro,Comercio varejista de artigos de armarinho,Migração,True,False,False,SOMENTE SESI,1
14101244000337,F M Da Silva Oliveira Ltda,Não Indústria,4.Micro,Comercio varejista de artigos de armarinho,Migração,True,False,False,SOMENTE SESI,1
14179637000100,Gisele Ferreira Dos Anjos,Não Indústria,4.Micro,"Comércio varejista de mercadorias em geral, com predominância de produtos alimentícios - minimercados, mercearias e armazéns",Migração,True,False,False,SOMENTE SESI,1
14313789000145,Mcz Express Service Ltda,Nao Industria,3.Pequena,"Transporte rodoviário de carga, exceto produtos perigosos e mudanças, intermunicipal, interestadual e internacional",Proposta,False,True,False,SOMENTE SENAI,1
14377141000132,Valderley Silva De Oliveira,Não Indústria,4.Micro,Comércio varejista de outros produtos não especificados anteriormente,Migração,True,False,False,SOMENTE SESI,1
14417251000180,Plasticos Maceio Industria E Comercio Ltda,Indústria,3.Pequena,Fabricação de embalagens de material plástico,Migração,True,False,False,SOMENTE SESI,1
14458115000139,Alexandre Dos Santos Freitas 00250873630,Nao Industria,4.Micro,Promoção de vendas,Proposta,False,True,False,SOMENTE SENAI,1
14519421000138,A C Tavares,Industria,4.Micro,Fabricação de chapas e de embalagens de papelão ondulado,Proposta,False,True,False,SOMENTE SENAI,1
14554855000179,Unica Engenharia E Empreendimentos Imobiliarios Ltda,Industria,2.Média,Construção de edifícios,Proposta,False,True,False,SOMENTE SENAI,1
14613816000103,J L F F Construcoes E Servicos Ltda,Indústria,4.Micro,Construção de instalações esportivas e recreativas,Migração,True,False,False,SOMENTE SESI,1
14658598000115,Alerta Seguranca Do Trabalho Ltda,Nao Industria,4.Micro,Treinamento em desenvolvimento profissional e gerencial,Proposta,False,True,False,SOMENTE SENAI,1
14755547000101,Parmegianno Pajucara Restaurante Ltda,Não Indústria,3.Pequena,Restaurantes e similares,Migração,True,False,False,SOMENTE SESI,1
14783509000324,E. D. Servicos De Comunicacoes Ltda.,Indústria,3.Pequena,Provedores de acesso às redes de comunicações,Migração,True,False,False,SOMENTE SESI,1
14793555000142,Cooperativa Dos Agricultores Qualificados -coopaq,Não Indústria,3.Pequena,Atividades de apoio à agricultura não especificadas anteriormente,Migração,True,False,False,SOMENTE SESI,1
14798740000120,Acessoline Telecomunicacoes Ltda,Indústria,2.Média,Serviços de comunicação multimídia - SCM,Proposta,True,False,False,SOMENTE SESI,1
14840869000159,Lima E Carvalho Ltda,Não Indústria,3.Pequena,Gestão e administração da propriedade imobiliária,Migração,True,False,False,SOMENTE SESI,1
14871050000159,Tecpecas De Alagoas Ltda,Indústria,4.Micro,Instalação de máquinas e equipamentos industriais,Migração,True,False,False,SOMENTE SESI,1
14891051000165,Rv Hoteis Ltda,Não Indústria,3.Pequena,Hotéis,Migração,True,False,False,SOMENTE SESI,1
14951706000143,Associacao Dos Moradores E Proprietarios De Lotes Do Loteamento Residencial Altaville Residence,Não Indústria,4.Micro,Atividades associativas não especificadas anteriormente,Migração,True,False,False,SOMENTE SESI,1
15081543000158,Santa Fe Empreendimentos Imobiliarios E Participacoes Ltda,Não Indústria,4.Micro,Aluguel de imóveis próprios,Migração,True,False,False,SOMENTE SESI,1
15113214000141,Comercial Lambu Materiais Hidraulicos Ltda,Não Indústria,4.Micro,Comércio varejista de materiais hidráulicos,Migração,True,False,False,SOMENTE SESI,1
15126451001623,Perbras Empresa Brasileira De Perfuracoes Ltda,Indústria,3.Pequena,Atividades de apoio à extração de petróleo e gás natural,Proposta,True,False,False,SOMENTE SESI,1
15222018000105,Jr Da Silva Calhas,Indústria,4.Micro,Produção de artefatos estampados de metal,Migração,True,False,False,SOMENTE SESI,1
15267811000120,"Comercial Graciliano, Confeccoes E Sinalizacao Ltda",Industria | Indústria,4.Micro,Impressão de material para uso publicitário,Proposta,True,True,True,SESI + SENAI,2
15369322000180,"Secretaria Municipal De Desenvolvimento Social, Primeira Infancia E Seguranca Alimentar ( Semdes ) )",Nao Industria,2.Média,Administração pública em geral,Migração,False,True,False,SOMENTE SENAI,1
15392907000110,Super Connect Telecom Ltda,Indústria,4.Micro,Provedores de acesso às redes de comunicações,Proposta,True,False,False,SOMENTE SESI,1
15401489000180,Agreste Saneamento S.a.,Indústria,3.Pequena,"Captação, tratamento e distribuição de água",Proposta,True,False,False,SOMENTE SESI,1
15580519000163,Ferreira Empreendimentos Turisticos Ltda,Não Indústria,4.Micro,Hotéis,Migração,True,False,False,SOMENTE SESI,1
15581636000303,Ciano Solucoes Ambientais Ltda,Indústria,2.Média,Coleta de resíduos não-perigosos,Proposta,True,False,False,SOMENTE SESI,1
15590007000188,E M Empreendimentos Imobiliarios Ltda,Industria,2.Média,Construção de edifícios,Proposta,False,True,False,SOMENTE SENAI,1
15613922000141,Java Sorvetes Ltda,Não Indústria,4.Micro,Serviços combinados de escritório e apoio administrativo,Migração,True,False,False,SOMENTE SESI,1
15613922000222,Java Industria De Sorvetes Ltda,Não Indústria,4.Micro,"Lanchonetes, casas de chá, de sucos e similares",Migração,True,False,False,SOMENTE SESI,1
15614253000122,J. De Almeida Silva,Não Indústria,4.Micro,"Transporte rodoviário coletivo de passageiros, com itinerário fixo, intermunicipal em região metropolitana",Migração,True,False,False,SOMENTE SESI,1
15658194000194,Rp2 Comercio De Pecas E Servicos Ltda,Indústria,4.Micro,"Instalação e manutenção de sistemas centrais de ar condicionado, de ventilação e refrigeração",Migração,True,False,False,SOMENTE SESI,1
15738728000192,R. Da Silva Material De Construcoes E Premoldados,Não Indústria,4.Micro,Comércio varejista de materiais de construção em geral,Migração,True,False,False,SOMENTE SESI,1
15786418000143,Cpm Industria De Bebidas Ltda,Industria | Indústria,4.Micro,Fabricação de cervejas e chopes,Migração | Proposta,True,True,True,SESI + SENAI,2
15786439000169,Lemon Industrial Ltda,Indústria,4.Micro,"Confecção de roupas profissionais, exceto sob medida",Migração,True,False,False,SOMENTE SESI,1
15862219000177,Reato Nucleo De Reabilitacao Ltda,Não Indústria,3.Pequena,Atividades de terapia ocupacional,Migração,True,False,False,SOMENTE SESI,1
16527159000107,E. R. Da Costa Silva Mercadinho,Não Indústria,4.Micro,"Comércio varejista de mercadorias em geral, com predominância de produtos alimentícios - minimercados, mercearias e armazéns",Migração,True,False,False,SOMENTE SESI,1
16599987000142,Applus Qualitec Servicos De Engenharia Ltda,Industria | Indústria,4.Micro,Serviços de engenharia,Proposta,True,True,True,SESI + SENAI,2
16682715000101,Atalaia Mineracao Industria E Comercio Ltda,Industria,3.Pequena,Extração e britamento de pedras e outros materiais para construção e beneficiamento associado,Migração,False,True,False,SOMENTE SENAI,1
16691563000103,G . Do Amaral Lima Correspondente,Não Indústria,4.Micro,Atividades de cobrança e informações cadastrais,Migração,True,False,False,SOMENTE SESI,1
16753841000100,Pousada Vicenza Ltda,Não Indústria,4.Micro,Outros alojamentos não especificados anteriormente,Migração,True,False,False,SOMENTE SESI,1
16798006000196,Condominio Do Edificio Residencial Catole,Não Indústria,4.Micro,Condomínios prediais,Migração,True,False,False,SOMENTE SESI,1
16811100000138,M A De Magalhaes Confeccoes,Indústria,4.Micro,"Confecção de peças do vestuário, exceto roupas íntimas e as confeccionadas sob medida",Migração,True,False,False,SOMENTE SESI,1
16819228000148,Mandala Promocao E Marketing Ltda,Nao Industria,4.Micro,Marketing direto,Migração,False,True,False,SOMENTE SENAI,1
16821729000169,Ronaldo Costa Barroca,Não Indústria,4.Micro,"Criação de aves, exceto galináceos",Migração,True,False,False,SOMENTE SESI,1
16912703000126,Aco Lider Ltda,Não Indústria,3.Pequena,Comércio atacadista de ferragens e ferramentas,Proposta,True,False,False,SOMENTE SESI,1
16925721000142,Togni  & Togni - Participacoes E Empreendimentos Ltda,Nao Industria,3.Pequena,Holdings de instituições não-financeiras,Migração,False,True,False,SOMENTE SENAI,1
16941986000134,H B Alimentos Ltda,Nao Industria,4.Micro,"Lanchonetes, casas de chá, de sucos e similares",Proposta,False,True,False,SOMENTE SENAI,1
16941986000215,H B Alimentos Ltda,Nao Industria,4.Micro,"Lanchonetes, casas de chá, de sucos e similares",Proposta,False,True,False,SOMENTE SENAI,1
16941986000568,H B Alimentos Ltda,Nao Industria,4.Micro,"Lanchonetes, casas de chá, de sucos e similares",Proposta,False,True,False,SOMENTE SENAI,1
16941986000720,H B Alimentos Ltda,Nao Industria,4.Micro,"Lanchonetes, casas de chá, de sucos e similares",Proposta,False,True,False,SOMENTE SENAI,1
16941986000991,H B Alimentos Ltda,Nao Industria,4.Micro,"Lanchonetes, casas de chá, de sucos e similares",Proposta,False,True,False,SOMENTE SENAI,1
16941986001106,H B Alimentos Ltda,Nao Industria,3.Pequena,"Lanchonetes, casas de chá, de sucos e similares",Proposta,False,True,False,SOMENTE SENAI,1
16982376000189,Alagoas Ambiental S/a,Indústria,2.Média,Tratamento e disposição de resíduos não-perigosos,Proposta,True,False,False,SOMENTE SESI,1
16982376000260,Alagoas Ambiental S/a,Indústria,3.Pequena,Tratamento e disposição de resíduos não-perigosos,Proposta,True,False,False,SOMENTE SESI,1
16982376000340,Alagoas Ambiental S/a,Indústria,3.Pequena,Tratamento e disposição de resíduos não-perigosos,Proposta,True,False,False,SOMENTE SESI,1
16986057000141,Madeiras Do Brasil Via Expressa Ltda.,Não Indústria,4.Micro,Comércio varejista de materiais de construção em geral,Migração,True,False,False,SOMENTE SESI,1
17003116000187,Marfim Servicos Instalacao Manutencao E Reparos Ltda,Indústria,4.Micro,Serviços especializados para construção não especificados anteriormente,Migração,True,False,False,SOMENTE SESI,1
17017389000180,Lucia Lima Bastos,Indústria,4.Micro,"Fabricação de acessórios do vestuário, exceto para segurança e proteção",Migração,True,False,False,SOMENTE SESI,1
17017499000142,Alexsandra M Dos Santos Ferreira Aguiar Me,Não Indústria,3.Pequena,Educação infantil - pré-escola,Proposta,True,False,False,SOMENTE SESI,1
17083095000157,Panetutti Panificacao Ltda,Indústria,3.Pequena,FABRICAÇÃO DE PRODUTOS DE PANIFICAÇÃO INDUSTRIAL,Migração,True,False,False,SOMENTE SESI,1
17112040000128,Retifica De Motores Pincel Ltda,Indústria,3.Pequena,Recondicionamento e recuperação de motores para veículos automotores,Proposta,True,False,False,SOMENTE SESI,1
17127654000183,Myx Lanchonete Ltda,Nao Industria,4.Micro,"Lanchonetes, casas de chá, de sucos e similares",Proposta,False,True,False,SOMENTE SENAI,1
17235389000157,Alagoas Onibus Ltda,Nao Industria,3.Pequena,"Comércio a varejo de automóveis, camionetas e utilitários novos",Proposta,False,True,False,SOMENTE SENAI,1
17281037000804,Sao Miguel Logistica E Distribuicao Ltda,Não Indústria,3.Pequena,"Comércio atacadista de cerveja, chope e refrigerante",Migração,True,False,False,SOMENTE SESI,1
17336019000106,Auto Posto Veloz Ltda,Não Indústria,3.Pequena,Comércio varejista de combustíveis para veículos automotores,Migração,True,False,False,SOMENTE SESI,1
17348739000191,Joao Da Silva Barros Laticinios,Não Indústria,4.Micro,Comércio atacadista de leite e laticínios,Migração,True,False,False,SOMENTE SESI,1
17414193000120,R J F De Albuquerque Carvalho Ltda,Indústria,4.Micro,"Confecção de roupas profissionais, exceto sob medida",Proposta,True,False,False,SOMENTE SESI,1
17432875000165,Juraci L Da Silva Padaria,Indústria,3.Pequena,FABRICAÇÃO DE PRODUTOS DE PANIFICAÇÃO INDUSTRIAL,Migração,True,False,False,SOMENTE SESI,1
17532856000100,A. De Gusmao Lyra Neto Ltda,Indústria,4.Micro,Manutenção e reparação de máquinas e aparelhos de refrigeração e ventilação para uso industrial e comercial,Migração,True,False,False,SOMENTE SESI,1
17576754000197,Clinica Medica Integrada Souza Lima S/s Ltda,Não Indústria,4.Micro,Atividade médica ambulatorial restrita a consultas,Migração,True,False,False,SOMENTE SESI,1
17597297000117,Metric Usinagem Ltda,Industria | Indústria,3.Pequena,"Fabricação de máquinas e equipamentos para a indústria do plástico, peças e acessórios",Migração | Proposta,True,True,True,SESI + SENAI,2
17622147000116,Maceio Autopecas E Servicos Automotivos Ltda,Nao Industria,4.Micro,Comércio a varejo de pneumáticos e câmaras-de-ar,Migração,False,True,False,SOMENTE SENAI,1
17633171000150,Geraldo Passos Lima Neto Comercio De Generos Alimenticios Ltda,Indústria,4.Micro,Fabricação de conservas de frutas,Migração,True,False,False,SOMENTE SESI,1
17756769000137,Sp Fardamentos Ltda,Industria | Indústria,4.Micro,Facção de roupas profissionais,Proposta,True,True,True,SESI + SENAI,2
17765953000224,Agreste Lanchonete Ltda,Nao Industria,4.Micro,"Lanchonetes, casas de chá, de sucos e similares",Proposta,False,True,False,SOMENTE SENAI,1
17776281000171,Badoc Comunicacao Ltda,Não Indústria,4.Micro,"Edição de cadastros, listas e outros produtos gráficos",Migração,True,False,False,SOMENTE SESI,1
17777646000182,Jayme Carneiro Junior,Nao Industria,3.Pequena,Criação de bovinos para leite,Proposta,False,True,False,SOMENTE SENAI,1
17900904000176,Edvan Barbosa De Melo,Indústria,4.Micro,FABRICAÇÃO DE PRODUTOS DE PANIFICAÇÃO INDUSTRIAL,Migração,True,False,False,SOMENTE SESI,1
17917137000108,Tudo Limpo Distribuidora De Material De Limpeza E Descartaveis Ltda,Não Indústria,4.Micro,Comércio varejista de produtos saneantes domissanitários,Migração,True,False,False,SOMENTE SESI,1
17929081000101,Reginaldo Lyra Da Silva,Indústria,4.Micro,Serviços de comunicação multimídia - SCM,Migração,True,False,False,SOMENTE SESI,1
17958389000185,Combap Terraplenagem Ltda,Indústria,4.Micro,Obras de terraplenagem,Migração,True,False,False,SOMENTE SESI,1
17989116000106,Jk Perfumaria E Cosmetico Ltda,Indústria,4.Micro,"Fabricação de cosméticos, produtos de perfumaria e de higiene pessoal",Migração,True,False,False,SOMENTE SESI,1
18015981000106,Andrea Doria Chaves Monteiro,Indústria,3.Pequena,Serviços de manutenção e reparação mecânica de veículos automotores,Migração,True,False,False,SOMENTE SESI,1
18035660000173,Serve All Inteligencia Ltda,Indústria,4.Micro,Manutenção e reparação de máquinas e aparelhos de refrigeração e ventilação para uso industrial e comercial,Migração,True,False,False,SOMENTE SESI,1
18078551000133,Tecflan Servicos Industriais Ltda,Indústria,4.Micro,Manutenção e reparação de equipamentos e produtos não especificados anteriormente,Migração,True,False,False,SOMENTE SESI,1
18098211000174,Qualitmax Industria De Argamassas E Rejuntes Ltda,Indústria,4.Micro,Preparação de massa de concreto e argamassa para construção,Migração,True,False,False,SOMENTE SESI,1
18130068000150,Core Ambiental Ltda,Indústria,3.Pequena,Coleta de resíduos não-perigosos,Migração,True,False,False,SOMENTE SESI,1
18144066000110,Le Mix Preparacao De Massa De Concreto Ltda,Industria | Indústria,2.Média,Preparação de massa de concreto e argamassa para construção,Proposta,True,True,True,SESI + SENAI,2
18195069000183,Construtora E Empreendimentos M M Ltda,Industria | Indústria,4.Micro,Construção de edifícios,Migração,True,True,True,SESI + SENAI,2
18205634000146,Vip Sports Ltda,Indústria,4.Micro,"Confecção de peças do vestuário, exceto roupas íntimas e as confeccionadas sob medida",Migração,True,False,False,SOMENTE SESI,1
18221849000150,Jacilma Marques De Sousa Pet Shop,Não Indústria,4.Micro,Comércio varejista de animais vivos e de artigos e alimentos para animais de estimação,Migração,True,False,False,SOMENTE SESI,1
18311921000130,Alagoas Restaurante Ltda,Não Indústria,4.Micro,Restaurantes e similares,Migração,True,False,False,SOMENTE SESI,1
18314058000175,L C Silva Camisaria,Indústria,4.Micro,"Confecção de peças do vestuário, exceto roupas íntimas e as confeccionadas sob medida",Migração,True,False,False,SOMENTE SESI,1
18403814000132,Hotel Refugio Ltda,Não Indústria,4.Micro,Outros alojamentos não especificados anteriormente,Migração,True,False,False,SOMENTE SESI,1
18414740000130,Bio Digital Reciclagem De Eletronicos Ltda,Indústria,3.Pequena,Recuperação de sucatas de alumínio,Migração,True,False,False,SOMENTE SESI,1
18427355000127,Tau Consultoria Em Sustentabilidade Ltda,Não Indústria,4.Micro,Pesquisa e desenvolvimento experimental em ciências sociais e humanas,Migração,True,False,False,SOMENTE SESI,1
18448770000167,Falcao & Silva Comercio De Materiais De Construcao Ltda,Não Indústria,3.Pequena,Comércio varejista de materiais de construção em geral,Proposta,True,False,False,SOMENTE SESI,1
18513216000116,Mega Instalacoes Ltda,Indústria,4.Micro,Instalação de máquinas e equipamentos industriais,Migração,True,False,False,SOMENTE SESI,1
18531819000140,Anderson Arraes Delfino Ltda,Indústria,4.Micro,Serviços de manutenção e reparação mecânica de veículos automotores,Proposta,True,False,False,SOMENTE SESI,1
18548838000180,R R Ferraz Ltda,Indústria,2.Média,Abate de aves,Proposta,True,False,False,SOMENTE SESI,1
18639497000158,Silvertec Engenharia E Servicos Ltda.,Indústria,4.Micro,Serviços de engenharia,Migração,True,False,False,SOMENTE SESI,1
18675185000108,E-paletes Fabricacao E Comercio Atacadista De Paletes De Madeira Ltda.,Industria | Indústria,3.Pequena,"Fabricação de artefatos diversos de madeira, exceto móveis",Migração | Proposta,True,True,True,SESI + SENAI,2
18711452000147,Souza & Figueiredo Comercio De Lubrificantes Ltda,Não Indústria,4.Micro,Comércio atacadista de lubrificantes,Migração,True,False,False,SOMENTE SESI,1
18729404000186,Metal Infraestrutura Ltda,Industria,3.Pequena,"Construção de redes de abastecimento de água, coleta de esgoto e construções correlatas, exceto obras de irrigação",Proposta,False,True,False,SOMENTE SENAI,1
18748007000151,Ztt Do Brasil Ltda,Industria | Indústria,2.Média,"Fabricação de fios, cabos e condutores elétricos isolados",Migração | Proposta,True,True,True,SESI + SENAI,2
18818196000191,Inove Construcoes Ltda,Indústria,4.Micro,Construção de edifícios,Migração,True,False,False,SOMENTE SESI,1
18842121000146,Caetex Florestal S.a.,Nao Industria | Não Indústria,1.Grande,Cultivo de eucalipto,Proposta,True,True,True,SESI + SENAI,2
18855580000164,Life Comercio De Produtos De Nutricao Esportiva E Funcional Ltda,Não Indústria,4.Micro,Comércio varejista de produtos alimentícios em geral ou especializado em produtos alimentícios não especificados anteriormente,Migração,True,False,False,SOMENTE SESI,1
18985898000160,Prime Solucoes Industriais Ltda,Indústria,2.Média,Instalação de máquinas e equipamentos industriais,Proposta,True,False,False,SOMENTE SESI,1
19197536000177,Sanderly Teles Da Silva,Não Indústria,4.Micro,"Lanchonetes, casas de chá, de sucos e similares",Migração,True,False,False,SOMENTE SESI,1
19199106000194,Abrasiva - Especializada Em Tratamento Anti-corrosivo Ltda,Industria,4.Micro,Serviços de tratamento e revestimento em metais,Proposta,False,True,False,SOMENTE SENAI,1
19216314000154,Acioli Industria E Comercio De Produtos Descartaveis Ltda,Indústria,3.Pequena,Fabricação de embalagens de material plástico,Migração,True,False,False,SOMENTE SESI,1
19233110000121,Via Compra Ltda,Não Indústria,4.Micro,Comércio varejista de outros produtos não especificados anteriormente,Migração,True,False,False,SOMENTE SESI,1
19273747014797,Barbosa & Marques S A  Em Recuperacao Judicial,Não Indústria,4.Micro,Comércio atacadista de leite e laticínios,Proposta,True,False,False,SOMENTE SESI,1
19284040000130,Klin Engenharia E Gestao Ambiental Ltda,Indústria,3.Pequena,Descontaminação e outros serviços de gestão de resíduos,Migração,True,False,False,SOMENTE SESI,1
19306147000132,Clinica Medica Otosinus Ltda,Não Indústria,4.Micro,Atividade médica ambulatorial com recursos para realização de exames complementares,Migração,True,False,False,SOMENTE SESI,1
19315059000105,Irrigaplant Comercio De Materiais Hidraulicos Ltda,Não Indústria,4.Micro,Comércio varejista de materiais hidráulicos,Migração,True,False,False,SOMENTE SESI,1
19388186000126,Barbosa E Fontan Comercio Ltda,Indústria,4.Micro,Fabricação de bijuterias e artefatos semelhantes,Migração,True,False,False,SOMENTE SESI,1
19420544000130,Secretaria Municipal De Governo E De Subprefeituras ( Segov),Nao Industria,4.Micro,Administração pública em geral,Proposta,False,True,False,SOMENTE SENAI,1
19427410000141,Sora Alimentos Ltda,Indústria,4.Micro,Moagem e fabricação de produtos de origem vegetal não especificados anteriormente,Proposta,True,False,False,SOMENTE SESI,1
19485388000196,Ultra Servicos De Transportes Ltda,Não Indústria,3.Pequena,"Transporte rodoviário de carga, exceto produtos perigosos e mudanças, intermunicipal, interestadual e internacional",Migração,True,False,False,SOMENTE SESI,1
19499296000165,Ultracanudos Industria E Comercio De Plasticos Ltda,Industria,3.Pequena,Fabricação de embalagens de material plástico,Proposta,False,True,False,SOMENTE SENAI,1
19528581000167,Leonardo Figueiredo Guedes Nogueira,Indústria,3.Pequena,"Aparelhamento de placas e execução de trabalhos em mármore, granito, ardósia e outras pedras",Migração,True,False,False,SOMENTE SESI,1
19585028000166,Ethica Servicos De Engenharia E Construcao Ltda,Industria,3.Pequena,Construção de edifícios,Proposta,False,True,False,SOMENTE SENAI,1
19598162000100,Aloizio Protazio De Oliveira Fertilizantes Ltda,Não Indústria,4.Micro,"Comércio atacadista de defensivos agrícolas, adubos, fertilizantes e corretivos do solo",Migração,True,False,False,SOMENTE SESI,1
19653622000147,Distribuidora Popular De Alimentos Ltda,Não Indústria,3.Pequena,Comércio atacadista de produtos alimentícios em geral,Migração,True,False,False,SOMENTE SESI,1
19667297000171,Alagoana Ind. E Com. De Carrocerias Ltda,Não Indústria,4.Micro,Comércio a varejo de peças e acessórios novos para veículos automotores,Migração,True,False,False,SOMENTE SESI,1
19682315000194,Carlos Da Silva Catuipe Junior 75884151004,Não Indústria,4.Micro,Treinamento em desenvolvimento profissional e gerencial,Proposta,True,False,False,SOMENTE SESI,1
19704303000113,Asp Assessoria Social E Pesquisa Ltda,Nao Industria,3.Pequena,"Atividades de consultoria em gestão empresarial, exceto consultoria técnica específica",Proposta,False,True,False,SOMENTE SENAI,1
19730559000103,Freitas Comercio De Artigos Esportivos Ltda,Não Indústria,4.Micro,Comércio varejista de artigos esportivos,Migração,True,False,False,SOMENTE SESI,1
19810812000120,Sena & Maia Ltda,Industria,4.Micro,Fabricação de gelo comum,Migração,False,True,False,SOMENTE SENAI,1
19936024000185,Pfm Refeicoes Ltda,Industria | Indústria,3.Pequena,Fornecimento de alimentos preparados preponderantemente para empresas,Migração | Proposta,True,True,True,SESI + SENAI,2
19936024000428,Pfm Refeicoes Ltda,Indústria,3.Pequena,Fornecimento de alimentos preparados preponderantemente para empresas,Migração,True,False,False,SOMENTE SESI,1
19950277000103,Industria  Alimenticia Doce Campo Verde Ltda,Indústria,4.Micro,Fabricação de conservas de frutas,Migração,True,False,False,SOMENTE SESI,1
20058986000168,Sormel Industria De Sorvetes Ltda,Indústria,4.Micro,Fabricação de sorvetes e outros gelados comestíveis,Migração,True,False,False,SOMENTE SESI,1
20068306000278,Distribuidora De Alimentos Mix Bom Ltda,Nao Industria,3.Pequena,"Comércio varejista de mercadorias em geral, com predominância de produtos alimentícios - supermercados",Proposta,False,True,False,SOMENTE SENAI,1
20210296000182,Condominio Residencial Alto Das Alamedas,Não Indústria,4.Micro,Condomínios prediais,Migração,True,False,False,SOMENTE SESI,1
20253491000190,J. I. Lima,Não Indústria,4.Micro,Comércio varejista de produtos alimentícios em geral ou especializado em produtos alimentícios não especificados anteriormente,Migração,True,False,False,SOMENTE SESI,1
20268976000157,L. Carlos Barboza E Cia Ltda,Não Indústria,4.Micro,Comércio a varejo de peças e acessórios novos para motocicletas e motonetas,Migração,True,False,False,SOMENTE SESI,1
20279762000186,Secretaria De Estado De Ressocializacao E Inclusao Social,Nao Industria,4.Micro,Segurança e ordem pública,Migração,False,True,False,SOMENTE SENAI,1
20293552000142,Ellca 2 Servicos & Locacoes Ltda,Industria | Indústria,2.Média,Instalação e manutenção elétrica,Proposta,True,True,True,SESI + SENAI,2
20409151000105,Wib Provedores De Acesso Ltda,Indústria,4.Micro,Serviços de comunicação multimídia - SCM,Migração,True,False,False,SOMENTE SESI,1
20443702000157,D H F Consultoria E Engenharia Ltda,Indústria,3.Pequena,Serviços de engenharia,Migração,True,False,False,SOMENTE SESI,1
20589243000114,Evolution Comercio Administradora E Servicos Ltda,Não Indústria,3.Pequena,Gestão e administração da propriedade imobiliária,Migração,True,False,False,SOMENTE SESI,1
20644507000195,Pousada Martur Ltda,Não Indústria,4.Micro,Outros alojamentos não especificados anteriormente,Migração,True,False,False,SOMENTE SESI,1
20645520000169,Fm2c Servicos De Manutencao Ltda,Indústria,3.Pequena,Instalação e manutenção elétrica,Migração,True,False,False,SOMENTE SESI,1
20655142000102,J J Lira Panificadora Ltda,Indústria,4.Micro,FABRICAÇÃO DE PRODUTOS DE PANIFICAÇÃO INDUSTRIAL,Migração,True,False,False,SOMENTE SESI,1
20664328000110,Central Comercio De Pallet Ltda,Não Indústria,4.Micro,Comércio varejista de madeira e artefatos,Migração,True,False,False,SOMENTE SESI,1
20699343000101,M P A Marques De Souza Comercio E Servicos Ltda,Industria | Indústria,4.Micro,"Confecção de roupas profissionais, exceto sob medida",Migração | Proposta,True,True,True,SESI + SENAI,2
20701861000104,Panificacao Rio Branco Ltda,Indústria,4.Micro,FABRICAÇÃO DE PRODUTOS DE PANIFICAÇÃO INDUSTRIAL,Migração,True,False,False,SOMENTE SESI,1
20725521000113,Boulevard 1089 Apoio Administrativo Ltda,Não Indústria,4.Micro,"Serviços combinados para apoio a edifícios, exceto condomínios prediais",Migração,True,False,False,SOMENTE SESI,1
20780676000152,Mirantes Do Jequia Empreendimentos Imobiliarios Ltda.,Indústria,4.Micro,Incorporação de empreendimentos imobiliários,Migração,True,False,False,SOMENTE SESI,1
20784093000108,Rosilene Pereira Silva,Não Indústria,4.Micro,Comércio varejista de madeira e artefatos,Migração,True,False,False,SOMENTE SESI,1
20790997000138,Ana Glaucia Duarte Mendonca,Indústria,4.Micro,Serviços de alinhamento e balanceamento de veículos automotores,Migração,True,False,False,SOMENTE SESI,1
20792878000114,Eletroblu Sistemas Eletricos Ltda,Indústria,2.Média,Instalação e manutenção elétrica,Proposta,True,False,False,SOMENTE SESI,1
20826927000192,Aguiar E Nascimento Comercio Ltda,Indústria,3.Pequena,FABRICAÇÃO DE PRODUTOS DE PANIFICAÇÃO INDUSTRIAL,Migração,True,False,False,SOMENTE SESI,1
20997850000113,Incoforte - Industria E Comercio De Fumos Extra Forte Ltda,Industria,4.Micro,Processamento industrial do fumo,Proposta,False,True,False,SOMENTE SENAI,1
20999111000160,Ja Construcoes E Incorporacoes Ltda,Indústria,4.Micro,Construção de edifícios,Proposta,True,False,False,SOMENTE SESI,1
21025561000115,Pedrosa & Fontan Panificacao Ltda,Indústria,4.Micro,FABRICAÇÃO DE PRODUTOS DE PANIFICAÇÃO INDUSTRIAL,Migração,True,False,False,SOMENTE SESI,1
21025561000204,Pedrosa & Fontan Panificacao Ltda,Indústria,4.Micro,FABRICAÇÃO DE PRODUTOS DE PANIFICAÇÃO INDUSTRIAL,Migração,True,False,False,SOMENTE SESI,1
21050108000169,S & S Restaurante E Pizzaria Ltda,Não Indústria,4.Micro,Restaurantes e similares,Migração,True,False,False,SOMENTE SESI,1
21071021000178,Marcenaria Carmel Ltda,Industria | Indústria,4.Micro,Fabricação de móveis com predominância de madeira,Proposta,True,True,True,SESI + SENAI,2
21135340000108,H Fernando De Medeiros Pinto,Não Indústria,4.Micro,Hotéis,Migração,True,False,False,SOMENTE SESI,1
21142841000103,Reauto Servicos E Comercio De Pecas Para Veiculos Ltda,Não Indústria,4.Micro,Comércio a varejo de peças e acessórios novos para veículos automotores,Migração,True,False,False,SOMENTE SESI,1
21169943000112,Neri Coelho Estetica E Beleza Ltda,Não Indústria,4.Micro,Outras atividades de tratamento de beleza,Migração,True,False,False,SOMENTE SESI,1
21278824000106,Solo Agropecuaria E Participacoes Ltda,Nao Industria,3.Pequena,Cultivo de cana-de-açúcar,Proposta,False,True,False,SOMENTE SENAI,1
21315683000146,Lages E Albuquerque Ltda,Indústria,4.Micro,Fabricação de laticínios,Migração,True,False,False,SOMENTE SESI,1
21316170000150,Sanama - Saneamento Alta Maceio S/a,Indústria,2.Média,Gestão de redes de esgoto,Proposta,True,False,False,SOMENTE SESI,1
21344990000155,Tjm Pre-moldados Ltda,Industria | Indústria,3.Pequena,"Fabricação de estruturas pré-moldadas de concreto armado, em série e sob encomenda",Migração,True,True,True,SESI + SENAI,2
21432103000281,Naturalle Tratamento De Residuos Ltda,Industria,1.Grande,Tratamento e disposição de resíduos não-perigosos,Proposta,False,True,False,SOMENTE SENAI,1
21525643000129,Socitec Servicos Tecnicos Em Instalacoes Ltda,Indústria,3.Pequena,"Instalação de portas, janelas, tetos, divisórias e armários embutidos de qualquer material",Migração,True,False,False,SOMENTE SESI,1
21583852000129,Parmegianno Iate Club Ltda,Não Indústria,3.Pequena,Restaurantes e similares,Migração,True,False,False,SOMENTE SESI,1
21603692000132,J P Da Silva Gregorio,Indústria,4.Micro,FABRICAÇÃO DE PRODUTOS DE PANIFICAÇÃO INDUSTRIAL,Migração,True,False,False,SOMENTE SESI,1
21652038000119,Azevedo Soares Ind. E Com. De Argamassa Ltda,Industria,3.Pequena,Preparação de massa de concreto e argamassa para construção,Proposta,False,True,False,SOMENTE SENAI,1
21656926000100,Lucelena Da Rocha Vanderlei,Industria,4.Micro,Fabricação de biscoitos e bolachas,Proposta,False,True,False,SOMENTE SENAI,1
21675045000136,Antonio Da Silva,Indústria,4.Micro,Instalação e manutenção elétrica,Migração,True,False,False,SOMENTE SESI,1
21717134000106,Mak Sorveteria Ltda,Nao Industria,4.Micro,"Lanchonetes, casas de chá, de sucos e similares",Proposta,False,True,False,SOMENTE SENAI,1
21849960000109,M4 Pinturas Ltda,Indústria,4.Micro,Serviços de pintura de edifícios em geral,Migração,True,False,False,SOMENTE SESI,1
21870171000141,Daniel De Oliveira Silva,Indústria,4.Micro,"Confecção, sob medida, de roupas profissionais",Migração,True,False,False,SOMENTE SESI,1
21876488000195,E3fix Engenharia Ltda,Indústria,4.Micro,Serviços de engenharia,Migração,True,False,False,SOMENTE SESI,1
21935123000194,Annalyce Soares De Melo,Não Indústria,4.Micro,"Comércio varejista de mercadorias em geral, com predominância de produtos alimentícios - minimercados, mercearias e armazéns",Migração,True,False,False,SOMENTE SESI,1
22053818000105,Condominio Residencial Mediterraneo Oestes,Não Indústria,4.Micro,Condomínios prediais,Migração,True,False,False,SOMENTE SESI,1
22127049000142,G Rodrigues Ramos,Indústria,4.Micro,Instalação e manutenção elétrica,Migração,True,False,False,SOMENTE SESI,1
22195075000108,Mundial Granitos E Marmores Ltda,Indústria,4.Micro,"Aparelhamento de placas e execução de trabalhos em mármore, granito, ardósia e outras pedras",Migração,True,False,False,SOMENTE SESI,1
22213186000108,Pysf Concretos E Argamassas Ltda,Indústria,3.Pequena,Preparação de massa de concreto e argamassa para construção,Migração,True,False,False,SOMENTE SESI,1
22318086000138,Ana Maria Soares De Lima,Indústria,4.Micro,Fabricação de laticínios,Migração,True,False,False,SOMENTE SESI,1
22341335000106,Cruz E Correia Industria De Sorvetes Ltda,Industria | Indústria,4.Micro,Fabricação de sorvetes e outros gelados comestíveis,Migração | Proposta,True,True,True,SESI + SENAI,2
22442829000187,Jeizeanne De Gusmao Gomes Ltda,Não Indústria,4.Micro,Comércio varejista de hortifrutigranjeiros,Migração,True,False,False,SOMENTE SESI,1
22476571000130,Evolution Locadora Comercio E Servicos Ltda,Não Indústria,3.Pequena,Gestão e administração da propriedade imobiliária,Migração,True,False,False,SOMENTE SESI,1
22503169000105,Marinho Polimeros Ltda,Indústria,4.Micro,Fabricação de resinas termoplásticas,Migração,True,False,False,SOMENTE SESI,1
22556184000103,Alessandra Oliveira Dos Santos,Indústria,4.Micro,Serviços de comunicação multimídia - SCM,Migração,True,False,False,SOMENTE SESI,1
22632851000190,Ganhar Brasil Franchising S/s Ltda,Nao Industria,4.Micro,Treinamento em desenvolvimento profissional e gerencial,Proposta,False,True,False,SOMENTE SENAI,1
22648664000102,Vila Materna Ltda,Não Indústria,4.Micro,Outras atividades de serviços pessoais não especificadas anteriormente,Migração,True,False,False,SOMENTE SESI,1
22763714000194,Mrs Cerveja Do Nordeste Ltda,Indústria,4.Micro,Fabricação de cervejas e chopes,Migração,True,False,False,SOMENTE SESI,1
22779724000118,Kch Comercio De Laticinios Ltda,Industria | Indústria,3.Pequena,Fabricação de laticínios,Migração | Proposta,True,True,True,SESI + SENAI,2
22821129000101,Zampieri Alugueis Ltda,Não Indústria,4.Micro,Gestão e administração da propriedade imobiliária,Migração,True,False,False,SOMENTE SESI,1
22844896000128,S. Paula Guimaraes Amaral,Não Indústria,4.Micro,Atividades de cobrança e informações cadastrais,Migração,True,False,False,SOMENTE SESI,1
22862086000102,Panificacao Alvorada Ii Ltda,Industria | Indústria,3.Pequena,FABRICAÇÃO DE PRODUTOS DE PANIFICAÇÃO INDUSTRIAL,Migração | Proposta,True,True,True,SESI + SENAI,2
22866960000171,Kod Engenharia Ltda,Indústria,3.Pequena,Serviços de engenharia,Migração,True,False,False,SOMENTE SESI,1
22975605000130,R S L Policarpo Contrucoes,Não Indústria,4.Micro,Comércio varejista de materiais de construção em geral,Migração,True,False,False,SOMENTE SESI,1
23057444000169,A.s Car Repintura Automotiva Ltda,Indústria,4.Micro,Serviços de lanternagem ou funilaria e pintura de veículos automotores,Migração,True,False,False,SOMENTE SESI,1
23093434000260,Riomar Trading Ltda,Não Indústria,4.Micro,"Comércio atacadista de mercadorias em geral, sem predominância de alimentos ou de insumos agropecuários",Migração,True,False,False,SOMENTE SESI,1
23233451000174,A P Cezar & Cia Ltda,Não Indústria,4.Micro,Comércio a varejo de peças e acessórios novos para veículos automotores,Migração,True,False,False,SOMENTE SESI,1
23238400000135,Rc Pre-moldados Master Ltda,Indústria,3.Pequena,Fabricação de artefatos de cimento para uso na construção,Migração,True,False,False,SOMENTE SESI,1
23275905000170,Bem Estar Nutricao Clinica E Estetica S/s Ltda,Não Indústria,4.Micro,Atividades de profissionais da nutrição,Migração,True,False,False,SOMENTE SESI,1
23399809000133,S. A. De Souza Direcoes Hidraulicas,Industria,4.Micro,"Manutenção e reparação de equipamentos hidráulicos e pneumáticos, exceto válvulas",Proposta,False,True,False,SOMENTE SENAI,1
23452238002016,Dvg Industrial S.a.,Industria | Indústria,3.Pequena,"Fabricação de artefatos de material plástico para uso na construção, exceto tubos e acessórios",Migração | Proposta,True,True,True,SESI + SENAI,2
23499339000180,Beeva Industria Comercio E Exportacao De Mel E Derivados S/a,Indústria,3.Pequena,Fabricação de outros produtos alimentícios não especificados anteriormente,Migração,True,False,False,SOMENTE SESI,1
23524040000138,Braspowertech Solucoes Tecnologicas Ltda,Indústria,4.Micro,"Fabricação de aparelhos e equipamentos de medida, teste e controle",Proposta,True,False,False,SOMENTE SESI,1
23571419000107,Jael Engenharia Ltda,Industria,4.Micro,Serviços de engenharia,Proposta,False,True,False,SOMENTE SENAI,1
23585778000105,Sbv Solucoes Ambientais Ltda,Industria,2.Média,"Obras portuárias, marítimas e fluviais",Proposta,False,True,False,SOMENTE SENAI,1
23619452000151,Maucon Empreendimentos Ltda,Não Indústria,3.Pequena,Hotéis,Migração,True,False,False,SOMENTE SESI,1
23693654000143,"Indumaster - Maquinas, Equipamentos E Manutencao Ltda",Industria | Indústria,3.Pequena,"Manutenção e reparação de máquinas e equipamentos para as indústrias de alimentos, bebidas e fumo",Migração | Proposta,True,True,True,SESI + SENAI,2
23720921000124,Stx Energia Ltda,Indústria,3.Pequena,Serviços de engenharia,Proposta,True,False,False,SOMENTE SESI,1
23784607000105,J V P Da Silva,Indústria,4.Micro,Provedores de acesso às redes de comunicações,Migração,True,False,False,SOMENTE SESI,1
23803052000100,Fortfit Academia Ltda,Não Indústria,4.Micro,Atividades de condicionamento físico,Migração,True,False,False,SOMENTE SESI,1
23803052000282,Fortfit Academia Ltda,Não Indústria,4.Micro,Atividades de condicionamento físico,Migração,True,False,False,SOMENTE SESI,1
23856827000105,"Pontes, Marinho E Vasconcellos Advogados",Não Indústria,4.Micro,Serviços advocatícios,Migração,True,False,False,SOMENTE SESI,1
23878186000181,Centro De Educacao Infantil Bilingue Ltda,Não Indústria,3.Pequena,Ensino de idiomas,Migração,True,False,False,SOMENTE SESI,1
23883380000155,Atmmpaes Comercio De Produtos De Nutricao Esportiva E Funcional Ltda,Não Indústria,4.Micro,Comércio varejista de produtos alimentícios em geral ou especializado em produtos alimentícios não especificados anteriormente,Migração,True,False,False,SOMENTE SESI,1
23953373000182,Bahia Industria De Subprodutos Animais Ltda,Indústria,3.Pequena,Preparação de subprodutos do abate,Migração,True,False,False,SOMENTE SESI,1
24111914000198,Pedro Locacoes Ltda,Não Indústria,4.Micro,"Aluguel de palcos, coberturas e outras estruturas de uso temporário, exceto andaimes",Migração,True,False,False,SOMENTE SESI,1
24146840000125,Donna Lai Salgados Ltda,Industria,4.Micro,Fabricação de alimentos e pratos prontos,Migração,False,True,False,SOMENTE SENAI,1
24166316000116,Iplac Industria Plastica Caetes Ltda,Indústria,1.Grande,Fabricação de artefatos de material plástico para uso pessoal e doméstico,Migração,True,False,False,SOMENTE SESI,1
24166316000205,Iplac Industria Plastica Caetes Ltda,Indústria,2.Média,Fabricação de artefatos de material plástico para uso pessoal e doméstico,Migração,True,False,False,SOMENTE SESI,1
24174070000124,Record Planejamento E Construcao Ltda,Industria | Indústria,3.Pequena,Construção de edifícios,Migração | Proposta,True,True,True,SESI + SENAI,2
24194249000143,P C Assessoria Empresarial Ltda,Não Indústria,3.Pequena,Seleção e agenciamento de mão-de-obra,Migração,True,False,False,SOMENTE SESI,1
24208048000158,Ferbras Ferragens Brasil Ltda,Não Indústria,4.Micro,Comércio varejista de ferragens e ferramentas,Migração,True,False,False,SOMENTE SESI,1
24239931000105,Ibratin Nordeste Ltda,Industria | Indústria,3.Pequena,"Fabricação de tintas, vernizes, esmaltes e lacas",Migração | Proposta,True,True,True,SESI + SENAI,2
24244972000190,Condominio Do Edificio Curima,Não Indústria,4.Micro,Condomínios prediais,Migração,True,False,False,SOMENTE SESI,1
24245219000119,Condominio Maceio Shopping Center,Nao Industria,2.Média,Condomínios prediais,Proposta,False,True,False,SOMENTE SENAI,1
24250342000128,Aplimac Aplicadora Maceio Ltda,Industria,3.Pequena,Serviços de pintura de edifícios em geral,Proposta,False,True,False,SOMENTE SENAI,1
24250813000106,Jose Bepe Guedes De Luna,Não Indústria,4.Micro,Outros alojamentos não especificados anteriormente,Migração,True,False,False,SOMENTE SESI,1
24251530000170,Tavares E Barros Ltda,Indústria,4.Micro,FABRICAÇÃO DE PRODUTOS DE PANIFICAÇÃO INDUSTRIAL,Migração,True,False,False,SOMENTE SESI,1
24252447000116,Teknol Eletronica Industrial Ltda,Industria,3.Pequena,"Manutenção e reparação de máquinas, aparelhos e materiais elétricos não especificados anteriormente",Proposta,False,True,False,SOMENTE SENAI,1
24285302000111,Visgueiro & Magalhaes Ltda,Indústria,4.Micro,Fabricação de estruturas metálicas,Migração,True,False,False,SOMENTE SESI,1
24307233000108,Panificadora E Lanchonete Rio Branco Ltda,Industria | Indústria,3.Pequena,FABRICAÇÃO DE PRODUTOS DE PADARIA E CONFEITARIA COM PREDOMINÂNCIA DE PRODUÇÃO PRÓPRIA,Migração | Proposta,True,True,True,SESI + SENAI,2
24312944000162,Cooperativa Mista Radio Tele Taxi De Maceio Ltda,Não Indústria,4.Micro,Outras atividades associativas profissionais,Migração,True,False,False,SOMENTE SESI,1
24313827000113,Comlub Comercial De Lubrificantes S.a.,Não Indústria,3.Pequena,Comércio atacadista de lubrificantes,Migração,True,False,False,SOMENTE SESI,1
24321382000202,Luna L Nunes Avicola Ltda,Indústria,3.Pequena,Fabricação de alimentos para animais,Migração,True,False,False,SOMENTE SESI,1
24321382000385,Luna L Nunes Avicola Ltda,Não Indústria,4.Micro,Produção de ovos,Migração,True,False,False,SOMENTE SESI,1
24322398000302,Especiarya Industria E Comercio Ltda,Indústria,3.Pequena,FABRICAÇÃO DE PRODUTOS DE PADARIA E CONFEITARIA COM PREDOMINÂNCIA DE PRODUÇÃO PRÓPRIA,Proposta,True,False,False,SOMENTE SESI,1
24326589000180,System Tours Viagens E Turismo Ltda,Não Indústria,4.Micro,Agências de viagens,Migração,True,False,False,SOMENTE SESI,1
24328700000178,Lares Construcoes Ltda,Industria | Indústria,2.Média,Construção de edifícios,Migração | Proposta,True,True,True,SESI + SENAI,2
24341378000117,Toracica Alagoas Servicos Medicos Ltda,Não Indústria,4.Micro,"Atividades de atendimento hospitalar, exceto pronto-socorro e unidades para atendimento a urgências",Migração,True,False,False,SOMENTE SESI,1
24353188000110,Ruca Comercio De Alimentos Ltda,Industria,3.Pequena,FABRICAÇÃO DE PRODUTOS DE PANIFICAÇÃO INDUSTRIAL,Proposta,False,True,False,SOMENTE SENAI,1
24408420000170,Multpaes Fabricacao De Paes Ltda,Industria,3.Pequena,FABRICAÇÃO DE PRODUTOS DE PADARIA E CONFEITARIA COM PREDOMINÂNCIA DE PRODUÇÃO PRÓPRIA,Proposta,False,True,False,SOMENTE SENAI,1
24447770002270,"Teixeira Duarte - Engenharia E Construcoes, S.a.",Industria,1.Grande,Construção de edifícios,Proposta,False,True,False,SOMENTE SENAI,1
24463812000131,Condominio Do Edificio Costa Do Sol,Não Indústria,4.Micro,Condomínios prediais,Migração,True,False,False,SOMENTE SESI,1
24464315000158,Assoc Dos Servidores Inat Do Fisco Do Estado De Alagoas,Não Indústria,4.Micro,Atividades de associações de defesa de direitos sociais,Migração,True,False,False,SOMENTE SESI,1
24467896000181,Ccb Engenharia Ltda,Industria,2.Média,"Construção de redes de abastecimento de água, coleta de esgoto e construções correlatas, exceto obras de irrigação",Proposta,False,True,False,SOMENTE SENAI,1
24468522000180,Hotel Costamar Ltda,Não Indústria,2.Média,Hotéis,Proposta,True,False,False,SOMENTE SESI,1
24470023000128,Deniz & Cia Ltda,Indústria,4.Micro,"Confecção, sob medida, de peças do vestuário, exceto roupas íntimas",Migração,True,False,False,SOMENTE SESI,1
24480485000126,Engequip Turbinas A Vapor Ltda,Indústria,4.Micro,"Fabricação de máquinas e equipamentos para uso industrial específico não especificados anteriormente, peças e acessórios",Migração,True,False,False,SOMENTE SESI,1
24482648000100,Preventiva Car Industrial Ltda,Indústria,4.Micro,Fabricação de equipamentos de transporte não especificados anteriormente,Migração,True,False,False,SOMENTE SESI,1
24483633000166,Santos E Melo Ltda,Não Indústria,4.Micro,Cabeleireiros,Migração,True,False,False,SOMENTE SESI,1
24487886000108,Marmogran Industria E Comercio De Marmores E Granitos Ltda,Indústria,4.Micro,"Aparelhamento de placas e execução de trabalhos em mármore, granito, ardósia e outras pedras",Migração,True,False,False,SOMENTE SESI,1
24506839000164,R V I Comercio E Servicos Industriais Ltda,Industria,4.Micro,Manutenção e reparação de válvulas industriais,Proposta,False,True,False,SOMENTE SENAI,1
24515392000190,A R Lopes Quintino Ltda,Industria,3.Pequena,Construção de edifícios,Proposta,False,True,False,SOMENTE SENAI,1
24575297000181,J. V. F. Gomes Equipadora,Não Indústria,4.Micro,Comércio a varejo de peças e acessórios novos para veículos automotores,Migração,True,False,False,SOMENTE SESI,1
24726921000102,Jose Arnaldo Pinheiro De Souza Ltda,Indústria,4.Micro,Serviços de comunicação multimídia - SCM,Migração,True,False,False,SOMENTE SESI,1
24736262000187,J W P De Gouveia,Indústria,4.Micro,Impressão de material para uso publicitário,Migração,True,False,False,SOMENTE SESI,1
24751061000159,T Z Confeccoes Ltda,Indústria,4.Micro,"Confecção de peças do vestuário, exceto roupas íntimas e as confeccionadas sob medida",Migração,True,False,False,SOMENTE SESI,1
24830240000181,Elizabete Pinheiro Queiroz,Não Indústria,4.Micro,Hotéis,Migração,True,False,False,SOMENTE SESI,1
24870569000176,Agronegocio Vasconcelos Ltda,Industria | Indústria,3.Pequena,Preparação do leite,Migração | Proposta,True,True,True,SESI + SENAI,2
24883020000116,Rosilene De Lima Moura,Indústria,2.Média,"Serviços de instalação, manutenção e reparação de acessórios para veículos automotores",Migração,True,False,False,SOMENTE SESI,1
24937152000183,Laikos Solucoes Em Telecomunicacoes Ltda,Indústria,4.Micro,Serviços de comunicação multimídia - SCM,Migração,True,False,False,SOMENTE SESI,1
24937152000345,Laikos Solucoes Em Telecomunicacoes Ltda,Indústria,4.Micro,Serviços de comunicação multimídia - SCM,Migração,True,False,False,SOMENTE SESI,1
24987856000160,Brazmarmore Industria E Comercio De Marmores E Granito Ltda,Indústria,3.Pequena,"Aparelhamento de placas e execução de trabalhos em mármore, granito, ardósia e outras pedras",Migração,True,False,False,SOMENTE SESI,1
24987939000150,3m Administracao Ltda,Não Indústria,4.Micro,"Albergues, exceto assistenciais",Migração,True,False,False,SOMENTE SESI,1
25060853000140,Ello Condominios Ltda,Não Indústria,3.Pequena,Gestão e administração da propriedade imobiliária,Migração,True,False,False,SOMENTE SESI,1
25079321000154,Sacramento E Almeida Ltda,Não Indústria,3.Pequena,Restaurantes e similares,Migração,True,False,False,SOMENTE SESI,1
25164354000100,Condominio Riacho Doce Residence Flat,Não Indústria,3.Pequena,Condomínios prediais,Migração,True,False,False,SOMENTE SESI,1
25245517000171,Consorcio Construtor Alta Maceio,Industria,3.Pequena,"Construção de redes de abastecimento de água, coleta de esgoto e construções correlatas, exceto obras de irrigação",Proposta,False,True,False,SOMENTE SENAI,1
25288252000199,Rodrigues E Souza Alimentos Ltda,Não Indústria,4.Micro,Restaurantes e similares,Migração,True,False,False,SOMENTE SESI,1
25422019000157,Bello Gusto Comercio De Alimentos Ltda,Não Indústria,4.Micro,Restaurantes e similares,Migração,True,False,False,SOMENTE SESI,1
25422785000111,Juciara Souza Lima Galvao,Não Indústria,4.Micro,Educação infantil - pré-escola,Migração,True,False,False,SOMENTE SESI,1
26058879000116,Ab Industria Metalurgica E Comercio Ltda,Industria,4.Micro,Fabricação de esquadrias de metal,Proposta,False,True,False,SOMENTE SENAI,1
26070970000157,Ycb Sampaio Servicos Ltda,Não Indústria,4.Micro,Carga e descarga,Migração,True,False,False,SOMENTE SESI,1
26155529000178,Superpaver Asfaltos Ltda,Indústria,3.Pequena,"Obras de urbanização - ruas, praças e calçadas",Migração,True,False,False,SOMENTE SESI,1
26212676000132,Vilela Araujo & Cia Ltda,Não Indústria,4.Micro,Comércio varejista de artigos do vestuário e acessórios,Migração,True,False,False,SOMENTE SESI,1
26216761000179,Walmir Valenca Sociedade Individual De Advocacia,Não Indústria,4.Micro,Serviços advocatícios,Migração,True,False,False,SOMENTE SESI,1
26238109000155,Prime Servicos Automotivos Ltda,Indústria,4.Micro,Serviços de lanternagem ou funilaria e pintura de veículos automotores,Migração,True,False,False,SOMENTE SESI,1
26260065000160,Cacau Matriz & Ecoturismo Ltda,Industria | Indústria,4.Micro,Fabricação de produtos derivados do cacau e de chocolates,Migração | Proposta,True,True,True,SESI + SENAI,2
26372008000172,Marinho & Cia Industria De Plasticos Ltda,Indústria,3.Pequena,"Fabricação de móveis de outros materiais, exceto madeira e metal",Migração,True,False,False,SOMENTE SESI,1
26389015000187,Data Engenharia Ltda,Indústria,4.Micro,"Manutenção e reparação de geradores, transformadores e motores elétricos",Proposta,True,False,False,SOMENTE SESI,1
26391611000100,Hop Bros Cervejaria Ltda,Indústria,4.Micro,Fabricação de cervejas e chopes,Migração,True,False,False,SOMENTE SESI,1
26405315000102,Locanet Telecomunicacoes Ltda,Indústria,4.Micro,Serviços de comunicação multimídia - SCM,Migração,True,False,False,SOMENTE SESI,1
26430205000109,Gm Prestadora De Servicos Administrativos A Empresas Ltda,Não Indústria,3.Pequena,Preparação de documentos e serviços especializados de apoio administrativo não especificados anteriormente,Migração,True,False,False,SOMENTE SESI,1
26479090000139,Industria De Alimentos Compostela Ltda,Industria,2.Média,Fabricação de conservas de frutas,Proposta,False,True,False,SOMENTE SENAI,1
26491141000148,Autopecas Angelo Falcao Ltda,Não Indústria,4.Micro,Comércio a varejo de peças e acessórios novos para veículos automotores,Migração,True,False,False,SOMENTE SESI,1
26536432000105,Maragogi Brisa Hotel Ltda,Não Indústria,2.Média,Hotéis,Proposta,True,False,False,SOMENTE SESI,1
26600027000109,L Carlos Gomes  Ltda,Industria,4.Micro,Serviços de manutenção e reparação mecânica de veículos automotores,Migração,False,True,False,SOMENTE SENAI,1
26609733000111,Seabra Engenharia E Projetos Ltda,Industria,3.Pequena,Construção de edifícios,Proposta,False,True,False,SOMENTE SENAI,1
26616606000140,Gd Finance Ltda,Não Indústria,4.Micro,Corretagem na compra e venda e avaliação de imóveis,Migração,True,False,False,SOMENTE SESI,1
26688379000168,Podium Comunicacao Visual Ltda,Industria | Indústria,3.Pequena,Impressão de material para uso publicitário,Migração | Proposta,True,True,True,SESI + SENAI,2
26736810000102,Geoagro Perfuracoes E Sondagens S.a,Indústria,4.Micro,Perfurações e sondagens,Migração,True,False,False,SOMENTE SESI,1
26773483000150,Newplast Industria E Comercio De Embalagens Ltda,Industria | Indústria,2.Média,Fabricação de laminados planos e tubulares de material plástico,Migração | Proposta,True,True,True,SESI + SENAI,2
26775107000103,Agencia Erk Ltda,Não Indústria,4.Micro,Agências de publicidade,Migração,True,False,False,SOMENTE SESI,1
26777267000183,Tca - Industria De Alimentos Ltda,Indústria,4.Micro,Fabricação de conservas de frutas,Migração,True,False,False,SOMENTE SESI,1
26791836000145,Pacheco Variedades Ltda,Não Indústria,4.Micro,Comercio varejista de artigos de armarinho,Migração,True,False,False,SOMENTE SESI,1
26794410000226,Tcl Semp Industria E Comerco De Condicionadores De Ar S.a,Industria,1.Grande,Fabricação de aparelhos e equipamentos de ar condicionado para uso não-industrial,Proposta,False,True,False,SOMENTE SENAI,1
26807886000173,Adriano Souza De Santana,Indústria,4.Micro,Serviços de comunicação multimídia - SCM,Migração,True,False,False,SOMENTE SESI,1
26969453000114,Alepack Industria E Comercio Plasticos Ltda,Industria | Indústria,3.Pequena,Fabricação de artefatos de material plástico para uso pessoal e doméstico,Migração | Proposta,True,True,True,SESI + SENAI,2
26991157000110,"Bastos Teixeira & Cia Comercio De Importacao, Exportacao E Representacoes Ltda",Não Indústria,4.Micro,"Representantes comerciais e agentes do comércio de madeira, material de construção e ferragens",Migração,True,False,False,SOMENTE SESI,1
27023800000184,Interlink Correntes Agroindustrial E Transportadora Ltda,Não Indústria,3.Pequena,Comércio varejista de ferragens e ferramentas,Migração,True,False,False,SOMENTE SESI,1
27052087000105,I F De Lima Tecidos,Não Indústria,4.Micro,Comércio varejista de tecidos,Migração,True,False,False,SOMENTE SESI,1
27056622000198,Guardare Corretora De Seguros Ltda,Não Indústria,4.Micro,"Corretores e agentes de seguros, de planos de previdência complementar e de saúde",Migração,True,False,False,SOMENTE SESI,1
27181509000134,Joao Lippo Advogados Associados,Não Indústria,4.Micro,Serviços advocatícios,Migração,True,False,False,SOMENTE SESI,1
27191235000164,Ayx Lanchonete Ltda,Nao Industria,4.Micro,"Lanchonetes, casas de chá, de sucos e similares",Proposta,False,True,False,SOMENTE SENAI,1
27230297000138,Maria Lecia Dos Santos,Industria | Indústria,4.Micro,FABRICAÇÃO DE PRODUTOS DE PANIFICAÇÃO INDUSTRIAL,Migração | Proposta,True,True,True,SESI + SENAI,2
27242125000184,Vergare Engenharia Ltda,Industria,3.Pequena,Serviços de engenharia,Migração,False,True,False,SOMENTE SENAI,1
27347894000147,Estofados Bello Ltda,Industria,3.Pequena,Fabricação de móveis com predominância de madeira,Proposta,False,True,False,SOMENTE SENAI,1
27358066000104,Alirio Alisson Benjamim Alves Ricarte Ceramica Ltda,Indústria,3.Pequena,"Fabricação de artefatos de cerâmica e barro cozido para uso na construção, exceto azulejos e pisos",Migração,True,False,False,SOMENTE SESI,1
27446620000105,Byze Comercio E Servicos Ltda,Não Indústria,4.Micro,Comércio a varejo de motocicletas e motonetas novas,Migração,True,False,False,SOMENTE SESI,1
27511226000103,J.f. Dos Santos Esportes Ltda,Não Indústria,4.Micro,Comércio varejista de calçados,Migração,True,False,False,SOMENTE SESI,1
27654153000109,Fw Alimentacao Ltda,Nao Industria,4.Micro,Restaurantes e similares,Proposta,False,True,False,SOMENTE SENAI,1
27747010000141,Instituto Pra Vida,Não Indústria,4.Micro,Atividades de associações de defesa de direitos sociais,Proposta,True,False,False,SOMENTE SESI,1
27806530000188,27.806.530 Maria Cleane Barbosa Pereira,Não Indústria,4.Micro,Ensino de arte e cultura não especificado anteriormente,Proposta,True,False,False,SOMENTE SESI,1
27854319000130,Casa Da Limpeza Ltda,Não Indústria,4.Micro,Comércio varejista de produtos saneantes domissanitários,Migração,True,False,False,SOMENTE SESI,1
27973446000159,Itsnet Telecom Ltda,Indústria,4.Micro,Provedores de acesso às redes de comunicações,Migração,True,False,False,SOMENTE SESI,1
28004806000177,Cardan Arapiraca Comercio De Pecas E Servicos Ltda,Não Indústria,4.Micro,Comércio a varejo de peças e acessórios novos para veículos automotores,Migração,True,False,False,SOMENTE SESI,1
28017647000145,Led Engenharia E Sinalizacao Ltda,Industria,3.Pequena,Construção de rodovias e ferrovias,Migração,False,True,False,SOMENTE SENAI,1
28094708000178,D H S De Albuquerque Pontes,Industria | Indústria,4.Micro,FABRICAÇÃO DE PRODUTOS DE PANIFICAÇÃO INDUSTRIAL,Migração | Proposta,True,True,True,SESI + SENAI,2
28154598000192,M De Almeida  Barros Ltda,Indústria,4.Micro,FABRICAÇÃO DE PRODUTOS DE PANIFICAÇÃO INDUSTRIAL,Proposta,True,False,False,SOMENTE SESI,1
28160531000160,Jose Anderson De Oliveira Silva,Indústria,4.Micro,Serviços de comunicação multimídia - SCM,Migração,True,False,False,SOMENTE SESI,1
28206503000137,Ecosolar Energia E Solucoes Ltda,Indústria,4.Micro,Instalação e manutenção elétrica,Migração,True,False,False,SOMENTE SESI,1
28333798000102,Ceramica Lider Ltda,Indústria,3.Pequena,"Fabricação de artefatos de cerâmica e barro cozido para uso na construção, exceto azulejos e pisos",Migração,True,False,False,SOMENTE SESI,1
28442909000119,28.442.909 Israel Henrique Da Silva,Não Indústria,4.Micro,Produção teatral,Proposta,True,False,False,SOMENTE SESI,1
28450759000195,F T De Souza Fabricacoes E Construcoes,Industria,4.Micro,"Fabricação de artefatos de cerâmica e barro cozido para uso na construção, exceto azulejos e pisos",Proposta,False,True,False,SOMENTE SENAI,1
28515756000192,Eletronica Barao De Atalaia Ltda,Não Indústria,4.Micro,"Comércio varejista especializado de peças e acessórios para aparelhos eletroeletrônicos para uso doméstico, exceto informática e comunicação",Migração,True,False,False,SOMENTE SESI,1
28620879000193,Impacto Bioenergia Alagoas S.a,Industria | Indústria,2.Média,Geração de energia elétrica,Migração | Proposta,True,True,True,SESI + SENAI,2
28663399000100,Hotel Kazullo Ltda,Não Indústria,4.Micro,Outros alojamentos não especificados anteriormente,Migração,True,False,False,SOMENTE SESI,1
28726763000133,Madeiras Do Brasil Barro Duro Ltda.,Não Indústria,4.Micro,Comércio varejista de madeira e artefatos,Migração,True,False,False,SOMENTE SESI,1
28790078000176,Globomaq - Servicos E Equipamentos Industriais Ltda,Indústria,4.Micro,Manutenção e reparação de outras máquinas e equipamentos para usos industriais não especificados anteriormente,Migração,True,False,False,SOMENTE SESI,1
28791676000160,Maxlab Reagentes E Equipamentos Ltda,Não Indústria,4.Micro,Comércio varejista de artigos médicos e ortopédicos,Migração,True,False,False,SOMENTE SESI,1
28839212000186,Adriana Da Silva Santos,Indústria,4.Micro,FABRICAÇÃO DE PRODUTOS DE PANIFICAÇÃO INDUSTRIAL,Migração,True,False,False,SOMENTE SESI,1
28868681000123,P H Pereira Gomes,Indústria,4.Micro,Fabricação de biscoitos e bolachas,Migração,True,False,False,SOMENTE SESI,1
28923975000100,Karoliny B Cardoso,Não Indústria,4.Micro,Comércio varejista de materiais de construção em geral,Migração,True,False,False,SOMENTE SESI,1
28964988000128,Diogo M G Pereira Ltda,Não Indústria,3.Pequena,Restaurantes e similares,Migração,True,False,False,SOMENTE SESI,1
28978618000140,Irmaos Costas Ltda,Não Indústria,4.Micro,Comércio varejista de produtos alimentícios em geral ou especializado em produtos alimentícios não especificados anteriormente,Migração,True,False,False,SOMENTE SESI,1
28978618000301,Irmaos Costas Ltda,Não Indústria,3.Pequena,Comércio atacadista especializado em outros produtos alimentícios não especificados anteriormente,Migração,True,False,False,SOMENTE SESI,1
28978618000492,Irmaos Costas Ltda,Não Indústria,4.Micro,Comércio atacadista especializado em outros produtos alimentícios não especificados anteriormente,Migração,True,False,False,SOMENTE SESI,1
29061526000163,Dpmc Comercio De Agua Mineral Ltda,Indústria,3.Pequena,Fabricação de águas envasadas,Migração,True,False,False,SOMENTE SESI,1
29078439000119,Artur Luis Ferreira De Lima Ltda,Indústria,4.Micro,Serviços de comunicação multimídia - SCM,Migração,True,False,False,SOMENTE SESI,1
29112325000148,Weston & Cia Cervejaria Artesanal Ltda,Indústria,4.Micro,Fabricação de cervejas e chopes,Migração,True,False,False,SOMENTE SESI,1
29130610000191,Isobloco Industria De Concreto Ltda,Industria | Indústria,4.Micro,Preparação de massa de concreto e argamassa para construção,Migração,True,True,True,SESI + SENAI,2
29161215000176,Tph Empreendimentos Hoteleiros Ltda,Não Indústria,3.Pequena,Hotéis,Migração,True,False,False,SOMENTE SESI,1
29180818000115,Jm Oliveira & Lopes Educacao Ltda,Não Indústria,3.Pequena,Ensino fundamental,Migração,True,False,False,SOMENTE SESI,1
29259315000130,Associacao Dos Proprietarios E/ou Moradores Do Condominio Residencial San Lorenzo,Não Indústria,4.Micro,Atividades associativas não especificadas anteriormente,Migração,True,False,False,SOMENTE SESI,1
29325963000147,E C L Almeida,Indústria,4.Micro,FABRICAÇÃO DE PRODUTOS DE PANIFICAÇÃO INDUSTRIAL,Migração,True,False,False,SOMENTE SESI,1
29398209000137,Veletrica Distribuidor Import. E Export. Ltda,Nao Industria,3.Pequena,Comércio atacadista de material elétrico,Proposta,False,True,False,SOMENTE SENAI,1
29420703000584,Renova Energia E Telecomunicacoes Ltda,Indústria,3.Pequena,Construção de estações e redes de telecomunicações,Proposta,True,False,False,SOMENTE SESI,1
29441234000156,Biscoito Mana Ltda,Indústria,3.Pequena,Fabricação de biscoitos e bolachas,Migração,True,False,False,SOMENTE SESI,1
29500928000117,Aereo Gerenciamento De Projetos Ltda,Não Indústria,4.Micro,"Atividades de consultoria em gestão empresarial, exceto consultoria técnica específica",Migração,True,False,False,SOMENTE SESI,1
29514979000106,Artecia Eduardo Damasceno Ferreira Ltda,Não Indústria,4.Micro,Comércio varejista de vidros,Migração,True,False,False,SOMENTE SESI,1
29564421000127,L M Silva Falcao Ltda,Não Indústria,4.Micro,Comércio varejista de calçados,Proposta,True,False,False,SOMENTE SESI,1
29722597000160,Solaric Energia Fotovoltaica Industria E Servico Ltda,Não Indústria,3.Pequena,Comércio atacadista de material elétrico,Migração,True,False,False,SOMENTE SESI,1
29826376000131,T. C. Barbosa Da Silva Hidraulica,Industria | Indústria,4.Micro,"Manutenção e reparação de equipamentos hidráulicos e pneumáticos, exceto válvulas",Migração | Proposta,True,True,True,SESI + SENAI,2
29880800000126,Cicero Fonseca Costa,Industria | Indústria,4.Micro,Fabricação de laticínios,Migração | Proposta,True,True,True,SESI + SENAI,2
29884632000147,Infotec Consultoria E Planejamento Ltda,Nao Industria,1.Grande,"Atividades de consultoria em gestão empresarial, exceto consultoria técnica específica",Proposta,False,True,False,SOMENTE SENAI,1
29919761000123,K W A Industria E Comercio De Metais Ltda,Indústria,2.Média,Fundição de metais não-ferrosos e suas ligas,Migração,True,False,False,SOMENTE SESI,1
30102828000111,Erivaldo Auto Pecas E Servicos Ltda,Não Indústria,4.Micro,Comércio a varejo de peças e acessórios novos para veículos automotores,Migração,True,False,False,SOMENTE SESI,1
30158134000104,V. N. Barbosa Lima,Não Indústria,4.Micro,Comércio varejista de móveis,Migração,True,False,False,SOMENTE SESI,1
30334493000167,Silvio Feitoza Da Hora,Indústria,4.Micro,Serviços de comunicação multimídia - SCM,Migração,True,False,False,SOMENTE SESI,1
30351144000153,Rei Dog Zoo Center Ltda,Não Indústria,4.Micro,Comércio varejista de animais vivos e de artigos e alimentos para animais de estimação,Migração,True,False,False,SOMENTE SESI,1
30380199000191,Unametal Comercio E Servicos Ltda,Indústria,4.Micro,Serviços de tratamento e revestimento em metais,Migração,True,False,False,SOMENTE SESI,1
30483453000187,Alquimia Industria E Comercio De Capachos Ltda,Industria | Indústria,2.Média,Fabricação de artefatos de material plástico para uso pessoal e doméstico,Migração | Proposta,True,True,True,SESI + SENAI,2
30494698000100,Bobs Palmeira Ltda,Nao Industria,4.Micro,"Lanchonetes, casas de chá, de sucos e similares",Proposta,False,True,False,SOMENTE SENAI,1
30553112000130,Thaysa Cavalcante Dos Santos Ltda,Indústria,4.Micro,Serviços de lanternagem ou funilaria e pintura de veículos automotores,Migração,True,False,False,SOMENTE SESI,1
30587116000130,Instituto Manda Ver,Não Indústria,4.Micro,Atividades de associações de defesa de direitos sociais,Migração,True,False,False,SOMENTE SESI,1
30649147000178,Dr. Anderson Lima De Araujo Ltda,Não Indústria,4.Micro,Atividade médica ambulatorial com recursos para realização de procedimentos cirúrgicos,Migração,True,False,False,SOMENTE SESI,1
30700933000152,Rei Dog Pet Company Ltda,Não Indústria,4.Micro,Atividades veterinárias,Migração,True,False,False,SOMENTE SESI,1
30855210000122,30.855.210 Selma Maria Arruda Pimentel Manolio,Não Indústria,4.Micro,Ensino de arte e cultura não especificado anteriormente,Proposta,True,False,False,SOMENTE SESI,1
30861353000147,Givanildo Pereira Dos Santos,Indústria,4.Micro,Fabricação de móveis com predominância de madeira,Migração,True,False,False,SOMENTE SESI,1
30862278000139,Osman Batalha Xavier,Não Indústria,4.Micro,Criação de bovinos para leite,Migração,True,False,False,SOMENTE SESI,1
30871646000105,Ortouro Servicos Medicos Ltda,Não Indústria,4.Micro,Atividade médica ambulatorial restrita a consultas,Migração,True,False,False,SOMENTE SESI,1
30903679000190,Renovar Solucoes Empresariais Ltda,Não Indústria,4.Micro,"Atividades de intermediação e agenciamento de serviços e negócios em geral, exceto imobiliários",Migração,True,False,False,SOMENTE SESI,1
30925826000122,Id Solucoes Digitais Ltda,Não Indústria,4.Micro,"Suporte técnico, manutenção e outros serviços em tecnologia da informação",Migração,True,False,False,SOMENTE SESI,1
30984346000132,Distribuidora Klean Ltda,Não Indústria,3.Pequena,"Comércio atacadista de produtos de higiene, limpeza e conservação domiciliar",Migração,True,False,False,SOMENTE SESI,1
31005916000168,Alcantara & Oliveira Servicos Especializados Em Preparacao De Documentos Ltda.,Não Indústria,3.Pequena,Preparação de documentos e serviços especializados de apoio administrativo não especificados anteriormente,Migração,True,False,False,SOMENTE SESI,1
31035574000129,Eudes Jeronimo & Cia Ltda,Nao Industria,4.Micro,Comércio varejista de vidros,Proposta,False,True,False,SOMENTE SENAI,1
31132744000193,Guimaraes & Lima Ltda,Não Indústria,4.Micro,Atividades de cobrança e informações cadastrais,Migração,True,False,False,SOMENTE SESI,1
31470634000131,Couto E Lima Ltda,Não Indústria,4.Micro,Atividade médica ambulatorial restrita a consultas,Migração,True,False,False,SOMENTE SESI,1
31518231000115,"Instituto De Geriatria, Reabilitacao E Saude Ltda",Não Indústria,4.Micro,Atividade médica ambulatorial restrita a consultas,Migração,True,False,False,SOMENTE SESI,1
31534780000183,31.534.780 Diego Cesar Silva Santos,Industria,4.Micro,Instalação e manutenção elétrica,Proposta,False,True,False,SOMENTE SENAI,1
31749329000426,Sales E Barbosa Ltda,Industria,2.Média,Fabricação de móveis com predominância de madeira,Proposta,False,True,False,SOMENTE SENAI,1
31750099000172,Engenho Chp Limitada,Industria | Indústria,4.Micro,Fabricação de aguardente de cana-de-açúcar,Migração | Proposta,True,True,True,SESI + SENAI,2
31820106000165,Reobote Sistemas Ltda,Indústria,4.Micro,Instalações de sistema de prevenção contra incêndio,Migração,True,False,False,SOMENTE SESI,1
31895963000124,Super Spring Industria Metalurgica Ltda,Indústria,4.Micro,Fabricação de outros produtos de metal não especificados anteriormente,Proposta,True,False,False,SOMENTE SESI,1
31897907000129,Karla Viviane O. De P. Candido,Não Indústria,4.Micro,Atividades de psicologia e psicanálise,Migração,True,False,False,SOMENTE SESI,1
31948471000150,Agrobrasil Agroindustrial Cereais E Servicos Ltda,Indústria,4.Micro,Beneficiamento de arroz,Migração,True,False,False,SOMENTE SESI,1
31961681000188,Relampago Comercio E Servicos Ltda,Indústria,4.Micro,Fabricação de produtos de limpeza e polimento,Migração,True,False,False,SOMENTE SESI,1
31996403000166,Mui Nobre Alimentos Ltda,Industria,4.Micro,"Fabricação de especiarias, molhos, temperos e condimentos",Proposta,False,True,False,SOMENTE SENAI,1
32020674000144,Fp Engenharia Ltda,Industria,3.Pequena,Obras de terraplenagem,Proposta,False,True,False,SOMENTE SENAI,1
32021201000757,Origem Energia S.a,Indústria,2.Média,Extração de petróleo e gás natural,Proposta,True,False,False,SOMENTE SESI,1
32021201000919,Origem Energia S.a,Indústria,1.Grande,Produção de gás; processamento de gás natural,Proposta,True,False,False,SOMENTE SESI,1
32041636000178,Associacao Jardins Perucaba,Não Indústria,4.Micro,Atividades associativas não especificadas anteriormente,Migração,True,False,False,SOMENTE SESI,1
32319224000157,Am Representacoes Ltda,Não Indústria,4.Micro,"Representantes comerciais e agentes do comércio de madeira, material de construção e ferragens",Migração,True,False,False,SOMENTE SESI,1
32355846000130,Chivito's Br Alimentos Ltda,Não Indústria,4.Micro,"Lanchonetes, casas de chá, de sucos e similares",Migração,True,False,False,SOMENTE SESI,1
32564136000110,Ma Valdirleide Dos Santos Vieira De Almeida Bebidas,Indústria,4.Micro,"Fabricação de sucos concentrados de frutas, hortaliças e legumes",Migração,True,False,False,SOMENTE SESI,1
32705707000190,Pchristian Estetica Automotiva Ltda,Indústria,4.Micro,Serviços de lanternagem ou funilaria e pintura de veículos automotores,Migração,True,False,False,SOMENTE SESI,1
32706891000192,Cheiro Da Terra Restaurante Ltda,Não Indústria,3.Pequena,Restaurantes e similares,Migração,True,False,False,SOMENTE SESI,1
32725022000105,T.g.lopes Empreendimento Ltda,Industria,4.Micro,Construção de edifícios,Proposta,False,True,False,SOMENTE SENAI,1
32742424000118,C.mendes Pereira De Souza,Nao Industria,4.Micro,Comércio a varejo de peças e acessórios novos para veículos automotores,Migração,False,True,False,SOMENTE SENAI,1
32785284000165,Ep Santos Ltda,Não Indústria,4.Micro,Atividade médica ambulatorial restrita a consultas,Migração,True,False,False,SOMENTE SESI,1
32792105000117,Ewersson Assis Dos Santos,Indústria,4.Micro,Fabricação de móveis com predominância de metal,Migração,True,False,False,SOMENTE SESI,1
32808669001172,Bomfim Cargas E Encomendas Ltda,Não Indústria,3.Pequena,"Transporte rodoviário de carga, exceto produtos perigosos e mudanças, intermunicipal, interestadual e internacional",Migração,True,False,False,SOMENTE SESI,1
32863295000116,M L Da Costa  Ltda,Indústria,4.Micro,Fabricação de esquadrias de metal,Migração,True,False,False,SOMENTE SESI,1
32898143000159,Carvalho E Lobo Lavanderia Ltda,Não Indústria,4.Micro,Lavanderias,Migração,True,False,False,SOMENTE SESI,1
33033440003039,Ncr Atleos Brasil Ltda,Não Indústria,2.Média,Reparação e manutenção de computadores e de equipamentos periféricos,Proposta,True,False,False,SOMENTE SESI,1
33058882000103,Alysson J F De Oliveira,Indústria,4.Micro,Serviços de comunicação multimídia - SCM,Migração,True,False,False,SOMENTE SESI,1
33064262000845,Tigre Ferramentas Para Construcao Civil S.a,Industria,3.Pequena,Fabricação de artefatos de material plástico para outros usos não especificados anteriormente,Proposta,False,True,False,SOMENTE SENAI,1
33142642000184,F.r. Servicos Automotivos Ltda,Industria,4.Micro,Serviços de manutenção e reparação mecânica de veículos automotores,Proposta,False,True,False,SOMENTE SENAI,1
33173705000160,A. P. Da Silva Perfuracoes De Pocos.,Indústria,4.Micro,Perfuração e construção de poços de água,Migração,True,False,False,SOMENTE SESI,1
33240746000121,Bc Plast Industria E Comercio Ltda,Industria | Indústria,4.Micro,Fabricação de embalagens de material plástico,Migração | Proposta,True,True,True,SESI + SENAI,2
33614220000164,Jeremias L Barbosa Granja,Não Indústria,4.Micro,"Criação de aves, exceto galináceos",Migração,True,False,False,SOMENTE SESI,1
33623363000132,M Lisboa Brandao Ltda,Nao Industria,4.Micro,Restaurantes e similares,Proposta,False,True,False,SOMENTE SENAI,1
33641358000152,Servico Social Da Industria Sesi,Não Indústria,4.Micro,Outras atividades de ensino não especificadas anteriormente,Proposta,True,False,False,SOMENTE SESI,1
33660990000143,Sergio Balbino Lira Da Silva,Indústria,4.Micro,FABRICAÇÃO DE PRODUTOS DE PADARIA E CONFEITARIA COM PREDOMINÂNCIA DE PRODUÇÃO PRÓPRIA,Proposta,True,False,False,SOMENTE SESI,1
33689828000158,Vitor Ferro Pradines De Mendonca,Indústria,4.Micro,"Recuperação de materiais metálicos, exceto alumínio",Migração,True,False,False,SOMENTE SESI,1
33718671000141,A Padaria Comercio De Alimentos E Buffet Ltda,Industria,3.Pequena,FABRICAÇÃO DE PRODUTOS DE PANIFICAÇÃO INDUSTRIAL,Proposta,False,True,False,SOMENTE SENAI,1
33841727001203,Tecnosonda S A,Indústria,2.Média,Obras de fundações,Proposta,True,False,False,SOMENTE SESI,1
33978848000149,E & R Administradora Hoteleira E Condominial Ltda,Não Indústria,3.Pequena,Gestão e administração da propriedade imobiliária,Migração,True,False,False,SOMENTE SESI,1
34074252000268,Instituto Das Missionarias De N. S. De Fatima Do Brasil,Não Indústria,4.Micro,Atividades de organizações religiosas,Migração,True,False,False,SOMENTE SESI,1
34098180000108,Navona Industria E Comercio De Marmores E Granitos Ltda,Industria,4.Micro,"Aparelhamento de placas e execução de trabalhos em mármore, granito, ardósia e outras pedras",Proposta,False,True,False,SOMENTE SENAI,1
34116804000172,Colegio Iep Ltda,Nao Industria,3.Pequena,Educação infantil - pré-escola,Proposta,False,True,False,SOMENTE SENAI,1
34186669000301,Origem Energia Alagoas S.a.,Indústria,1.Grande,Extração de petróleo e gás natural,Proposta,True,False,False,SOMENTE SESI,1
34186669000565,Origem Energia Alagoas S.a.,Indústria,2.Média,Extração de petróleo e gás natural,Proposta,True,False,False,SOMENTE SESI,1
34446436000120,Virtualnet Telecomunicacoes Ltda,Indústria,4.Micro,Serviços de comunicação multimídia - SCM,Migração,True,False,False,SOMENTE SESI,1
34566702000159,Escola De Educacao Basica Santa Helena Ltda,Não Indústria,4.Micro,Ensino fundamental,Proposta,True,False,False,SOMENTE SESI,1
34567306000146,Nordeste Mais Alimentos Ltda,Indústria,2.Média,Moagem e fabricação de produtos de origem vegetal não especificados anteriormente,Migração,True,False,False,SOMENTE SESI,1
34607256000183,Dlicias Da Terra Ltda,Nao Industria | Não Indústria,3.Pequena,Comércio varejista de produtos alimentícios em geral ou especializado em produtos alimentícios não especificados anteriormente,Migração | Proposta,True,True,True,SESI + SENAI,2
34758007000199,Blue Park Gestao De Estacionamento Ltda,Não Indústria,4.Micro,Estacionamento de veículos,Migração,True,False,False,SOMENTE SESI,1
34786603000182,Cavalcante E Silva Mecanica Ltda,Indústria,4.Micro,Serviços de manutenção e reparação mecânica de veículos automotores,Migração,True,False,False,SOMENTE SESI,1
34786880000195,Panificacao Casa Portuguesa Ltda,Indústria,3.Pequena,FABRICAÇÃO DE PRODUTOS DE PANIFICAÇÃO INDUSTRIAL,Migração,True,False,False,SOMENTE SESI,1
34831679000182,Camelo & Camelo Administracao De Imoveis Ltda,Não Indústria,4.Micro,Gestão e administração da propriedade imobiliária,Migração,True,False,False,SOMENTE SESI,1
34895118000147,M B S Costa Damasceno Ltda,Indústria,4.Micro,Fabricação de esquadrias de metal,Migração,True,False,False,SOMENTE SESI,1
34975251000103,L L Alves  Ltda,Indústria,4.Micro,Serviços especializados para construção não especificados anteriormente,Proposta,True,False,False,SOMENTE SESI,1
35050445000160,J I De Almeida Comercio Varejista De Moveis Ltda,Não Indústria,4.Micro,Comércio varejista de móveis,Migração,True,False,False,SOMENTE SESI,1
35097794000138,Verttice Gerenciamento De Riscos Ltda,Não Indústria,4.Micro,Atividades de monitoramento de sistemas de segurança eletrônico,Migração,True,False,False,SOMENTE SESI,1
35129163000153,C M Galpoes Pre-moldados Ltda,Indústria,4.Micro,Fabricação de artefatos de cimento para uso na construção,Migração,True,False,False,SOMENTE SESI,1
35167946000121,Ac Prestadora De Servicos Administrativos A Empresas Ltda,Não Indústria,4.Micro,Preparação de documentos e serviços especializados de apoio administrativo não especificados anteriormente,Migração,True,False,False,SOMENTE SESI,1
35189044000196,Harcos Empreendimentos Imobiliarios Ltda,Indústria,4.Micro,Incorporação de empreendimentos imobiliários,Migração,True,False,False,SOMENTE SESI,1
35191383000107,Industria Sertaneja Ltda,Indústria,4.Micro,Fabricação de biscoitos e bolachas,Migração,True,False,False,SOMENTE SESI,1
35250695000144,Unidade De Gastroenterologia E Endoscopia De Alagoas,Não Indústria,4.Micro,Serviços de diagnóstico por métodos ópticos - endoscopia e outros exames análogos,Migração,True,False,False,SOMENTE SESI,1
35256106000135,Proanalises Laboratorio De Analises Clinicas Ltda,Não Indústria,3.Pequena,Laboratórios clínicos,Migração,True,False,False,SOMENTE SESI,1
35292769000105,Fpb Empreendimentos Ltda,Não Indústria,3.Pequena,Gestão e manutenção de cemitérios,Migração,True,False,False,SOMENTE SESI,1
35368695000143,Alimenta Ind Com De Massas Finas E Rep Ltda,Indústria,4.Micro,FABRICAÇÃO DE PRODUTOS DE PANIFICAÇÃO INDUSTRIAL,Migração,True,False,False,SOMENTE SESI,1
35371749000120,Encanto Do Tear Ltda,Não Indústria,4.Micro,"Comércio varejista de artigos de tapeçaria, cortinas e persianas",Migração,True,False,False,SOMENTE SESI,1
35372432000108,Francisco Roberval Soares Ribeiro,Indústria,3.Pequena,"Confecção, sob medida, de peças do vestuário, exceto roupas íntimas",Migração,True,False,False,SOMENTE SESI,1
35375005000183,Comercial Leticia Ltda,Não Indústria,4.Micro,Comércio varejista de materiais de construção não especificados anteriormente,Migração,True,False,False,SOMENTE SESI,1
35375005000264,Comercial Leticia Ltda,Indústria,3.Pequena,"Fabricação de produtos de trefilados de metal, exceto padronizados",Migração,True,False,False,SOMENTE SESI,1
35396968000163,Kaline Do Bomfim Lima 02921221446,Não Indústria,4.Micro,"Lanchonetes, casas de chá, de sucos e similares",Migração,True,False,False,SOMENTE SESI,1
35398478000287,Plastmar Industria E Comercio De Plasticos Ltda,Industria | Indústria,2.Média,Fabricação de artefatos de material plástico para outros usos não especificados anteriormente,Migração | Proposta,True,True,True,SESI + SENAI,2
35435586000100,Prevencar Locacoes E Servicos Ltda,Indústria,4.Micro,Serviços de manutenção e reparação mecânica de veículos automotores,Migração,True,False,False,SOMENTE SESI,1
35492098000126,Nbg Midia Ltda,Nao Industria,4.Micro,"Agenciamento de espaços para publicidade, exceto em veículos de comunicação",Migração,False,True,False,SOMENTE SENAI,1
35518797000106,Construtora Urbanisme Ltda,Industria | Indústria,3.Pequena,Incorporação de empreendimentos imobiliários,Migração | Proposta,True,True,True,SESI + SENAI,2
35536265000193,V De Lira Leandro Educacao,Não Indústria,4.Micro,Educação infantil - pré-escola,Proposta,True,False,False,SOMENTE SESI,1
35547843000197,L Das N Fernandes,Não Indústria,4.Micro,Comércio varejista de móveis,Migração,True,False,False,SOMENTE SESI,1
35553783000115,Jc Ind. Com. Exp. Imp. E Montagem De Sist. De Energia Solar Ltda,Não Indústria,4.Micro,Comércio varejista de materiais hidráulicos,Migração,True,False,False,SOMENTE SESI,1
35558493000164,Gas Service Ltda,Indústria,4.Micro,Serviços de manutenção e reparação mecânica de veículos automotores,Proposta,True,False,False,SOMENTE SESI,1
35561844000196,Condominio Do Edf Nautilus,Não Indústria,4.Micro,Condomínios prediais,Migração,True,False,False,SOMENTE SESI,1
35562321000164,Fundacao De Amparo A Pesquisa De Alagoas,Nao Industria,3.Pequena,Administração pública em geral,Proposta,False,True,False,SOMENTE SENAI,1
35578782000125,Cardiomed Arapiraca Ltda,Não Indústria,4.Micro,Atividade médica ambulatorial com recursos para realização de exames complementares,Migração,True,False,False,SOMENTE SESI,1
35631449000132,A Quatro Arquitetura E Construcoes Ltda,Industria,3.Pequena,Construção de edifícios,Proposta,False,True,False,SOMENTE SENAI,1
35635333000171,Edial Empresa Divulgadora Arapiraca Ltda,Não Indústria,4.Micro,Atividades de rádio,Migração,True,False,False,SOMENTE SESI,1
35647523000109,Nordex Transportes E Servicos De Logisticas Ltda,Não Indústria,4.Micro,"Transporte rodoviário de carga, exceto produtos perigosos e mudanças, intermunicipal, interestadual e internacional",Migração,True,False,False,SOMENTE SESI,1
35647608000197,R.a. Gestao De Ativos Ltda,Nao Industria,3.Pequena,"Serviços de organização de feiras, congressos, exposições e festas",Proposta,False,True,False,SOMENTE SENAI,1
35682994000158,K. G. De Oliveira Souza,Industria,4.Micro,Serviços de manutenção e reparação mecânica de veículos automotores,Proposta,False,True,False,SOMENTE SENAI,1
35728310000101,M C Oleos E Lubrificantes Ltda,Não Indústria,3.Pequena,Comércio varejista de lubrificantes,Migração,True,False,False,SOMENTE SESI,1
35728880000100,Tecfibra Empreiteira E Revestimentos Anticorrosivos Ltda,Industria | Indústria,2.Média,Manutenção e reparação de outras máquinas e equipamentos para usos industriais não especificados anteriormente,Proposta,True,True,True,SESI + SENAI,2
35734334000173,Condominio Conjunto Residencial Tabuleiro Do Martins I,Não Indústria,4.Micro,Condomínios prediais,Migração,True,False,False,SOMENTE SESI,1
35739739000102,Instituto De Cultura Anglo Americana De Arapiraca Ltda,Não Indústria,4.Micro,Ensino de idiomas,Migração,True,False,False,SOMENTE SESI,1
35741024000267,Diagnose Centro De Diagnostico Por Imagem Ltda,Não Indústria,2.Média,Serviços de ressonância magnética,Proposta,True,False,False,SOMENTE SESI,1
35741370000164,Panificacao Omena Ltda,Indústria,4.Micro,FABRICAÇÃO DE PRODUTOS DE PADARIA E CONFEITARIA COM PREDOMINÂNCIA DE PRODUÇÃO PRÓPRIA,Migração,True,False,False,SOMENTE SESI,1
35763849000100,Grano Gestao Empresarial Ltda.,Não Indústria,3.Pequena,Serviços combinados de escritório e apoio administrativo,Migração,True,False,False,SOMENTE SESI,1
35793336000133,Danilo Gomes Da Silva,Indústria,4.Micro,Serviços de comunicação multimídia - SCM,Migração,True,False,False,SOMENTE SESI,1
35852051000126,Unimar Supermecado Ltda,Não Indústria,4.Micro,"Comércio varejista de mercadorias em geral, com predominância de produtos alimentícios - minimercados, mercearias e armazéns",Migração,True,False,False,SOMENTE SESI,1
35956639000120,System Express Ltda,Não Indústria,3.Pequena,Ensino de idiomas,Migração,True,False,False,SOMENTE SESI,1
35993367000138,J S Servicos E Manutencao Em Turbinas E Centrifugas Ltda,Indústria,4.Micro,Manutenção e reparação de máquinas motrizes não-elétricas,Migração,True,False,False,SOMENTE SESI,1
36032082000101,Marconorte Energia E Educacao Ltda,Indústria,4.Micro,Instalação e manutenção elétrica,Migração,True,False,False,SOMENTE SESI,1
36033147000125,Vmn 01 Empreendimentos Imobiliarios Spe Ltda,Indústria,3.Pequena,Construção de edifícios,Migração,True,False,False,SOMENTE SESI,1
36064094000100,Amp Lanchonetes Ltda,Nao Industria,4.Micro,"Lanchonetes, casas de chá, de sucos e similares",Proposta,False,True,False,SOMENTE SENAI,1
36069750000167,D Da S C Acioli Comercio E Servicos,Industria,4.Micro,Manutenção e reparação de máquinas e equipamentos para uso geral não especificados anteriormente,Proposta,False,True,False,SOMENTE SENAI,1
36075731000143,W.w.l. Hidraulica Equipamentos Ltda,Não Indústria,4.Micro,Comércio varejista de materiais hidráulicos,Migração,True,False,False,SOMENTE SESI,1
36078354000104,Frigoprime Cortes Especiais Ltda,Não Indústria,4.Micro,Comércio varejista de carnes - açougues,Proposta,True,False,False,SOMENTE SESI,1
36123079000195,Green Plast Industria E Comercio De Embalagens Plasticas Ltda,Indústria,3.Pequena,Fabricação de embalagens de material plástico,Migração,True,False,False,SOMENTE SESI,1
36184815000115,Jose Roberto Da Silva Comercio,Indústria,4.Micro,FABRICAÇÃO DE PRODUTOS DE PANIFICAÇÃO INDUSTRIAL,Migração,True,False,False,SOMENTE SESI,1
36308155000137,Hospital Memorial Agape S/a,Não Indústria,2.Média,Atividades de atendimento em pronto-socorro e unidades hospitalares para atendimento a urgências,Migração,True,False,False,SOMENTE SESI,1
36329165000159,G Moveis Ltda,Indústria,4.Micro,Fabricação de móveis com predominância de metal,Migração,True,False,False,SOMENTE SESI,1
36343070000190,Rico Consultores Imobiliarios Ltda,Não Indústria,4.Micro,Corretagem na compra e venda e avaliação de imóveis,Migração,True,False,False,SOMENTE SESI,1
36359686000159,"Le Mix Brasil Preparacao De Massa, Argamassa E Concreto Ltda",Industria | Indústria,2.Média,Preparação de massa de concreto e argamassa para construção,Proposta,True,True,True,SESI + SENAI,2
36359686000230,"Le Mix Brasil Preparacao De Massa, Argamassa E Concreto Ltda",Industria | Indústria,3.Pequena,Preparação de massa de concreto e argamassa para construção,Proposta,True,True,True,SESI + SENAI,2
36359686000310,"Le Mix Brasil Preparacao De Massa, Argamassa E Concreto Ltda",Indústria,4.Micro,Preparação de massa de concreto e argamassa para construção,Proposta,True,False,False,SOMENTE SESI,1
36376728000160,Atitude Promo E Eventos Ltda,Não Indústria,4.Micro,"Serviços de organização de feiras, congressos, exposições e festas",Proposta,True,False,False,SOMENTE SESI,1
36381626000132,C R De Camargo Construcoes Ltda,Indústria,4.Micro,Preparação de massa de concreto e argamassa para construção,Proposta,True,False,False,SOMENTE SESI,1
36401945000162,Jose Acacio Gomes Da Silva,Indústria,4.Micro,"Manutenção e reparação de tanques, reservatórios metálicos e caldeiras, exceto para veículos",Proposta,True,False,False,SOMENTE SESI,1
36434141000160,Sonhobom Industria E Comercio De Moveis Ltda,Industria,3.Pequena,Fabricação de colchões,Proposta,False,True,False,SOMENTE SENAI,1
36515800000192,Manoel Sancho Viana Neto,Indústria,4.Micro,Serviços de manutenção e reparação mecânica de veículos automotores,Migração,True,False,False,SOMENTE SESI,1
36629951000171,B C De Oliveira Lima  Ltda,Não Indústria,4.Micro,"Lanchonetes, casas de chá, de sucos e similares",Migração,True,False,False,SOMENTE SESI,1
36634768000164,Equilibrio Vidros Temperados Ltda,Industria,3.Pequena,Fabricação de vidro plano e de segurança,Proposta,False,True,False,SOMENTE SENAI,1
36634906000105,Optmus Consultoria E Servicos Ltda,Nao Industria,3.Pequena,Serviços combinados de escritório e apoio administrativo,Proposta,False,True,False,SOMENTE SENAI,1
36862046000167,E Mangabeira Ltda,Industria,3.Pequena,Fabricação de estruturas metálicas,Proposta,False,True,False,SOMENTE SENAI,1
36999552000100,"Mg Construcao, Manutencao E Servicos Ltda",Indústria,4.Micro,Instalação e manutenção elétrica,Proposta,True,False,False,SOMENTE SESI,1
37157610000103,J N Industria De Premoldados Ltda,Industria,3.Pequena,"Fabricação de estruturas pré-moldadas de concreto armado, em série e sob encomenda",Proposta,False,True,False,SOMENTE SENAI,1
37225540000183,Tavares E Pedrosa Assistencia De Enfermagem Ltda,Não Indústria,4.Micro,Atividades de enfermagem,Migração,True,False,False,SOMENTE SESI,1
37288825000163,Elias J. Da Silva,Indústria,4.Micro,Provedores de acesso às redes de comunicações,Migração,True,False,False,SOMENTE SESI,1
37288984000168,Lavenere Industria E Comercio De Pre-moldados Ltda,Industria,3.Pequena,Fabricação de artefatos de cimento para uso na construção,Proposta,False,True,False,SOMENTE SENAI,1
37308375000123,Tamp Plast Industria E Comercio De Plastico Ltda,Indústria,3.Pequena,Recuperação de materiais não especificados anteriormente,Proposta,True,False,False,SOMENTE SESI,1
37432689000133,Abaco Tecnologia De Informacao Ltda,Não Indústria,2.Média,Desenvolvimento e licenciamento de programas de computador customizáveis,Proposta,True,False,False,SOMENTE SESI,1
37546508000108,Premium Fibra Multimidia Ltda,Indústria,4.Micro,Serviços de comunicação multimídia - SCM,Migração,True,False,False,SOMENTE SESI,1
37602529000195,Silvia Regia Pereira De Carvalho,Não Indústria,4.Micro,Comércio varejista de jornais e revistas,Proposta,True,False,False,SOMENTE SESI,1
37607277000197,Bx Comercio E Servicos De Bolsas Ltda,Industria | Indústria,4.Micro,"Fabricação de artigos para viagem, bolsas e semelhantes de qualquer material",Migração | Proposta,True,True,True,SESI + SENAI,2
37687070000170,Dunortt Paes Artesanais Ltda,Indústria,4.Micro,FABRICAÇÃO DE PRODUTOS DE PANIFICAÇÃO INDUSTRIAL,Proposta,True,False,False,SOMENTE SESI,1
37801431000167,Computare Assessoria Contabil E Empresarial Al Ltda,Não Indústria,4.Micro,Atividades de contabilidade,Migração,True,False,False,SOMENTE SESI,1
37888525000115,Atlantida Se Empreendimento Imobiliario Spe Ltda,Industria,3.Pequena,Construção de edifícios,Proposta,False,True,False,SOMENTE SENAI,1
37999873000160,Cemiterio Reserva Da Paz Ltda,Não Indústria,4.Micro,Serviços de sepultamento,Migração,True,False,False,SOMENTE SESI,1
38058413000108,Ello Solucoes Condominiais Ltda,Não Indústria,3.Pequena,Gestão e administração da propriedade imobiliária,Migração,True,False,False,SOMENTE SESI,1
38059977000157,Rubi Qualidade E Logistica Ambiental Ltda,Indústria,4.Micro,Coleta de resíduos perigosos,Migração,True,False,False,SOMENTE SESI,1
38075121000175,Pharos Residence Empreendimento Imobiliario Spe Ltda,Industria,3.Pequena,Construção de edifícios,Proposta,False,True,False,SOMENTE SENAI,1
38132400000123,Boi Carreiro Ltda,Nao Industria,3.Pequena,Criação de bovinos para corte,Proposta,False,True,False,SOMENTE SENAI,1
38162420000147,Bw Plast Industria E Comercio Ltda,Indústria,4.Micro,Fabricação de embalagens de material plástico,Proposta,True,False,False,SOMENTE SESI,1
38240209000103,Lc Engenharia E Empreendimentos Ltda,Industria,3.Pequena,Construção de edifícios,Migração,False,True,False,SOMENTE SENAI,1
38333461000159,Iabs Empresa Social Comercio Ltda,Industria | Indústria,4.Micro,Recuperação de materiais não especificados anteriormente,Migração | Proposta,True,True,True,SESI + SENAI,2
38354009000173,Lht Energia Ltda,Industria,2.Média,Instalação e manutenção elétrica,Proposta,False,True,False,SOMENTE SENAI,1
38449329000107,Rdv Roasters Torrefacao E Escola De Cafes Especiais Ltda,Industria | Indústria,4.Micro,Torrefação e moagem de café,Migração | Proposta,True,True,True,SESI + SENAI,2
38497296000170,J L Da Silva Industria E Comercio,Indústria,4.Micro,"Fabricação de especiarias, molhos, temperos e condimentos",Migração,True,False,False,SOMENTE SESI,1
38544161000119,A F De Lima Ltda,Indústria,4.Micro,"Fabricação de acessórios do vestuário, exceto para segurança e proteção",Migração,True,False,False,SOMENTE SESI,1
38732934000190,Plastic Pack Ltda,Indústria,4.Micro,Fabricação de embalagens de material plástico,Migração,True,False,False,SOMENTE SESI,1
39237180000165,R Gomes Santos Ltda,Indústria,4.Micro,Serviços de comunicação multimídia - SCM,Migração,True,False,False,SOMENTE SESI,1
39282073000159,Reciclal Servicos E Solucoes Em Mao De Obra Ltda,Não Indústria,4.Micro,Seleção e agenciamento de mão-de-obra,Migração,True,False,False,SOMENTE SESI,1
39360633000146,Seeo Engenharia E Consultoria Ltda,Indústria,3.Pequena,Serviços de engenharia,Migração,True,False,False,SOMENTE SESI,1
39580673000101,Brk Ambiental - Regiao Metropolitana De Maceio S.a.,Industria | Indústria,1.Grande,"Captação, tratamento e distribuição de água",Proposta,True,True,True,SESI + SENAI,2
39584335000130,Prime Vistorias Automotivas Ltda,Não Indústria,4.Micro,Outras atividades de serviços prestados principalmente às empresas não especificadas anteriormente,Migração,True,False,False,SOMENTE SESI,1
39585461000109,Yan Thiago Tavares Santos 09307495459,Não Indústria,4.Micro,"Serviços de organização de feiras, congressos, exposições e festas",Proposta,True,False,False,SOMENTE SESI,1
39609914000190,Al Cardans Industria E Comercio De Pecas E Servicos Ltda,Indústria,4.Micro,Fabricação de peças e acessórios para o sistema de direção e suspensão de veículos automotores,Migração,True,False,False,SOMENTE SESI,1
39676924000148,Dario Fernandes Da Silva Telecomunicacoes,Indústria,4.Micro,Serviços de comunicação multimídia - SCM,Migração,True,False,False,SOMENTE SESI,1
39808835000108,Solucao Construcoes E Servicos Ltda,Industria,3.Pequena,Serviços de engenharia,Proposta,False,True,False,SOMENTE SENAI,1
39813810000100,Quinas Arquitetura E Engenharia Ltda,Indústria,4.Micro,Construção de edifícios,Migração,True,False,False,SOMENTE SESI,1
39821377000147,Rio Branco Administradora Ltda,Não Indústria,3.Pequena,Serviços combinados de escritório e apoio administrativo,Migração,True,False,False,SOMENTE SESI,1
39844073000103,Lan Net Ltda,Indústria,4.Micro,Provedores de acesso às redes de comunicações,Migração,True,False,False,SOMENTE SESI,1
39886750000148,R Pontes 01 Empreendimento Imobiliario Spe Ltda,Indústria,2.Média,Incorporação de empreendimentos imobiliários,Proposta,True,False,False,SOMENTE SESI,1
39886818000199,R Pontes 02 Empreendimento Imobiliario Spe Ltda,Indústria,3.Pequena,Incorporação de empreendimentos imobiliários,Proposta,True,False,False,SOMENTE SESI,1
39965463000123,Coco De Alagoas Ltda,Industria | Indústria,3.Pequena,"Fabricação de sucos de frutas, hortaliças e legumes, exceto concentrados",Migração | Proposta,True,True,True,SESI + SENAI,2
39971284000107,Rx3 Engenharia Ltda,Indústria,4.Micro,Serviços de engenharia,Migração,True,False,False,SOMENTE SESI,1
40077724000158,Andrea Santos Leopoldino,Indústria,4.Micro,Instalação e manutenção elétrica,Migração,True,False,False,SOMENTE SESI,1
40091298000107,Fm 01 Empreendimento Imobiliario Spe Ltda,Indústria,4.Micro,Incorporação de empreendimentos imobiliários,Migração,True,False,False,SOMENTE SESI,1
40110376000173,Erivelton Valentim Silva 34885342864,Não Indústria,4.Micro,"Serviços de organização de feiras, congressos, exposições e festas",Proposta,True,False,False,SOMENTE SESI,1
40116333000103,Ilha Bela Empreendimento Imobiliario Spe Ltda,Indústria,4.Micro,Incorporação de empreendimentos imobiliários,Migração,True,False,False,SOMENTE SESI,1
40141215000147,Select Servicos Odontologicos Limitada,Não Indústria,4.Micro,Atividade odontológica com recursos para realização de procedimentos cirúrgicos,Migração,True,False,False,SOMENTE SESI,1
40168050000105,Dm Sinalizacao Ltda,Indústria,4.Micro,"Fabricação de letras, letreiros e placas de qualquer material, exceto luminosos",Migração,True,False,False,SOMENTE SESI,1
40202622000117,Queiroz E Azevedo Empreendimentos - Ltda,Indústria,3.Pequena,Construção de edifícios,Migração,True,False,False,SOMENTE SESI,1
40269650000151,Donena Nutricao Animal Ltda,Indústria,4.Micro,Fabricação de alimentos para animais,Migração,True,False,False,SOMENTE SESI,1
40651434000176,Ailson O. Almeida,Indústria,4.Micro,Provedores de acesso às redes de comunicações,Migração,True,False,False,SOMENTE SESI,1
40702064000159,Fulo De Mandacaru Comidas Regionais Ltda,Não Indústria,4.Micro,Restaurantes e similares,Migração,True,False,False,SOMENTE SESI,1
40719251000145,Arte & Conceito Esquadrias De Aluminio Ltda,Industria,4.Micro,Fabricação de esquadrias de metal,Proposta,False,True,False,SOMENTE SENAI,1
40730122000158,Tecnobloco Artefatos De Concreto Ltda,Industria | Indústria,4.Micro,"Fabricação de estruturas pré-moldadas de concreto armado, em série e sob encomenda",Migração,True,True,True,SESI + SENAI,2
40843185000110,L H P Goes Construtora Ltda,Industria,4.Micro,Construção de edifícios,Proposta,False,True,False,SOMENTE SENAI,1
40908832000125,"S G Industria, Comercio E Representacoes De Produtos Alimenticios Ltda",Indústria,4.Micro,Fabricação de outros produtos alimentícios não especificados anteriormente,Migração,True,False,False,SOMENTE SESI,1
40911117000141,Ativa Servicos Gerais Ltda,Nao Industria,1.Grande,Fornecimento e gestão de recursos humanos para terceiros,Migração,False,True,False,SOMENTE SENAI,1
40914046000130,Fortex Engenharia Ltda,Indústria,3.Pequena,Construção de edifícios,Migração,True,False,False,SOMENTE SESI,1
40914875000113,Joyce Vidal M. Lins Ballet Artes & Cia Ltda,Não Indústria,4.Micro,Ensino de dança,Migração,True,False,False,SOMENTE SESI,1
40917346000173,Merconplas Industrial De Plasticos Comercio Ltda,Industria | Indústria,2.Média,Fabricação de artefatos de material plástico para uso pessoal e doméstico,Proposta,True,True,True,SESI + SENAI,2
40917908000189,Espaco Industria De Moveis E Esquadrias Ltda,Indústria,4.Micro,Fabricação de esquadrias de madeira e de peças de madeira para instalações industriais e comerciais,Migração,True,False,False,SOMENTE SESI,1
40919185000157,Alternativa Ensino Ltda,Não Indústria,3.Pequena,Ensino fundamental,Proposta,True,False,False,SOMENTE SESI,1
40921140000117,Auto Pecas Real Ltda,Nao Industria,3.Pequena,Comércio a varejo de peças e acessórios novos para veículos automotores,Proposta,False,True,False,SOMENTE SENAI,1
40923831000150,Lopes & Calheiros Ltda,Não Indústria,4.Micro,Comércio varejista de materiais de construção em geral,Migração,True,False,False,SOMENTE SESI,1
40924102000622,Katoen Natie Do Brasil Ltda,Não Indústria,2.Média,Carga e descarga,Migração,True,False,False,SOMENTE SESI,1
40924227000148,Fundipecas Ltda,Indústria,3.Pequena,Fundição de ferro e aço,Migração,True,False,False,SOMENTE SESI,1
40928830000106,M G L R Gomes,Não Indústria,4.Micro,Reparação e manutenção de equipamentos eletroeletrônicos de uso pessoal e doméstico,Migração,True,False,False,SOMENTE SESI,1
40954597000128,F M Servicos Ltda,Não Indústria,3.Pequena,Serviços combinados de escritório e apoio administrativo,Migração,True,False,False,SOMENTE SESI,1
40970440000196,Souza & Souto Alimentos E Bebidas Ltda,Não Indústria,3.Pequena,Restaurantes e similares,Migração,True,False,False,SOMENTE SESI,1
41012181000153,Nordeste Fabricacao De Artefatos Ceramicos Ltda.,Indústria,3.Pequena,"Fabricação de artefatos de cerâmica e barro cozido para uso na construção, exceto azulejos e pisos",Migração,True,False,False,SOMENTE SESI,1
41053365000161,R C Dias Industria Grafica E Editora Ltda,Industria | Indústria,4.Micro,Impressão de material para outros usos,Migração | Proposta,True,True,True,SESI + SENAI,2
41157967000169,Engenharia De Materiais Ltda,Indústria,1.Grande,Construção de edifícios,Proposta,True,False,False,SOMENTE SESI,1
41160235000128,Manipular Formula Farmacia De Manipulacao Ltda.,Não Indústria,4.Micro,"Comércio varejista de produtos farmacêuticos, com manipulação de fórmulas",Migração,True,False,False,SOMENTE SESI,1
41160680000198,F . P . Construtora Ltda,Industria | Indústria,1.Grande,Obras de terraplenagem,Proposta,True,True,True,SESI + SENAI,2
41166745000102,Maruska Fibra De Coco Ltda,Indústria,4.Micro,"Preparação e fiação de fibras têxteis naturais, exceto algodão",Proposta,True,False,False,SOMENTE SESI,1
41167347000100,Cony Engenharia Ltda,Industria | Indústria,2.Média,Construção de edifícios,Migração | Proposta,True,True,True,SESI + SENAI,2
41178237000144,Sorveteria Bali Ltda,Não Indústria,4.Micro,"Lanchonetes, casas de chá, de sucos e similares",Migração,True,False,False,SOMENTE SESI,1
41178237000306,Sorveteria Bali Ltda,Não Indústria,4.Micro,"Lanchonetes, casas de chá, de sucos e similares",Migração,True,False,False,SOMENTE SESI,1
41183088000101,Pedrosa De Melo & Cia Ltda,Industria | Indústria,3.Pequena,"Confecção de peças do vestuário, exceto roupas íntimas e as confeccionadas sob medida",Migração | Proposta,True,True,True,SESI + SENAI,2
41183708000102,E Rocha Da Silva & Cia Ltda,Não Indústria,3.Pequena,Restaurantes e similares,Migração,True,False,False,SOMENTE SESI,1
41186560000160,Leonardo Pereira Lucena,Industria | Indústria,4.Micro,Fabricação de móveis com predominância de madeira,Migração | Proposta,True,True,True,SESI + SENAI,2
41187766000104,Esquina Brasil Artesanato Ltda,Não Indústria,4.Micro,"Comércio varejista de suvenires, bijuterias e artesanatos",Migração,True,False,False,SOMENTE SESI,1
41191677000131,Unimed Palmeira Dos Indios Cooperativa De Trabalho Medico - Em Liquidacao,Não Indústria,3.Pequena,Planos de saúde,Migração,True,False,False,SOMENTE SESI,1
41194558000132,Laticinio Galinhas Do Maia Ltda,Indústria,4.Micro,Fabricação de laticínios,Migração,True,False,False,SOMENTE SESI,1
41200286000136,Trez Participacoes E Engenharia Ltda,Industria,3.Pequena,Construção de edifícios,Proposta,False,True,False,SOMENTE SENAI,1
41281917000199,Thaisa Guillou Pedrosa Ltda.,Não Indústria,4.Micro,Comércio atacadista de cereais e leguminosas beneficiados,Migração,True,False,False,SOMENTE SESI,1
41349784000145,Evolution Servicos Ltda,Não Indústria,4.Micro,Gestão e administração da propriedade imobiliária,Migração,True,False,False,SOMENTE SESI,1
41391511000169,Cavalcanti Farias Ltda,Indústria,3.Pequena,Construção de edifícios,Proposta,True,False,False,SOMENTE SESI,1
41406475000160,"Maceio Print Grafica, Sinalizacao E Locacao Ltda",Indústria,3.Pequena,Impressão de material para uso publicitário,Migração,True,False,False,SOMENTE SESI,1
41480855000144,Carlos A Dos S Farias Grafica E Editora,Indústria,4.Micro,Impressão de material para outros usos,Migração,True,False,False,SOMENTE SESI,1
41483782000144,Panificacao Alvorada Iii Ltda,Industria | Indústria,3.Pequena,FABRICAÇÃO DE PRODUTOS DE PANIFICAÇÃO INDUSTRIAL,Migração,True,True,True,SESI + SENAI,2
41568214000146,Receptivo Milagres Do Porto Ltda,Não Indústria,3.Pequena,"Bares e outros estabelecimentos especializados em servir bebidas, sem entretenimento",Migração,True,False,False,SOMENTE SESI,1
41629288001540,Transfarrapos Transportes Rodoviarios De Cargas Ltda,Não Indústria,4.Micro,"Transporte rodoviário de carga, exceto produtos perigosos e mudanças, intermunicipal, interestadual e internacional",Migração,True,False,False,SOMENTE SESI,1
41635932000198,Mais Vida Saude E Seguranca Ocupacional Ltda,Não Indústria,4.Micro,Serviços de perícia técnica relacionados à segurança do trabalho,Migração,True,False,False,SOMENTE SESI,1
41653026000116,Anderson Jeronimo Silva Petiscaria E Pizzaria,Não Indústria,4.Micro,Restaurantes e similares,Migração,True,False,False,SOMENTE SESI,1
41796948000182,Nayara Souza Do Nascimento  Ltda,Não Indústria,4.Micro,Outras atividades de tratamento de beleza,Migração,True,False,False,SOMENTE SESI,1
41864070000175,Ne Comercio Atacadista Ltda,Nao Industria | Não Indústria,3.Pequena,Comércio atacadista de produtos alimentícios em geral,Migração | Proposta,True,True,True,SESI + SENAI,2
41945663000166,Prorrac Servicos Ltda,Indústria,4.Micro,"Serviços de instalação, manutenção e reparação de acessórios para veículos automotores",Migração,True,False,False,SOMENTE SESI,1
41948207000170,Industria De Laticinios Queiroz Ltda,Industria,4.Micro,Fabricação de laticínios,Proposta,False,True,False,SOMENTE SENAI,1
42150391000170,Braskem S.a,Indústria,3.Pequena,Fabricação de produtos petroquímicos básicos,Proposta,True,False,False,SOMENTE SESI,1
42150391002033,Braskem S.a,Indústria,4.Micro,Extração de sal-gema,Migração,True,False,False,SOMENTE SESI,1
42150391002114,Braskem S.a,Industria,2.Média,Fabricação de resinas termoplásticas,Proposta,False,True,False,SOMENTE SENAI,1
42374148000136,Lm Telecom Ltda,Não Indústria,3.Pequena,Reparação e manutenção de equipamentos de comunicação,Migração,True,False,False,SOMENTE SESI,1
42418771000143,Box Studio Empreendimento Imobiliario Spe Ltda,Indústria,4.Micro,Incorporação de empreendimentos imobiliários,Migração,True,False,False,SOMENTE SESI,1
42563290000121,Mg Albuquerque Ltda,Indústria,4.Micro,"Fabricação de estruturas pré-moldadas de concreto armado, em série e sob encomenda",Migração,True,False,False,SOMENTE SESI,1
42564810000200,Origem Energia Infraestrutura Portuaria S.a.,Não Indústria,4.Micro,Administração da infra-estrutura portuária,Proposta,True,False,False,SOMENTE SESI,1
42616246000132,Maria Alice Melo Goncalves Azevedo 12169220470,Indústria,4.Micro,FABRICAÇÃO DE PRODUTOS DE PANIFICAÇÃO INDUSTRIAL,Migração,True,False,False,SOMENTE SESI,1
42619562000168,J C Da Silva Ltda,Não Indústria,4.Micro,"Comércio varejista de cal, areia, pedra britada, tijolos e telhas",Migração,True,False,False,SOMENTE SESI,1
42620878000170,Aquacapri Empreendimento Imobiliario Spe Ltda,Industria,3.Pequena,Construção de edifícios,Migração,False,True,False,SOMENTE SENAI,1
42623135000153,Vertice Servicos De Engenharia E Consultoria Ltda,Industria,4.Micro,Construção de edifícios,Proposta,False,True,False,SOMENTE SENAI,1
42860886000193,John Fernandes Venancio Ltda,Industria,4.Micro,"Confecção de peças do vestuário, exceto roupas íntimas e as confeccionadas sob medida",Proposta,False,True,False,SOMENTE SENAI,1
42873193000135,Consorcio Arapiraca-delmiro Gouveia Lote 2,Industria,3.Pequena,Construção de rodovias e ferrovias,Proposta,False,True,False,SOMENTE SENAI,1
42908486000100,Consorcio Clc/conserva/f.p.,Industria,2.Média,Construção de rodovias e ferrovias,Proposta,False,True,False,SOMENTE SENAI,1
43078549000101,R R Comercio E Auto Servicos Ltda,Indústria,4.Micro,Serviços de manutenção e reparação mecânica de veículos automotores,Migração,True,False,False,SOMENTE SESI,1
43091153000102,Spe Maceio Ambiental S/a,Indústria,2.Média,Tratamento e disposição de resíduos não-perigosos,Proposta,True,False,False,SOMENTE SESI,1
43103238000155,Industria De Bebidas Piacava Guassu Ltda.,Industria | Indústria,4.Micro,Fabricação de aguardente de cana-de-açúcar,Proposta,True,True,True,SESI + SENAI,2
43232996000173,Taverna Beer Cervejaria Artesanal Ltda,Industria | Indústria,4.Micro,Fabricação de cervejas e chopes,Migração,True,True,True,SESI + SENAI,2
43249460000160,Warlem Teofilo Alves Ltda,Industria | Indústria,4.Micro,Recuperação de sucatas de alumínio,Migração | Proposta,True,True,True,SESI + SENAI,2
43301355000123,Ap De Morais - Ltda,Indústria,4.Micro,"Aparelhamento de placas e execução de trabalhos em mármore, granito, ardósia e outras pedras",Proposta,True,False,False,SOMENTE SESI,1
43337470000158,Nuance Tintas Ltda,Industria | Indústria,4.Micro,"Fabricação de tintas, vernizes, esmaltes e lacas",Migração,True,True,True,SESI + SENAI,2
43354807000135,Imagine Criative Ltda,Industria,3.Pequena,Impressão de material para uso publicitário,Proposta,False,True,False,SOMENTE SENAI,1
43378051000164,Md Al Rooftop Construcoes Ltda,Industria,3.Pequena,Incorporação de empreendimentos imobiliários,Proposta,False,True,False,SOMENTE SENAI,1
43595969000165,A S Gomes Telecom Ltda,Indústria,4.Micro,Serviços de comunicação multimídia - SCM,Migração,True,False,False,SOMENTE SESI,1
43639775000114,Auto Posto Ultra Ltda,Não Indústria,3.Pequena,Comércio varejista de combustíveis para veículos automotores,Migração,True,False,False,SOMENTE SESI,1
43645681000158,Viacao Girauense Transportes E Fretamentos Ltda,Não Indústria,3.Pequena,"Transporte rodoviário coletivo de passageiros, com itinerário fixo, intermunicipal em região metropolitana",Migração,True,False,False,SOMENTE SESI,1
43651456000124,Workamusic Producoes Ltda,Não Indústria,4.Micro,Produção musical,Proposta,True,False,False,SOMENTE SESI,1
43707005000161,Lcaa Consultoria Ltda,Não Indústria,3.Pequena,Operadores turísticos,Migração,True,False,False,SOMENTE SESI,1
43761581000197,Paleteria Alagoana Ltda,Indústria,4.Micro,Fabricação de artefatos de tanoaria e de embalagens de madeira,Migração,True,False,False,SOMENTE SESI,1
43773181000100,Moreira Nobre Engenharia Ltda,Indústria,2.Média,Construção de edifícios,Proposta,True,False,False,SOMENTE SESI,1
43796146000106,Citecon Match Spe Ltda,Industria,3.Pequena,Incorporação de empreendimentos imobiliários,Proposta,False,True,False,SOMENTE SENAI,1
43802186000105,Aina Do Sacramento Moreira Ltda,Não Indústria,4.Micro,Restaurantes e similares,Migração,True,False,False,SOMENTE SESI,1
43836290000110,Santos E Tenorio Telecom Ltda,Não Indústria,4.Micro,"Atividades de intermediação e agenciamento de serviços e negócios em geral, exceto imobiliários",Migração,True,False,False,SOMENTE SESI,1
43894935000171,Cardan Alagoas Servicos Ltda,Indústria,4.Micro,Serviços de manutenção e reparação mecânica de veículos automotores,Migração,True,False,False,SOMENTE SESI,1
43905483000186,Multicaixas Nordeste Ltda,Indústria,4.Micro,Fabricação de chapas e de embalagens de papelão ondulado,Proposta,True,False,False,SOMENTE SESI,1
43995907000140,Flex Industria E Comercio Ltda,Indústria,4.Micro,Fabricação de fraldas descartáveis,Migração,True,False,False,SOMENTE SESI,1
44073180000107,Ana C De O Barros,Indústria,4.Micro,FABRICAÇÃO DE PRODUTOS DE PANIFICAÇÃO INDUSTRIAL,Migração,True,False,False,SOMENTE SESI,1
44086279000143,Sheylla Bispo Dos Santos  Ltda,Não Indústria,4.Micro,"Comércio varejista de cosméticos, produtos de perfumaria e de higiene pessoal",Migração,True,False,False,SOMENTE SESI,1
44113690000160,Vovo Maze Industria E Comercio Ltda,Indústria,4.Micro,Moagem e fabricação de produtos de origem vegetal não especificados anteriormente,Proposta,True,False,False,SOMENTE SESI,1
44203148000107,G S A Moveis Planejados Ltda,Não Indústria,4.Micro,Comércio varejista de móveis,Migração,True,False,False,SOMENTE SESI,1
44203357000142,Francinaldo De O Souza Ltda,Não Indústria,4.Micro,Comércio atacadista de lubrificantes,Migração,True,False,False,SOMENTE SESI,1
44260182000105,44.260.182 Jefferson Delanio Souza Da Silva,Indústria,4.Micro,Instalação e manutenção elétrica,Proposta,True,False,False,SOMENTE SESI,1
44426384000184,Consorcio Duplicacao Al-220 Lote 03 Fp-clc-conserva,Industria,3.Pequena,Construção de rodovias e ferrovias,Proposta,False,True,False,SOMENTE SENAI,1
44446309000185,Mlft Silva Ltda,Indústria,4.Micro,Impressão de material para uso publicitário,Migração,True,False,False,SOMENTE SESI,1
44526952000208,Matsubara Hoteis E Turismo Ltda,Nao Industria,4.Micro,Hotéis,Proposta,False,True,False,SOMENTE SENAI,1
44575605000186,E R Administradora Condominial Ltda,Não Indústria,3.Pequena,Gestão e administração da propriedade imobiliária,Migração,True,False,False,SOMENTE SESI,1
44586624000108,Fluxus Servicos Medicos Ltda,Não Indústria,4.Micro,Atividade médica ambulatorial restrita a consultas,Migração,True,False,False,SOMENTE SESI,1
44803999000182,Jose W T D Santos,Industria | Indústria,4.Micro,Construção de edifícios,Proposta,True,True,True,SESI + SENAI,2
44835017000134,Industria Rm Ltda,Indústria,3.Pequena,Fabricação de estruturas metálicas,Migração,True,False,False,SOMENTE SESI,1
44908785000170,G K S Da Silva Comedoria,Não Indústria,4.Micro,"Lanchonetes, casas de chá, de sucos e similares",Migração,True,False,False,SOMENTE SESI,1
44992350000157,Verde Ambiental Alagoas S.a.,Industria | Indústria,2.Média,"Captação, tratamento e distribuição de água",Migração | Proposta,True,True,True,SESI + SENAI,2
44992350000238,Verde Ambiental Alagoas S.a.,Industria,3.Pequena,"Captação, tratamento e distribuição de água",Proposta,False,True,False,SOMENTE SENAI,1
45075715000141,Honor Service Ltda,Indústria,3.Pequena,Instalação e manutenção elétrica,Proposta,True,False,False,SOMENTE SESI,1
45128005000132,Evolution Servicos Ltda,Não Indústria,2.Média,Gestão e administração da propriedade imobiliária,Migração,True,False,False,SOMENTE SESI,1
45157243000176,Rcl Reciclagem Ltda,Indústria,4.Micro,Fabricação de artefatos de material plástico para usos industriais,Migração,True,False,False,SOMENTE SESI,1
45316850000131,Thermo Maceio Refrigeracao Ltda,Indústria,4.Micro,"Serviços de instalação, manutenção e reparação de acessórios para veículos automotores",Migração,True,False,False,SOMENTE SESI,1
45359410000161,Consorcio Batalha-olivenca Fp-clc,Industria,3.Pequena,Construção de rodovias e ferrovias,Proposta,False,True,False,SOMENTE SENAI,1
45374855000110,H J Industria De Esquadrias Ltda,Indústria,4.Micro,Fabricação de esquadrias de metal,Proposta,True,False,False,SOMENTE SESI,1
45387544000196,C G M De Carvalho,Não Indústria,4.Micro,"Lanchonetes, casas de chá, de sucos e similares",Migração,True,False,False,SOMENTE SESI,1
45410144000154,Eco E Ponto Ltda,Indústria,3.Pequena,Recuperação de materiais não especificados anteriormente,Migração,True,False,False,SOMENTE SESI,1
45412531000120,Associacao Dos Proprietarios De Unidades Autonomas Do Futuro Edificio Jardins Maria Luiza,Não Indústria,3.Pequena,Atividades associativas não especificadas anteriormente,Migração,True,False,False,SOMENTE SESI,1
45417851000172,Flor De Murici Industria E Comercio De Confeccao Ltda,Indústria,4.Micro,Confecção de roupas íntimas,Migração,True,False,False,SOMENTE SESI,1
45456117000112,Aguas Do Sertao S/a,Industria | Indústria,4.Micro,"Captação, tratamento e distribuição de água",Migração | Proposta,True,True,True,SESI + SENAI,2
45587682000119,E O De Lucena Junior,Indústria,4.Micro,Serviços de comunicação multimídia - SCM,Migração,True,False,False,SOMENTE SESI,1
45637490000170,Clarity Comercio De Valvulas Tubos E Conexoes Ltda,Não Indústria,4.Micro,Comércio varejista de materiais hidráulicos,Migração,True,False,False,SOMENTE SESI,1
45702351000182,J M Da Silva Filho Confeccoes,Indústria,3.Pequena,"Confecção, sob medida, de roupas profissionais",Migração,True,False,False,SOMENTE SESI,1
45713672000182,Mcz Topografia Engenharia E Aerolevantamentos Ltda,Não Indústria,4.Micro,"Serviços de cartografia, topografia e geodésia",Proposta,True,False,False,SOMENTE SESI,1
45819383000162,Md Al Parque Shopping Construcoes Spe Ltda,Industria,4.Micro,Incorporação de empreendimentos imobiliários,Proposta,False,True,False,SOMENTE SENAI,1
45882038000173,Projeto Imobiliario Ita Hoti Spe Ltda.,Não Indústria,2.Média,Compra e venda de imóveis próprios,Proposta,True,False,False,SOMENTE SESI,1
45909716000144,Md Al Via Express Construcoes Spe Ltda,Industria,3.Pequena,Incorporação de empreendimentos imobiliários,Proposta,False,True,False,SOMENTE SENAI,1
46042619000160,Tio Ferreira Ltda,Não Indústria,3.Pequena,"Comércio atacadista de cereais e leguminosas beneficiados, farinhas, amidos e féculas, com atividade de fracionamento e acondicionamento associada",Migração,True,False,False,SOMENTE SESI,1
46042619000240,Tio Ferreira Ltda,Não Indústria,3.Pequena,"Comércio atacadista de produtos alimentícios em geral, com atividade de fracionamento e acondicionamento associada",Migração,True,False,False,SOMENTE SESI,1
46042619000402,Tio Ferreira Ltda,Não Indústria,3.Pequena,"Comércio atacadista de cereais e leguminosas beneficiados, farinhas, amidos e féculas, com atividade de fracionamento e acondicionamento associada",Migração,True,False,False,SOMENTE SESI,1
46189709000188,R Q Regueira Moda Calcadista,Não Indústria,4.Micro,Comércio varejista de calçados,Migração,True,False,False,SOMENTE SESI,1
46202280000111,Orlando Lins Clinica Medica Ltda,Não Indústria,4.Micro,Atividade médica ambulatorial restrita a consultas,Migração,True,False,False,SOMENTE SESI,1
46337372000109,Associacao Dos Adquirentes De Unidades Autonomas Do Condominio Residencial Ville De France,Nao Industria,2.Média,Atividades associativas não especificadas anteriormente,Proposta,False,True,False,SOMENTE SENAI,1
46402809000140,J L V Dos Santos,Não Indústria,4.Micro,Serviço de transporte de passageiros - locação de automóveis com motorista,Proposta,True,False,False,SOMENTE SESI,1
46423021000110,Spot Ponta Verde Spe Ltda,Industria | Indústria,3.Pequena,Incorporação de empreendimentos imobiliários,Migração | Proposta,True,True,True,SESI + SENAI,2
46423543000112,James Pertheson Da S Melo Vidracaria,Não Indústria,4.Micro,Comércio varejista de vidros,Migração,True,False,False,SOMENTE SESI,1
46506441000160,46.506.441 Ellyson Dawid Tenorio De Melo,Industria,4.Micro,Instalação e manutenção elétrica,Migração,False,True,False,SOMENTE SENAI,1
46632939000170,M G Dos Santos Pousada E Restaurante,Não Indústria,4.Micro,Restaurantes e similares,Migração,True,False,False,SOMENTE SESI,1
46757355000120,Opus Mais Engenharia Ltda,Indústria,4.Micro,Instalação e manutenção elétrica,Migração,True,False,False,SOMENTE SESI,1
46767259000163,El-agro Comercio De Insumos Agricolas Ltda,Indústria,4.Micro,"Preparação e fiação de fibras têxteis naturais, exceto algodão",Proposta,True,False,False,SOMENTE SESI,1
46806564000117,Sunset Residence Frances Spe Ltda,Industria,3.Pequena,Incorporação de empreendimentos imobiliários,Proposta,False,True,False,SOMENTE SENAI,1
46816463000127,Conect Servicos Industriais Ltda,Industria | Indústria,4.Micro,"Manutenção e reparação de máquinas, aparelhos e materiais elétricos não especificados anteriormente",Proposta,True,True,True,SESI + SENAI,2
46847405000160,Maria Jose De Farias Magalhaes Ltda,Não Indústria,3.Pequena,"Comércio varejista de cosméticos, produtos de perfumaria e de higiene pessoal",Migração,True,False,False,SOMENTE SESI,1
46874729000198,Rehabcardio Ltda,Não Indústria,4.Micro,Atividades de fisioterapia,Migração,True,False,False,SOMENTE SESI,1
47016991000164,T T Servicos Empresariais Ltda,Não Indústria,3.Pequena,Serviços combinados de escritório e apoio administrativo,Migração,True,False,False,SOMENTE SESI,1
47025733000144,W Dos S Gouveia  Ltda,Industria | Indústria,4.Micro,Impressão de material para outros usos,Migração | Proposta,True,True,True,SESI + SENAI,2
47028449000121,Consorcio Vias Do Norte 2 Etapa,Indústria,3.Pequena,"Obras de urbanização - ruas, praças e calçadas",Migração,True,False,False,SOMENTE SESI,1
47069074000148,Metalurgica Louise E Cia Ltda,Industria | Indústria,3.Pequena,"Fabricação de produtos de trefilados de metal, exceto padronizados",Migração | Proposta,True,True,True,SESI + SENAI,2
47074912000171,Grafica Mascarenhas Digital Ltda,Industria,4.Micro,Impressão de material para outros usos,Proposta,False,True,False,SOMENTE SENAI,1
47133502000154,Group Damasceno Ltda,Industria,3.Pequena,Fabricação de biscoitos e bolachas,Proposta,False,True,False,SOMENTE SENAI,1
47298482000171,Mf Forma E Ferragem Ltda,Indústria,4.Micro,"Instalação de portas, janelas, tetos, divisórias e armários embutidos de qualquer material",Migração,True,False,False,SOMENTE SESI,1
47334691000123,Passaggio Empreendimentos Turisticos Ltda,Não Indústria,2.Média,Hotéis,Migração,True,False,False,SOMENTE SESI,1
47409771000109,Thiago Lins Batista 01140757431,Indústria,4.Micro,"Instalação e manutenção de sistemas centrais de ar condicionado, de ventilação e refrigeração",Migração,True,False,False,SOMENTE SESI,1
47440200000129,Cca Comercio De Moveis Ltda,Não Indústria,4.Micro,Comércio varejista de móveis,Migração,True,False,False,SOMENTE SESI,1
47454591000130,Instituto Saude Singularis Ltda,Não Indústria,4.Micro,Atividade odontológica com recursos para realização de procedimentos cirúrgicos,Migração,True,False,False,SOMENTE SESI,1
47594187000162,Therapie Medical Center Ltda,Não Indústria,4.Micro,Atividade médica ambulatorial com recursos para realização de exames complementares,Migração,True,False,False,SOMENTE SESI,1
47660138000180,Morino Moveis Planejados Ltda,Industria | Indústria,4.Micro,Fabricação de móveis com predominância de madeira,Proposta,True,True,True,SESI + SENAI,2
47763856000182,Campo Verde Servicos Ltda,Não Indústria,3.Pequena,Serviços combinados de escritório e apoio administrativo,Migração,True,False,False,SOMENTE SESI,1
47767426000139,Nova Costa Dourada Envase De Agua Ltda,Industria | Indústria,4.Micro,Fabricação de águas envasadas,Proposta,True,True,True,SESI + SENAI,2
47839082000126,"Corte Fabril, Fardamentos Corporativos E Escolares Ltda",Indústria,4.Micro,"Confecção, sob medida, de roupas profissionais",Migração,True,False,False,SOMENTE SESI,1
47886861000182,Estelar Industria De Aco Ltda,Indústria,4.Micro,Fabricação de produtos de trefilados de metal padronizados,Migração,True,False,False,SOMENTE SESI,1
47895879000140,Juliano Barbosa Silva,Indústria,4.Micro,Fabricação de laticínios,Migração,True,False,False,SOMENTE SESI,1
47911849000180,Cardan Sao Miguel Servicos Ltda,Indústria,4.Micro,Serviços de manutenção e reparação mecânica de veículos automotores,Migração,True,False,False,SOMENTE SESI,1
47967706000190,Restaurante Jaragua Ltda,Não Indústria,3.Pequena,Restaurantes e similares,Migração,True,False,False,SOMENTE SESI,1
48012237000119,Edificio Genova Spe Ltda,Industria,2.Média,Incorporação de empreendimentos imobiliários,Proposta,False,True,False,SOMENTE SENAI,1
48082971000154,Consorcio Vale Do Paraiba Lote 02 - Fp-clc-conserva,Industria,3.Pequena,Construção de rodovias e ferrovias,Proposta,False,True,False,SOMENTE SENAI,1
48095104000153,Cruz Das Almas Empreendimento Imobiliario Spe Ltda,Industria,3.Pequena,Incorporação de empreendimentos imobiliários,Migração,False,True,False,SOMENTE SENAI,1
48130274000121,Carvalho Assessoria E Servicos Ltda,Não Indústria,3.Pequena,Seleção e agenciamento de mão-de-obra,Migração,True,False,False,SOMENTE SESI,1
48196035000174,Posto Satuba Ltda,Não Indústria,4.Micro,Comércio varejista de combustíveis para veículos automotores,Migração,True,False,False,SOMENTE SESI,1
48209133000107,Citecon Oceana Empreendimento Spe Ltda,Industria,3.Pequena,Incorporação de empreendimentos imobiliários,Proposta,False,True,False,SOMENTE SENAI,1
48244421000194,Tatuamunha 01 Empreendimento Imobiliario Spe Ltda,Industria,2.Média,Incorporação de empreendimentos imobiliários,Proposta,False,True,False,SOMENTE SENAI,1
48361535000114,Falcao Construcoes Ltda,Industria,3.Pequena,Construção de edifícios,Proposta,False,True,False,SOMENTE SENAI,1
48462452000111,Hidrosol Energia Solar Representacao E Servicos Ltda,Industria,4.Micro,Instalação de máquinas e equipamentos industriais,Proposta,False,True,False,SOMENTE SENAI,1
48512865000163,Czar Concrete Industria Ltda,Indústria,4.Micro,Fabricação de artefatos de cimento para uso na construção,Migração,True,False,False,SOMENTE SESI,1
48684642000183,Adamo Spe 1 Ltda,Nao Industria,2.Média,Compra e venda de imóveis próprios,Proposta,False,True,False,SOMENTE SENAI,1
48821494000100,Frango Lider Ltda,Industria | Indústria,4.Micro,Abate de aves,Migração | Proposta,True,True,True,SESI + SENAI,2
48825912000129,Ello Servicos Condominiais E Imobiliario Ltda,Não Indústria,3.Pequena,Gestão e administração da propriedade imobiliária,Migração,True,False,False,SOMENTE SESI,1
48869153000104,Tanino Bistro & Emporio Ltda,Não Indústria,4.Micro,Restaurantes e similares,Migração,True,False,False,SOMENTE SESI,1
48878815000102,Eskrim Industria De Sorvetes Ltda,Indústria,3.Pequena,Fabricação de sorvetes e outros gelados comestíveis,Migração,True,False,False,SOMENTE SESI,1
48905364000147,48.905.364 Paulo Marcos Da Silva,Não Indústria,4.Micro,Restaurantes e similares,Migração,True,False,False,SOMENTE SESI,1
48962242000192,Quimica Nordeste De Produtos Ltda,Indústria,3.Pequena,Fabricação de sabões e detergentes sintéticos,Migração,True,False,False,SOMENTE SESI,1
48973289000151,Itamar Auto Center Ltda,Indústria,3.Pequena,Serviços de manutenção e reparação mecânica de veículos automotores,Migração,True,False,False,SOMENTE SESI,1
48975994000198,Consulttymed Servicos Clinicos Ltda,Não Indústria,4.Micro,Atividade médica ambulatorial restrita a consultas,Migração,True,False,False,SOMENTE SESI,1
48999978000135,N R Pereira Ltda,Indústria,4.Micro,Fabricação de artefatos de tanoaria e de embalagens de madeira,Migração,True,False,False,SOMENTE SESI,1
49120358000147,Buffet Pinheiro Ltda,Não Indústria,4.Micro,Serviços de alimentação para eventos e recepções - bufê,Migração,True,False,False,SOMENTE SESI,1
49120631000133,Associacao Dos Proprietarios De Unidades Autonomas Do Futuro Edificio Botanic View Club Residence,Nao Industria | Não Indústria,2.Média,Atividades associativas não especificadas anteriormente,Proposta,True,True,True,SESI + SENAI,2
49138205000127,Fontes Sao Carlos Ltda,Indústria,4.Micro,Fabricação de águas envasadas,Migração,True,False,False,SOMENTE SESI,1
49142678000106,"Secretaria De Estado Do Desenvolvimento, Industria, Comercio E Servicos",Nao Industria,2.Média,Administração pública em geral,Proposta,False,True,False,SOMENTE SENAI,1
49173847000167,Riviera Empreendimentos Imobiliarios Spe Ltda,Industria,4.Micro,Incorporação de empreendimentos imobiliários,Proposta,False,True,False,SOMENTE SENAI,1
49204490000137,Masetto Alimentos Ltda,Industria,4.Micro,Fabricação de conservas de frutas,Proposta,False,True,False,SOMENTE SENAI,1
49274757000162,Janaina Mainara Da Silva Motopecas Ltda,Não Indústria,4.Micro,Comércio a varejo de peças e acessórios novos para motocicletas e motonetas,Migração,True,False,False,SOMENTE SESI,1
49329618000199,Sistenge Construcoes E Comercio Ltda,Industria,4.Micro,Construção de edifícios,Proposta,False,True,False,SOMENTE SENAI,1
49515673000173,S Graf Ltda,Indústria,4.Micro,Impressão de material para outros usos,Migração,True,False,False,SOMENTE SESI,1
49571914000100,Panificacao A Casa Portuguesa Ltda,Indústria,4.Micro,FABRICAÇÃO DE PRODUTOS DE PANIFICAÇÃO INDUSTRIAL,Migração,True,False,False,SOMENTE SESI,1
49616500000141,R A Servicos Ltda,Indústria,4.Micro,Recondicionamento e recuperação de motores para veículos automotores,Migração,True,False,False,SOMENTE SESI,1
49645094000145,Mundo On Telecom Ltda,Indústria,4.Micro,Serviços de comunicação multimídia - SCM,Migração,True,False,False,SOMENTE SESI,1
49678524000125,Soilymar Ferreira Consultorio Odontologico Ltda,Não Indústria,4.Micro,Atividade odontológica com recursos para realização de procedimentos cirúrgicos,Migração,True,False,False,SOMENTE SESI,1
49770750000131,Duo Locacao E Administracao Ltda,Industria,4.Micro,Administração de obras,Proposta,False,True,False,SOMENTE SENAI,1
49781482000153,Eco Green Plasticos Ltda,Indústria,3.Pequena,Fabricação de embalagens de material plástico,Migração,True,False,False,SOMENTE SESI,1
49795483000157,Fiah Industria Ltda,Indústria,4.Micro,Fabricação de artefatos têxteis para uso doméstico,Migração,True,False,False,SOMENTE SESI,1
49820150000130,Illa Fellicidade Industria De Gelados Ltda,Indústria,4.Micro,Fabricação de sorvetes e outros gelados comestíveis,Migração,True,False,False,SOMENTE SESI,1
49837432000140,Magalhaes Consultoria Ltda,Não Indústria,4.Micro,"Atividades de consultoria em gestão empresarial, exceto consultoria técnica específica",Migração,True,False,False,SOMENTE SESI,1
49871213006623,Ic Transportes Ltda.,Nao Industria,1.Grande,"Transporte rodoviário de carga, exceto produtos perigosos e mudanças, intermunicipal, interestadual e internacional",Proposta,False,True,False,SOMENTE SENAI,1
49930514000135,Sodexo Do Brasil Comercial S.a.,Indústria,1.Grande,Fornecimento de alimentos preparados preponderantemente para empresas,Proposta,True,False,False,SOMENTE SESI,1
49946261000198,Consorcio Pavimentacao E Drenagem Ruas De Maceio,Industria,4.Micro,"Obras de urbanização - ruas, praças e calçadas",Proposta,False,True,False,SOMENTE SENAI,1
49996687000156,Dje Engenharia Comercio E Servicos Ltda,Industria,4.Micro,"Fabricação de válvulas, registros e dispositivos semelhantes, peças e acessórios",Migração,False,True,False,SOMENTE SENAI,1
50026997000127,Portal Das Rocas Empreendientos Spe Ltda,Indústria,3.Pequena,Incorporação de empreendimentos imobiliários,Migração,True,False,False,SOMENTE SESI,1
50058390000129,Magic Berry Industria De Gelados Comestiveis Ltda,Industria,4.Micro,Fabricação de sorvetes e outros gelados comestíveis,Proposta,False,True,False,SOMENTE SENAI,1
50161226000142,Adriano Tenorio Fernandes Comercio,Não Indústria,4.Micro,Comércio varejista de tecidos,Migração,True,False,False,SOMENTE SESI,1
50269736000138,Panetutti Casa De Lanches Ltda,Não Indústria,3.Pequena,Restaurantes e similares,Migração,True,False,False,SOMENTE SESI,1
50353891000138,Projeto Imobiliario Isla Spe Ltda,Indústria,3.Pequena,Construção de edifícios,Migração,True,False,False,SOMENTE SESI,1
50362100000136,So Uniforme E Pijamas Ltda,Industria | Indústria,4.Micro,"Confecção, sob medida, de peças do vestuário, exceto roupas íntimas",Proposta,True,True,True,SESI + SENAI,2
50370509000102,Costa Servicos Ltda,Não Indústria,3.Pequena,Seleção e agenciamento de mão-de-obra,Migração,True,False,False,SOMENTE SESI,1
50381197000124,F L C Da S Buarque Policlinica,Não Indústria,4.Micro,Atividade médica ambulatorial com recursos para realização de exames complementares,Migração,True,False,False,SOMENTE SESI,1
50381212000134,Albuquerque Medicos Associados Ltda,Não Indústria,4.Micro,Atividade médica ambulatorial restrita a consultas,Migração,True,False,False,SOMENTE SESI,1
50527176000174,Centro De Estetica Avancado Ltda,Não Indústria,4.Micro,Outras atividades de tratamento de beleza,Migração,True,False,False,SOMENTE SESI,1
50567288000744,Sociedade Michelin De Participacoes Indust E Comercio Ltda,Indústria,2.Média,Fabricação de pneumáticos e de câmaras-de-ar,Proposta,True,False,False,SOMENTE SESI,1
50583563000128,G D R Gelados Comercio Varejista Ltda,Não Indústria,3.Pequena,Comércio varejista de produtos alimentícios em geral ou especializado em produtos alimentícios não especificados anteriormente,Migração,True,False,False,SOMENTE SESI,1
50600889000116,50.600.889 Ana Karina Menezes De Aquino Franca,Não Indústria,4.Micro,Restaurantes e similares,Migração,True,False,False,SOMENTE SESI,1
50811328000166,Martta B De Lima Soluster Contabil,Não Indústria,4.Micro,Atividades de contabilidade,Migração,True,False,False,SOMENTE SESI,1
50935966000199,Space Gym Ltda,Não Indústria,4.Micro,Atividades de condicionamento físico,Migração,True,False,False,SOMENTE SESI,1
50938938000125,F6 Empreendimento Imobiliario Spe Ltda,Industria,3.Pequena,Incorporação de empreendimentos imobiliários,Migração,False,True,False,SOMENTE SENAI,1
51022392000120,Ssd Studio Suport Desing E Cia Ltda,Indústria,4.Micro,Fabricação de móveis com predominância de metal,Migração,True,False,False,SOMENTE SESI,1
51065322000150,Topfibra Ltda,Indústria,4.Micro,Serviços de comunicação multimídia - SCM,Migração,True,False,False,SOMENTE SESI,1
51068576000121,Consorcio Pav Vias Do Sao Francisco,Indústria,3.Pequena,"Obras de urbanização - ruas, praças e calçadas",Migração,True,False,False,SOMENTE SESI,1
51254937000124,Nordrives Eletronica Industrial Ltda,Industria | Indústria,4.Micro,Manutenção e reparação de outras máquinas e equipamentos para usos industriais não especificados anteriormente,Migração | Proposta,True,True,True,SESI + SENAI,2
51298283000130,C L Da Aparecida,Industria,3.Pequena,Instalação de máquinas e equipamentos industriais,Proposta,False,True,False,SOMENTE SENAI,1
51321533000106,Watal Patacho Eco Boutique Residence Spe Ltda,Industria,2.Média,Construção de edifícios,Migração,False,True,False,SOMENTE SENAI,1
51401276000112,Sanctus Empreendimentos Imobiliarios Ltda,Não Indústria,4.Micro,Gestão e administração da propriedade imobiliária,Migração,True,False,False,SOMENTE SESI,1
51533527000112,Atacadista De Fraldas Mundial Ltda,Não Indústria,4.Micro,Comércio atacadista de produtos de higiene pessoal,Migração,True,False,False,SOMENTE SESI,1
51554396000150,Beef House Ltda,Não Indústria,4.Micro,Comércio varejista de carnes - açougues,Migração,True,False,False,SOMENTE SESI,1
51573010000157,Y T Melo Ltda,Não Indústria,4.Micro,Atividades de cobrança e informações cadastrais,Migração,True,False,False,SOMENTE SESI,1
51588175000100,Fernanda Moreira Santos,Não Indústria,4.Micro,Atividades veterinárias,Migração,True,False,False,SOMENTE SESI,1
51605820000148,Panfacile Alimentos Ltda,Industria,4.Micro,FABRICAÇÃO DE PRODUTOS DE PADARIA E CONFEITARIA COM PREDOMINÂNCIA DE PRODUÇÃO PRÓPRIA,Proposta,False,True,False,SOMENTE SENAI,1
51660007000170,Angiosaude Servicos Medicos Ltda,Não Indústria,4.Micro,Atividade médica ambulatorial com recursos para realização de exames complementares,Migração,True,False,False,SOMENTE SESI,1
51714908000106,Caleidoscopio Comercio Ltda,Indústria,4.Micro,Fabricação de bijuterias e artefatos semelhantes,Migração,True,False,False,SOMENTE SESI,1
51737210000106,Sanuve Engenharia Ltda,Indústria,4.Micro,Serviços de engenharia,Migração,True,False,False,SOMENTE SESI,1
51879879000124,Eny Pneus Auto Service Ltda,Não Indústria,4.Micro,Comércio a varejo de peças e acessórios novos para veículos automotores,Migração,True,False,False,SOMENTE SESI,1
51899013000185,Petroworks Do Brasil Ltda.,Indústria,3.Pequena,Perfurações e sondagens,Migração,True,False,False,SOMENTE SESI,1
51899405000225,Pratagy Comercio De Alimentos Ltda,Nao Industria,3.Pequena,Restaurantes e similares,Proposta,False,True,False,SOMENTE SENAI,1
51899405000497,Pratagy Comercio De Alimentos Ltda,Nao Industria,3.Pequena,Restaurantes e similares,Proposta,False,True,False,SOMENTE SENAI,1
51899405000578,Pratagy Comercio De Alimentos Ltda,Nao Industria,3.Pequena,Restaurantes e similares,Proposta,False,True,False,SOMENTE SENAI,1
52110730000149,Rma Distribuidora Ltda,Não Indústria,4.Micro,"Comércio atacadista de mercadorias em geral, sem predominância de alimentos ou de insumos agropecuários",Migração,True,False,False,SOMENTE SESI,1
52237747000161,Acesso Online Telecom Ltda,Indústria,4.Micro,Serviços de comunicação multimídia - SCM,Migração,True,False,False,SOMENTE SESI,1
52330340000184,Edificio Empresarial Link Office,Nao Industria,3.Pequena,Condomínios prediais,Proposta,False,True,False,SOMENTE SENAI,1
52386063000121,Harcos Corretora De Seguros Ltda,Não Indústria,4.Micro,"Corretores e agentes de seguros, de planos de previdência complementar e de saúde",Migração,True,False,False,SOMENTE SESI,1
52535498000190,Capetro Asfaltos Ltda,Industria,3.Pequena,Fabricação de outros produtos químicos não especificados anteriormente,Proposta,False,True,False,SOMENTE SENAI,1
52571738000102,P R V L Firmino Confeccoes,Industria | Indústria,4.Micro,"Confecção de roupas profissionais, exceto sob medida",Proposta,True,True,True,SESI + SENAI,2
52618139000105,Legrand Brasil Ltda,Não Indústria,3.Pequena,Serviços combinados de escritório e apoio administrativo,Proposta,True,False,False,SOMENTE SESI,1
52650507000194,Ultra Cafe Ltda,Não Indústria,4.Micro,Comércio varejista de mercadorias em lojas de conveniência,Migração,True,False,False,SOMENTE SESI,1
52673825000170,Superpaver Asfaltos Industria Ltda,Indústria,3.Pequena,Fabricação de outros produtos de minerais não-metálicos não especificados anteriormente,Migração,True,False,False,SOMENTE SESI,1
52682336000185,Famec Auto Center Ltda,Indústria,4.Micro,Serviços de manutenção e reparação mecânica de veículos automotores,Migração,True,False,False,SOMENTE SESI,1
52693780000104,Consorcio Infraestrutura Litoral Norte Maceio.,Industria,2.Média,"Obras de urbanização - ruas, praças e calçadas",Proposta,False,True,False,SOMENTE SENAI,1
52737644000160,E M Duarte Laticinios,Indústria,4.Micro,Fabricação de laticínios,Migração,True,False,False,SOMENTE SESI,1
52750389000196,Coutinho Smart Incorporacoes Ltda,Industria,3.Pequena,Construção de edifícios,Proposta,False,True,False,SOMENTE SENAI,1
52763806000135,Spot Ponta Verde Ii Spe Ltda,Industria | Indústria,3.Pequena,Incorporação de empreendimentos imobiliários,Migração | Proposta,True,True,True,SESI + SENAI,2
52803309000113,Voe Home Automacao Ltda,Não Indústria,4.Micro,Comércio varejista especializado de eletrodomésticos e equipamentos de áudio e vídeo,Migração,True,False,False,SOMENTE SESI,1
52920999000190,Buffet Farol Ltda,Não Indústria,3.Pequena,Serviços de alimentação para eventos e recepções - bufê,Migração,True,False,False,SOMENTE SESI,1
52924246000153,Instituto Santa Afra,Não Indústria,4.Micro,Educação infantil - pré-escola,Proposta,True,False,False,SOMENTE SESI,1
53062066000172,53.062.066 Ana Gilda Roberto Dos Santos,Industria,4.Micro,Fabricação de alimentos e pratos prontos,Proposta,False,True,False,SOMENTE SENAI,1
53156447000110,A Leonel Da Silva,Industria | Indústria,4.Micro,Outras obras de acabamento da construção,Proposta,True,True,True,SESI + SENAI,2
53241657000107,Viver Bem Projeto 05 Empreendimento Imobiliario Spe Ltda,Industria,4.Micro,Incorporação de empreendimentos imobiliários,Migração,False,True,False,SOMENTE SENAI,1
53243548000129,Alagoana Servicos Automotivos Ltda,Indústria,4.Micro,Serviços de manutenção e reparação mecânica de veículos automotores,Migração,True,False,False,SOMENTE SESI,1
53281653000152,Rocha & Maranhao Ltda,Não Indústria,4.Micro,Atividade médica ambulatorial restrita a consultas,Migração,True,False,False,SOMENTE SESI,1
53622004000178,53.622.004 Meirilany Pereira Nascimento,Não Indústria,4.Micro,Comércio varejista de tecidos,Migração,True,False,False,SOMENTE SESI,1
53689296000166,Marcineiro Eco Boutique Residence Spe Ltda,Industria,3.Pequena,Construção de edifícios,Migração,False,True,False,SOMENTE SENAI,1
53737997000123,Valdir D Da Silva,Industria,4.Micro,Serviços de manutenção e reparação mecânica de veículos automotores,Proposta,False,True,False,SOMENTE SENAI,1
53749121000105,Incofibras Ind E Com De Plasticos Ltda,Indústria,4.Micro,"Fabricação de artefatos de material plástico para uso na construção, exceto tubos e acessórios",Migração,True,False,False,SOMENTE SESI,1
53996848000189,New House Frances Spe Ltda,Industria,3.Pequena,Incorporação de empreendimentos imobiliários,Migração,False,True,False,SOMENTE SENAI,1
54004943000111,Lr Mello Colchoes Ltda.,Não Indústria,4.Micro,"Comercio varejista de artigos de cama, mesa e banho",Migração,True,False,False,SOMENTE SESI,1
54027801000170,Tgn Empreendimentos Ltda,Nao Industria,3.Pequena,Preparação de documentos e serviços especializados de apoio administrativo não especificados anteriormente,Proposta,False,True,False,SOMENTE SENAI,1
54058759000154,"Arte & Conceito Instalacoes, Montagens E Manutencao De Esquadrias De Aluminio Ltda",Indústria,4.Micro,"Instalação de portas, janelas, tetos, divisórias e armários embutidos de qualquer material",Migração,True,False,False,SOMENTE SESI,1
54153370000198,Ferreira Araujo Servicos Ltda,Não Indústria,3.Pequena,Serviços combinados de escritório e apoio administrativo,Migração,True,False,False,SOMENTE SESI,1
54202484000180,D S Comercio De Eucalipto Ltda,Indústria,4.Micro,"Fabricação de artefatos diversos de madeira, exceto móveis",Migração,True,False,False,SOMENTE SESI,1
54209896000142,C B Da Costa Aramoveis Ltda,Indústria,4.Micro,"Fabricação de móveis de outros materiais, exceto madeira e metal",Migração,True,False,False,SOMENTE SESI,1
54310658000129,Mme Contratacoes Ltda,Indústria,2.Média,Construção de edifícios,Proposta,True,False,False,SOMENTE SESI,1
54347636000133,Alagoana Buffet E Servicos Ltda,Não Indústria,3.Pequena,Serviços combinados de escritório e apoio administrativo,Migração,True,False,False,SOMENTE SESI,1
54360360000123,Consorcio Cmeis 12 Unidades,Indústria,2.Média,Construção de edifícios,Migração,True,False,False,SOMENTE SESI,1
54360370000169,Consorcio Cmeis.,Industria | Indústria,2.Média,Construção de edifícios,Migração | Proposta,True,True,True,SESI + SENAI,2
54365049000177,Japa Bowl Ltda,Não Indústria,4.Micro,Restaurantes e similares,Migração,True,False,False,SOMENTE SESI,1
54409926000164,Consorcio Pmcmv Marechal,Industria | Indústria,2.Média,Construção de edifícios,Migração,True,True,True,SESI + SENAI,2
54430907000110,Sitges Empreendimento Imobiliario Spe Ltda,Indústria,3.Pequena,Incorporação de empreendimentos imobiliários,Migração,True,False,False,SOMENTE SESI,1
54467844000176,Isomix Industria De Concretos Especiais Ltda,Indústria,2.Média,Preparação de massa de concreto e argamassa para construção,Migração,True,False,False,SOMENTE SESI,1
54474453000189,Panificacao E Comercio A Nascimento E Aguiar Ltda,Indústria,4.Micro,FABRICAÇÃO DE PRODUTOS DE PANIFICAÇÃO INDUSTRIAL,Migração,True,False,False,SOMENTE SESI,1
54475254000195,Consorcio Mercados Benedito Bentes E Jacintnho,Indústria,3.Pequena,Construção de edifícios,Migração,True,False,False,SOMENTE SESI,1
54483766000101,Infinity Net Comunicacoes Ltda,Indústria,4.Micro,Provedores de acesso às redes de comunicações,Migração,True,False,False,SOMENTE SESI,1
54502107000167,Projett Edificacoes Ltda,Industria | Indústria,3.Pequena,Fabricação de artefatos de cimento para uso na construção,Migração | Proposta,True,True,True,SESI + SENAI,2
54531605000138,Contemporanea Parque Shopping Empreendimento Imobiliario Spe Ltda,Industria,2.Média,Incorporação de empreendimentos imobiliários,Proposta,False,True,False,SOMENTE SENAI,1
54787099000142,Croassaria Da Dressa Ltda,Não Indústria,4.Micro,Restaurantes e similares,Migração,True,False,False,SOMENTE SESI,1
54841751000160,Reserva Wara Spe Ltda,Industria | Indústria,3.Pequena,Incorporação de empreendimentos imobiliários,Migração | Proposta,True,True,True,SESI + SENAI,2
54845919000105,M E Dos S Silva,Não Indústria,4.Micro,Comércio a varejo de peças e acessórios novos para veículos automotores,Migração,True,False,False,SOMENTE SESI,1
54846397000166,Biscoite Parque Shopping Ltda,Nao Industria,4.Micro,"Comércio varejista de doces, balas, bombons e semelhantes",Proposta,False,True,False,SOMENTE SENAI,1
54922060000190,A B Gomes Lucena,Não Indústria,4.Micro,Atividade médica ambulatorial restrita a consultas,Migração,True,False,False,SOMENTE SESI,1
54991602000187,D F Servicos De Apoio Administrativo Ltda,Não Indústria,3.Pequena,Serviços combinados de escritório e apoio administrativo,Proposta,True,False,False,SOMENTE SESI,1
55034633000102,Fb Locacoes E Servicos Ltda,Não Indústria,4.Micro,Outras atividades de prestação de serviços de informação não especificadas anteriormente,Migração,True,False,False,SOMENTE SESI,1
55065115000156,Hotel Quatro Coracoes Ltda,Não Indústria,4.Micro,Hotéis,Migração,True,False,False,SOMENTE SESI,1
55066699000184,Condominio Pier Norte,Não Indústria,3.Pequena,Condomínios prediais,Proposta,True,False,False,SOMENTE SESI,1
55176486000105,55.176.486 Lucas Medeiros Marinho,Não Indústria,4.Micro,Restaurantes e similares,Proposta,True,False,False,SOMENTE SESI,1
55187737000157,Ep3 Construcao E Planejamento Ltda,Industria,4.Micro,Serviços de engenharia,Proposta,False,True,False,SOMENTE SENAI,1
55246486000134,Consorcio Pedcac,Indústria,3.Pequena,Construção de edifícios,Migração,True,False,False,SOMENTE SESI,1
55297144000143,Narayana Locacoes De Equipamentos Ltda,Não Indústria,4.Micro,Aluguel de máquinas e equipamentos para escritório,Migração,True,False,False,SOMENTE SESI,1
55303152000155,Narayana Conexoes De Internet Ltda,Indústria,4.Micro,Provedores de acesso às redes de comunicações,Migração,True,False,False,SOMENTE SESI,1
55304253000140,Hora Extra Administrativo Ltda,Não Indústria,4.Micro,Outras atividades de prestação de serviços de informação não especificadas anteriormente,Migração,True,False,False,SOMENTE SESI,1
55436580000156,R F F Servicos Administrativos Ltda,Não Indústria,4.Micro,Serviços combinados de escritório e apoio administrativo,Migração,True,False,False,SOMENTE SESI,1
55553907000170,Restaurante Cheiro Da Terra Frances Ltda,Não Indústria,3.Pequena,Restaurantes e similares,Migração,True,False,False,SOMENTE SESI,1
55611386000160,Condominio Reserva Do Prata Empreendimento Imobiliario Spe Ltda,Indústria,2.Média,Incorporação de empreendimentos imobiliários,Migração,True,False,False,SOMENTE SESI,1
55617622000155,J C Da Silva Carnes Ltda,Não Indústria,4.Micro,Comércio atacadista de carnes bovinas e suínas e derivados,Migração,True,False,False,SOMENTE SESI,1
55699378000117,Consorcio Creches Seduc/al 2024.,Industria,2.Média,Construção de edifícios,Proposta,False,True,False,SOMENTE SENAI,1
55963809000100,Lais Carvalho Lima Jatoba,Não Indústria,4.Micro,Cabeleireiros,Migração,True,False,False,SOMENTE SESI,1
56022975000175,Restaurante Fusion Ltda,Não Indústria,3.Pequena,Restaurantes e similares,Migração,True,False,False,SOMENTE SESI,1
56083430000179,Mahi Patacho Empreendimento Imobiliario Spe Ltda,Industria,4.Micro,Incorporação de empreendimentos imobiliários,Proposta,False,True,False,SOMENTE SENAI,1
56173759000120,Consorcio Educacao Alagoas,Industria,4.Micro,Administração de obras,Proposta,False,True,False,SOMENTE SENAI,1
56263534000165,Condominio Reserva Do Bosque Empreendimento Imobiliario Spe Ltda,Industria | Indústria,2.Média,Incorporação de empreendimentos imobiliários,Migração,True,True,True,SESI + SENAI,2
56440114000107,Jaragua Panificacao Ltda,Indústria,3.Pequena,FABRICAÇÃO DE PRODUTOS DE PANIFICAÇÃO INDUSTRIAL,Migração,True,False,False,SOMENTE SESI,1
56443624000138,Consorcio Br-030-ba,Industria,3.Pequena,Construção de rodovias e ferrovias,Proposta,False,True,False,SOMENTE SENAI,1
56635815000100,Kasa E Construcao Ltda,Industria | Indústria,4.Micro,Construção de edifícios,Proposta,True,True,True,SESI + SENAI,2
56706119000139,Alpexgas Servicos Ltda,Industria | Indústria,4.Micro,"Instalações hidráulicas, sanitárias e de gás",Proposta,True,True,True,SESI + SENAI,2
57061366000198,Patio 3 Empreendimento Imobiliario Spe Ltda,Industria,3.Pequena,Incorporação de empreendimentos imobiliários,Proposta,False,True,False,SOMENTE SENAI,1
57179215000139,Condominio Reserva Do Cajueiro Empreendimento Imobiliario Spe Ltda,Indústria,2.Média,Incorporação de empreendimentos imobiliários,Migração,True,False,False,SOMENTE SESI,1
57245460000105,M A Barros Ltda,Indústria,4.Micro,FABRICAÇÃO DE PRODUTOS DE PANIFICAÇÃO INDUSTRIAL,Proposta,True,False,False,SOMENTE SESI,1
57348178000145,Rlx Comercio De Frutas Ltda,Industria,4.Micro,"Fabricação de sucos de frutas, hortaliças e legumes, exceto concentrados",Proposta,False,True,False,SOMENTE SENAI,1
57394985000102,A G Sampaio Confeitaria Ltda.,Indústria,4.Micro,FABRICAÇÃO DE PRODUTOS DE PANIFICAÇÃO INDUSTRIAL,Migração,True,False,False,SOMENTE SESI,1
57467850000111,Cymi Aguas Alagoas S.a.,Indústria,3.Pequena,"Construção de redes de abastecimento de água, coleta de esgoto e construções correlatas, exceto obras de irrigação",Proposta,True,False,False,SOMENTE SESI,1
57558651000119,Escola Dom Bosco Maceio Ltda,Não Indústria,4.Micro,Educação infantil - pré-escola,Proposta,True,False,False,SOMENTE SESI,1
57645286000180,Bobs Azul Ltda,Nao Industria,4.Micro,"Lanchonetes, casas de chá, de sucos e similares",Proposta,False,True,False,SOMENTE SENAI,1
57706135000194,Condominio Reserva Aldeprime Empreendimento Imobiliario Spe Ltda,Industria | Indústria,3.Pequena,Incorporação de empreendimentos imobiliários,Migração | Proposta,True,True,True,SESI + SENAI,2
57727013000184,Ultra Oleo E Jato Comercio E Servicos Automotivos Ltda,Não Indústria,4.Micro,Comércio varejista de lubrificantes,Migração,True,False,False,SOMENTE SESI,1
57809328000170,Consorcio Alagoas Br-424-al Lote 2,Industria,2.Média,Construção de rodovias e ferrovias,Proposta,False,True,False,SOMENTE SENAI,1
57876279000199,Tamara Araujo Consultorio Odontologico Ltda,Não Indústria,4.Micro,Atividade odontológica com recursos para realização de procedimentos cirúrgicos,Migração,True,False,False,SOMENTE SESI,1
57991098000103,Cavalcante & Rolim Design Spe Ltda,Industria,3.Pequena,Construção de edifícios,Proposta,False,True,False,SOMENTE SENAI,1
58012728000113,Claudivaldo B Lima  Ltda,Não Indústria,4.Micro,"Comércio varejista de mercadorias em geral, com predominância de produtos alimentícios - minimercados, mercearias e armazéns",Migração,True,False,False,SOMENTE SESI,1
58239912000109,Rx3 Empreendimento Imobiliario Spe Ltda,Indústria,4.Micro,Incorporação de empreendimentos imobiliários,Migração,True,False,False,SOMENTE SESI,1
58257752000112,Jomec Centro Automotivo Ltda,Indústria,4.Micro,Serviços de manutenção e reparação mecânica de veículos automotores,Migração,True,False,False,SOMENTE SESI,1
58292666000140,Maceio Plasticouro Al Ltda,Não Indústria,4.Micro,Comércio varejista de tecidos,Migração,True,False,False,SOMENTE SESI,1
58304520000178,Frigorifico Jcs Ltda,Indústria,3.Pequena,Fabricação de produtos de carne,Migração,True,False,False,SOMENTE SESI,1
58377116000124,Qaab Empreendimento Spe Ltda,Industria | Indústria,3.Pequena,Incorporação de empreendimentos imobiliários,Migração | Proposta,True,True,True,SESI + SENAI,2
58397792000160,Apoio Atf Consultoria Especializada Ltda,Não Indústria,4.Micro,Serviços combinados de escritório e apoio administrativo,Migração,True,False,False,SOMENTE SESI,1
58406719000107,Bsm Ccmp Aurus Empreendimento Imobiliario Spe Ltda,Industria,3.Pequena,Incorporação de empreendimentos imobiliários,Proposta,False,True,False,SOMENTE SENAI,1
58457553000158,Alvorada Locacao Ltda,Não Indústria,4.Micro,Aluguel de máquinas e equipamentos para escritório,Migração,True,False,False,SOMENTE SESI,1
58528303000161,Reserva Aruma Spe Ltda,Industria | Indústria,3.Pequena,Incorporação de empreendimentos imobiliários,Migração | Proposta,True,True,True,SESI + SENAI,2
58613414000176,Batista Servicos De Telecomonicacao Ltda,Indústria,4.Micro,Serviços de comunicação multimídia - SCM,Migração,True,False,False,SOMENTE SESI,1
59184633000140,Nova Ceramica Ltda,Indústria,4.Micro,"Fabricação de artefatos de cerâmica e barro cozido para uso na construção, exceto azulejos e pisos",Migração,True,False,False,SOMENTE SESI,1
59203583000109,Jms Acessorios Ltda,Não Indústria,4.Micro,Comércio varejista especializado de equipamentos de telefonia e comunicação,Migração,True,False,False,SOMENTE SESI,1
59279481000169,Condominio N. Pedrosa Empreendimento Imobiliario Spe Ltda,Indústria,4.Micro,Incorporação de empreendimentos imobiliários,Migração,True,False,False,SOMENTE SESI,1
59322838000144,Aaf Franchising Ltda,Não Indústria,4.Micro,Gestão de ativos intangíveis não-financeiros,Proposta,True,False,False,SOMENTE SESI,1
59533948000155,Nordestina Comercio De Alimentos Ltda,Industria | Indústria,4.Micro,Fabricação de outros produtos alimentícios não especificados anteriormente,Migração | Proposta,True,True,True,SESI + SENAI,2
59667365000117,59.667.365 Messias Jose Dos Santos,Indústria,4.Micro,"Facção de peças do vestuário, exceto roupas íntimas",Proposta,True,False,False,SOMENTE SESI,1
59691114000178,Britto Macelog Spe. Ltda.,Não Indústria,3.Pequena,Administração da infra-estrutura portuária,Migração,True,False,False,SOMENTE SESI,1
59705135000103,Jeanks Toff Ltda,Não Indústria,4.Micro,"Comércio varejista de doces, balas, bombons e semelhantes",Migração,True,False,False,SOMENTE SESI,1
60145420000198,Leao E Silva Ltda,Não Indústria,4.Micro,Restaurantes e similares,Migração,True,False,False,SOMENTE SESI,1
60321974000107,Pit Stop Comercio Alimenticio Ltda,Industria,4.Micro,FABRICAÇÃO DE PRODUTOS DE PANIFICAÇÃO INDUSTRIAL,Proposta,False,True,False,SOMENTE SENAI,1
60481718000179,Residencial C. Albuquerque Empreendimento Imobiliario Spe Ltda,Indústria,2.Média,Incorporação de empreendimentos imobiliários,Migração,True,False,False,SOMENTE SESI,1
60483869000166,Mestre Cuca Restaurantes Ltda,Não Indústria,3.Pequena,Restaurantes e similares,Migração,True,False,False,SOMENTE SESI,1
60574442000173,Ecosolar Servicos Administrativos Ltda,Não Indústria,4.Micro,Serviços combinados de escritório e apoio administrativo,Migração,True,False,False,SOMENTE SESI,1
60784666000100,Stc Luna Ltda,Não Indústria,4.Micro,Produção teatral,Proposta,True,False,False,SOMENTE SESI,1
60818177000121,Condominio Beach Class Patacho,Nao Industria,3.Pequena,Condomínios prediais,Proposta,False,True,False,SOMENTE SENAI,1
61057621000104,Jln Agropecuaria Ltda,Não Indústria,3.Pequena,Criação de bovinos para corte,Proposta,True,False,False,SOMENTE SESI,1
61082316000245,Vip Sports Group Industria E Comercio Ltda,Industria,4.Micro,"Confecção de peças do vestuário, exceto roupas íntimas e as confeccionadas sob medida",Proposta,False,True,False,SOMENTE SENAI,1
61124250000128,M De Cacia Da Silva Goes  Ltda,Indústria,4.Micro,Fornecimento de alimentos preparados preponderantemente para empresas,Migração,True,False,False,SOMENTE SESI,1
61166290000132,C R Da Silva Mega Nicho,Indústria,4.Micro,Fabricação de móveis com predominância de madeira,Migração,True,False,False,SOMENTE SESI,1
61226455000114,J C Silva Goes De Araujo  Ltda,Não Indústria,4.Micro,Restaurantes e similares,Migração,True,False,False,SOMENTE SESI,1
61289423000168,L F Ribeiro Lima Silva Ltda,Indústria,4.Micro,FABRICAÇÃO DE PRODUTOS DE PANIFICAÇÃO INDUSTRIAL,Migração,True,False,False,SOMENTE SESI,1
61319829000146,Cleisson Nogueira Dos Santos Ltda,Industria | Indústria,4.Micro,Fabricação de alimentos para animais,Migração | Proposta,True,True,True,SESI + SENAI,2
61320365000198,Bobs Posto Terra Nossa Ltda,Nao Industria,4.Micro,"Lanchonetes, casas de chá, de sucos e similares",Proposta,False,True,False,SOMENTE SENAI,1
61471733000107,Grano Restaurante Ltda.,Nao Industria | Não Indústria,3.Pequena,Restaurantes e similares,Migração | Proposta,True,True,True,SESI + SENAI,2
61491058000170,Associacao Comunitaria Amigos De Maribondo,Nao Industria,4.Micro,Atividades de associações de defesa de direitos sociais,Migração,False,True,False,SOMENTE SENAI,1
62101633000143,Politecnica Engenharia De Tratamento Termico Ltda,Industria,4.Micro,Serviços de tratamento e revestimento em metais,Proposta,False,True,False,SOMENTE SENAI,1
62258884014196,Intercement Brasil S.a.,Industria | Indústria,2.Média,Fabricação de cimento,Proposta,True,True,True,SESI + SENAI,2
62361466000170,Ar De Mello Colchoes Ltda.,Não Indústria,4.Micro,Comércio varejista de móveis,Migração,True,False,False,SOMENTE SESI,1
62578771000118,Sangu La Sangucheria Peruana Ltda,Não Indústria,4.Micro,"Lanchonetes, casas de chá, de sucos e similares",Migração,True,False,False,SOMENTE SESI,1
62582285000173,Hotel Sol Poente Ltda,Não Indústria,3.Pequena,Hotéis,Proposta,True,False,False,SOMENTE SESI,1
62590092000164,62.590.092 Wellington Araujo Da Silva,Não Indústria,4.Micro,Promoção de vendas,Migração,True,False,False,SOMENTE SESI,1
63184997000105,Arapack Industria E Comercio De Embalagens Plasticas Ltda,Industria | Indústria,4.Micro,Fabricação de embalagens de material plástico,Migração | Proposta,True,True,True,SESI + SENAI,2
63477520000100,Condominio Do Edificio Salsa,Nao Industria,2.Média,Condomínios prediais,Proposta,False,True,False,SOMENTE SENAI,1
63541698000172,Arthur Autopecas E Servicos Ltda,Não Indústria,4.Micro,Comércio a varejo de peças e acessórios novos para veículos automotores,Migração,True,False,False,SOMENTE SESI,1
63631496000111,Delicias Do Cheff Ltda,Nao Industria,4.Micro,Restaurantes e similares,Proposta,False,True,False,SOMENTE SENAI,1
63647593000100,Consorcio Nova Sede Ale/al,Industria | Indústria,2.Média,Construção de edifícios,Migração | Proposta,True,True,True,SESI + SENAI,2
63801373000181,Levipan Ind E Com De Paes Congelados Ltda,Indústria,4.Micro,FABRICAÇÃO DE PRODUTOS DE PADARIA E CONFEITARIA COM PREDOMINÂNCIA DE PRODUÇÃO PRÓPRIA,Migração,True,False,False,SOMENTE SESI,1
63907723000199,Jg Extintores Ltda,Nao Industria,4.Micro,Comércio varejista de outros produtos não especificados anteriormente,Proposta,False,True,False,SOMENTE SENAI,1
63928110000138,Portax Portas De Enrolar Automaticas Ltda,Indústria,4.Micro,Fabricação de esquadrias de metal,Migração,True,False,False,SOMENTE SESI,1
64078146000132,Viacao Lider Transportes E Fretamentos Ltda,Não Indústria,4.Micro,"Transporte rodoviário coletivo de passageiros, com itinerário fixo, intermunicipal em região metropolitana",Migração,True,False,False,SOMENTE SESI,1
64078567000163,Carol Pasteis Ltda,Industria,4.Micro,Fabricação de alimentos e pratos prontos,Proposta,False,True,False,SOMENTE SENAI,1
64502210000160,Compre Bem Mais Comercio E Distribuicao De Alimentos Ltda,Não Indústria,3.Pequena,"Comércio varejista de mercadorias em geral, com predominância de produtos alimentícios - minimercados, mercearias e armazéns",Migração,True,False,False,SOMENTE SESI,1
64904295001932,Camil Alimentos S.a.,Não Indústria,2.Média,Comércio atacadista de produtos alimentícios em geral,Proposta,True,False,False,SOMENTE SESI,1
64904295005920,Camil Alimentos S.a.,Indústria,2.Média,Fabricação de biscoitos e bolachas,Migração,True,False,False,SOMENTE SESI,1
65080391000147,M J Panificacao Ltda,Indústria,4.Micro,FABRICAÇÃO DE PRODUTOS DE PANIFICAÇÃO INDUSTRIAL,Proposta,True,False,False,SOMENTE SESI,1
65333199000115,Cristo Rei Empreendimentos Ltda,Não Indústria,4.Micro,Aluguel de imóveis próprios,Migração,True,False,False,SOMENTE SESI,1
65357066000189,Audion Comercio De Produtos Medicos Ltda,Não Indústria,4.Micro,Comércio varejista de artigos médicos e ortopédicos,Migração,True,False,False,SOMENTE SESI,1
65456832000162,Erm Brasil Ltda,Indústria,2.Média,Serviços de engenharia,Proposta,True,False,False,SOMENTE SESI,1
65530482000137,M E R C Florencio  Ltda,Não Indústria,4.Micro,Instituições de longa permanência para idosos,Migração,True,False,False,SOMENTE SESI,1
65672950000108,Riacho Doce Restaurante Ltda,Não Indústria,4.Micro,Restaurantes e similares,Proposta,True,False,False,SOMENTE SESI,1
65780094000104,Martoke Empreendimento Imobiliario Spe Ltda,Nao Industria,3.Pequena,Gestão e administração da propriedade imobiliária,Proposta,False,True,False,SOMENTE SENAI,1
66745231000132,Panificacao A Casa Portuguesa Pao E Mais Ltda,Indústria,4.Micro,FABRICAÇÃO DE PRODUTOS DE PANIFICAÇÃO INDUSTRIAL,Migração,True,False,False,SOMENTE SESI,1
66799281000100,Dfs Comercio E Industria Ltda,Indústria,3.Pequena,Fabricação de gelo comum,Migração,True,False,False,SOMENTE SESI,1
67945071221495,Sapore S.a.,Industria,3.Pequena,Fornecimento de alimentos preparados preponderantemente para empresas,Proposta,False,True,False,SOMENTE SENAI,1
68362521000122,Alagoas Rendering Ltda,Indústria,3.Pequena,Preparação de subprodutos do abate,Migração,True,False,False,SOMENTE SESI,1
68409605000174,Paraty Ltda,Indústria,2.Média,Fabricação de azulejos e pisos,Migração,True,False,False,SOMENTE SESI,1
69943967000456,M J Ramos Bezerra Lins,Industria,4.Micro,Fornecimento de alimentos preparados preponderantemente para empresas,Proposta,False,True,False,SOMENTE SENAI,1
69973477000150,Ortotrauma Servicos Medicos Ltda,Não Indústria,3.Pequena,"Atividades de atendimento hospitalar, exceto pronto-socorro e unidades para atendimento a urgências",Migração,True,False,False,SOMENTE SESI,1
69975530000151,Consultar Assist Tec Em Documentacao E Informacao Ltda,Não Indústria,4.Micro,Preparação de documentos e serviços especializados de apoio administrativo não especificados anteriormente,Migração,True,False,False,SOMENTE SESI,1
69983484000132,Gas De Alagoas S/a Algas,Indústria,2.Média,Produção de gás; processamento de gás natural,Migração,True,False,False,SOMENTE SESI,1
69983856000120,Norvinco Industria De Embalagem Nordeste Ltda,Industria | Indústria,3.Pequena,Fabricação de chapas e de embalagens de papelão ondulado,Migração | Proposta,True,True,True,SESI + SENAI,2
69987485000155,Escola De Educacao Basica Santa Izabel Ltda,Não Indústria,4.Micro,Educação infantil - pré-escola,Proposta,True,False,False,SOMENTE SESI,1
69987980000164,M De Lourdes O Araujo,Não Indústria,4.Micro,Comércio varejista de materiais de construção em geral,Migração,True,False,False,SOMENTE SESI,1
69989853000102,Bonanca Construtora E Incorporadora Ltda,Indústria,3.Pequena,Construção de edifícios,Proposta,True,False,False,SOMENTE SESI,1
69991214000173,Tema Servicos Ltda,Indústria,4.Micro,Atividades de franqueadas e permissionárias do Correio Nacional,Migração,True,False,False,SOMENTE SESI,1
70003504000140,M J Lopes Da Silva Ltda,Não Indústria,3.Pequena,Ensino fundamental,Migração,True,False,False,SOMENTE SESI,1
70005723000169,Nucleo De Prevencao E Diagnostico Do Cancer Ltda,Não Indústria,4.Micro,Laboratórios de anatomia patológica e citológica,Migração,True,False,False,SOMENTE SESI,1
70005855000190,Hormoclinica Ltda,Não Indústria,3.Pequena,Laboratórios clínicos,Migração,True,False,False,SOMENTE SESI,1
70014030000132,Instituto Da Visao Ltda,Não Indústria,2.Média,"Atividades de atendimento hospitalar, exceto pronto-socorro e unidades para atendimento a urgências",Proposta,True,False,False,SOMENTE SESI,1
70014774000157,Engequip Instrumentacao E Controle Ltda,Indústria,3.Pequena,"Fabricação de válvulas, registros e dispositivos semelhantes, peças e acessórios",Migração,True,False,False,SOMENTE SESI,1
70940994008358,Pandurata Alimentos Ltda,Industria | Indústria,2.Média,Fabricação de biscoitos e bolachas,Proposta,True,True,True,SESI + SENAI,2
70940994009249,Pandurata Alimentos Ltda,Nao Industria | Não Indústria,3.Pequena,"Comércio atacadista de pães, bolos, biscoitos e similares",Proposta,True,True,True,SESI + SENAI,2
75784140000873,Amafil Industria E Comercio De Alimentos Ltda,Indústria,3.Pequena,Fabricação de farinha de mandioca e derivados,Migração,True,False,False,SOMENTE SESI,1
78391612000140,Ibq - Industrias Quimicas S/a,Indústria,4.Micro,"Fabricação de pólvoras, explosivos e detonantes",Migração,True,False,False,SOMENTE SESI,1
78908266001015,Mili S/a,Indústria,3.Pequena,Fabricação de produtos de papel para uso doméstico e higiênico-sanitário não especificados anteriormente,Migração,True,False,False,SOMENTE SESI,1
79500385000106,Consistem Sistemas Ltda,Indústria,2.Média,Desenvolvimento e licenciamento de programas de computador não-customizáveis,Proposta,True,False,False,SOMENTE SESI,1
82945932000171,Parati Industria E Comercio De Alimentos Ltda,Indústria,2.Média,Fabricação de biscoitos e bolachas,Proposta,True,False,False,SOMENTE SESI,1
82984287000104,Irmaos Fischer Sa Ind E Com,Indústria,1.Grande,"Fabricação de outros aparelhos eletrodomésticos não especificados anteriormente, peças e acessórios",Proposta,True,False,False,SOMENTE SESI,1
83475913004006,Pbg S/a,Industria | Indústria,1.Grande,Fabricação de azulejos e pisos,Migração | Proposta,True,True,True,SESI + SENAI,2
83475913004774,Pbg S/a,Não Indústria,2.Média,Serviços combinados de escritório e apoio administrativo,Migração,True,False,False,SOMENTE SESI,1
86894953001561,Bigburger Salvador Lanchonetes Ltda,Nao Industria,4.Micro,"Lanchonetes, casas de chá, de sucos e similares",Proposta,False,True,False,SOMENTE SENAI,1
86981966000334,"Esmalglass Do Brasil - Fritas, Esmaltes E Corantes Ceramicos Ltda",Indústria,3.Pequena,"Fabricação de tintas, vernizes, esmaltes e lacas",Proposta,True,False,False,SOMENTE SESI,1
88301155006905,Moinhos Cruzeiro Do Sul S A,Não Indústria,4.Micro,"Comércio atacadista de farinhas, amidos e féculas",Migração,True,False,False,SOMENTE SESI,1
90347840002242,Tk Elevadores Brasil Ltda,Indústria,3.Pequena,"Instalação, manutenção e reparação de elevadores, escadas e esteiras rolantes, exceto de fabricação própria",Proposta,True,False,False,SOMENTE SESI,1
92660604014728,Yara Brasil Fertilizantes S/a,Indústria,3.Pequena,"FABRICAÇÃO DE ADUBOS E FERTILIZANTES, EXCETO ORGANOMINERAIS",Proposta,True,False,False,SOMENTE SESI,1
96825575003308,Intermaritima Portos E Logistica S/a,Não Indústria,3.Pequena,Operações de terminais,Migração,True,False,False,SOMENTE SESI,1
